============================================================
   Tang Dynasty, V6.2.168116
   Copyright (c) 2012-2025 Anlogic Inc.
   Executable = D:/FPGA/TD6_2_1/bin/td.exe
   Built at =   16:32:07 Jun 12 2025
   Run by =     GL
   Run Date =   Sun Nov  2 19:45:13 2025

   Run on =     DESKTOP-7VJ84VU
============================================================
RUN-1002 : start command "import_db D:/FPGA/workplace6_2_1/last/prj/last_attempt_Runs/phy_1/last_attempt_pr.db"
RUN-1001 : Importing database generated by Tang Dynasty, V6.2.168116.
RUN-1001 : Database version number 46207
RUN-1001 : Import flow parameters
RUN-1001 : Import netlist
PHY-1001 : Generate detailed routing grids ...
PHY-1001 : End build routing graph; 2.190396s wall, 2.109375s user + 0.265625s system = 2.375000s CPU (108.4%)

PHY-1001 : Build lut bridge;  0.041474s wall, 0.062500s user + 0.000000s system = 0.062500s CPU (150.7%)

PHY-1001 : Generate nets ...
PHY-1001 : net clk_50_dup_1 will be routed on clock mesh
PHY-1001 : clock net temac_clk will be merged with clock u_clk_gen/u_pll_0/clk0_buf
PHY-1001 : net udp_clk will be routed on clock mesh
PHY-1001 : net U3/u2_ram/SDRAM_CLK will be routed on clock mesh
PHY-1001 : net U3/u2_ram/u1_init_ref/Sdr_clk will be routed on clock mesh
PHY-1001 : clock net sd_card_bmp_m0/bmp_read_m0/clk will be merged with clock tf0_sys_pll/clk0_buf
PHY-1001 : net u4_trimac_block/u1_rgmii_interface/rgmii_txc_ddr/clk will be routed on clock mesh
PHY-1001 : clock net u4_trimac_block/rx_clk will be merged with clock phy1_rgmii_rx_clk_dup_1
PHY-1001 : eco open net = 0
PHY-1001 : 209 feed throughs used by 179 nets
RUN-1001 : Import phy database
RUN-1001 : Import timing constraints
RUN-1001 : Import IO constraints
RUN-1001 : Import Inst constraints
RUN-1001 : Import ChipWatcher
RUN-1001 : Import design success TD_VERSION=6.2.168116 , DB_VERSION=46207
RUN-1003 : finish command "import_db D:/FPGA/workplace6_2_1/last/prj/last_attempt_Runs/phy_1/last_attempt_pr.db" in  3.974830s wall, 3.718750s user + 0.406250s system = 4.125000s CPU (103.8%)

RUN-1004 : used memory is 682 MB, reserved memory is 610 MB, peak memory is 752 MB
PRJ-1412 : reset_run phy_1.
RUN-1002 : start command "clear_design"
RUN-1002 : start command "import_db D:/FPGA/workplace6_2_1/last/prj/last_attempt_Runs/syn_1/last_attempt_gate.db"
RUN-1001 : Importing database generated by Tang Dynasty, V6.2.168116.
RUN-1001 : Database version number 46207
RUN-1001 : Import flow parameters
RUN-1001 : Import netlist
RUN-1001 : Import timing constraints
RUN-1001 : Import IO constraints
RUN-1001 : Import Inst constraints
RUN-1001 : Import ChipWatcher
RUN-1001 : Import design success TD_VERSION=6.2.168116 , DB_VERSION=46207
RUN-1002 : start command "config_chipwatcher"
RUN-1002 : start command "update_timing"
RUN-1002 : start command "start_timer"
USR-1002 : Derived clock:  create_generated_clock -name {tf0_sys_pll/pll_inst.clkc[0]} -source [get_ports {clk_50}] -master_clock {clk_in} -multiply_by 2.0000 -duty_cycle 50.0000 [get_pins {tf0_sys_pll/pll_inst.clkc[0]}]
USR-1002 : Derived clock:  create_generated_clock -name {tf0_sys_pll/pll_inst.clkc[1]} -source [get_ports {clk_50}] -master_clock {clk_in} -multiply_by 2.5000 -duty_cycle 50.0000 [get_pins {tf0_sys_pll/pll_inst.clkc[1]}]
USR-1002 : Derived clock:  create_generated_clock -name {tf0_sys_pll/pll_inst.clkc[2]} -source [get_ports {clk_50}] -master_clock {clk_in} -multiply_by 2.5000 -phase 180 -duty_cycle 50.0000 [get_pins {tf0_sys_pll/pll_inst.clkc[2]}]
USR-1002 : Derived clock:  create_generated_clock -name {u_clk_gen/u_pll_0/pll_inst.clkc[0]} -source [get_ports {clk_50}] -master_clock {clk_in} -multiply_by 2.5000 -duty_cycle 50.0000 [get_pins {u_clk_gen/u_pll_0/pll_inst.clkc[0]}]
USR-1002 : Derived clock:  create_generated_clock -name {u_clk_gen/u_pll_0/pll_inst.clkc[1]} -source [get_ports {clk_50}] -master_clock {clk_in} -multiply_by 2.5000 -duty_cycle 50.0000 [get_pins {u_clk_gen/u_pll_0/pll_inst.clkc[1]}]
USR-1002 : Derived clock:  create_generated_clock -name {u_clk_gen/u_pll_0/pll_inst.clkc[4]} -source [get_ports {clk_50}] -master_clock {clk_in} -multiply_by 2.5000 -phase 90 -duty_cycle 50.0000 [get_pins {u_clk_gen/u_pll_0/pll_inst.clkc[4]}]
USR-8130 CRITICAL-WARNING: No clock match the pattern: u_clk_gen/u_pll_0/pll_inst.clkc\[3\].
USR-8124 CRITICAL-WARNING: Rename_clock: please specify object list.
USR-8159 CRITICAL-WARNING: Command rename_clock -name {pll_inst_25M} [get_clocks {u_clk_gen/u_pll_0/pll_inst.clkc[3]}] in D:/FPGA/workplace6_2_1/last/source_code/constraints/UDP.sdc(8) fails.
TMR-2502 : Net delay update with mode: Synthesized
RUN-1003 : finish command "update_timing" in  1.444367s wall, 1.421875s user + 0.171875s system = 1.593750s CPU (110.3%)

RUN-1004 : used memory is 624 MB, reserved memory is 548 MB, peak memory is 752 MB
RUN-1003 : finish command "config_chipwatcher" in  1.498437s wall, 1.468750s user + 0.171875s system = 1.640625s CPU (109.5%)

RUN-1004 : used memory is 629 MB, reserved memory is 553 MB, peak memory is 752 MB
GUI-1001 : Config chip watcher succeed!
GUI-1001 : User opens ChipWatcher ...
RUN-1002 : start command "commit_param -step design"
RUN-1001 : Print Global Property
RUN-1001 : --------------------------------------------------------
RUN-1001 :   Parameters   |  Settings  |  Default Values  |  Note  
RUN-1001 : --------------------------------------------------------
RUN-1001 :   enable_seed  |    off     |       off        |        
RUN-1001 :     message    |  standard  |     standard     |        
RUN-1001 :   qor_monitor  |     on     |        on        |        
RUN-1001 :   syn_ip_flow  |    off     |       off        |        
RUN-1001 :     thread     |    auto    |       auto       |        
RUN-1001 : --------------------------------------------------------
RUN-1001 : Print Design Property
RUN-1001 : ----------------------------------------------------------------
RUN-1001 :       Parameters       |  Settings  |  Default Values  |  Note  
RUN-1001 : ----------------------------------------------------------------
RUN-1001 :   default_reg_initial  |    auto    |       auto       |        
RUN-1001 :    hdl_warning_level   |   normal   |      normal      |        
RUN-1001 : ----------------------------------------------------------------
HDL-1007 : analyze verilog file last_attempt.v
HDL-1007 : undeclared symbol 'phy_reset', assumed default net type 'wire' in last_attempt.v(145)
HDL-1007 : undeclared symbol 'key1', assumed default net type 'wire' in last_attempt.v(465)
HDL-1007 : undeclared symbol 'clk_50_out', assumed default net type 'wire' in last_attempt.v(473)
HDL-1007 : undeclared symbol 'key2', assumed default net type 'wire' in last_attempt.v(479)
HDL-1007 : undeclared symbol 'tpg_data_done', assumed default net type 'wire' in last_attempt.v(484)
HDL-1007 : undeclared symbol 'full_flag', assumed default net type 'wire' in last_attempt.v(518)
HDL-1007 : undeclared symbol 'input_local_udp_port_num', assumed default net type 'wire' in last_attempt.v(549)
HDL-1007 : undeclared symbol 'input_local_udp_port_num_valid', assumed default net type 'wire' in last_attempt.v(550)
HDL-1007 : undeclared symbol 'input_local_ip_address_valid', assumed default net type 'wire' in last_attempt.v(553)
HDL-1007 : analyze verilog file ../source_code/rtl/udp/BUFGMUX.v
HDL-1007 : analyze verilog file ../source_code/rtl/udp/IDDR.v
HDL-1007 : analyze verilog file ../source_code/rtl/udp/ODDR.v
HDL-1007 : analyze verilog file ../source_code/rtl/udp/RAMB16_S9_S9.v
HDL-1007 : undeclared symbol 'open', assumed default net type 'wire' in ../source_code/rtl/udp/RAMB16_S9_S9.v(109)
HDL-1007 : analyze verilog file ../source_code/rtl/udp/clk_gen_rst_gen.v
HDL-1007 : analyze verilog file ../source_code/rtl/udp/div_clk_gen.v
HDL-1007 : analyze verilog file ../source_code/rtl/udp/rgmii_interface.v
HDL-1007 : analyze verilog file ../source_code/rtl/udp/rx_client_fifo.v
HDL-5370 WARNING: parameter 'WAIT_s' becomes localparam in 'rx_client_fifo' with formal parameter declaration list in ../source_code/rtl/udp/rx_client_fifo.v(49)
HDL-5370 WARNING: parameter 'QUEUE1_s' becomes localparam in 'rx_client_fifo' with formal parameter declaration list in ../source_code/rtl/udp/rx_client_fifo.v(50)
HDL-5370 WARNING: parameter 'QUEUE2_s' becomes localparam in 'rx_client_fifo' with formal parameter declaration list in ../source_code/rtl/udp/rx_client_fifo.v(51)
HDL-5370 WARNING: parameter 'QUEUE3_s' becomes localparam in 'rx_client_fifo' with formal parameter declaration list in ../source_code/rtl/udp/rx_client_fifo.v(52)
HDL-5370 WARNING: parameter 'QUEUE_SOF_s' becomes localparam in 'rx_client_fifo' with formal parameter declaration list in ../source_code/rtl/udp/rx_client_fifo.v(53)
HDL-5370 WARNING: parameter 'SOF_s' becomes localparam in 'rx_client_fifo' with formal parameter declaration list in ../source_code/rtl/udp/rx_client_fifo.v(54)
HDL-5370 WARNING: parameter 'DATA_s' becomes localparam in 'rx_client_fifo' with formal parameter declaration list in ../source_code/rtl/udp/rx_client_fifo.v(55)
HDL-5370 WARNING: parameter 'EOF_s' becomes localparam in 'rx_client_fifo' with formal parameter declaration list in ../source_code/rtl/udp/rx_client_fifo.v(56)
HDL-5370 WARNING: parameter 'IDLE_s' becomes localparam in 'rx_client_fifo' with formal parameter declaration list in ../source_code/rtl/udp/rx_client_fifo.v(62)
HDL-5370 WARNING: parameter 'FRAME_s' becomes localparam in 'rx_client_fifo' with formal parameter declaration list in ../source_code/rtl/udp/rx_client_fifo.v(63)
HDL-5370 Similar messages will be suppressed.
HDL-1007 : analyze verilog file ../source_code/rtl/udp/temac_block.v
HDL-1007 : analyze verilog file ../source_code/rtl/udp/temac_clk_gen.v
HDL-1007 : analyze verilog file ../source_code/rtl/udp/tx_client_fifo.v
HDL-5370 WARNING: parameter 'IDLE_s' becomes localparam in 'tx_client_fifo' with formal parameter declaration list in ../source_code/rtl/udp/tx_client_fifo.v(53)
HDL-5370 WARNING: parameter 'QUEUE1_s' becomes localparam in 'tx_client_fifo' with formal parameter declaration list in ../source_code/rtl/udp/tx_client_fifo.v(54)
HDL-5370 WARNING: parameter 'QUEUE2_s' becomes localparam in 'tx_client_fifo' with formal parameter declaration list in ../source_code/rtl/udp/tx_client_fifo.v(55)
HDL-5370 WARNING: parameter 'QUEUE3_s' becomes localparam in 'tx_client_fifo' with formal parameter declaration list in ../source_code/rtl/udp/tx_client_fifo.v(56)
HDL-5370 WARNING: parameter 'QUEUE_ACK_s' becomes localparam in 'tx_client_fifo' with formal parameter declaration list in ../source_code/rtl/udp/tx_client_fifo.v(57)
HDL-5370 WARNING: parameter 'WAIT_ACK_s' becomes localparam in 'tx_client_fifo' with formal parameter declaration list in ../source_code/rtl/udp/tx_client_fifo.v(58)
HDL-5370 WARNING: parameter 'FRAME_s' becomes localparam in 'tx_client_fifo' with formal parameter declaration list in ../source_code/rtl/udp/tx_client_fifo.v(59)
HDL-5370 WARNING: parameter 'DROP_s' becomes localparam in 'tx_client_fifo' with formal parameter declaration list in ../source_code/rtl/udp/tx_client_fifo.v(60)
HDL-5370 WARNING: parameter 'RETRANSMIT_s' becomes localparam in 'tx_client_fifo' with formal parameter declaration list in ../source_code/rtl/udp/tx_client_fifo.v(61)
HDL-5370 WARNING: parameter 'WAIT_s' becomes localparam in 'tx_client_fifo' with formal parameter declaration list in ../source_code/rtl/udp/tx_client_fifo.v(67)
HDL-5370 Similar messages will be suppressed.
HDL-1007 : analyze verilog file ../source_code/rtl/udp/tx_clk_en_gen.v
HDL-1007 : analyze verilog file ../source_code/rtl/udp/udp_data_tpg.v
HDL-1007 : analyze verilog file ../source_code/rtl/udp/udp_ip_protocol_stack_merge.enc.v
HDL-1007 : back to file '../source_code/rtl/udp/udp_ip_protocol_stack_merge.enc.v' in ../source_code/rtl/udp/udp_ip_protocol_stack_merge.enc.v(56)
HDL-1007 : undeclared symbol '**', assumed default net type '**' in ../source_code/rtl/udp/udp_ip_protocol_stack_merge.enc.v(2638)
HDL-1007 : back to file '../source_code/rtl/udp/udp_ip_protocol_stack_merge.enc.v' in ../source_code/rtl/udp/udp_ip_protocol_stack_merge.enc.v(420)
HDL-1007 : analyze verilog file ../source_code/rtl/udp/udp_loopback.v
HDL-1007 : analyze verilog file al_ip/TEMAC_CORE/RTL/include/define.v
HDL-1007 : analyze verilog file al_ip/TEMAC_CORE/RTL/TEMAC_CORE_aead6cd6dadd.v
HDL-5007 WARNING: column 1032 exceeds maximum value 1023 in al_ip/TEMAC_CORE/RTL/TEMAC_CORE_aead6cd6dadd.v(30)
HDL-1007 : back to file 'al_ip/TEMAC_CORE/RTL/TEMAC_CORE_aead6cd6dadd.v' in al_ip/TEMAC_CORE/RTL/TEMAC_CORE_aead6cd6dadd.v(86)
HDL-5007 WARNING: event expressions must result in a singular type in al_ip/TEMAC_CORE/RTL/TEMAC_CORE_aead6cd6dadd.v(3001)
HDL-1007 : undeclared symbol '**', assumed default net type '**' in al_ip/TEMAC_CORE/RTL/TEMAC_CORE_aead6cd6dadd.v(5050)
HDL-1007 : undeclared symbol '**', assumed default net type '**' in al_ip/TEMAC_CORE/RTL/TEMAC_CORE_aead6cd6dadd.v(5458)
HDL-5007 WARNING: column 1035 exceeds maximum value 1023 in al_ip/TEMAC_CORE/RTL/TEMAC_CORE_aead6cd6dadd.v(6001)
HDL-1007 : back to file 'al_ip/TEMAC_CORE/RTL/TEMAC_CORE_aead6cd6dadd.v' in al_ip/TEMAC_CORE/RTL/TEMAC_CORE_aead6cd6dadd.v(260)
HDL-1007 : analyze verilog file al_ip/TEMAC_CORE/RTL/mac_core_aead6cd6dadd.v
HDL-1007 : analyze verilog file al_ip/TEMAC_CORE/TEMAC_CORE.v
HDL-1007 : analyze verilog file al_ip/pll_gen.v
HDL-1007 : undeclared symbol 'pll_gen_open0', assumed default net type 'wire' in al_ip/pll_gen.v(99)
HDL-1007 : undeclared symbol 'pll_gen_open8', assumed default net type 'wire' in al_ip/pll_gen.v(105)
HDL-1007 : undeclared symbol 'pll_gen_open7', assumed default net type 'wire' in al_ip/pll_gen.v(105)
HDL-1007 : undeclared symbol 'pll_gen_open6', assumed default net type 'wire' in al_ip/pll_gen.v(105)
HDL-1007 : undeclared symbol 'pll_gen_open5', assumed default net type 'wire' in al_ip/pll_gen.v(105)
HDL-1007 : undeclared symbol 'pll_gen_open4', assumed default net type 'wire' in al_ip/pll_gen.v(105)
HDL-1007 : undeclared symbol 'pll_gen_open3', assumed default net type 'wire' in al_ip/pll_gen.v(105)
HDL-1007 : undeclared symbol 'pll_gen_open2', assumed default net type 'wire' in al_ip/pll_gen.v(105)
HDL-1007 : undeclared symbol 'pll_gen_open1', assumed default net type 'wire' in al_ip/pll_gen.v(105)
HDL-1007 : analyze verilog file al_ip/sys_pll.v
HDL-1007 : undeclared symbol 'sys_pll_open0', assumed default net type 'wire' in al_ip/sys_pll.v(77)
HDL-1007 : undeclared symbol 'sys_pll_open1', assumed default net type 'wire' in al_ip/sys_pll.v(83)
HDL-1007 : undeclared symbol 'sys_pll_open9', assumed default net type 'wire' in al_ip/sys_pll.v(89)
HDL-1007 : undeclared symbol 'sys_pll_open8', assumed default net type 'wire' in al_ip/sys_pll.v(89)
HDL-1007 : undeclared symbol 'sys_pll_open7', assumed default net type 'wire' in al_ip/sys_pll.v(89)
HDL-1007 : undeclared symbol 'sys_pll_open6', assumed default net type 'wire' in al_ip/sys_pll.v(89)
HDL-1007 : undeclared symbol 'sys_pll_open5', assumed default net type 'wire' in al_ip/sys_pll.v(89)
HDL-1007 : undeclared symbol 'sys_pll_open4', assumed default net type 'wire' in al_ip/sys_pll.v(89)
HDL-1007 : undeclared symbol 'sys_pll_open3', assumed default net type 'wire' in al_ip/sys_pll.v(89)
HDL-1007 : undeclared symbol 'sys_pll_open2', assumed default net type 'wire' in al_ip/sys_pll.v(89)
HDL-1007 : undeclared symbol 'sys_pll_open11', assumed default net type 'wire' in al_ip/sys_pll.v(91)
HDL-1007 : undeclared symbol 'sys_pll_open10', assumed default net type 'wire' in al_ip/sys_pll.v(91)
HDL-1007 : analyze verilog file ../source_code/rtl/sd_card/ax_debounce.v
HDL-1007 : analyze verilog file ../source_code/rtl/sd_card/bmp_read.v
HDL-1007 : analyze verilog file ../source_code/rtl/sd_card/sd_card_bmp.v
HDL-1007 : analyze verilog file ../source_code/rtl/sd_card/sd_card_cmd.v
HDL-1007 : analyze verilog file ../source_code/rtl/sd_card/sd_card_sec_read_write.v
HDL-1007 : analyze verilog file ../source_code/rtl/sd_card/sd_card_top.v
HDL-1007 : analyze verilog file ../source_code/rtl/sd_card/spi_master.v
HDL-1007 : analyze verilog file ../source_code/rtl/sdram/enc_file/global_def.v
HDL-1007 : analyze verilog file ../source_code/rtl/sdram/enc_file/sdr_as_ram.enc.v
HDL-1007 : back to file '../source_code/rtl/sdram/enc_file/sdr_as_ram.enc.v' in ../source_code/rtl/sdram/enc_file/sdr_as_ram.enc.v(54)
HDL-1007 : analyze verilog file ../source_code/rtl/sdram/enc_file/sdr_wrrd.enc.v
HDL-5007 WARNING: concatenation with an unsized literal will be treated as 32 bits in ../source_code/rtl/sdram/enc_file/sdr_wrrd.enc.v(283)
HDL-1007 : back to file '../source_code/rtl/sdram/enc_file/sdr_wrrd.enc.v' in ../source_code/rtl/sdram/enc_file/sdr_wrrd.enc.v(19)
HDL-1007 : analyze verilog file ../source_code/rtl/frame_fifo/afifo_16_32_256.v
HDL-1007 : analyze verilog file ../source_code/rtl/frame_fifo/afifo_32_16_256.v
HDL-1007 : analyze verilog file ../source_code/rtl/frame_fifo/frame_fifo_read.v
HDL-1007 : analyze verilog file ../source_code/rtl/frame_fifo/frame_fifo_write.v
HDL-1007 : analyze verilog file ../source_code/rtl/frame_fifo/frame_read_write.v
HDL-1007 : analyze verilog file ../source_code/rtl/sdram/sdram.v
HDL-1007 : analyze included file ../source_code/rtl/sdram/enc_file/global_def.v in ../source_code/rtl/sdram/sdram.v(10)
HDL-1007 : back to file '../source_code/rtl/sdram/sdram.v' in ../source_code/rtl/sdram/sdram.v(10)
HDL-1007 : undeclared symbol 'SDR_CKE', assumed default net type 'wire' in ../source_code/rtl/sdram/sdram.v(89)
HDL-1007 : analyze verilog file ../source_code/rtl/sdram/enc_file/sdr_init_ref.enc.v
HDL-1007 : analyze included file ../source_code/rtl/sdram/enc_file/global_def.v in ../source_code/rtl/sdram/enc_file/sdr_init_ref.enc.v(11)
HDL-1007 : back to file '../source_code/rtl/sdram/enc_file/sdr_init_ref.enc.v' in ../source_code/rtl/sdram/enc_file/sdr_init_ref.enc.v(11)
HDL-1007 : undeclared symbol '**', assumed default net type '**' in ../source_code/rtl/sdram/enc_file/sdr_init_ref.enc.v(57)
HDL-1007 : back to file '../source_code/rtl/sdram/enc_file/sdr_init_ref.enc.v' in ../source_code/rtl/sdram/enc_file/sdr_init_ref.enc.v(149)
HDL-5007 WARNING: concatenation with an unsized literal will be treated as 32 bits in ../source_code/rtl/sdram/enc_file/sdr_init_ref.enc.v(47)
HDL-1007 : analyze verilog file ../source_code/rtl/video_timing/color_bar.v
HDL-1007 : analyze included file ../source_code/rtl/video_timing/video_define.v in ../source_code/rtl/video_timing/color_bar.v(2)
HDL-1007 : back to file '../source_code/rtl/video_timing/color_bar.v' in ../source_code/rtl/video_timing/color_bar.v(2)
HDL-1007 : analyze verilog file ../source_code/rtl/video_timing/video_delay.v
HDL-1007 : analyze verilog file ../source_code/rtl/video_timing/video_timing_data.v
HDL-1007 : analyze verilog file ../source_code/rtl/another/m_synchronization_header.v
HDL-1007 : analyze verilog file ../source_code/rtl/led.v
PRJ-1412 : reset_run syn_1.
PRJ-1411 : launch_runs syn_1 -step opt_gate.
PRJ-1412 : reset_run phy_1.
RUN-1002 : start command "save_best_bits"
PRJ-1410 : Run syn_1 success.
RUN-1002 : start command "import_db D:/FPGA/workplace6_2_1/last/prj/last_attempt_Runs/syn_1/last_attempt_gate.db"
RUN-1001 : Importing database generated by Tang Dynasty, V6.2.168116.
RUN-1001 : Database version number 46207
RUN-1001 : Import flow parameters
RUN-1001 : Import netlist
RUN-1001 : Import timing constraints
RUN-1001 : Import IO constraints
RUN-1001 : Import Inst constraints
RUN-1001 : Import ChipWatcher
RUN-1001 : Import design success TD_VERSION=6.2.168116 , DB_VERSION=46207
RUN-1002 : start command "config_chipwatcher"
RUN-1002 : start command "update_timing"
RUN-1002 : start command "start_timer"
USR-1002 : Derived clock:  create_generated_clock -name {tf0_sys_pll/pll_inst.clkc[0]} -source [get_ports {clk_50}] -master_clock {clk_in} -multiply_by 2.0000 -duty_cycle 50.0000 [get_pins {tf0_sys_pll/pll_inst.clkc[0]}]
USR-1002 : Derived clock:  create_generated_clock -name {tf0_sys_pll/pll_inst.clkc[1]} -source [get_ports {clk_50}] -master_clock {clk_in} -multiply_by 2.5000 -duty_cycle 50.0000 [get_pins {tf0_sys_pll/pll_inst.clkc[1]}]
USR-1002 : Derived clock:  create_generated_clock -name {tf0_sys_pll/pll_inst.clkc[2]} -source [get_ports {clk_50}] -master_clock {clk_in} -multiply_by 2.5000 -phase 180 -duty_cycle 50.0000 [get_pins {tf0_sys_pll/pll_inst.clkc[2]}]
USR-1002 : Derived clock:  create_generated_clock -name {u_clk_gen/u_pll_0/pll_inst.clkc[0]} -source [get_ports {clk_50}] -master_clock {clk_in} -multiply_by 2.5000 -duty_cycle 50.0000 [get_pins {u_clk_gen/u_pll_0/pll_inst.clkc[0]}]
USR-1002 : Derived clock:  create_generated_clock -name {u_clk_gen/u_pll_0/pll_inst.clkc[1]} -source [get_ports {clk_50}] -master_clock {clk_in} -multiply_by 2.5000 -duty_cycle 50.0000 [get_pins {u_clk_gen/u_pll_0/pll_inst.clkc[1]}]
USR-1002 : Derived clock:  create_generated_clock -name {u_clk_gen/u_pll_0/pll_inst.clkc[4]} -source [get_ports {clk_50}] -master_clock {clk_in} -multiply_by 2.5000 -phase 90 -duty_cycle 50.0000 [get_pins {u_clk_gen/u_pll_0/pll_inst.clkc[4]}]
USR-8130 CRITICAL-WARNING: No clock match the pattern: u_clk_gen/u_pll_0/pll_inst.clkc\[3\].
USR-8124 CRITICAL-WARNING: Rename_clock: please specify object list.
USR-8159 CRITICAL-WARNING: Command rename_clock -name {pll_inst_25M} [get_clocks {u_clk_gen/u_pll_0/pll_inst.clkc[3]}] in D:/FPGA/workplace6_2_1/last/source_code/constraints/UDP.sdc(8) fails.
TMR-2502 : Net delay update with mode: Synthesized
RUN-1003 : finish command "update_timing" in  1.368817s wall, 1.375000s user + 0.125000s system = 1.500000s CPU (109.6%)

RUN-1004 : used memory is 636 MB, reserved memory is 563 MB, peak memory is 752 MB
KIT-1004 : chipwatcher: sanity check successfully
KIT-1004 : Chipwatcher code = 1011000110101110
KIT-1004 : import watcher inst auto_created_cwc1 completed, there are 2 view node(s), 25 trigger net(s), 25 data net(s).
RUN-1003 : finish command "config_chipwatcher" in  1.421140s wall, 1.421875s user + 0.125000s system = 1.546875s CPU (108.8%)

RUN-1004 : used memory is 641 MB, reserved memory is 568 MB, peak memory is 752 MB
GUI-1001 : Config chip watcher succeed!
GUI-1001 : User opens ChipWatcher ...
RUN-1002 : start command "commit_param -step design"
RUN-1001 : Print Global Property
RUN-1001 : --------------------------------------------------------
RUN-1001 :   Parameters   |  Settings  |  Default Values  |  Note  
RUN-1001 : --------------------------------------------------------
RUN-1001 :   enable_seed  |    off     |       off        |        
RUN-1001 :     message    |  standard  |     standard     |        
RUN-1001 :   qor_monitor  |     on     |        on        |        
RUN-1001 :   syn_ip_flow  |    off     |       off        |        
RUN-1001 :     thread     |    auto    |       auto       |        
RUN-1001 : --------------------------------------------------------
RUN-1001 : Print Design Property
RUN-1001 : ----------------------------------------------------------------
RUN-1001 :       Parameters       |  Settings  |  Default Values  |  Note  
RUN-1001 : ----------------------------------------------------------------
RUN-1001 :   default_reg_initial  |    auto    |       auto       |        
RUN-1001 :    hdl_warning_level   |   normal   |      normal      |        
RUN-1001 : ----------------------------------------------------------------
HDL-1007 : analyze verilog file last_attempt.v
HDL-1007 : undeclared symbol 'phy_reset', assumed default net type 'wire' in last_attempt.v(148)
HDL-1007 : undeclared symbol 'key1', assumed default net type 'wire' in last_attempt.v(468)
HDL-1007 : undeclared symbol 'clk_50_out', assumed default net type 'wire' in last_attempt.v(476)
HDL-1007 : undeclared symbol 'key2', assumed default net type 'wire' in last_attempt.v(482)
HDL-1007 : undeclared symbol 'tpg_data_done', assumed default net type 'wire' in last_attempt.v(487)
HDL-1007 : undeclared symbol 'full_flag', assumed default net type 'wire' in last_attempt.v(521)
HDL-1007 : undeclared symbol 'input_local_udp_port_num', assumed default net type 'wire' in last_attempt.v(552)
HDL-1007 : undeclared symbol 'input_local_udp_port_num_valid', assumed default net type 'wire' in last_attempt.v(553)
HDL-1007 : undeclared symbol 'input_local_ip_address_valid', assumed default net type 'wire' in last_attempt.v(556)
HDL-1007 : analyze verilog file ../source_code/rtl/udp/BUFGMUX.v
HDL-1007 : analyze verilog file ../source_code/rtl/udp/IDDR.v
HDL-1007 : analyze verilog file ../source_code/rtl/udp/ODDR.v
HDL-1007 : analyze verilog file ../source_code/rtl/udp/RAMB16_S9_S9.v
HDL-1007 : undeclared symbol 'open', assumed default net type 'wire' in ../source_code/rtl/udp/RAMB16_S9_S9.v(109)
HDL-1007 : analyze verilog file ../source_code/rtl/udp/clk_gen_rst_gen.v
HDL-1007 : analyze verilog file ../source_code/rtl/udp/div_clk_gen.v
HDL-1007 : analyze verilog file ../source_code/rtl/udp/rgmii_interface.v
HDL-1007 : analyze verilog file ../source_code/rtl/udp/rx_client_fifo.v
HDL-5370 WARNING: parameter 'WAIT_s' becomes localparam in 'rx_client_fifo' with formal parameter declaration list in ../source_code/rtl/udp/rx_client_fifo.v(49)
HDL-5370 WARNING: parameter 'QUEUE1_s' becomes localparam in 'rx_client_fifo' with formal parameter declaration list in ../source_code/rtl/udp/rx_client_fifo.v(50)
HDL-5370 WARNING: parameter 'QUEUE2_s' becomes localparam in 'rx_client_fifo' with formal parameter declaration list in ../source_code/rtl/udp/rx_client_fifo.v(51)
HDL-5370 WARNING: parameter 'QUEUE3_s' becomes localparam in 'rx_client_fifo' with formal parameter declaration list in ../source_code/rtl/udp/rx_client_fifo.v(52)
HDL-5370 WARNING: parameter 'QUEUE_SOF_s' becomes localparam in 'rx_client_fifo' with formal parameter declaration list in ../source_code/rtl/udp/rx_client_fifo.v(53)
HDL-5370 WARNING: parameter 'SOF_s' becomes localparam in 'rx_client_fifo' with formal parameter declaration list in ../source_code/rtl/udp/rx_client_fifo.v(54)
HDL-5370 WARNING: parameter 'DATA_s' becomes localparam in 'rx_client_fifo' with formal parameter declaration list in ../source_code/rtl/udp/rx_client_fifo.v(55)
HDL-5370 WARNING: parameter 'EOF_s' becomes localparam in 'rx_client_fifo' with formal parameter declaration list in ../source_code/rtl/udp/rx_client_fifo.v(56)
HDL-5370 WARNING: parameter 'IDLE_s' becomes localparam in 'rx_client_fifo' with formal parameter declaration list in ../source_code/rtl/udp/rx_client_fifo.v(62)
HDL-5370 WARNING: parameter 'FRAME_s' becomes localparam in 'rx_client_fifo' with formal parameter declaration list in ../source_code/rtl/udp/rx_client_fifo.v(63)
HDL-5370 Similar messages will be suppressed.
HDL-1007 : analyze verilog file ../source_code/rtl/udp/temac_block.v
HDL-1007 : analyze verilog file ../source_code/rtl/udp/temac_clk_gen.v
HDL-1007 : analyze verilog file ../source_code/rtl/udp/tx_client_fifo.v
HDL-5370 WARNING: parameter 'IDLE_s' becomes localparam in 'tx_client_fifo' with formal parameter declaration list in ../source_code/rtl/udp/tx_client_fifo.v(53)
HDL-5370 WARNING: parameter 'QUEUE1_s' becomes localparam in 'tx_client_fifo' with formal parameter declaration list in ../source_code/rtl/udp/tx_client_fifo.v(54)
HDL-5370 WARNING: parameter 'QUEUE2_s' becomes localparam in 'tx_client_fifo' with formal parameter declaration list in ../source_code/rtl/udp/tx_client_fifo.v(55)
HDL-5370 WARNING: parameter 'QUEUE3_s' becomes localparam in 'tx_client_fifo' with formal parameter declaration list in ../source_code/rtl/udp/tx_client_fifo.v(56)
HDL-5370 WARNING: parameter 'QUEUE_ACK_s' becomes localparam in 'tx_client_fifo' with formal parameter declaration list in ../source_code/rtl/udp/tx_client_fifo.v(57)
HDL-5370 WARNING: parameter 'WAIT_ACK_s' becomes localparam in 'tx_client_fifo' with formal parameter declaration list in ../source_code/rtl/udp/tx_client_fifo.v(58)
HDL-5370 WARNING: parameter 'FRAME_s' becomes localparam in 'tx_client_fifo' with formal parameter declaration list in ../source_code/rtl/udp/tx_client_fifo.v(59)
HDL-5370 WARNING: parameter 'DROP_s' becomes localparam in 'tx_client_fifo' with formal parameter declaration list in ../source_code/rtl/udp/tx_client_fifo.v(60)
HDL-5370 WARNING: parameter 'RETRANSMIT_s' becomes localparam in 'tx_client_fifo' with formal parameter declaration list in ../source_code/rtl/udp/tx_client_fifo.v(61)
HDL-5370 WARNING: parameter 'WAIT_s' becomes localparam in 'tx_client_fifo' with formal parameter declaration list in ../source_code/rtl/udp/tx_client_fifo.v(67)
HDL-5370 Similar messages will be suppressed.
HDL-1007 : analyze verilog file ../source_code/rtl/udp/tx_clk_en_gen.v
HDL-1007 : analyze verilog file ../source_code/rtl/udp/udp_data_tpg.v
HDL-1007 : analyze verilog file ../source_code/rtl/udp/udp_ip_protocol_stack_merge.enc.v
HDL-1007 : back to file '../source_code/rtl/udp/udp_ip_protocol_stack_merge.enc.v' in ../source_code/rtl/udp/udp_ip_protocol_stack_merge.enc.v(56)
HDL-1007 : undeclared symbol '**', assumed default net type '**' in ../source_code/rtl/udp/udp_ip_protocol_stack_merge.enc.v(2638)
HDL-1007 : back to file '../source_code/rtl/udp/udp_ip_protocol_stack_merge.enc.v' in ../source_code/rtl/udp/udp_ip_protocol_stack_merge.enc.v(420)
HDL-1007 : analyze verilog file ../source_code/rtl/udp/udp_loopback.v
HDL-1007 : analyze verilog file al_ip/TEMAC_CORE/RTL/include/define.v
HDL-1007 : analyze verilog file al_ip/TEMAC_CORE/RTL/TEMAC_CORE_aead6cd6dadd.v
HDL-5007 WARNING: column 1032 exceeds maximum value 1023 in al_ip/TEMAC_CORE/RTL/TEMAC_CORE_aead6cd6dadd.v(30)
HDL-1007 : back to file 'al_ip/TEMAC_CORE/RTL/TEMAC_CORE_aead6cd6dadd.v' in al_ip/TEMAC_CORE/RTL/TEMAC_CORE_aead6cd6dadd.v(86)
HDL-5007 WARNING: event expressions must result in a singular type in al_ip/TEMAC_CORE/RTL/TEMAC_CORE_aead6cd6dadd.v(3001)
HDL-1007 : undeclared symbol '**', assumed default net type '**' in al_ip/TEMAC_CORE/RTL/TEMAC_CORE_aead6cd6dadd.v(5050)
HDL-1007 : undeclared symbol '**', assumed default net type '**' in al_ip/TEMAC_CORE/RTL/TEMAC_CORE_aead6cd6dadd.v(5458)
HDL-5007 WARNING: column 1035 exceeds maximum value 1023 in al_ip/TEMAC_CORE/RTL/TEMAC_CORE_aead6cd6dadd.v(6001)
HDL-1007 : back to file 'al_ip/TEMAC_CORE/RTL/TEMAC_CORE_aead6cd6dadd.v' in al_ip/TEMAC_CORE/RTL/TEMAC_CORE_aead6cd6dadd.v(260)
HDL-1007 : analyze verilog file al_ip/TEMAC_CORE/RTL/mac_core_aead6cd6dadd.v
HDL-1007 : analyze verilog file al_ip/TEMAC_CORE/TEMAC_CORE.v
HDL-1007 : analyze verilog file al_ip/pll_gen.v
HDL-1007 : undeclared symbol 'pll_gen_open0', assumed default net type 'wire' in al_ip/pll_gen.v(99)
HDL-1007 : undeclared symbol 'pll_gen_open8', assumed default net type 'wire' in al_ip/pll_gen.v(105)
HDL-1007 : undeclared symbol 'pll_gen_open7', assumed default net type 'wire' in al_ip/pll_gen.v(105)
HDL-1007 : undeclared symbol 'pll_gen_open6', assumed default net type 'wire' in al_ip/pll_gen.v(105)
HDL-1007 : undeclared symbol 'pll_gen_open5', assumed default net type 'wire' in al_ip/pll_gen.v(105)
HDL-1007 : undeclared symbol 'pll_gen_open4', assumed default net type 'wire' in al_ip/pll_gen.v(105)
HDL-1007 : undeclared symbol 'pll_gen_open3', assumed default net type 'wire' in al_ip/pll_gen.v(105)
HDL-1007 : undeclared symbol 'pll_gen_open2', assumed default net type 'wire' in al_ip/pll_gen.v(105)
HDL-1007 : undeclared symbol 'pll_gen_open1', assumed default net type 'wire' in al_ip/pll_gen.v(105)
HDL-1007 : analyze verilog file al_ip/sys_pll.v
HDL-1007 : undeclared symbol 'sys_pll_open0', assumed default net type 'wire' in al_ip/sys_pll.v(77)
HDL-1007 : undeclared symbol 'sys_pll_open1', assumed default net type 'wire' in al_ip/sys_pll.v(83)
HDL-1007 : undeclared symbol 'sys_pll_open9', assumed default net type 'wire' in al_ip/sys_pll.v(89)
HDL-1007 : undeclared symbol 'sys_pll_open8', assumed default net type 'wire' in al_ip/sys_pll.v(89)
HDL-1007 : undeclared symbol 'sys_pll_open7', assumed default net type 'wire' in al_ip/sys_pll.v(89)
HDL-1007 : undeclared symbol 'sys_pll_open6', assumed default net type 'wire' in al_ip/sys_pll.v(89)
HDL-1007 : undeclared symbol 'sys_pll_open5', assumed default net type 'wire' in al_ip/sys_pll.v(89)
HDL-1007 : undeclared symbol 'sys_pll_open4', assumed default net type 'wire' in al_ip/sys_pll.v(89)
HDL-1007 : undeclared symbol 'sys_pll_open3', assumed default net type 'wire' in al_ip/sys_pll.v(89)
HDL-1007 : undeclared symbol 'sys_pll_open2', assumed default net type 'wire' in al_ip/sys_pll.v(89)
HDL-1007 : undeclared symbol 'sys_pll_open11', assumed default net type 'wire' in al_ip/sys_pll.v(91)
HDL-1007 : undeclared symbol 'sys_pll_open10', assumed default net type 'wire' in al_ip/sys_pll.v(91)
HDL-1007 : analyze verilog file ../source_code/rtl/sd_card/ax_debounce.v
HDL-1007 : analyze verilog file ../source_code/rtl/sd_card/bmp_read.v
HDL-1007 : analyze verilog file ../source_code/rtl/sd_card/sd_card_bmp.v
HDL-1007 : analyze verilog file ../source_code/rtl/sd_card/sd_card_cmd.v
HDL-1007 : analyze verilog file ../source_code/rtl/sd_card/sd_card_sec_read_write.v
HDL-1007 : analyze verilog file ../source_code/rtl/sd_card/sd_card_top.v
HDL-1007 : analyze verilog file ../source_code/rtl/sd_card/spi_master.v
HDL-1007 : analyze verilog file ../source_code/rtl/sdram/enc_file/global_def.v
HDL-1007 : analyze verilog file ../source_code/rtl/sdram/enc_file/sdr_as_ram.enc.v
HDL-1007 : back to file '../source_code/rtl/sdram/enc_file/sdr_as_ram.enc.v' in ../source_code/rtl/sdram/enc_file/sdr_as_ram.enc.v(54)
HDL-1007 : analyze verilog file ../source_code/rtl/sdram/enc_file/sdr_wrrd.enc.v
HDL-5007 WARNING: concatenation with an unsized literal will be treated as 32 bits in ../source_code/rtl/sdram/enc_file/sdr_wrrd.enc.v(283)
HDL-1007 : back to file '../source_code/rtl/sdram/enc_file/sdr_wrrd.enc.v' in ../source_code/rtl/sdram/enc_file/sdr_wrrd.enc.v(19)
HDL-1007 : analyze verilog file ../source_code/rtl/frame_fifo/afifo_16_32_256.v
HDL-1007 : analyze verilog file ../source_code/rtl/frame_fifo/afifo_32_16_256.v
HDL-1007 : analyze verilog file ../source_code/rtl/frame_fifo/frame_fifo_read.v
HDL-1007 : analyze verilog file ../source_code/rtl/frame_fifo/frame_fifo_write.v
HDL-1007 : analyze verilog file ../source_code/rtl/frame_fifo/frame_read_write.v
HDL-1007 : analyze verilog file ../source_code/rtl/sdram/sdram.v
HDL-1007 : analyze included file ../source_code/rtl/sdram/enc_file/global_def.v in ../source_code/rtl/sdram/sdram.v(10)
HDL-1007 : back to file '../source_code/rtl/sdram/sdram.v' in ../source_code/rtl/sdram/sdram.v(10)
HDL-1007 : undeclared symbol 'SDR_CKE', assumed default net type 'wire' in ../source_code/rtl/sdram/sdram.v(89)
HDL-1007 : analyze verilog file ../source_code/rtl/sdram/enc_file/sdr_init_ref.enc.v
HDL-1007 : analyze included file ../source_code/rtl/sdram/enc_file/global_def.v in ../source_code/rtl/sdram/enc_file/sdr_init_ref.enc.v(11)
HDL-1007 : back to file '../source_code/rtl/sdram/enc_file/sdr_init_ref.enc.v' in ../source_code/rtl/sdram/enc_file/sdr_init_ref.enc.v(11)
HDL-1007 : undeclared symbol '**', assumed default net type '**' in ../source_code/rtl/sdram/enc_file/sdr_init_ref.enc.v(57)
HDL-1007 : back to file '../source_code/rtl/sdram/enc_file/sdr_init_ref.enc.v' in ../source_code/rtl/sdram/enc_file/sdr_init_ref.enc.v(149)
HDL-5007 WARNING: concatenation with an unsized literal will be treated as 32 bits in ../source_code/rtl/sdram/enc_file/sdr_init_ref.enc.v(47)
HDL-1007 : analyze verilog file ../source_code/rtl/video_timing/color_bar.v
HDL-1007 : analyze included file ../source_code/rtl/video_timing/video_define.v in ../source_code/rtl/video_timing/color_bar.v(2)
HDL-1007 : back to file '../source_code/rtl/video_timing/color_bar.v' in ../source_code/rtl/video_timing/color_bar.v(2)
HDL-1007 : analyze verilog file ../source_code/rtl/video_timing/video_delay.v
HDL-1007 : analyze verilog file ../source_code/rtl/video_timing/video_timing_data.v
HDL-1007 : analyze verilog file ../source_code/rtl/another/m_synchronization_header.v
HDL-1007 : analyze verilog file ../source_code/rtl/led.v
RUN-1002 : start command "commit_param -step design"
RUN-1001 : Print Global Property
RUN-1001 : --------------------------------------------------------
RUN-1001 :   Parameters   |  Settings  |  Default Values  |  Note  
RUN-1001 : --------------------------------------------------------
RUN-1001 :   enable_seed  |    off     |       off        |        
RUN-1001 :     message    |  standard  |     standard     |        
RUN-1001 :   qor_monitor  |     on     |        on        |        
RUN-1001 :   syn_ip_flow  |    off     |       off        |        
RUN-1001 :     thread     |    auto    |       auto       |        
RUN-1001 : --------------------------------------------------------
RUN-1001 : Print Design Property
RUN-1001 : ----------------------------------------------------------------
RUN-1001 :       Parameters       |  Settings  |  Default Values  |  Note  
RUN-1001 : ----------------------------------------------------------------
RUN-1001 :   default_reg_initial  |    auto    |       auto       |        
RUN-1001 :    hdl_warning_level   |   normal   |      normal      |        
RUN-1001 : ----------------------------------------------------------------
HDL-1007 : analyze verilog file last_attempt.v
HDL-1007 : undeclared symbol 'phy_reset', assumed default net type 'wire' in last_attempt.v(149)
HDL-1007 : undeclared symbol 'key1', assumed default net type 'wire' in last_attempt.v(469)
HDL-1007 : undeclared symbol 'clk_50_out', assumed default net type 'wire' in last_attempt.v(477)
HDL-1007 : undeclared symbol 'key2', assumed default net type 'wire' in last_attempt.v(483)
HDL-1007 : undeclared symbol 'tpg_data_done', assumed default net type 'wire' in last_attempt.v(488)
HDL-1007 : undeclared symbol 'full_flag', assumed default net type 'wire' in last_attempt.v(522)
HDL-1007 : undeclared symbol 'input_local_udp_port_num', assumed default net type 'wire' in last_attempt.v(553)
HDL-1007 : undeclared symbol 'input_local_udp_port_num_valid', assumed default net type 'wire' in last_attempt.v(554)
HDL-1007 : undeclared symbol 'input_local_ip_address_valid', assumed default net type 'wire' in last_attempt.v(557)
HDL-1007 : analyze verilog file ../source_code/rtl/udp/BUFGMUX.v
HDL-1007 : analyze verilog file ../source_code/rtl/udp/IDDR.v
HDL-1007 : analyze verilog file ../source_code/rtl/udp/ODDR.v
HDL-1007 : analyze verilog file ../source_code/rtl/udp/RAMB16_S9_S9.v
HDL-1007 : undeclared symbol 'open', assumed default net type 'wire' in ../source_code/rtl/udp/RAMB16_S9_S9.v(109)
HDL-1007 : analyze verilog file ../source_code/rtl/udp/clk_gen_rst_gen.v
HDL-1007 : analyze verilog file ../source_code/rtl/udp/div_clk_gen.v
HDL-1007 : analyze verilog file ../source_code/rtl/udp/rgmii_interface.v
HDL-1007 : analyze verilog file ../source_code/rtl/udp/rx_client_fifo.v
HDL-5370 WARNING: parameter 'WAIT_s' becomes localparam in 'rx_client_fifo' with formal parameter declaration list in ../source_code/rtl/udp/rx_client_fifo.v(49)
HDL-5370 WARNING: parameter 'QUEUE1_s' becomes localparam in 'rx_client_fifo' with formal parameter declaration list in ../source_code/rtl/udp/rx_client_fifo.v(50)
HDL-5370 WARNING: parameter 'QUEUE2_s' becomes localparam in 'rx_client_fifo' with formal parameter declaration list in ../source_code/rtl/udp/rx_client_fifo.v(51)
HDL-5370 WARNING: parameter 'QUEUE3_s' becomes localparam in 'rx_client_fifo' with formal parameter declaration list in ../source_code/rtl/udp/rx_client_fifo.v(52)
HDL-5370 WARNING: parameter 'QUEUE_SOF_s' becomes localparam in 'rx_client_fifo' with formal parameter declaration list in ../source_code/rtl/udp/rx_client_fifo.v(53)
HDL-5370 WARNING: parameter 'SOF_s' becomes localparam in 'rx_client_fifo' with formal parameter declaration list in ../source_code/rtl/udp/rx_client_fifo.v(54)
HDL-5370 WARNING: parameter 'DATA_s' becomes localparam in 'rx_client_fifo' with formal parameter declaration list in ../source_code/rtl/udp/rx_client_fifo.v(55)
HDL-5370 WARNING: parameter 'EOF_s' becomes localparam in 'rx_client_fifo' with formal parameter declaration list in ../source_code/rtl/udp/rx_client_fifo.v(56)
HDL-5370 WARNING: parameter 'IDLE_s' becomes localparam in 'rx_client_fifo' with formal parameter declaration list in ../source_code/rtl/udp/rx_client_fifo.v(62)
HDL-5370 WARNING: parameter 'FRAME_s' becomes localparam in 'rx_client_fifo' with formal parameter declaration list in ../source_code/rtl/udp/rx_client_fifo.v(63)
HDL-5370 Similar messages will be suppressed.
HDL-1007 : analyze verilog file ../source_code/rtl/udp/temac_block.v
HDL-1007 : analyze verilog file ../source_code/rtl/udp/temac_clk_gen.v
HDL-1007 : analyze verilog file ../source_code/rtl/udp/tx_client_fifo.v
HDL-5370 WARNING: parameter 'IDLE_s' becomes localparam in 'tx_client_fifo' with formal parameter declaration list in ../source_code/rtl/udp/tx_client_fifo.v(53)
HDL-5370 WARNING: parameter 'QUEUE1_s' becomes localparam in 'tx_client_fifo' with formal parameter declaration list in ../source_code/rtl/udp/tx_client_fifo.v(54)
HDL-5370 WARNING: parameter 'QUEUE2_s' becomes localparam in 'tx_client_fifo' with formal parameter declaration list in ../source_code/rtl/udp/tx_client_fifo.v(55)
HDL-5370 WARNING: parameter 'QUEUE3_s' becomes localparam in 'tx_client_fifo' with formal parameter declaration list in ../source_code/rtl/udp/tx_client_fifo.v(56)
HDL-5370 WARNING: parameter 'QUEUE_ACK_s' becomes localparam in 'tx_client_fifo' with formal parameter declaration list in ../source_code/rtl/udp/tx_client_fifo.v(57)
HDL-5370 WARNING: parameter 'WAIT_ACK_s' becomes localparam in 'tx_client_fifo' with formal parameter declaration list in ../source_code/rtl/udp/tx_client_fifo.v(58)
HDL-5370 WARNING: parameter 'FRAME_s' becomes localparam in 'tx_client_fifo' with formal parameter declaration list in ../source_code/rtl/udp/tx_client_fifo.v(59)
HDL-5370 WARNING: parameter 'DROP_s' becomes localparam in 'tx_client_fifo' with formal parameter declaration list in ../source_code/rtl/udp/tx_client_fifo.v(60)
HDL-5370 WARNING: parameter 'RETRANSMIT_s' becomes localparam in 'tx_client_fifo' with formal parameter declaration list in ../source_code/rtl/udp/tx_client_fifo.v(61)
HDL-5370 WARNING: parameter 'WAIT_s' becomes localparam in 'tx_client_fifo' with formal parameter declaration list in ../source_code/rtl/udp/tx_client_fifo.v(67)
HDL-5370 Similar messages will be suppressed.
HDL-1007 : analyze verilog file ../source_code/rtl/udp/tx_clk_en_gen.v
HDL-1007 : analyze verilog file ../source_code/rtl/udp/udp_data_tpg.v
HDL-1007 : analyze verilog file ../source_code/rtl/udp/udp_ip_protocol_stack_merge.enc.v
HDL-1007 : back to file '../source_code/rtl/udp/udp_ip_protocol_stack_merge.enc.v' in ../source_code/rtl/udp/udp_ip_protocol_stack_merge.enc.v(56)
HDL-1007 : undeclared symbol '**', assumed default net type '**' in ../source_code/rtl/udp/udp_ip_protocol_stack_merge.enc.v(2638)
HDL-1007 : back to file '../source_code/rtl/udp/udp_ip_protocol_stack_merge.enc.v' in ../source_code/rtl/udp/udp_ip_protocol_stack_merge.enc.v(420)
HDL-1007 : analyze verilog file ../source_code/rtl/udp/udp_loopback.v
HDL-1007 : analyze verilog file al_ip/TEMAC_CORE/RTL/include/define.v
HDL-1007 : analyze verilog file al_ip/TEMAC_CORE/RTL/TEMAC_CORE_aead6cd6dadd.v
HDL-5007 WARNING: column 1032 exceeds maximum value 1023 in al_ip/TEMAC_CORE/RTL/TEMAC_CORE_aead6cd6dadd.v(30)
HDL-1007 : back to file 'al_ip/TEMAC_CORE/RTL/TEMAC_CORE_aead6cd6dadd.v' in al_ip/TEMAC_CORE/RTL/TEMAC_CORE_aead6cd6dadd.v(86)
HDL-5007 WARNING: event expressions must result in a singular type in al_ip/TEMAC_CORE/RTL/TEMAC_CORE_aead6cd6dadd.v(3001)
HDL-1007 : undeclared symbol '**', assumed default net type '**' in al_ip/TEMAC_CORE/RTL/TEMAC_CORE_aead6cd6dadd.v(5050)
HDL-1007 : undeclared symbol '**', assumed default net type '**' in al_ip/TEMAC_CORE/RTL/TEMAC_CORE_aead6cd6dadd.v(5458)
HDL-5007 WARNING: column 1035 exceeds maximum value 1023 in al_ip/TEMAC_CORE/RTL/TEMAC_CORE_aead6cd6dadd.v(6001)
HDL-1007 : back to file 'al_ip/TEMAC_CORE/RTL/TEMAC_CORE_aead6cd6dadd.v' in al_ip/TEMAC_CORE/RTL/TEMAC_CORE_aead6cd6dadd.v(260)
HDL-1007 : analyze verilog file al_ip/TEMAC_CORE/RTL/mac_core_aead6cd6dadd.v
HDL-1007 : analyze verilog file al_ip/TEMAC_CORE/TEMAC_CORE.v
HDL-1007 : analyze verilog file al_ip/pll_gen.v
HDL-1007 : undeclared symbol 'pll_gen_open0', assumed default net type 'wire' in al_ip/pll_gen.v(99)
HDL-1007 : undeclared symbol 'pll_gen_open8', assumed default net type 'wire' in al_ip/pll_gen.v(105)
HDL-1007 : undeclared symbol 'pll_gen_open7', assumed default net type 'wire' in al_ip/pll_gen.v(105)
HDL-1007 : undeclared symbol 'pll_gen_open6', assumed default net type 'wire' in al_ip/pll_gen.v(105)
HDL-1007 : undeclared symbol 'pll_gen_open5', assumed default net type 'wire' in al_ip/pll_gen.v(105)
HDL-1007 : undeclared symbol 'pll_gen_open4', assumed default net type 'wire' in al_ip/pll_gen.v(105)
HDL-1007 : undeclared symbol 'pll_gen_open3', assumed default net type 'wire' in al_ip/pll_gen.v(105)
HDL-1007 : undeclared symbol 'pll_gen_open2', assumed default net type 'wire' in al_ip/pll_gen.v(105)
HDL-1007 : undeclared symbol 'pll_gen_open1', assumed default net type 'wire' in al_ip/pll_gen.v(105)
HDL-1007 : analyze verilog file al_ip/sys_pll.v
HDL-1007 : undeclared symbol 'sys_pll_open0', assumed default net type 'wire' in al_ip/sys_pll.v(77)
HDL-1007 : undeclared symbol 'sys_pll_open1', assumed default net type 'wire' in al_ip/sys_pll.v(83)
HDL-1007 : undeclared symbol 'sys_pll_open9', assumed default net type 'wire' in al_ip/sys_pll.v(89)
HDL-1007 : undeclared symbol 'sys_pll_open8', assumed default net type 'wire' in al_ip/sys_pll.v(89)
HDL-1007 : undeclared symbol 'sys_pll_open7', assumed default net type 'wire' in al_ip/sys_pll.v(89)
HDL-1007 : undeclared symbol 'sys_pll_open6', assumed default net type 'wire' in al_ip/sys_pll.v(89)
HDL-1007 : undeclared symbol 'sys_pll_open5', assumed default net type 'wire' in al_ip/sys_pll.v(89)
HDL-1007 : undeclared symbol 'sys_pll_open4', assumed default net type 'wire' in al_ip/sys_pll.v(89)
HDL-1007 : undeclared symbol 'sys_pll_open3', assumed default net type 'wire' in al_ip/sys_pll.v(89)
HDL-1007 : undeclared symbol 'sys_pll_open2', assumed default net type 'wire' in al_ip/sys_pll.v(89)
HDL-1007 : undeclared symbol 'sys_pll_open11', assumed default net type 'wire' in al_ip/sys_pll.v(91)
HDL-1007 : undeclared symbol 'sys_pll_open10', assumed default net type 'wire' in al_ip/sys_pll.v(91)
HDL-1007 : analyze verilog file ../source_code/rtl/sd_card/ax_debounce.v
HDL-1007 : analyze verilog file ../source_code/rtl/sd_card/bmp_read.v
HDL-1007 : analyze verilog file ../source_code/rtl/sd_card/sd_card_bmp.v
HDL-1007 : analyze verilog file ../source_code/rtl/sd_card/sd_card_cmd.v
HDL-1007 : analyze verilog file ../source_code/rtl/sd_card/sd_card_sec_read_write.v
HDL-1007 : analyze verilog file ../source_code/rtl/sd_card/sd_card_top.v
HDL-1007 : analyze verilog file ../source_code/rtl/sd_card/spi_master.v
HDL-1007 : analyze verilog file ../source_code/rtl/sdram/enc_file/global_def.v
HDL-1007 : analyze verilog file ../source_code/rtl/sdram/enc_file/sdr_as_ram.enc.v
HDL-1007 : back to file '../source_code/rtl/sdram/enc_file/sdr_as_ram.enc.v' in ../source_code/rtl/sdram/enc_file/sdr_as_ram.enc.v(54)
HDL-1007 : analyze verilog file ../source_code/rtl/sdram/enc_file/sdr_wrrd.enc.v
HDL-5007 WARNING: concatenation with an unsized literal will be treated as 32 bits in ../source_code/rtl/sdram/enc_file/sdr_wrrd.enc.v(283)
HDL-1007 : back to file '../source_code/rtl/sdram/enc_file/sdr_wrrd.enc.v' in ../source_code/rtl/sdram/enc_file/sdr_wrrd.enc.v(19)
HDL-1007 : analyze verilog file ../source_code/rtl/frame_fifo/afifo_16_32_256.v
HDL-1007 : analyze verilog file ../source_code/rtl/frame_fifo/afifo_32_16_256.v
HDL-1007 : analyze verilog file ../source_code/rtl/frame_fifo/frame_fifo_read.v
HDL-1007 : analyze verilog file ../source_code/rtl/frame_fifo/frame_fifo_write.v
HDL-1007 : analyze verilog file ../source_code/rtl/frame_fifo/frame_read_write.v
HDL-1007 : analyze verilog file ../source_code/rtl/sdram/sdram.v
HDL-1007 : analyze included file ../source_code/rtl/sdram/enc_file/global_def.v in ../source_code/rtl/sdram/sdram.v(10)
HDL-1007 : back to file '../source_code/rtl/sdram/sdram.v' in ../source_code/rtl/sdram/sdram.v(10)
HDL-1007 : undeclared symbol 'SDR_CKE', assumed default net type 'wire' in ../source_code/rtl/sdram/sdram.v(89)
HDL-1007 : analyze verilog file ../source_code/rtl/sdram/enc_file/sdr_init_ref.enc.v
HDL-1007 : analyze included file ../source_code/rtl/sdram/enc_file/global_def.v in ../source_code/rtl/sdram/enc_file/sdr_init_ref.enc.v(11)
HDL-1007 : back to file '../source_code/rtl/sdram/enc_file/sdr_init_ref.enc.v' in ../source_code/rtl/sdram/enc_file/sdr_init_ref.enc.v(11)
HDL-1007 : undeclared symbol '**', assumed default net type '**' in ../source_code/rtl/sdram/enc_file/sdr_init_ref.enc.v(57)
HDL-1007 : back to file '../source_code/rtl/sdram/enc_file/sdr_init_ref.enc.v' in ../source_code/rtl/sdram/enc_file/sdr_init_ref.enc.v(149)
HDL-5007 WARNING: concatenation with an unsized literal will be treated as 32 bits in ../source_code/rtl/sdram/enc_file/sdr_init_ref.enc.v(47)
HDL-1007 : analyze verilog file ../source_code/rtl/video_timing/color_bar.v
HDL-1007 : analyze included file ../source_code/rtl/video_timing/video_define.v in ../source_code/rtl/video_timing/color_bar.v(2)
HDL-1007 : back to file '../source_code/rtl/video_timing/color_bar.v' in ../source_code/rtl/video_timing/color_bar.v(2)
HDL-1007 : analyze verilog file ../source_code/rtl/video_timing/video_delay.v
HDL-1007 : analyze verilog file ../source_code/rtl/video_timing/video_timing_data.v
HDL-1007 : analyze verilog file ../source_code/rtl/another/m_synchronization_header.v
HDL-1007 : analyze verilog file ../source_code/rtl/led.v
PRJ-1412 : reset_run syn_1.
PRJ-1411 : launch_runs syn_1 -step opt_gate.
PRJ-1412 : reset_run phy_1.
RUN-1002 : start command "save_best_bits"
PRJ-1410 : Run syn_1 success.
RUN-1002 : start command "import_db D:/FPGA/workplace6_2_1/last/prj/last_attempt_Runs/syn_1/last_attempt_gate.db"
RUN-1001 : Importing database generated by Tang Dynasty, V6.2.168116.
RUN-1001 : Database version number 46207
RUN-1001 : Import flow parameters
RUN-1001 : Import netlist
RUN-1001 : Import timing constraints
RUN-1001 : Import IO constraints
RUN-1001 : Import Inst constraints
RUN-1001 : Import ChipWatcher
RUN-1001 : Import design success TD_VERSION=6.2.168116 , DB_VERSION=46207
PRJ-1411 : launch_runs phy_1 -step bitgen.
PRJ-1416 : stop_run syn_1.
PRJ-1416 : stop_run phy_1.
RUN-1002 : start command "save_best_bits"
PRJ-1410 : Run phy_1 success.
RUN-1002 : start command "import_db D:/FPGA/workplace6_2_1/last/prj/last_attempt_Runs/syn_1/last_attempt_gate.db"
RUN-1001 : Importing database generated by Tang Dynasty, V6.2.168116.
RUN-1001 : Database version number 46207
RUN-1001 : Import flow parameters
RUN-1001 : Import netlist
RUN-1001 : Import timing constraints
RUN-1001 : Import IO constraints
RUN-1001 : Import Inst constraints
RUN-1001 : Import ChipWatcher
RUN-1001 : Import design success TD_VERSION=6.2.168116 , DB_VERSION=46207
RUN-1002 : start command "config_chipwatcher"
RUN-1002 : start command "update_timing"
RUN-1002 : start command "start_timer"
USR-1002 : Derived clock:  create_generated_clock -name {tf0_sys_pll/pll_inst.clkc[0]} -source [get_ports {clk_50}] -master_clock {clk_in} -multiply_by 2.0000 -duty_cycle 50.0000 [get_pins {tf0_sys_pll/pll_inst.clkc[0]}]
USR-1002 : Derived clock:  create_generated_clock -name {tf0_sys_pll/pll_inst.clkc[1]} -source [get_ports {clk_50}] -master_clock {clk_in} -multiply_by 2.5000 -duty_cycle 50.0000 [get_pins {tf0_sys_pll/pll_inst.clkc[1]}]
USR-1002 : Derived clock:  create_generated_clock -name {tf0_sys_pll/pll_inst.clkc[2]} -source [get_ports {clk_50}] -master_clock {clk_in} -multiply_by 2.5000 -phase 180 -duty_cycle 50.0000 [get_pins {tf0_sys_pll/pll_inst.clkc[2]}]
USR-1002 : Derived clock:  create_generated_clock -name {u_clk_gen/u_pll_0/pll_inst.clkc[0]} -source [get_ports {clk_50}] -master_clock {clk_in} -multiply_by 2.5000 -duty_cycle 50.0000 [get_pins {u_clk_gen/u_pll_0/pll_inst.clkc[0]}]
USR-1002 : Derived clock:  create_generated_clock -name {u_clk_gen/u_pll_0/pll_inst.clkc[1]} -source [get_ports {clk_50}] -master_clock {clk_in} -multiply_by 2.5000 -duty_cycle 50.0000 [get_pins {u_clk_gen/u_pll_0/pll_inst.clkc[1]}]
USR-1002 : Derived clock:  create_generated_clock -name {u_clk_gen/u_pll_0/pll_inst.clkc[4]} -source [get_ports {clk_50}] -master_clock {clk_in} -multiply_by 2.5000 -phase 90 -duty_cycle 50.0000 [get_pins {u_clk_gen/u_pll_0/pll_inst.clkc[4]}]
USR-8130 CRITICAL-WARNING: No clock match the pattern: u_clk_gen/u_pll_0/pll_inst.clkc\[3\].
USR-8124 CRITICAL-WARNING: Rename_clock: please specify object list.
USR-8159 CRITICAL-WARNING: Command rename_clock -name {pll_inst_25M} [get_clocks {u_clk_gen/u_pll_0/pll_inst.clkc[3]}] in D:/FPGA/workplace6_2_1/last/source_code/constraints/UDP.sdc(8) fails.
TMR-2502 : Net delay update with mode: Synthesized
RUN-1003 : finish command "update_timing" in  1.553491s wall, 1.578125s user + 0.187500s system = 1.765625s CPU (113.7%)

RUN-1004 : used memory is 672 MB, reserved memory is 598 MB, peak memory is 752 MB
KIT-1004 : chipwatcher: sanity check successfully
KIT-1004 : Chipwatcher code = 1011000110101110
KIT-1004 : import watcher inst auto_created_cwc1 completed, there are 2 view node(s), 25 trigger net(s), 25 data net(s).
RUN-1003 : finish command "config_chipwatcher" in  1.612947s wall, 1.625000s user + 0.203125s system = 1.828125s CPU (113.3%)

RUN-1004 : used memory is 677 MB, reserved memory is 603 MB, peak memory is 752 MB
GUI-1001 : Config chip watcher succeed!
GUI-1001 : User opens ChipWatcher ...
PRJ-1412 : reset_run phy_1.
PRJ-1411 : launch_runs phy_1 -step bitgen.
PRJ-1410 : Run phy_1 success.
RUN-1002 : start command "save_best_bits"
PRJ-1424 : The implemented result of phy_1 is saved as best result.
RUN-1002 : start command "import_db D:/FPGA/workplace6_2_1/last/prj/last_attempt_Runs/phy_1/last_attempt_pr.db"
RUN-1001 : Importing database generated by Tang Dynasty, V6.2.168116.
RUN-1001 : Database version number 46207
RUN-1001 : Import flow parameters
RUN-1001 : Import netlist
PHY-1001 : Generate detailed routing grids ...
PHY-1001 : End build routing graph; 0.459642s wall, 0.437500s user + 0.078125s system = 0.515625s CPU (112.2%)

PHY-1001 : Build lut bridge;  0.049833s wall, 0.062500s user + 0.000000s system = 0.062500s CPU (125.4%)

PHY-1001 : Generate nets ...
PHY-1001 : net clk_50_dup_1 will be routed on clock mesh
PHY-1001 : clock net temac_clk will be merged with clock u_clk_gen/u_pll_0/clk0_buf
PHY-1001 : net udp_clk will be routed on clock mesh
PHY-1001 : net U3/u2_ram/SDRAM_CLK will be routed on clock mesh
PHY-1001 : clock net u4_trimac_block/rx_clk will be merged with clock phy1_rgmii_rx_clk_dup_1
PHY-1001 : net U3/u2_ram/u1_init_ref/Sdr_clk will be routed on clock mesh
PHY-1001 : clock net u2_udp_loopback/app_tx_data_read_syn_4 will be merged with clock u2_udp_loopback/app_tx_data_read
PHY-1001 : clock net sd_card_bmp_m0/bmp_read_m0/clk will be merged with clock tf0_sys_pll/clk0_buf
PHY-1001 : net u4_trimac_block/u1_rgmii_interface/rgmii_txc_ddr/clk will be routed on clock mesh
PHY-1001 : eco open net = 0
PHY-1001 : 173 feed throughs used by 152 nets
RUN-1001 : Import phy database
RUN-1001 : Import timing constraints
RUN-1001 : Import IO constraints
RUN-1001 : Import Inst constraints
RUN-1001 : Import ChipWatcher
RUN-1001 : Import design success TD_VERSION=6.2.168116 , DB_VERSION=46207
RUN-1003 : finish command "import_db D:/FPGA/workplace6_2_1/last/prj/last_attempt_Runs/phy_1/last_attempt_pr.db" in  2.829381s wall, 2.593750s user + 0.359375s system = 2.953125s CPU (104.4%)

RUN-1004 : used memory is 795 MB, reserved memory is 724 MB, peak memory is 830 MB
PRJ-1412 : reset_run phy_1.
RUN-1002 : start command "clear_design"
RUN-1002 : start command "import_db D:/FPGA/workplace6_2_1/last/prj/last_attempt_Runs/syn_1/last_attempt_gate.db"
RUN-1001 : Importing database generated by Tang Dynasty, V6.2.168116.
RUN-1001 : Database version number 46207
RUN-1001 : Import flow parameters
RUN-1001 : Import netlist
RUN-1001 : Import timing constraints
RUN-1001 : Import IO constraints
RUN-1001 : Import Inst constraints
RUN-1001 : Import ChipWatcher
RUN-1001 : Import design success TD_VERSION=6.2.168116 , DB_VERSION=46207
RUN-1002 : start command "config_chipwatcher"
RUN-1002 : start command "update_timing"
RUN-1002 : start command "start_timer"
USR-1002 : Derived clock:  create_generated_clock -name {tf0_sys_pll/pll_inst.clkc[0]} -source [get_ports {clk_50}] -master_clock {clk_in} -multiply_by 2.0000 -duty_cycle 50.0000 [get_pins {tf0_sys_pll/pll_inst.clkc[0]}]
USR-1002 : Derived clock:  create_generated_clock -name {tf0_sys_pll/pll_inst.clkc[1]} -source [get_ports {clk_50}] -master_clock {clk_in} -multiply_by 2.5000 -duty_cycle 50.0000 [get_pins {tf0_sys_pll/pll_inst.clkc[1]}]
USR-1002 : Derived clock:  create_generated_clock -name {tf0_sys_pll/pll_inst.clkc[2]} -source [get_ports {clk_50}] -master_clock {clk_in} -multiply_by 2.5000 -phase 180 -duty_cycle 50.0000 [get_pins {tf0_sys_pll/pll_inst.clkc[2]}]
USR-1002 : Derived clock:  create_generated_clock -name {u_clk_gen/u_pll_0/pll_inst.clkc[0]} -source [get_ports {clk_50}] -master_clock {clk_in} -multiply_by 2.5000 -duty_cycle 50.0000 [get_pins {u_clk_gen/u_pll_0/pll_inst.clkc[0]}]
USR-1002 : Derived clock:  create_generated_clock -name {u_clk_gen/u_pll_0/pll_inst.clkc[1]} -source [get_ports {clk_50}] -master_clock {clk_in} -multiply_by 2.5000 -duty_cycle 50.0000 [get_pins {u_clk_gen/u_pll_0/pll_inst.clkc[1]}]
USR-1002 : Derived clock:  create_generated_clock -name {u_clk_gen/u_pll_0/pll_inst.clkc[4]} -source [get_ports {clk_50}] -master_clock {clk_in} -multiply_by 2.5000 -phase 90 -duty_cycle 50.0000 [get_pins {u_clk_gen/u_pll_0/pll_inst.clkc[4]}]
USR-8130 CRITICAL-WARNING: No clock match the pattern: u_clk_gen/u_pll_0/pll_inst.clkc\[3\].
USR-8124 CRITICAL-WARNING: Rename_clock: please specify object list.
USR-8159 CRITICAL-WARNING: Command rename_clock -name {pll_inst_25M} [get_clocks {u_clk_gen/u_pll_0/pll_inst.clkc[3]}] in D:/FPGA/workplace6_2_1/last/source_code/constraints/UDP.sdc(8) fails.
TMR-2502 : Net delay update with mode: Synthesized
RUN-1003 : finish command "update_timing" in  1.543585s wall, 1.546875s user + 0.218750s system = 1.765625s CPU (114.4%)

RUN-1004 : used memory is 680 MB, reserved memory is 612 MB, peak memory is 830 MB
RUN-1003 : finish command "config_chipwatcher" in  1.604357s wall, 1.593750s user + 0.234375s system = 1.828125s CPU (113.9%)

RUN-1004 : used memory is 685 MB, reserved memory is 617 MB, peak memory is 830 MB
GUI-1001 : Config chip watcher succeed!
GUI-1001 : User opens ChipWatcher ...
RUN-1002 : start command "commit_param -step design"
RUN-1001 : Print Global Property
RUN-1001 : --------------------------------------------------------
RUN-1001 :   Parameters   |  Settings  |  Default Values  |  Note  
RUN-1001 : --------------------------------------------------------
RUN-1001 :   enable_seed  |    off     |       off        |        
RUN-1001 :     message    |  standard  |     standard     |        
RUN-1001 :   qor_monitor  |     on     |        on        |        
RUN-1001 :   syn_ip_flow  |    off     |       off        |        
RUN-1001 :     thread     |    auto    |       auto       |        
RUN-1001 : --------------------------------------------------------
RUN-1001 : Print Design Property
RUN-1001 : ----------------------------------------------------------------
RUN-1001 :       Parameters       |  Settings  |  Default Values  |  Note  
RUN-1001 : ----------------------------------------------------------------
RUN-1001 :   default_reg_initial  |    auto    |       auto       |        
RUN-1001 :    hdl_warning_level   |   normal   |      normal      |        
RUN-1001 : ----------------------------------------------------------------
HDL-1007 : analyze verilog file last_attempt.v
HDL-1007 : undeclared symbol 'phy_reset', assumed default net type 'wire' in last_attempt.v(149)
HDL-1007 : undeclared symbol 'key1', assumed default net type 'wire' in last_attempt.v(469)
HDL-1007 : undeclared symbol 'clk_50_out', assumed default net type 'wire' in last_attempt.v(477)
HDL-1007 : undeclared symbol 'key2', assumed default net type 'wire' in last_attempt.v(483)
HDL-1007 : undeclared symbol 'tpg_data_done', assumed default net type 'wire' in last_attempt.v(488)
HDL-1007 : undeclared symbol 'full_flag', assumed default net type 'wire' in last_attempt.v(522)
HDL-1007 : undeclared symbol 'input_local_udp_port_num', assumed default net type 'wire' in last_attempt.v(553)
HDL-1007 : undeclared symbol 'input_local_udp_port_num_valid', assumed default net type 'wire' in last_attempt.v(554)
HDL-1007 : undeclared symbol 'input_local_ip_address_valid', assumed default net type 'wire' in last_attempt.v(557)
HDL-1007 : analyze verilog file ../source_code/rtl/udp/BUFGMUX.v
HDL-1007 : analyze verilog file ../source_code/rtl/udp/IDDR.v
HDL-1007 : analyze verilog file ../source_code/rtl/udp/ODDR.v
HDL-1007 : analyze verilog file ../source_code/rtl/udp/RAMB16_S9_S9.v
HDL-1007 : undeclared symbol 'open', assumed default net type 'wire' in ../source_code/rtl/udp/RAMB16_S9_S9.v(109)
HDL-1007 : analyze verilog file ../source_code/rtl/udp/clk_gen_rst_gen.v
HDL-1007 : analyze verilog file ../source_code/rtl/udp/div_clk_gen.v
HDL-1007 : analyze verilog file ../source_code/rtl/udp/rgmii_interface.v
HDL-1007 : analyze verilog file ../source_code/rtl/udp/rx_client_fifo.v
HDL-5370 WARNING: parameter 'WAIT_s' becomes localparam in 'rx_client_fifo' with formal parameter declaration list in ../source_code/rtl/udp/rx_client_fifo.v(49)
HDL-5370 WARNING: parameter 'QUEUE1_s' becomes localparam in 'rx_client_fifo' with formal parameter declaration list in ../source_code/rtl/udp/rx_client_fifo.v(50)
HDL-5370 WARNING: parameter 'QUEUE2_s' becomes localparam in 'rx_client_fifo' with formal parameter declaration list in ../source_code/rtl/udp/rx_client_fifo.v(51)
HDL-5370 WARNING: parameter 'QUEUE3_s' becomes localparam in 'rx_client_fifo' with formal parameter declaration list in ../source_code/rtl/udp/rx_client_fifo.v(52)
HDL-5370 WARNING: parameter 'QUEUE_SOF_s' becomes localparam in 'rx_client_fifo' with formal parameter declaration list in ../source_code/rtl/udp/rx_client_fifo.v(53)
HDL-5370 WARNING: parameter 'SOF_s' becomes localparam in 'rx_client_fifo' with formal parameter declaration list in ../source_code/rtl/udp/rx_client_fifo.v(54)
HDL-5370 WARNING: parameter 'DATA_s' becomes localparam in 'rx_client_fifo' with formal parameter declaration list in ../source_code/rtl/udp/rx_client_fifo.v(55)
HDL-5370 WARNING: parameter 'EOF_s' becomes localparam in 'rx_client_fifo' with formal parameter declaration list in ../source_code/rtl/udp/rx_client_fifo.v(56)
HDL-5370 WARNING: parameter 'IDLE_s' becomes localparam in 'rx_client_fifo' with formal parameter declaration list in ../source_code/rtl/udp/rx_client_fifo.v(62)
HDL-5370 WARNING: parameter 'FRAME_s' becomes localparam in 'rx_client_fifo' with formal parameter declaration list in ../source_code/rtl/udp/rx_client_fifo.v(63)
HDL-5370 Similar messages will be suppressed.
HDL-1007 : analyze verilog file ../source_code/rtl/udp/temac_block.v
HDL-1007 : analyze verilog file ../source_code/rtl/udp/temac_clk_gen.v
HDL-1007 : analyze verilog file ../source_code/rtl/udp/tx_client_fifo.v
HDL-5370 WARNING: parameter 'IDLE_s' becomes localparam in 'tx_client_fifo' with formal parameter declaration list in ../source_code/rtl/udp/tx_client_fifo.v(53)
HDL-5370 WARNING: parameter 'QUEUE1_s' becomes localparam in 'tx_client_fifo' with formal parameter declaration list in ../source_code/rtl/udp/tx_client_fifo.v(54)
HDL-5370 WARNING: parameter 'QUEUE2_s' becomes localparam in 'tx_client_fifo' with formal parameter declaration list in ../source_code/rtl/udp/tx_client_fifo.v(55)
HDL-5370 WARNING: parameter 'QUEUE3_s' becomes localparam in 'tx_client_fifo' with formal parameter declaration list in ../source_code/rtl/udp/tx_client_fifo.v(56)
HDL-5370 WARNING: parameter 'QUEUE_ACK_s' becomes localparam in 'tx_client_fifo' with formal parameter declaration list in ../source_code/rtl/udp/tx_client_fifo.v(57)
HDL-5370 WARNING: parameter 'WAIT_ACK_s' becomes localparam in 'tx_client_fifo' with formal parameter declaration list in ../source_code/rtl/udp/tx_client_fifo.v(58)
HDL-5370 WARNING: parameter 'FRAME_s' becomes localparam in 'tx_client_fifo' with formal parameter declaration list in ../source_code/rtl/udp/tx_client_fifo.v(59)
HDL-5370 WARNING: parameter 'DROP_s' becomes localparam in 'tx_client_fifo' with formal parameter declaration list in ../source_code/rtl/udp/tx_client_fifo.v(60)
HDL-5370 WARNING: parameter 'RETRANSMIT_s' becomes localparam in 'tx_client_fifo' with formal parameter declaration list in ../source_code/rtl/udp/tx_client_fifo.v(61)
HDL-5370 WARNING: parameter 'WAIT_s' becomes localparam in 'tx_client_fifo' with formal parameter declaration list in ../source_code/rtl/udp/tx_client_fifo.v(67)
HDL-5370 Similar messages will be suppressed.
HDL-1007 : analyze verilog file ../source_code/rtl/udp/tx_clk_en_gen.v
HDL-1007 : analyze verilog file ../source_code/rtl/udp/udp_data_tpg.v
HDL-1007 : analyze verilog file ../source_code/rtl/udp/udp_ip_protocol_stack_merge.enc.v
HDL-1007 : back to file '../source_code/rtl/udp/udp_ip_protocol_stack_merge.enc.v' in ../source_code/rtl/udp/udp_ip_protocol_stack_merge.enc.v(56)
HDL-1007 : undeclared symbol '**', assumed default net type '**' in ../source_code/rtl/udp/udp_ip_protocol_stack_merge.enc.v(2638)
HDL-1007 : back to file '../source_code/rtl/udp/udp_ip_protocol_stack_merge.enc.v' in ../source_code/rtl/udp/udp_ip_protocol_stack_merge.enc.v(420)
HDL-1007 : analyze verilog file ../source_code/rtl/udp/udp_loopback.v
HDL-1007 : analyze verilog file al_ip/TEMAC_CORE/RTL/include/define.v
HDL-1007 : analyze verilog file al_ip/TEMAC_CORE/RTL/TEMAC_CORE_aead6cd6dadd.v
HDL-5007 WARNING: column 1032 exceeds maximum value 1023 in al_ip/TEMAC_CORE/RTL/TEMAC_CORE_aead6cd6dadd.v(30)
HDL-1007 : back to file 'al_ip/TEMAC_CORE/RTL/TEMAC_CORE_aead6cd6dadd.v' in al_ip/TEMAC_CORE/RTL/TEMAC_CORE_aead6cd6dadd.v(86)
HDL-5007 WARNING: event expressions must result in a singular type in al_ip/TEMAC_CORE/RTL/TEMAC_CORE_aead6cd6dadd.v(3001)
HDL-1007 : undeclared symbol '**', assumed default net type '**' in al_ip/TEMAC_CORE/RTL/TEMAC_CORE_aead6cd6dadd.v(5050)
HDL-1007 : undeclared symbol '**', assumed default net type '**' in al_ip/TEMAC_CORE/RTL/TEMAC_CORE_aead6cd6dadd.v(5458)
HDL-5007 WARNING: column 1035 exceeds maximum value 1023 in al_ip/TEMAC_CORE/RTL/TEMAC_CORE_aead6cd6dadd.v(6001)
HDL-1007 : back to file 'al_ip/TEMAC_CORE/RTL/TEMAC_CORE_aead6cd6dadd.v' in al_ip/TEMAC_CORE/RTL/TEMAC_CORE_aead6cd6dadd.v(260)
HDL-1007 : analyze verilog file al_ip/TEMAC_CORE/RTL/mac_core_aead6cd6dadd.v
HDL-1007 : analyze verilog file al_ip/TEMAC_CORE/TEMAC_CORE.v
HDL-1007 : analyze verilog file al_ip/pll_gen.v
HDL-1007 : undeclared symbol 'pll_gen_open0', assumed default net type 'wire' in al_ip/pll_gen.v(99)
HDL-1007 : undeclared symbol 'pll_gen_open8', assumed default net type 'wire' in al_ip/pll_gen.v(105)
HDL-1007 : undeclared symbol 'pll_gen_open7', assumed default net type 'wire' in al_ip/pll_gen.v(105)
HDL-1007 : undeclared symbol 'pll_gen_open6', assumed default net type 'wire' in al_ip/pll_gen.v(105)
HDL-1007 : undeclared symbol 'pll_gen_open5', assumed default net type 'wire' in al_ip/pll_gen.v(105)
HDL-1007 : undeclared symbol 'pll_gen_open4', assumed default net type 'wire' in al_ip/pll_gen.v(105)
HDL-1007 : undeclared symbol 'pll_gen_open3', assumed default net type 'wire' in al_ip/pll_gen.v(105)
HDL-1007 : undeclared symbol 'pll_gen_open2', assumed default net type 'wire' in al_ip/pll_gen.v(105)
HDL-1007 : undeclared symbol 'pll_gen_open1', assumed default net type 'wire' in al_ip/pll_gen.v(105)
HDL-1007 : analyze verilog file al_ip/sys_pll.v
HDL-1007 : undeclared symbol 'sys_pll_open0', assumed default net type 'wire' in al_ip/sys_pll.v(77)
HDL-1007 : undeclared symbol 'sys_pll_open1', assumed default net type 'wire' in al_ip/sys_pll.v(83)
HDL-1007 : undeclared symbol 'sys_pll_open9', assumed default net type 'wire' in al_ip/sys_pll.v(89)
HDL-1007 : undeclared symbol 'sys_pll_open8', assumed default net type 'wire' in al_ip/sys_pll.v(89)
HDL-1007 : undeclared symbol 'sys_pll_open7', assumed default net type 'wire' in al_ip/sys_pll.v(89)
HDL-1007 : undeclared symbol 'sys_pll_open6', assumed default net type 'wire' in al_ip/sys_pll.v(89)
HDL-1007 : undeclared symbol 'sys_pll_open5', assumed default net type 'wire' in al_ip/sys_pll.v(89)
HDL-1007 : undeclared symbol 'sys_pll_open4', assumed default net type 'wire' in al_ip/sys_pll.v(89)
HDL-1007 : undeclared symbol 'sys_pll_open3', assumed default net type 'wire' in al_ip/sys_pll.v(89)
HDL-1007 : undeclared symbol 'sys_pll_open2', assumed default net type 'wire' in al_ip/sys_pll.v(89)
HDL-1007 : undeclared symbol 'sys_pll_open11', assumed default net type 'wire' in al_ip/sys_pll.v(91)
HDL-1007 : undeclared symbol 'sys_pll_open10', assumed default net type 'wire' in al_ip/sys_pll.v(91)
HDL-1007 : analyze verilog file ../source_code/rtl/sd_card/ax_debounce.v
HDL-1007 : analyze verilog file ../source_code/rtl/sd_card/bmp_read.v
HDL-1007 : analyze verilog file ../source_code/rtl/sd_card/sd_card_bmp.v
HDL-1007 : analyze verilog file ../source_code/rtl/sd_card/sd_card_cmd.v
HDL-1007 : analyze verilog file ../source_code/rtl/sd_card/sd_card_sec_read_write.v
HDL-1007 : analyze verilog file ../source_code/rtl/sd_card/sd_card_top.v
HDL-1007 : analyze verilog file ../source_code/rtl/sd_card/spi_master.v
HDL-1007 : analyze verilog file ../source_code/rtl/sdram/enc_file/global_def.v
HDL-1007 : analyze verilog file ../source_code/rtl/sdram/enc_file/sdr_as_ram.enc.v
HDL-1007 : back to file '../source_code/rtl/sdram/enc_file/sdr_as_ram.enc.v' in ../source_code/rtl/sdram/enc_file/sdr_as_ram.enc.v(54)
HDL-1007 : analyze verilog file ../source_code/rtl/sdram/enc_file/sdr_wrrd.enc.v
HDL-5007 WARNING: concatenation with an unsized literal will be treated as 32 bits in ../source_code/rtl/sdram/enc_file/sdr_wrrd.enc.v(283)
HDL-1007 : back to file '../source_code/rtl/sdram/enc_file/sdr_wrrd.enc.v' in ../source_code/rtl/sdram/enc_file/sdr_wrrd.enc.v(19)
HDL-1007 : analyze verilog file ../source_code/rtl/frame_fifo/afifo_16_32_256.v
HDL-1007 : analyze verilog file ../source_code/rtl/frame_fifo/afifo_32_16_256.v
HDL-1007 : analyze verilog file ../source_code/rtl/frame_fifo/frame_fifo_read.v
HDL-1007 : analyze verilog file ../source_code/rtl/frame_fifo/frame_fifo_write.v
HDL-1007 : analyze verilog file ../source_code/rtl/frame_fifo/frame_read_write.v
HDL-1007 : analyze verilog file ../source_code/rtl/sdram/sdram.v
HDL-1007 : analyze included file ../source_code/rtl/sdram/enc_file/global_def.v in ../source_code/rtl/sdram/sdram.v(10)
HDL-1007 : back to file '../source_code/rtl/sdram/sdram.v' in ../source_code/rtl/sdram/sdram.v(10)
HDL-1007 : undeclared symbol 'SDR_CKE', assumed default net type 'wire' in ../source_code/rtl/sdram/sdram.v(89)
HDL-1007 : analyze verilog file ../source_code/rtl/sdram/enc_file/sdr_init_ref.enc.v
HDL-1007 : analyze included file ../source_code/rtl/sdram/enc_file/global_def.v in ../source_code/rtl/sdram/enc_file/sdr_init_ref.enc.v(11)
HDL-1007 : back to file '../source_code/rtl/sdram/enc_file/sdr_init_ref.enc.v' in ../source_code/rtl/sdram/enc_file/sdr_init_ref.enc.v(11)
HDL-1007 : undeclared symbol '**', assumed default net type '**' in ../source_code/rtl/sdram/enc_file/sdr_init_ref.enc.v(57)
HDL-1007 : back to file '../source_code/rtl/sdram/enc_file/sdr_init_ref.enc.v' in ../source_code/rtl/sdram/enc_file/sdr_init_ref.enc.v(149)
HDL-5007 WARNING: concatenation with an unsized literal will be treated as 32 bits in ../source_code/rtl/sdram/enc_file/sdr_init_ref.enc.v(47)
HDL-1007 : analyze verilog file ../source_code/rtl/video_timing/color_bar.v
HDL-1007 : analyze included file ../source_code/rtl/video_timing/video_define.v in ../source_code/rtl/video_timing/color_bar.v(2)
HDL-1007 : back to file '../source_code/rtl/video_timing/color_bar.v' in ../source_code/rtl/video_timing/color_bar.v(2)
HDL-1007 : analyze verilog file ../source_code/rtl/video_timing/video_delay.v
HDL-1007 : analyze verilog file ../source_code/rtl/video_timing/video_timing_data.v
HDL-1007 : analyze verilog file ../source_code/rtl/another/m_synchronization_header.v
HDL-1007 : analyze verilog file ../source_code/rtl/led.v
PRJ-1412 : reset_run syn_1.
PRJ-1411 : launch_runs syn_1 -step opt_gate.
PRJ-1412 : reset_run phy_1.
PRJ-1410 : Run syn_1 success.
RUN-1002 : start command "save_best_bits"
RUN-1002 : start command "import_db D:/FPGA/workplace6_2_1/last/prj/last_attempt_Runs/syn_1/last_attempt_gate.db"
RUN-1001 : Importing database generated by Tang Dynasty, V6.2.168116.
RUN-1001 : Database version number 46207
RUN-1001 : Import flow parameters
RUN-1001 : Import netlist
RUN-1001 : Import timing constraints
RUN-1001 : Import IO constraints
RUN-1001 : Import Inst constraints
RUN-1001 : Import ChipWatcher
RUN-1001 : Import design success TD_VERSION=6.2.168116 , DB_VERSION=46207
RUN-1002 : start command "config_chipwatcher"
RUN-1002 : start command "update_timing"
RUN-1002 : start command "start_timer"
USR-1002 : Derived clock:  create_generated_clock -name {tf0_sys_pll/pll_inst.clkc[0]} -source [get_ports {clk_50}] -master_clock {clk_in} -multiply_by 2.0000 -duty_cycle 50.0000 [get_pins {tf0_sys_pll/pll_inst.clkc[0]}]
USR-1002 : Derived clock:  create_generated_clock -name {tf0_sys_pll/pll_inst.clkc[1]} -source [get_ports {clk_50}] -master_clock {clk_in} -multiply_by 2.5000 -duty_cycle 50.0000 [get_pins {tf0_sys_pll/pll_inst.clkc[1]}]
USR-1002 : Derived clock:  create_generated_clock -name {tf0_sys_pll/pll_inst.clkc[2]} -source [get_ports {clk_50}] -master_clock {clk_in} -multiply_by 2.5000 -phase 180 -duty_cycle 50.0000 [get_pins {tf0_sys_pll/pll_inst.clkc[2]}]
USR-1002 : Derived clock:  create_generated_clock -name {u_clk_gen/u_pll_0/pll_inst.clkc[0]} -source [get_ports {clk_50}] -master_clock {clk_in} -multiply_by 2.5000 -duty_cycle 50.0000 [get_pins {u_clk_gen/u_pll_0/pll_inst.clkc[0]}]
USR-1002 : Derived clock:  create_generated_clock -name {u_clk_gen/u_pll_0/pll_inst.clkc[1]} -source [get_ports {clk_50}] -master_clock {clk_in} -multiply_by 2.5000 -duty_cycle 50.0000 [get_pins {u_clk_gen/u_pll_0/pll_inst.clkc[1]}]
USR-1002 : Derived clock:  create_generated_clock -name {u_clk_gen/u_pll_0/pll_inst.clkc[4]} -source [get_ports {clk_50}] -master_clock {clk_in} -multiply_by 2.5000 -phase 90 -duty_cycle 50.0000 [get_pins {u_clk_gen/u_pll_0/pll_inst.clkc[4]}]
USR-8130 CRITICAL-WARNING: No clock match the pattern: u_clk_gen/u_pll_0/pll_inst.clkc\[3\].
USR-8124 CRITICAL-WARNING: Rename_clock: please specify object list.
USR-8159 CRITICAL-WARNING: Command rename_clock -name {pll_inst_25M} [get_clocks {u_clk_gen/u_pll_0/pll_inst.clkc[3]}] in D:/FPGA/workplace6_2_1/last/source_code/constraints/UDP.sdc(8) fails.
TMR-2502 : Net delay update with mode: Synthesized
RUN-1003 : finish command "update_timing" in  1.580380s wall, 1.546875s user + 0.203125s system = 1.750000s CPU (110.7%)

RUN-1004 : used memory is 688 MB, reserved memory is 621 MB, peak memory is 830 MB
RUN-1003 : finish command "config_chipwatcher" in  1.642358s wall, 1.609375s user + 0.218750s system = 1.828125s CPU (111.3%)

RUN-1004 : used memory is 692 MB, reserved memory is 626 MB, peak memory is 830 MB
GUI-1001 : Config chip watcher succeed!
GUI-1001 : User opens ChipWatcher ...
PRJ-1411 : launch_runs phy_1 -step bitgen.
RUN-1002 : start command "save_best_bits"
PRJ-1424 : The implemented result of phy_1 is saved as best result.
PRJ-1410 : Run phy_1 success.
RUN-1002 : start command "import_db D:/FPGA/workplace6_2_1/last/prj/last_attempt_Runs/phy_1/last_attempt_pr.db"
RUN-1001 : Importing database generated by Tang Dynasty, V6.2.168116.
RUN-1001 : Database version number 46207
RUN-1001 : Import flow parameters
RUN-1001 : Import netlist
PHY-1001 : Generate detailed routing grids ...
PHY-1001 : End build routing graph; 0.469829s wall, 0.500000s user + 0.125000s system = 0.625000s CPU (133.0%)

PHY-1001 : Build lut bridge;  0.054341s wall, 0.046875s user + 0.000000s system = 0.046875s CPU (86.3%)

PHY-1001 : Generate nets ...
PHY-1001 : net clk_50_dup_1 will be routed on clock mesh
PHY-1001 : clock net temac_clk will be merged with clock u_clk_gen/u_pll_0/clk0_buf
PHY-1001 : net udp_clk will be routed on clock mesh
PHY-1001 : net U3/u2_ram/SDRAM_CLK will be routed on clock mesh
PHY-1001 : net U3/u2_ram/u1_init_ref/Sdr_clk will be routed on clock mesh
PHY-1001 : clock net cwc_jtck_syn_2 will be merged with clock cwc_jtck
PHY-1001 : clock net u2_udp_loopback/app_tx_data_read_syn_4 will be merged with clock u2_udp_loopback/app_tx_data_read
PHY-1001 : clock net sd_card_bmp_m0/bmp_read_m0/clk will be merged with clock tf0_sys_pll/clk0_buf
PHY-1001 : clock net u4_trimac_block/rx_clk will be merged with clock phy1_rgmii_rx_clk_dup_1
PHY-1001 : net u4_trimac_block/u1_rgmii_interface/rgmii_txc_ddr/clk will be routed on clock mesh
PHY-1001 : eco open net = 0
PHY-1001 : 171 feed throughs used by 146 nets
RUN-1001 : Import phy database
RUN-1001 : Import timing constraints
RUN-1001 : Import IO constraints
RUN-1001 : Import Inst constraints
RUN-1001 : Import ChipWatcher
RUN-1001 : Import design success TD_VERSION=6.2.168116 , DB_VERSION=46207
RUN-1003 : finish command "import_db D:/FPGA/workplace6_2_1/last/prj/last_attempt_Runs/phy_1/last_attempt_pr.db" in  3.073182s wall, 2.921875s user + 0.500000s system = 3.421875s CPU (111.3%)

RUN-1004 : used memory is 829 MB, reserved memory is 761 MB, peak memory is 865 MB
RUN-1002 : start command "set_param flow readback_eram_speed 1"
RUN-1002 : start command "config_chipwatcher"
KIT-1004 : Chipwatcher code = 1101011010011111
KIT-1004 : import watcher inst auto_created_cwc1 completed, there are 3 view node(s), 28 trigger net(s), 28 data net(s).
GUI-1001 : Config chip watcher succeed!
GUI-1001 : User opens ChipWatcher ...
PRJ-1412 : reset_run phy_1.
RUN-1002 : start command "clear_design"
RUN-1002 : start command "import_db D:/FPGA/workplace6_2_1/last/prj/last_attempt_Runs/syn_1/last_attempt_gate.db"
RUN-1001 : Importing database generated by Tang Dynasty, V6.2.168116.
RUN-1001 : Database version number 46207
RUN-1001 : Import flow parameters
RUN-1001 : Import netlist
RUN-1001 : Import timing constraints
RUN-1001 : Import IO constraints
RUN-1001 : Import Inst constraints
RUN-1001 : Import ChipWatcher
RUN-1001 : Import design success TD_VERSION=6.2.168116 , DB_VERSION=46207
PRJ-1411 : launch_runs phy_1 -step bitgen.
PRJ-1416 : stop_run syn_1.
PRJ-1416 : stop_run phy_1.
RUN-1002 : start command "save_best_bits"
PRJ-1410 : Run phy_1 success.
RUN-1002 : start command "import_db D:/FPGA/workplace6_2_1/last/prj/last_attempt_Runs/syn_1/last_attempt_gate.db"
RUN-1001 : Importing database generated by Tang Dynasty, V6.2.168116.
RUN-1001 : Database version number 46207
RUN-1001 : Import flow parameters
RUN-1001 : Import netlist
RUN-1001 : Import timing constraints
RUN-1001 : Import IO constraints
RUN-1001 : Import Inst constraints
RUN-1001 : Import ChipWatcher
RUN-1001 : Import design success TD_VERSION=6.2.168116 , DB_VERSION=46207
RUN-1002 : start command "config_chipwatcher"
RUN-1002 : start command "update_timing"
RUN-1002 : start command "start_timer"
USR-1002 : Derived clock:  create_generated_clock -name {tf0_sys_pll/pll_inst.clkc[0]} -source [get_ports {clk_50}] -master_clock {clk_in} -multiply_by 2.0000 -duty_cycle 50.0000 [get_pins {tf0_sys_pll/pll_inst.clkc[0]}]
USR-1002 : Derived clock:  create_generated_clock -name {tf0_sys_pll/pll_inst.clkc[1]} -source [get_ports {clk_50}] -master_clock {clk_in} -multiply_by 2.5000 -duty_cycle 50.0000 [get_pins {tf0_sys_pll/pll_inst.clkc[1]}]
USR-1002 : Derived clock:  create_generated_clock -name {tf0_sys_pll/pll_inst.clkc[2]} -source [get_ports {clk_50}] -master_clock {clk_in} -multiply_by 2.5000 -phase 180 -duty_cycle 50.0000 [get_pins {tf0_sys_pll/pll_inst.clkc[2]}]
USR-1002 : Derived clock:  create_generated_clock -name {u_clk_gen/u_pll_0/pll_inst.clkc[0]} -source [get_ports {clk_50}] -master_clock {clk_in} -multiply_by 2.5000 -duty_cycle 50.0000 [get_pins {u_clk_gen/u_pll_0/pll_inst.clkc[0]}]
USR-1002 : Derived clock:  create_generated_clock -name {u_clk_gen/u_pll_0/pll_inst.clkc[1]} -source [get_ports {clk_50}] -master_clock {clk_in} -multiply_by 2.5000 -duty_cycle 50.0000 [get_pins {u_clk_gen/u_pll_0/pll_inst.clkc[1]}]
USR-1002 : Derived clock:  create_generated_clock -name {u_clk_gen/u_pll_0/pll_inst.clkc[4]} -source [get_ports {clk_50}] -master_clock {clk_in} -multiply_by 2.5000 -phase 90 -duty_cycle 50.0000 [get_pins {u_clk_gen/u_pll_0/pll_inst.clkc[4]}]
USR-8130 CRITICAL-WARNING: No clock match the pattern: u_clk_gen/u_pll_0/pll_inst.clkc\[3\].
USR-8124 CRITICAL-WARNING: Rename_clock: please specify object list.
USR-8159 CRITICAL-WARNING: Command rename_clock -name {pll_inst_25M} [get_clocks {u_clk_gen/u_pll_0/pll_inst.clkc[3]}] in D:/FPGA/workplace6_2_1/last/source_code/constraints/UDP.sdc(8) fails.
TMR-2502 : Net delay update with mode: Synthesized
RUN-1003 : finish command "update_timing" in  1.539462s wall, 1.562500s user + 0.078125s system = 1.640625s CPU (106.6%)

RUN-1004 : used memory is 706 MB, reserved memory is 642 MB, peak memory is 878 MB
KIT-1004 : chipwatcher: sanity check successfully
KIT-1004 : Chipwatcher code = 1101011010011111
KIT-1004 : import watcher inst auto_created_cwc1 completed, there are 3 view node(s), 28 trigger net(s), 28 data net(s).
RUN-1003 : finish command "config_chipwatcher" in  1.600285s wall, 1.609375s user + 0.109375s system = 1.718750s CPU (107.4%)

RUN-1004 : used memory is 711 MB, reserved memory is 647 MB, peak memory is 878 MB
GUI-1001 : Config chip watcher succeed!
GUI-1001 : User opens ChipWatcher ...
PRJ-1412 : reset_run phy_1.
PRJ-1411 : launch_runs phy_1 -step bitgen.
PRJ-1410 : Run phy_1 success.
RUN-1002 : start command "save_best_bits"
PRJ-1424 : The implemented result of phy_1 is saved as best result.
RUN-1002 : start command "import_db D:/FPGA/workplace6_2_1/last/prj/last_attempt_Runs/phy_1/last_attempt_pr.db"
RUN-1001 : Importing database generated by Tang Dynasty, V6.2.168116.
RUN-1001 : Database version number 46207
RUN-1001 : Import flow parameters
RUN-1001 : Import netlist
PHY-1001 : Generate detailed routing grids ...
PHY-1001 : End build routing graph; 0.464744s wall, 0.390625s user + 0.062500s system = 0.453125s CPU (97.5%)

PHY-1001 : Build lut bridge;  0.062141s wall, 0.062500s user + 0.000000s system = 0.062500s CPU (100.6%)

PHY-1001 : Generate nets ...
PHY-1001 : net clk_50_dup_1 will be routed on clock mesh
PHY-1001 : clock net temac_clk will be merged with clock u_clk_gen/u_pll_0/clk0_buf
PHY-1001 : net udp_clk will be routed on clock mesh
PHY-1001 : net U3/u2_ram/SDRAM_CLK will be routed on clock mesh
PHY-1001 : net U3/u2_ram/u1_init_ref/Sdr_clk will be routed on clock mesh
PHY-1001 : clock net cwc_jtck_syn_2 will be merged with clock cwc_jtck
PHY-1001 : clock net u2_udp_loopback/app_tx_data_read_syn_4 will be merged with clock u2_udp_loopback/app_tx_data_read
PHY-1001 : clock net sd_card_bmp_m0/bmp_read_m0/clk will be merged with clock tf0_sys_pll/clk0_buf
PHY-1001 : clock net u4_trimac_block/rx_clk will be merged with clock phy1_rgmii_rx_clk_dup_1
PHY-1001 : net u4_trimac_block/u1_rgmii_interface/rgmii_txc_ddr/clk will be routed on clock mesh
PHY-1001 : eco open net = 0
PHY-1001 : 171 feed throughs used by 146 nets
RUN-1001 : Import phy database
RUN-1001 : Import timing constraints
RUN-1001 : Import IO constraints
RUN-1001 : Import Inst constraints
RUN-1001 : Import ChipWatcher
RUN-1001 : Import design success TD_VERSION=6.2.168116 , DB_VERSION=46207
RUN-1003 : finish command "import_db D:/FPGA/workplace6_2_1/last/prj/last_attempt_Runs/phy_1/last_attempt_pr.db" in  3.100797s wall, 2.796875s user + 0.328125s system = 3.125000s CPU (100.8%)

RUN-1004 : used memory is 838 MB, reserved memory is 774 MB, peak memory is 878 MB
RUN-1002 : start command "config_chipwatcher"
KIT-1004 : Chipwatcher code = 1101011010011111
KIT-1004 : import watcher inst auto_created_cwc1 completed, there are 3 view node(s), 28 trigger net(s), 28 data net(s).
GUI-1001 : Config chip watcher succeed!
GUI-1001 : User opens ChipWatcher ...
RUN-1002 : start command "set_param flow readback_eram_speed 1"
PRJ-1412 : reset_run phy_1.
RUN-1002 : start command "clear_design"
RUN-1002 : start command "import_db D:/FPGA/workplace6_2_1/last/prj/last_attempt_Runs/syn_1/last_attempt_gate.db"
RUN-1001 : Importing database generated by Tang Dynasty, V6.2.168116.
RUN-1001 : Database version number 46207
RUN-1001 : Import flow parameters
RUN-1001 : Import netlist
RUN-1001 : Import timing constraints
RUN-1001 : Import IO constraints
RUN-1001 : Import Inst constraints
RUN-1001 : Import ChipWatcher
RUN-1001 : Import design success TD_VERSION=6.2.168116 , DB_VERSION=46207
RUN-1002 : start command "config_chipwatcher"
RUN-1002 : start command "update_timing"
RUN-1002 : start command "start_timer"
USR-1002 : Derived clock:  create_generated_clock -name {tf0_sys_pll/pll_inst.clkc[0]} -source [get_ports {clk_50}] -master_clock {clk_in} -multiply_by 2.0000 -duty_cycle 50.0000 [get_pins {tf0_sys_pll/pll_inst.clkc[0]}]
USR-1002 : Derived clock:  create_generated_clock -name {tf0_sys_pll/pll_inst.clkc[1]} -source [get_ports {clk_50}] -master_clock {clk_in} -multiply_by 2.5000 -duty_cycle 50.0000 [get_pins {tf0_sys_pll/pll_inst.clkc[1]}]
USR-1002 : Derived clock:  create_generated_clock -name {tf0_sys_pll/pll_inst.clkc[2]} -source [get_ports {clk_50}] -master_clock {clk_in} -multiply_by 2.5000 -phase 180 -duty_cycle 50.0000 [get_pins {tf0_sys_pll/pll_inst.clkc[2]}]
USR-1002 : Derived clock:  create_generated_clock -name {u_clk_gen/u_pll_0/pll_inst.clkc[0]} -source [get_ports {clk_50}] -master_clock {clk_in} -multiply_by 2.5000 -duty_cycle 50.0000 [get_pins {u_clk_gen/u_pll_0/pll_inst.clkc[0]}]
USR-1002 : Derived clock:  create_generated_clock -name {u_clk_gen/u_pll_0/pll_inst.clkc[1]} -source [get_ports {clk_50}] -master_clock {clk_in} -multiply_by 2.5000 -duty_cycle 50.0000 [get_pins {u_clk_gen/u_pll_0/pll_inst.clkc[1]}]
USR-1002 : Derived clock:  create_generated_clock -name {u_clk_gen/u_pll_0/pll_inst.clkc[4]} -source [get_ports {clk_50}] -master_clock {clk_in} -multiply_by 2.5000 -phase 90 -duty_cycle 50.0000 [get_pins {u_clk_gen/u_pll_0/pll_inst.clkc[4]}]
USR-8130 CRITICAL-WARNING: No clock match the pattern: u_clk_gen/u_pll_0/pll_inst.clkc\[3\].
USR-8124 CRITICAL-WARNING: Rename_clock: please specify object list.
USR-8159 CRITICAL-WARNING: Command rename_clock -name {pll_inst_25M} [get_clocks {u_clk_gen/u_pll_0/pll_inst.clkc[3]}] in D:/FPGA/workplace6_2_1/last/source_code/constraints/UDP.sdc(8) fails.
TMR-2502 : Net delay update with mode: Synthesized
RUN-1003 : finish command "update_timing" in  1.558472s wall, 1.578125s user + 0.140625s system = 1.718750s CPU (110.3%)

RUN-1004 : used memory is 710 MB, reserved memory is 652 MB, peak memory is 886 MB
KIT-1004 : chipwatcher: sanity check successfully
KIT-1004 : Chipwatcher code = 1101011010011111
KIT-1004 : import watcher inst auto_created_cwc1 completed, there are 3 view node(s), 28 trigger net(s), 28 data net(s).
RUN-1003 : finish command "config_chipwatcher" in  1.621104s wall, 1.640625s user + 0.140625s system = 1.781250s CPU (109.9%)

RUN-1004 : used memory is 714 MB, reserved memory is 655 MB, peak memory is 886 MB
GUI-1001 : Config chip watcher succeed!
GUI-1001 : User opens ChipWatcher ...
RUN-1002 : start command "commit_param -step design"
RUN-1001 : Print Global Property
RUN-1001 : --------------------------------------------------------
RUN-1001 :   Parameters   |  Settings  |  Default Values  |  Note  
RUN-1001 : --------------------------------------------------------
RUN-1001 :   enable_seed  |    off     |       off        |        
RUN-1001 :     message    |  standard  |     standard     |        
RUN-1001 :   qor_monitor  |     on     |        on        |        
RUN-1001 :   syn_ip_flow  |    off     |       off        |        
RUN-1001 :     thread     |    auto    |       auto       |        
RUN-1001 : --------------------------------------------------------
RUN-1001 : Print Design Property
RUN-1001 : ----------------------------------------------------------------
RUN-1001 :       Parameters       |  Settings  |  Default Values  |  Note  
RUN-1001 : ----------------------------------------------------------------
RUN-1001 :   default_reg_initial  |    auto    |       auto       |        
RUN-1001 :    hdl_warning_level   |   normal   |      normal      |        
RUN-1001 : ----------------------------------------------------------------
HDL-1007 : analyze verilog file last_attempt.v
HDL-1007 : undeclared symbol 'phy_reset', assumed default net type 'wire' in last_attempt.v(150)
HDL-1007 : undeclared symbol 'key1', assumed default net type 'wire' in last_attempt.v(470)
HDL-1007 : undeclared symbol 'clk_50_out', assumed default net type 'wire' in last_attempt.v(478)
HDL-1007 : undeclared symbol 'key2', assumed default net type 'wire' in last_attempt.v(484)
HDL-1007 : undeclared symbol 'tpg_data_done', assumed default net type 'wire' in last_attempt.v(489)
HDL-1007 : undeclared symbol 'full_flag', assumed default net type 'wire' in last_attempt.v(523)
HDL-1007 : undeclared symbol 'input_local_udp_port_num', assumed default net type 'wire' in last_attempt.v(554)
HDL-1007 : undeclared symbol 'input_local_udp_port_num_valid', assumed default net type 'wire' in last_attempt.v(555)
HDL-1007 : undeclared symbol 'input_local_ip_address_valid', assumed default net type 'wire' in last_attempt.v(558)
HDL-1007 : analyze verilog file ../source_code/rtl/udp/BUFGMUX.v
HDL-1007 : analyze verilog file ../source_code/rtl/udp/IDDR.v
HDL-1007 : analyze verilog file ../source_code/rtl/udp/ODDR.v
HDL-1007 : analyze verilog file ../source_code/rtl/udp/RAMB16_S9_S9.v
HDL-1007 : undeclared symbol 'open', assumed default net type 'wire' in ../source_code/rtl/udp/RAMB16_S9_S9.v(109)
HDL-1007 : analyze verilog file ../source_code/rtl/udp/clk_gen_rst_gen.v
HDL-1007 : analyze verilog file ../source_code/rtl/udp/div_clk_gen.v
HDL-1007 : analyze verilog file ../source_code/rtl/udp/rgmii_interface.v
HDL-1007 : analyze verilog file ../source_code/rtl/udp/rx_client_fifo.v
HDL-5370 WARNING: parameter 'WAIT_s' becomes localparam in 'rx_client_fifo' with formal parameter declaration list in ../source_code/rtl/udp/rx_client_fifo.v(49)
HDL-5370 WARNING: parameter 'QUEUE1_s' becomes localparam in 'rx_client_fifo' with formal parameter declaration list in ../source_code/rtl/udp/rx_client_fifo.v(50)
HDL-5370 WARNING: parameter 'QUEUE2_s' becomes localparam in 'rx_client_fifo' with formal parameter declaration list in ../source_code/rtl/udp/rx_client_fifo.v(51)
HDL-5370 WARNING: parameter 'QUEUE3_s' becomes localparam in 'rx_client_fifo' with formal parameter declaration list in ../source_code/rtl/udp/rx_client_fifo.v(52)
HDL-5370 WARNING: parameter 'QUEUE_SOF_s' becomes localparam in 'rx_client_fifo' with formal parameter declaration list in ../source_code/rtl/udp/rx_client_fifo.v(53)
HDL-5370 WARNING: parameter 'SOF_s' becomes localparam in 'rx_client_fifo' with formal parameter declaration list in ../source_code/rtl/udp/rx_client_fifo.v(54)
HDL-5370 WARNING: parameter 'DATA_s' becomes localparam in 'rx_client_fifo' with formal parameter declaration list in ../source_code/rtl/udp/rx_client_fifo.v(55)
HDL-5370 WARNING: parameter 'EOF_s' becomes localparam in 'rx_client_fifo' with formal parameter declaration list in ../source_code/rtl/udp/rx_client_fifo.v(56)
HDL-5370 WARNING: parameter 'IDLE_s' becomes localparam in 'rx_client_fifo' with formal parameter declaration list in ../source_code/rtl/udp/rx_client_fifo.v(62)
HDL-5370 WARNING: parameter 'FRAME_s' becomes localparam in 'rx_client_fifo' with formal parameter declaration list in ../source_code/rtl/udp/rx_client_fifo.v(63)
HDL-5370 Similar messages will be suppressed.
HDL-1007 : analyze verilog file ../source_code/rtl/udp/temac_block.v
HDL-1007 : analyze verilog file ../source_code/rtl/udp/temac_clk_gen.v
HDL-1007 : analyze verilog file ../source_code/rtl/udp/tx_client_fifo.v
HDL-5370 WARNING: parameter 'IDLE_s' becomes localparam in 'tx_client_fifo' with formal parameter declaration list in ../source_code/rtl/udp/tx_client_fifo.v(53)
HDL-5370 WARNING: parameter 'QUEUE1_s' becomes localparam in 'tx_client_fifo' with formal parameter declaration list in ../source_code/rtl/udp/tx_client_fifo.v(54)
HDL-5370 WARNING: parameter 'QUEUE2_s' becomes localparam in 'tx_client_fifo' with formal parameter declaration list in ../source_code/rtl/udp/tx_client_fifo.v(55)
HDL-5370 WARNING: parameter 'QUEUE3_s' becomes localparam in 'tx_client_fifo' with formal parameter declaration list in ../source_code/rtl/udp/tx_client_fifo.v(56)
HDL-5370 WARNING: parameter 'QUEUE_ACK_s' becomes localparam in 'tx_client_fifo' with formal parameter declaration list in ../source_code/rtl/udp/tx_client_fifo.v(57)
HDL-5370 WARNING: parameter 'WAIT_ACK_s' becomes localparam in 'tx_client_fifo' with formal parameter declaration list in ../source_code/rtl/udp/tx_client_fifo.v(58)
HDL-5370 WARNING: parameter 'FRAME_s' becomes localparam in 'tx_client_fifo' with formal parameter declaration list in ../source_code/rtl/udp/tx_client_fifo.v(59)
HDL-5370 WARNING: parameter 'DROP_s' becomes localparam in 'tx_client_fifo' with formal parameter declaration list in ../source_code/rtl/udp/tx_client_fifo.v(60)
HDL-5370 WARNING: parameter 'RETRANSMIT_s' becomes localparam in 'tx_client_fifo' with formal parameter declaration list in ../source_code/rtl/udp/tx_client_fifo.v(61)
HDL-5370 WARNING: parameter 'WAIT_s' becomes localparam in 'tx_client_fifo' with formal parameter declaration list in ../source_code/rtl/udp/tx_client_fifo.v(67)
HDL-5370 Similar messages will be suppressed.
HDL-1007 : analyze verilog file ../source_code/rtl/udp/tx_clk_en_gen.v
HDL-1007 : analyze verilog file ../source_code/rtl/udp/udp_data_tpg.v
HDL-1007 : analyze verilog file ../source_code/rtl/udp/udp_ip_protocol_stack_merge.enc.v
HDL-1007 : back to file '../source_code/rtl/udp/udp_ip_protocol_stack_merge.enc.v' in ../source_code/rtl/udp/udp_ip_protocol_stack_merge.enc.v(56)
HDL-1007 : undeclared symbol '**', assumed default net type '**' in ../source_code/rtl/udp/udp_ip_protocol_stack_merge.enc.v(2638)
HDL-1007 : back to file '../source_code/rtl/udp/udp_ip_protocol_stack_merge.enc.v' in ../source_code/rtl/udp/udp_ip_protocol_stack_merge.enc.v(420)
HDL-1007 : analyze verilog file ../source_code/rtl/udp/udp_loopback.v
HDL-1007 : analyze verilog file al_ip/TEMAC_CORE/RTL/include/define.v
HDL-1007 : analyze verilog file al_ip/TEMAC_CORE/RTL/TEMAC_CORE_aead6cd6dadd.v
HDL-5007 WARNING: column 1032 exceeds maximum value 1023 in al_ip/TEMAC_CORE/RTL/TEMAC_CORE_aead6cd6dadd.v(30)
HDL-1007 : back to file 'al_ip/TEMAC_CORE/RTL/TEMAC_CORE_aead6cd6dadd.v' in al_ip/TEMAC_CORE/RTL/TEMAC_CORE_aead6cd6dadd.v(86)
HDL-5007 WARNING: event expressions must result in a singular type in al_ip/TEMAC_CORE/RTL/TEMAC_CORE_aead6cd6dadd.v(3001)
HDL-1007 : undeclared symbol '**', assumed default net type '**' in al_ip/TEMAC_CORE/RTL/TEMAC_CORE_aead6cd6dadd.v(5050)
HDL-1007 : undeclared symbol '**', assumed default net type '**' in al_ip/TEMAC_CORE/RTL/TEMAC_CORE_aead6cd6dadd.v(5458)
HDL-5007 WARNING: column 1035 exceeds maximum value 1023 in al_ip/TEMAC_CORE/RTL/TEMAC_CORE_aead6cd6dadd.v(6001)
HDL-1007 : back to file 'al_ip/TEMAC_CORE/RTL/TEMAC_CORE_aead6cd6dadd.v' in al_ip/TEMAC_CORE/RTL/TEMAC_CORE_aead6cd6dadd.v(260)
HDL-1007 : analyze verilog file al_ip/TEMAC_CORE/RTL/mac_core_aead6cd6dadd.v
HDL-1007 : analyze verilog file al_ip/TEMAC_CORE/TEMAC_CORE.v
HDL-1007 : analyze verilog file al_ip/pll_gen.v
HDL-1007 : undeclared symbol 'pll_gen_open0', assumed default net type 'wire' in al_ip/pll_gen.v(99)
HDL-1007 : undeclared symbol 'pll_gen_open8', assumed default net type 'wire' in al_ip/pll_gen.v(105)
HDL-1007 : undeclared symbol 'pll_gen_open7', assumed default net type 'wire' in al_ip/pll_gen.v(105)
HDL-1007 : undeclared symbol 'pll_gen_open6', assumed default net type 'wire' in al_ip/pll_gen.v(105)
HDL-1007 : undeclared symbol 'pll_gen_open5', assumed default net type 'wire' in al_ip/pll_gen.v(105)
HDL-1007 : undeclared symbol 'pll_gen_open4', assumed default net type 'wire' in al_ip/pll_gen.v(105)
HDL-1007 : undeclared symbol 'pll_gen_open3', assumed default net type 'wire' in al_ip/pll_gen.v(105)
HDL-1007 : undeclared symbol 'pll_gen_open2', assumed default net type 'wire' in al_ip/pll_gen.v(105)
HDL-1007 : undeclared symbol 'pll_gen_open1', assumed default net type 'wire' in al_ip/pll_gen.v(105)
HDL-1007 : analyze verilog file al_ip/sys_pll.v
HDL-1007 : undeclared symbol 'sys_pll_open0', assumed default net type 'wire' in al_ip/sys_pll.v(77)
HDL-1007 : undeclared symbol 'sys_pll_open1', assumed default net type 'wire' in al_ip/sys_pll.v(83)
HDL-1007 : undeclared symbol 'sys_pll_open9', assumed default net type 'wire' in al_ip/sys_pll.v(89)
HDL-1007 : undeclared symbol 'sys_pll_open8', assumed default net type 'wire' in al_ip/sys_pll.v(89)
HDL-1007 : undeclared symbol 'sys_pll_open7', assumed default net type 'wire' in al_ip/sys_pll.v(89)
HDL-1007 : undeclared symbol 'sys_pll_open6', assumed default net type 'wire' in al_ip/sys_pll.v(89)
HDL-1007 : undeclared symbol 'sys_pll_open5', assumed default net type 'wire' in al_ip/sys_pll.v(89)
HDL-1007 : undeclared symbol 'sys_pll_open4', assumed default net type 'wire' in al_ip/sys_pll.v(89)
HDL-1007 : undeclared symbol 'sys_pll_open3', assumed default net type 'wire' in al_ip/sys_pll.v(89)
HDL-1007 : undeclared symbol 'sys_pll_open2', assumed default net type 'wire' in al_ip/sys_pll.v(89)
HDL-1007 : undeclared symbol 'sys_pll_open11', assumed default net type 'wire' in al_ip/sys_pll.v(91)
HDL-1007 : undeclared symbol 'sys_pll_open10', assumed default net type 'wire' in al_ip/sys_pll.v(91)
HDL-1007 : analyze verilog file ../source_code/rtl/sd_card/ax_debounce.v
HDL-1007 : analyze verilog file ../source_code/rtl/sd_card/bmp_read.v
HDL-1007 : analyze verilog file ../source_code/rtl/sd_card/sd_card_bmp.v
HDL-1007 : analyze verilog file ../source_code/rtl/sd_card/sd_card_cmd.v
HDL-1007 : analyze verilog file ../source_code/rtl/sd_card/sd_card_sec_read_write.v
HDL-1007 : analyze verilog file ../source_code/rtl/sd_card/sd_card_top.v
HDL-1007 : analyze verilog file ../source_code/rtl/sd_card/spi_master.v
HDL-1007 : analyze verilog file ../source_code/rtl/sdram/enc_file/global_def.v
HDL-1007 : analyze verilog file ../source_code/rtl/sdram/enc_file/sdr_as_ram.enc.v
HDL-1007 : back to file '../source_code/rtl/sdram/enc_file/sdr_as_ram.enc.v' in ../source_code/rtl/sdram/enc_file/sdr_as_ram.enc.v(54)
HDL-1007 : analyze verilog file ../source_code/rtl/sdram/enc_file/sdr_wrrd.enc.v
HDL-5007 WARNING: concatenation with an unsized literal will be treated as 32 bits in ../source_code/rtl/sdram/enc_file/sdr_wrrd.enc.v(283)
HDL-1007 : back to file '../source_code/rtl/sdram/enc_file/sdr_wrrd.enc.v' in ../source_code/rtl/sdram/enc_file/sdr_wrrd.enc.v(19)
HDL-1007 : analyze verilog file ../source_code/rtl/frame_fifo/afifo_16_32_256.v
HDL-1007 : analyze verilog file ../source_code/rtl/frame_fifo/afifo_32_16_256.v
HDL-1007 : analyze verilog file ../source_code/rtl/frame_fifo/frame_fifo_read.v
HDL-1007 : analyze verilog file ../source_code/rtl/frame_fifo/frame_fifo_write.v
HDL-1007 : analyze verilog file ../source_code/rtl/frame_fifo/frame_read_write.v
HDL-1007 : analyze verilog file ../source_code/rtl/sdram/sdram.v
HDL-1007 : analyze included file ../source_code/rtl/sdram/enc_file/global_def.v in ../source_code/rtl/sdram/sdram.v(10)
HDL-1007 : back to file '../source_code/rtl/sdram/sdram.v' in ../source_code/rtl/sdram/sdram.v(10)
HDL-1007 : undeclared symbol 'SDR_CKE', assumed default net type 'wire' in ../source_code/rtl/sdram/sdram.v(89)
HDL-1007 : analyze verilog file ../source_code/rtl/sdram/enc_file/sdr_init_ref.enc.v
HDL-1007 : analyze included file ../source_code/rtl/sdram/enc_file/global_def.v in ../source_code/rtl/sdram/enc_file/sdr_init_ref.enc.v(11)
HDL-1007 : back to file '../source_code/rtl/sdram/enc_file/sdr_init_ref.enc.v' in ../source_code/rtl/sdram/enc_file/sdr_init_ref.enc.v(11)
HDL-1007 : undeclared symbol '**', assumed default net type '**' in ../source_code/rtl/sdram/enc_file/sdr_init_ref.enc.v(57)
HDL-1007 : back to file '../source_code/rtl/sdram/enc_file/sdr_init_ref.enc.v' in ../source_code/rtl/sdram/enc_file/sdr_init_ref.enc.v(149)
HDL-5007 WARNING: concatenation with an unsized literal will be treated as 32 bits in ../source_code/rtl/sdram/enc_file/sdr_init_ref.enc.v(47)
HDL-1007 : analyze verilog file ../source_code/rtl/video_timing/color_bar.v
HDL-1007 : analyze included file ../source_code/rtl/video_timing/video_define.v in ../source_code/rtl/video_timing/color_bar.v(2)
HDL-1007 : back to file '../source_code/rtl/video_timing/color_bar.v' in ../source_code/rtl/video_timing/color_bar.v(2)
HDL-1007 : analyze verilog file ../source_code/rtl/video_timing/video_delay.v
HDL-1007 : analyze verilog file ../source_code/rtl/video_timing/video_timing_data.v
HDL-1007 : analyze verilog file ../source_code/rtl/another/m_synchronization_header.v
HDL-1007 : analyze verilog file ../source_code/rtl/led.v
RUN-1002 : start command "commit_param -step design"
RUN-1001 : Print Global Property
RUN-1001 : --------------------------------------------------------
RUN-1001 :   Parameters   |  Settings  |  Default Values  |  Note  
RUN-1001 : --------------------------------------------------------
RUN-1001 :   enable_seed  |    off     |       off        |        
RUN-1001 :     message    |  standard  |     standard     |        
RUN-1001 :   qor_monitor  |     on     |        on        |        
RUN-1001 :   syn_ip_flow  |    off     |       off        |        
RUN-1001 :     thread     |    auto    |       auto       |        
RUN-1001 : --------------------------------------------------------
RUN-1001 : Print Design Property
RUN-1001 : ----------------------------------------------------------------
RUN-1001 :       Parameters       |  Settings  |  Default Values  |  Note  
RUN-1001 : ----------------------------------------------------------------
RUN-1001 :   default_reg_initial  |    auto    |       auto       |        
RUN-1001 :    hdl_warning_level   |   normal   |      normal      |        
RUN-1001 : ----------------------------------------------------------------
HDL-1007 : analyze verilog file last_attempt.v
HDL-1007 : undeclared symbol 'phy_reset', assumed default net type 'wire' in last_attempt.v(150)
HDL-1007 : undeclared symbol 'key1', assumed default net type 'wire' in last_attempt.v(470)
HDL-1007 : undeclared symbol 'clk_50_out', assumed default net type 'wire' in last_attempt.v(478)
HDL-1007 : undeclared symbol 'key2', assumed default net type 'wire' in last_attempt.v(484)
HDL-1007 : undeclared symbol 'tpg_data_done', assumed default net type 'wire' in last_attempt.v(489)
HDL-1007 : undeclared symbol 'full_flag', assumed default net type 'wire' in last_attempt.v(523)
HDL-1007 : undeclared symbol 'input_local_udp_port_num', assumed default net type 'wire' in last_attempt.v(554)
HDL-1007 : undeclared symbol 'input_local_udp_port_num_valid', assumed default net type 'wire' in last_attempt.v(555)
HDL-1007 : undeclared symbol 'input_local_ip_address_valid', assumed default net type 'wire' in last_attempt.v(558)
HDL-1007 : analyze verilog file ../source_code/rtl/udp/BUFGMUX.v
HDL-1007 : analyze verilog file ../source_code/rtl/udp/IDDR.v
HDL-1007 : analyze verilog file ../source_code/rtl/udp/ODDR.v
HDL-1007 : analyze verilog file ../source_code/rtl/udp/RAMB16_S9_S9.v
HDL-1007 : undeclared symbol 'open', assumed default net type 'wire' in ../source_code/rtl/udp/RAMB16_S9_S9.v(109)
HDL-1007 : analyze verilog file ../source_code/rtl/udp/clk_gen_rst_gen.v
HDL-1007 : analyze verilog file ../source_code/rtl/udp/div_clk_gen.v
HDL-1007 : analyze verilog file ../source_code/rtl/udp/rgmii_interface.v
HDL-1007 : analyze verilog file ../source_code/rtl/udp/rx_client_fifo.v
HDL-5370 WARNING: parameter 'WAIT_s' becomes localparam in 'rx_client_fifo' with formal parameter declaration list in ../source_code/rtl/udp/rx_client_fifo.v(49)
HDL-5370 WARNING: parameter 'QUEUE1_s' becomes localparam in 'rx_client_fifo' with formal parameter declaration list in ../source_code/rtl/udp/rx_client_fifo.v(50)
HDL-5370 WARNING: parameter 'QUEUE2_s' becomes localparam in 'rx_client_fifo' with formal parameter declaration list in ../source_code/rtl/udp/rx_client_fifo.v(51)
HDL-5370 WARNING: parameter 'QUEUE3_s' becomes localparam in 'rx_client_fifo' with formal parameter declaration list in ../source_code/rtl/udp/rx_client_fifo.v(52)
HDL-5370 WARNING: parameter 'QUEUE_SOF_s' becomes localparam in 'rx_client_fifo' with formal parameter declaration list in ../source_code/rtl/udp/rx_client_fifo.v(53)
HDL-5370 WARNING: parameter 'SOF_s' becomes localparam in 'rx_client_fifo' with formal parameter declaration list in ../source_code/rtl/udp/rx_client_fifo.v(54)
HDL-5370 WARNING: parameter 'DATA_s' becomes localparam in 'rx_client_fifo' with formal parameter declaration list in ../source_code/rtl/udp/rx_client_fifo.v(55)
HDL-5370 WARNING: parameter 'EOF_s' becomes localparam in 'rx_client_fifo' with formal parameter declaration list in ../source_code/rtl/udp/rx_client_fifo.v(56)
HDL-5370 WARNING: parameter 'IDLE_s' becomes localparam in 'rx_client_fifo' with formal parameter declaration list in ../source_code/rtl/udp/rx_client_fifo.v(62)
HDL-5370 WARNING: parameter 'FRAME_s' becomes localparam in 'rx_client_fifo' with formal parameter declaration list in ../source_code/rtl/udp/rx_client_fifo.v(63)
HDL-5370 Similar messages will be suppressed.
HDL-1007 : analyze verilog file ../source_code/rtl/udp/temac_block.v
HDL-1007 : analyze verilog file ../source_code/rtl/udp/temac_clk_gen.v
HDL-1007 : analyze verilog file ../source_code/rtl/udp/tx_client_fifo.v
HDL-5370 WARNING: parameter 'IDLE_s' becomes localparam in 'tx_client_fifo' with formal parameter declaration list in ../source_code/rtl/udp/tx_client_fifo.v(53)
HDL-5370 WARNING: parameter 'QUEUE1_s' becomes localparam in 'tx_client_fifo' with formal parameter declaration list in ../source_code/rtl/udp/tx_client_fifo.v(54)
HDL-5370 WARNING: parameter 'QUEUE2_s' becomes localparam in 'tx_client_fifo' with formal parameter declaration list in ../source_code/rtl/udp/tx_client_fifo.v(55)
HDL-5370 WARNING: parameter 'QUEUE3_s' becomes localparam in 'tx_client_fifo' with formal parameter declaration list in ../source_code/rtl/udp/tx_client_fifo.v(56)
HDL-5370 WARNING: parameter 'QUEUE_ACK_s' becomes localparam in 'tx_client_fifo' with formal parameter declaration list in ../source_code/rtl/udp/tx_client_fifo.v(57)
HDL-5370 WARNING: parameter 'WAIT_ACK_s' becomes localparam in 'tx_client_fifo' with formal parameter declaration list in ../source_code/rtl/udp/tx_client_fifo.v(58)
HDL-5370 WARNING: parameter 'FRAME_s' becomes localparam in 'tx_client_fifo' with formal parameter declaration list in ../source_code/rtl/udp/tx_client_fifo.v(59)
HDL-5370 WARNING: parameter 'DROP_s' becomes localparam in 'tx_client_fifo' with formal parameter declaration list in ../source_code/rtl/udp/tx_client_fifo.v(60)
HDL-5370 WARNING: parameter 'RETRANSMIT_s' becomes localparam in 'tx_client_fifo' with formal parameter declaration list in ../source_code/rtl/udp/tx_client_fifo.v(61)
HDL-5370 WARNING: parameter 'WAIT_s' becomes localparam in 'tx_client_fifo' with formal parameter declaration list in ../source_code/rtl/udp/tx_client_fifo.v(67)
HDL-5370 Similar messages will be suppressed.
HDL-1007 : analyze verilog file ../source_code/rtl/udp/tx_clk_en_gen.v
HDL-1007 : analyze verilog file ../source_code/rtl/udp/udp_data_tpg.v
HDL-1007 : analyze verilog file ../source_code/rtl/udp/udp_ip_protocol_stack_merge.enc.v
HDL-1007 : back to file '../source_code/rtl/udp/udp_ip_protocol_stack_merge.enc.v' in ../source_code/rtl/udp/udp_ip_protocol_stack_merge.enc.v(56)
HDL-1007 : undeclared symbol '**', assumed default net type '**' in ../source_code/rtl/udp/udp_ip_protocol_stack_merge.enc.v(2638)
HDL-1007 : back to file '../source_code/rtl/udp/udp_ip_protocol_stack_merge.enc.v' in ../source_code/rtl/udp/udp_ip_protocol_stack_merge.enc.v(420)
HDL-1007 : analyze verilog file ../source_code/rtl/udp/udp_loopback.v
HDL-1007 : analyze verilog file al_ip/TEMAC_CORE/RTL/include/define.v
HDL-1007 : analyze verilog file al_ip/TEMAC_CORE/RTL/TEMAC_CORE_aead6cd6dadd.v
HDL-5007 WARNING: column 1032 exceeds maximum value 1023 in al_ip/TEMAC_CORE/RTL/TEMAC_CORE_aead6cd6dadd.v(30)
HDL-1007 : back to file 'al_ip/TEMAC_CORE/RTL/TEMAC_CORE_aead6cd6dadd.v' in al_ip/TEMAC_CORE/RTL/TEMAC_CORE_aead6cd6dadd.v(86)
HDL-5007 WARNING: event expressions must result in a singular type in al_ip/TEMAC_CORE/RTL/TEMAC_CORE_aead6cd6dadd.v(3001)
HDL-1007 : undeclared symbol '**', assumed default net type '**' in al_ip/TEMAC_CORE/RTL/TEMAC_CORE_aead6cd6dadd.v(5050)
HDL-1007 : undeclared symbol '**', assumed default net type '**' in al_ip/TEMAC_CORE/RTL/TEMAC_CORE_aead6cd6dadd.v(5458)
HDL-5007 WARNING: column 1035 exceeds maximum value 1023 in al_ip/TEMAC_CORE/RTL/TEMAC_CORE_aead6cd6dadd.v(6001)
HDL-1007 : back to file 'al_ip/TEMAC_CORE/RTL/TEMAC_CORE_aead6cd6dadd.v' in al_ip/TEMAC_CORE/RTL/TEMAC_CORE_aead6cd6dadd.v(260)
HDL-1007 : analyze verilog file al_ip/TEMAC_CORE/RTL/mac_core_aead6cd6dadd.v
HDL-1007 : analyze verilog file al_ip/TEMAC_CORE/TEMAC_CORE.v
HDL-1007 : analyze verilog file al_ip/pll_gen.v
HDL-1007 : undeclared symbol 'pll_gen_open0', assumed default net type 'wire' in al_ip/pll_gen.v(99)
HDL-1007 : undeclared symbol 'pll_gen_open8', assumed default net type 'wire' in al_ip/pll_gen.v(105)
HDL-1007 : undeclared symbol 'pll_gen_open7', assumed default net type 'wire' in al_ip/pll_gen.v(105)
HDL-1007 : undeclared symbol 'pll_gen_open6', assumed default net type 'wire' in al_ip/pll_gen.v(105)
HDL-1007 : undeclared symbol 'pll_gen_open5', assumed default net type 'wire' in al_ip/pll_gen.v(105)
HDL-1007 : undeclared symbol 'pll_gen_open4', assumed default net type 'wire' in al_ip/pll_gen.v(105)
HDL-1007 : undeclared symbol 'pll_gen_open3', assumed default net type 'wire' in al_ip/pll_gen.v(105)
HDL-1007 : undeclared symbol 'pll_gen_open2', assumed default net type 'wire' in al_ip/pll_gen.v(105)
HDL-1007 : undeclared symbol 'pll_gen_open1', assumed default net type 'wire' in al_ip/pll_gen.v(105)
HDL-1007 : analyze verilog file al_ip/sys_pll.v
HDL-1007 : undeclared symbol 'sys_pll_open0', assumed default net type 'wire' in al_ip/sys_pll.v(77)
HDL-1007 : undeclared symbol 'sys_pll_open1', assumed default net type 'wire' in al_ip/sys_pll.v(83)
HDL-1007 : undeclared symbol 'sys_pll_open9', assumed default net type 'wire' in al_ip/sys_pll.v(89)
HDL-1007 : undeclared symbol 'sys_pll_open8', assumed default net type 'wire' in al_ip/sys_pll.v(89)
HDL-1007 : undeclared symbol 'sys_pll_open7', assumed default net type 'wire' in al_ip/sys_pll.v(89)
HDL-1007 : undeclared symbol 'sys_pll_open6', assumed default net type 'wire' in al_ip/sys_pll.v(89)
HDL-1007 : undeclared symbol 'sys_pll_open5', assumed default net type 'wire' in al_ip/sys_pll.v(89)
HDL-1007 : undeclared symbol 'sys_pll_open4', assumed default net type 'wire' in al_ip/sys_pll.v(89)
HDL-1007 : undeclared symbol 'sys_pll_open3', assumed default net type 'wire' in al_ip/sys_pll.v(89)
HDL-1007 : undeclared symbol 'sys_pll_open2', assumed default net type 'wire' in al_ip/sys_pll.v(89)
HDL-1007 : undeclared symbol 'sys_pll_open11', assumed default net type 'wire' in al_ip/sys_pll.v(91)
HDL-1007 : undeclared symbol 'sys_pll_open10', assumed default net type 'wire' in al_ip/sys_pll.v(91)
HDL-1007 : analyze verilog file ../source_code/rtl/sd_card/ax_debounce.v
HDL-1007 : analyze verilog file ../source_code/rtl/sd_card/bmp_read.v
HDL-1007 : analyze verilog file ../source_code/rtl/sd_card/sd_card_bmp.v
HDL-1007 : analyze verilog file ../source_code/rtl/sd_card/sd_card_cmd.v
HDL-1007 : analyze verilog file ../source_code/rtl/sd_card/sd_card_sec_read_write.v
HDL-1007 : analyze verilog file ../source_code/rtl/sd_card/sd_card_top.v
HDL-1007 : analyze verilog file ../source_code/rtl/sd_card/spi_master.v
HDL-1007 : analyze verilog file ../source_code/rtl/sdram/enc_file/global_def.v
HDL-1007 : analyze verilog file ../source_code/rtl/sdram/enc_file/sdr_as_ram.enc.v
HDL-1007 : back to file '../source_code/rtl/sdram/enc_file/sdr_as_ram.enc.v' in ../source_code/rtl/sdram/enc_file/sdr_as_ram.enc.v(54)
HDL-1007 : analyze verilog file ../source_code/rtl/sdram/enc_file/sdr_wrrd.enc.v
HDL-5007 WARNING: concatenation with an unsized literal will be treated as 32 bits in ../source_code/rtl/sdram/enc_file/sdr_wrrd.enc.v(283)
HDL-1007 : back to file '../source_code/rtl/sdram/enc_file/sdr_wrrd.enc.v' in ../source_code/rtl/sdram/enc_file/sdr_wrrd.enc.v(19)
HDL-1007 : analyze verilog file ../source_code/rtl/frame_fifo/afifo_16_32_256.v
HDL-1007 : analyze verilog file ../source_code/rtl/frame_fifo/afifo_32_16_256.v
HDL-1007 : analyze verilog file ../source_code/rtl/frame_fifo/frame_fifo_read.v
HDL-1007 : analyze verilog file ../source_code/rtl/frame_fifo/frame_fifo_write.v
HDL-1007 : analyze verilog file ../source_code/rtl/frame_fifo/frame_read_write.v
HDL-1007 : analyze verilog file ../source_code/rtl/sdram/sdram.v
HDL-1007 : analyze included file ../source_code/rtl/sdram/enc_file/global_def.v in ../source_code/rtl/sdram/sdram.v(10)
HDL-1007 : back to file '../source_code/rtl/sdram/sdram.v' in ../source_code/rtl/sdram/sdram.v(10)
HDL-1007 : undeclared symbol 'SDR_CKE', assumed default net type 'wire' in ../source_code/rtl/sdram/sdram.v(89)
HDL-1007 : analyze verilog file ../source_code/rtl/sdram/enc_file/sdr_init_ref.enc.v
HDL-1007 : analyze included file ../source_code/rtl/sdram/enc_file/global_def.v in ../source_code/rtl/sdram/enc_file/sdr_init_ref.enc.v(11)
HDL-1007 : back to file '../source_code/rtl/sdram/enc_file/sdr_init_ref.enc.v' in ../source_code/rtl/sdram/enc_file/sdr_init_ref.enc.v(11)
HDL-1007 : undeclared symbol '**', assumed default net type '**' in ../source_code/rtl/sdram/enc_file/sdr_init_ref.enc.v(57)
HDL-1007 : back to file '../source_code/rtl/sdram/enc_file/sdr_init_ref.enc.v' in ../source_code/rtl/sdram/enc_file/sdr_init_ref.enc.v(149)
HDL-5007 WARNING: concatenation with an unsized literal will be treated as 32 bits in ../source_code/rtl/sdram/enc_file/sdr_init_ref.enc.v(47)
HDL-1007 : analyze verilog file ../source_code/rtl/video_timing/color_bar.v
HDL-1007 : analyze included file ../source_code/rtl/video_timing/video_define.v in ../source_code/rtl/video_timing/color_bar.v(2)
HDL-1007 : back to file '../source_code/rtl/video_timing/color_bar.v' in ../source_code/rtl/video_timing/color_bar.v(2)
HDL-1007 : analyze verilog file ../source_code/rtl/video_timing/video_delay.v
HDL-1007 : analyze verilog file ../source_code/rtl/video_timing/video_timing_data.v
HDL-1007 : analyze verilog file ../source_code/rtl/another/m_synchronization_header.v
HDL-1007 : analyze verilog file ../source_code/rtl/led.v
PRJ-1412 : reset_run syn_1.
PRJ-1411 : launch_runs syn_1 -step opt_gate.
PRJ-1412 : reset_run phy_1.
PRJ-1410 : Run syn_1 success.
RUN-1002 : start command "save_best_bits"
RUN-1002 : start command "import_db D:/FPGA/workplace6_2_1/last/prj/last_attempt_Runs/syn_1/last_attempt_gate.db"
RUN-1001 : Importing database generated by Tang Dynasty, V6.2.168116.
RUN-1001 : Database version number 46207
RUN-1001 : Import flow parameters
RUN-1001 : Import netlist
RUN-1001 : Import timing constraints
RUN-1001 : Import IO constraints
RUN-1001 : Import Inst constraints
RUN-1001 : Import ChipWatcher
RUN-1001 : Import design success TD_VERSION=6.2.168116 , DB_VERSION=46207
RUN-1002 : start command "commit_param -step design"
RUN-1001 : Print Global Property
RUN-1001 : --------------------------------------------------------
RUN-1001 :   Parameters   |  Settings  |  Default Values  |  Note  
RUN-1001 : --------------------------------------------------------
RUN-1001 :   enable_seed  |    off     |       off        |        
RUN-1001 :     message    |  standard  |     standard     |        
RUN-1001 :   qor_monitor  |     on     |        on        |        
RUN-1001 :   syn_ip_flow  |    off     |       off        |        
RUN-1001 :     thread     |    auto    |       auto       |        
RUN-1001 : --------------------------------------------------------
RUN-1001 : Print Design Property
RUN-1001 : ----------------------------------------------------------------
RUN-1001 :       Parameters       |  Settings  |  Default Values  |  Note  
RUN-1001 : ----------------------------------------------------------------
RUN-1001 :   default_reg_initial  |    auto    |       auto       |        
RUN-1001 :    hdl_warning_level   |   normal   |      normal      |        
RUN-1001 : ----------------------------------------------------------------
HDL-1007 : analyze verilog file last_attempt.v
HDL-1007 : undeclared symbol 'phy_reset', assumed default net type 'wire' in last_attempt.v(150)
HDL-1007 : undeclared symbol 'key1', assumed default net type 'wire' in last_attempt.v(470)
HDL-1007 : undeclared symbol 'clk_50_out', assumed default net type 'wire' in last_attempt.v(478)
HDL-1007 : undeclared symbol 'key2', assumed default net type 'wire' in last_attempt.v(484)
HDL-1007 : undeclared symbol 'tpg_data_done', assumed default net type 'wire' in last_attempt.v(489)
HDL-1007 : undeclared symbol 'full_flag', assumed default net type 'wire' in last_attempt.v(523)
HDL-1007 : undeclared symbol 'input_local_udp_port_num', assumed default net type 'wire' in last_attempt.v(554)
HDL-1007 : undeclared symbol 'input_local_udp_port_num_valid', assumed default net type 'wire' in last_attempt.v(555)
HDL-1007 : undeclared symbol 'input_local_ip_address', assumed default net type 'wire' in last_attempt.v(557)
HDL-1007 : undeclared symbol 'input_local_ip_address_valid', assumed default net type 'wire' in last_attempt.v(558)
HDL-1007 : analyze verilog file ../source_code/rtl/udp/BUFGMUX.v
HDL-1007 : analyze verilog file ../source_code/rtl/udp/IDDR.v
HDL-1007 : analyze verilog file ../source_code/rtl/udp/ODDR.v
HDL-1007 : analyze verilog file ../source_code/rtl/udp/RAMB16_S9_S9.v
HDL-1007 : undeclared symbol 'open', assumed default net type 'wire' in ../source_code/rtl/udp/RAMB16_S9_S9.v(109)
HDL-1007 : analyze verilog file ../source_code/rtl/udp/clk_gen_rst_gen.v
HDL-1007 : analyze verilog file ../source_code/rtl/udp/div_clk_gen.v
HDL-1007 : analyze verilog file ../source_code/rtl/udp/rgmii_interface.v
HDL-1007 : analyze verilog file ../source_code/rtl/udp/rx_client_fifo.v
HDL-5370 WARNING: parameter 'WAIT_s' becomes localparam in 'rx_client_fifo' with formal parameter declaration list in ../source_code/rtl/udp/rx_client_fifo.v(49)
HDL-5370 WARNING: parameter 'QUEUE1_s' becomes localparam in 'rx_client_fifo' with formal parameter declaration list in ../source_code/rtl/udp/rx_client_fifo.v(50)
HDL-5370 WARNING: parameter 'QUEUE2_s' becomes localparam in 'rx_client_fifo' with formal parameter declaration list in ../source_code/rtl/udp/rx_client_fifo.v(51)
HDL-5370 WARNING: parameter 'QUEUE3_s' becomes localparam in 'rx_client_fifo' with formal parameter declaration list in ../source_code/rtl/udp/rx_client_fifo.v(52)
HDL-5370 WARNING: parameter 'QUEUE_SOF_s' becomes localparam in 'rx_client_fifo' with formal parameter declaration list in ../source_code/rtl/udp/rx_client_fifo.v(53)
HDL-5370 WARNING: parameter 'SOF_s' becomes localparam in 'rx_client_fifo' with formal parameter declaration list in ../source_code/rtl/udp/rx_client_fifo.v(54)
HDL-5370 WARNING: parameter 'DATA_s' becomes localparam in 'rx_client_fifo' with formal parameter declaration list in ../source_code/rtl/udp/rx_client_fifo.v(55)
HDL-5370 WARNING: parameter 'EOF_s' becomes localparam in 'rx_client_fifo' with formal parameter declaration list in ../source_code/rtl/udp/rx_client_fifo.v(56)
HDL-5370 WARNING: parameter 'IDLE_s' becomes localparam in 'rx_client_fifo' with formal parameter declaration list in ../source_code/rtl/udp/rx_client_fifo.v(62)
HDL-5370 WARNING: parameter 'FRAME_s' becomes localparam in 'rx_client_fifo' with formal parameter declaration list in ../source_code/rtl/udp/rx_client_fifo.v(63)
HDL-5370 Similar messages will be suppressed.
HDL-1007 : analyze verilog file ../source_code/rtl/udp/temac_block.v
HDL-1007 : analyze verilog file ../source_code/rtl/udp/temac_clk_gen.v
HDL-1007 : analyze verilog file ../source_code/rtl/udp/tx_client_fifo.v
HDL-5370 WARNING: parameter 'IDLE_s' becomes localparam in 'tx_client_fifo' with formal parameter declaration list in ../source_code/rtl/udp/tx_client_fifo.v(53)
HDL-5370 WARNING: parameter 'QUEUE1_s' becomes localparam in 'tx_client_fifo' with formal parameter declaration list in ../source_code/rtl/udp/tx_client_fifo.v(54)
HDL-5370 WARNING: parameter 'QUEUE2_s' becomes localparam in 'tx_client_fifo' with formal parameter declaration list in ../source_code/rtl/udp/tx_client_fifo.v(55)
HDL-5370 WARNING: parameter 'QUEUE3_s' becomes localparam in 'tx_client_fifo' with formal parameter declaration list in ../source_code/rtl/udp/tx_client_fifo.v(56)
HDL-5370 WARNING: parameter 'QUEUE_ACK_s' becomes localparam in 'tx_client_fifo' with formal parameter declaration list in ../source_code/rtl/udp/tx_client_fifo.v(57)
HDL-5370 WARNING: parameter 'WAIT_ACK_s' becomes localparam in 'tx_client_fifo' with formal parameter declaration list in ../source_code/rtl/udp/tx_client_fifo.v(58)
HDL-5370 WARNING: parameter 'FRAME_s' becomes localparam in 'tx_client_fifo' with formal parameter declaration list in ../source_code/rtl/udp/tx_client_fifo.v(59)
HDL-5370 WARNING: parameter 'DROP_s' becomes localparam in 'tx_client_fifo' with formal parameter declaration list in ../source_code/rtl/udp/tx_client_fifo.v(60)
HDL-5370 WARNING: parameter 'RETRANSMIT_s' becomes localparam in 'tx_client_fifo' with formal parameter declaration list in ../source_code/rtl/udp/tx_client_fifo.v(61)
HDL-5370 WARNING: parameter 'WAIT_s' becomes localparam in 'tx_client_fifo' with formal parameter declaration list in ../source_code/rtl/udp/tx_client_fifo.v(67)
HDL-5370 Similar messages will be suppressed.
HDL-1007 : analyze verilog file ../source_code/rtl/udp/tx_clk_en_gen.v
HDL-1007 : analyze verilog file ../source_code/rtl/udp/udp_data_tpg.v
HDL-1007 : analyze verilog file ../source_code/rtl/udp/udp_ip_protocol_stack_merge.enc.v
HDL-1007 : back to file '../source_code/rtl/udp/udp_ip_protocol_stack_merge.enc.v' in ../source_code/rtl/udp/udp_ip_protocol_stack_merge.enc.v(56)
HDL-1007 : undeclared symbol '**', assumed default net type '**' in ../source_code/rtl/udp/udp_ip_protocol_stack_merge.enc.v(2638)
HDL-1007 : back to file '../source_code/rtl/udp/udp_ip_protocol_stack_merge.enc.v' in ../source_code/rtl/udp/udp_ip_protocol_stack_merge.enc.v(420)
HDL-1007 : analyze verilog file ../source_code/rtl/udp/udp_loopback.v
HDL-1007 : analyze verilog file al_ip/TEMAC_CORE/RTL/include/define.v
HDL-1007 : analyze verilog file al_ip/TEMAC_CORE/RTL/TEMAC_CORE_aead6cd6dadd.v
HDL-5007 WARNING: column 1032 exceeds maximum value 1023 in al_ip/TEMAC_CORE/RTL/TEMAC_CORE_aead6cd6dadd.v(30)
HDL-1007 : back to file 'al_ip/TEMAC_CORE/RTL/TEMAC_CORE_aead6cd6dadd.v' in al_ip/TEMAC_CORE/RTL/TEMAC_CORE_aead6cd6dadd.v(86)
HDL-5007 WARNING: event expressions must result in a singular type in al_ip/TEMAC_CORE/RTL/TEMAC_CORE_aead6cd6dadd.v(3001)
HDL-1007 : undeclared symbol '**', assumed default net type '**' in al_ip/TEMAC_CORE/RTL/TEMAC_CORE_aead6cd6dadd.v(5050)
HDL-1007 : undeclared symbol '**', assumed default net type '**' in al_ip/TEMAC_CORE/RTL/TEMAC_CORE_aead6cd6dadd.v(5458)
HDL-5007 WARNING: column 1035 exceeds maximum value 1023 in al_ip/TEMAC_CORE/RTL/TEMAC_CORE_aead6cd6dadd.v(6001)
HDL-1007 : back to file 'al_ip/TEMAC_CORE/RTL/TEMAC_CORE_aead6cd6dadd.v' in al_ip/TEMAC_CORE/RTL/TEMAC_CORE_aead6cd6dadd.v(260)
HDL-1007 : analyze verilog file al_ip/TEMAC_CORE/RTL/mac_core_aead6cd6dadd.v
HDL-1007 : analyze verilog file al_ip/TEMAC_CORE/TEMAC_CORE.v
HDL-1007 : analyze verilog file al_ip/pll_gen.v
HDL-1007 : undeclared symbol 'pll_gen_open0', assumed default net type 'wire' in al_ip/pll_gen.v(99)
HDL-1007 : undeclared symbol 'pll_gen_open8', assumed default net type 'wire' in al_ip/pll_gen.v(105)
HDL-1007 : undeclared symbol 'pll_gen_open7', assumed default net type 'wire' in al_ip/pll_gen.v(105)
HDL-1007 : undeclared symbol 'pll_gen_open6', assumed default net type 'wire' in al_ip/pll_gen.v(105)
HDL-1007 : undeclared symbol 'pll_gen_open5', assumed default net type 'wire' in al_ip/pll_gen.v(105)
HDL-1007 : undeclared symbol 'pll_gen_open4', assumed default net type 'wire' in al_ip/pll_gen.v(105)
HDL-1007 : undeclared symbol 'pll_gen_open3', assumed default net type 'wire' in al_ip/pll_gen.v(105)
HDL-1007 : undeclared symbol 'pll_gen_open2', assumed default net type 'wire' in al_ip/pll_gen.v(105)
HDL-1007 : undeclared symbol 'pll_gen_open1', assumed default net type 'wire' in al_ip/pll_gen.v(105)
HDL-1007 : analyze verilog file al_ip/sys_pll.v
HDL-1007 : undeclared symbol 'sys_pll_open0', assumed default net type 'wire' in al_ip/sys_pll.v(77)
HDL-1007 : undeclared symbol 'sys_pll_open1', assumed default net type 'wire' in al_ip/sys_pll.v(83)
HDL-1007 : undeclared symbol 'sys_pll_open9', assumed default net type 'wire' in al_ip/sys_pll.v(89)
HDL-1007 : undeclared symbol 'sys_pll_open8', assumed default net type 'wire' in al_ip/sys_pll.v(89)
HDL-1007 : undeclared symbol 'sys_pll_open7', assumed default net type 'wire' in al_ip/sys_pll.v(89)
HDL-1007 : undeclared symbol 'sys_pll_open6', assumed default net type 'wire' in al_ip/sys_pll.v(89)
HDL-1007 : undeclared symbol 'sys_pll_open5', assumed default net type 'wire' in al_ip/sys_pll.v(89)
HDL-1007 : undeclared symbol 'sys_pll_open4', assumed default net type 'wire' in al_ip/sys_pll.v(89)
HDL-1007 : undeclared symbol 'sys_pll_open3', assumed default net type 'wire' in al_ip/sys_pll.v(89)
HDL-1007 : undeclared symbol 'sys_pll_open2', assumed default net type 'wire' in al_ip/sys_pll.v(89)
HDL-1007 : undeclared symbol 'sys_pll_open11', assumed default net type 'wire' in al_ip/sys_pll.v(91)
HDL-1007 : undeclared symbol 'sys_pll_open10', assumed default net type 'wire' in al_ip/sys_pll.v(91)
HDL-1007 : analyze verilog file ../source_code/rtl/sd_card/ax_debounce.v
HDL-1007 : analyze verilog file ../source_code/rtl/sd_card/bmp_read.v
HDL-1007 : analyze verilog file ../source_code/rtl/sd_card/sd_card_bmp.v
HDL-1007 : analyze verilog file ../source_code/rtl/sd_card/sd_card_cmd.v
HDL-1007 : analyze verilog file ../source_code/rtl/sd_card/sd_card_sec_read_write.v
HDL-1007 : analyze verilog file ../source_code/rtl/sd_card/sd_card_top.v
HDL-1007 : analyze verilog file ../source_code/rtl/sd_card/spi_master.v
HDL-1007 : analyze verilog file ../source_code/rtl/sdram/enc_file/global_def.v
HDL-1007 : analyze verilog file ../source_code/rtl/sdram/enc_file/sdr_as_ram.enc.v
HDL-1007 : back to file '../source_code/rtl/sdram/enc_file/sdr_as_ram.enc.v' in ../source_code/rtl/sdram/enc_file/sdr_as_ram.enc.v(54)
HDL-1007 : analyze verilog file ../source_code/rtl/sdram/enc_file/sdr_wrrd.enc.v
HDL-5007 WARNING: concatenation with an unsized literal will be treated as 32 bits in ../source_code/rtl/sdram/enc_file/sdr_wrrd.enc.v(283)
HDL-1007 : back to file '../source_code/rtl/sdram/enc_file/sdr_wrrd.enc.v' in ../source_code/rtl/sdram/enc_file/sdr_wrrd.enc.v(19)
HDL-1007 : analyze verilog file ../source_code/rtl/frame_fifo/afifo_16_32_256.v
HDL-1007 : analyze verilog file ../source_code/rtl/frame_fifo/afifo_32_16_256.v
HDL-1007 : analyze verilog file ../source_code/rtl/frame_fifo/frame_fifo_read.v
HDL-1007 : analyze verilog file ../source_code/rtl/frame_fifo/frame_fifo_write.v
HDL-1007 : analyze verilog file ../source_code/rtl/frame_fifo/frame_read_write.v
HDL-1007 : analyze verilog file ../source_code/rtl/sdram/sdram.v
HDL-1007 : analyze included file ../source_code/rtl/sdram/enc_file/global_def.v in ../source_code/rtl/sdram/sdram.v(10)
HDL-1007 : back to file '../source_code/rtl/sdram/sdram.v' in ../source_code/rtl/sdram/sdram.v(10)
HDL-1007 : undeclared symbol 'SDR_CKE', assumed default net type 'wire' in ../source_code/rtl/sdram/sdram.v(89)
HDL-1007 : analyze verilog file ../source_code/rtl/sdram/enc_file/sdr_init_ref.enc.v
HDL-1007 : analyze included file ../source_code/rtl/sdram/enc_file/global_def.v in ../source_code/rtl/sdram/enc_file/sdr_init_ref.enc.v(11)
HDL-1007 : back to file '../source_code/rtl/sdram/enc_file/sdr_init_ref.enc.v' in ../source_code/rtl/sdram/enc_file/sdr_init_ref.enc.v(11)
HDL-1007 : undeclared symbol '**', assumed default net type '**' in ../source_code/rtl/sdram/enc_file/sdr_init_ref.enc.v(57)
HDL-1007 : back to file '../source_code/rtl/sdram/enc_file/sdr_init_ref.enc.v' in ../source_code/rtl/sdram/enc_file/sdr_init_ref.enc.v(149)
HDL-5007 WARNING: concatenation with an unsized literal will be treated as 32 bits in ../source_code/rtl/sdram/enc_file/sdr_init_ref.enc.v(47)
HDL-1007 : analyze verilog file ../source_code/rtl/video_timing/color_bar.v
HDL-1007 : analyze included file ../source_code/rtl/video_timing/video_define.v in ../source_code/rtl/video_timing/color_bar.v(2)
HDL-1007 : back to file '../source_code/rtl/video_timing/color_bar.v' in ../source_code/rtl/video_timing/color_bar.v(2)
HDL-1007 : analyze verilog file ../source_code/rtl/video_timing/video_delay.v
HDL-1007 : analyze verilog file ../source_code/rtl/video_timing/video_timing_data.v
HDL-1007 : analyze verilog file ../source_code/rtl/another/m_synchronization_header.v
HDL-1007 : analyze verilog file ../source_code/rtl/led.v
