============================================================
   Tang Dynasty, V6.2.168116
   Copyright (c) 2012-2025 Anlogic Inc.
   Executable = D:/FPGA/TD6_2_1/bin/td.exe
   Built at =   16:32:07 Jun 12 2025
   Run by =     GL
   Run Date =   Tue Nov  4 10:34:15 2025

   Run on =     DESKTOP-7VJ84VU
============================================================
RUN-1002 : start command "import_db D:/FPGA/workplace6_2_1/last_attempt/prj/last_attempt_Runs/phy_1/last_attempt_pr.db"
RUN-1001 : Importing database generated by Tang Dynasty, V6.2.168116.
RUN-1001 : Database version number 46207
RUN-1001 : Import flow parameters
RUN-1001 : Import netlist
PHY-1001 : Generate detailed routing grids ...
PHY-1001 : End build routing graph; 2.170113s wall, 2.156250s user + 0.234375s system = 2.390625s CPU (110.2%)

PHY-1001 : Build lut bridge;  0.042094s wall, 0.031250s user + 0.015625s system = 0.046875s CPU (111.4%)

PHY-1001 : Generate nets ...
PHY-1001 : net clk_50_dup_1 will be routed on clock mesh
PHY-1001 : clock net temac_clk will be merged with clock u_clk_gen/u_pll_0/clk0_buf
PHY-1001 : net udp_clk will be routed on clock mesh
PHY-1001 : net U3/u2_ram/SDRAM_CLK will be routed on clock mesh
PHY-1001 : net U3/u2_ram/u1_init_ref/Sdr_clk will be routed on clock mesh
PHY-1001 : clock net u_ov5640_dri/u_i2c_dr/dri_clk_syn_4 will be merged with clock u_ov5640_dri/u_i2c_dr/dri_clk
PHY-1001 : clock net u2_udp_loopback/app_tx_data_read_syn_4 will be merged with clock u2_udp_loopback/app_tx_data_read
PHY-1001 : clock net frame_read_write_m0/write_clk_syn_4 will be merged with clock frame_read_write_m0/write_clk
PHY-1001 : clock net cam_pclk_syn_4 will be merged with clock cam_pclk_dup_1
PHY-1001 : clock net sd_card_bmp_m0/bmp_read_m0/clk will be merged with clock tf0_sys_pll/clk0_buf
PHY-1001 : net u2_hdmi_tx/Inst_DVITransmitter/PCLK_I will be routed on clock mesh
PHY-1001 : clock net u2_hdmi_tx/Inst_DVITransmitter/PCLK_X5_I will be merged with clock u0_clk_wize/clk0_buf
PHY-1001 : net u4_trimac_block/u1_rgmii_interface/rgmii_txc_ddr/clk will be routed on clock mesh
PHY-1001 : clock net u4_trimac_block/rx_clk will be merged with clock phy1_rgmii_rx_clk_dup_1
PHY-1001 : eco open net = 0
PHY-1001 : 276 feed throughs used by 226 nets
RUN-1001 : Import phy database
RUN-1001 : Import timing constraints
RUN-1001 : Import IO constraints
RUN-1001 : Import Inst constraints
RUN-1001 : Import ChipWatcher
RUN-1001 : Import design success TD_VERSION=6.2.168116 , DB_VERSION=46207
RUN-1003 : finish command "import_db D:/FPGA/workplace6_2_1/last_attempt/prj/last_attempt_Runs/phy_1/last_attempt_pr.db" in  4.493619s wall, 4.203125s user + 0.609375s system = 4.812500s CPU (107.1%)

RUN-1004 : used memory is 727 MB, reserved memory is 656 MB, peak memory is 798 MB
RUN-1002 : start command "commit_param -step design"
RUN-1001 : Print Global Property
RUN-1001 : --------------------------------------------------------
RUN-1001 :   Parameters   |  Settings  |  Default Values  |  Note  
RUN-1001 : --------------------------------------------------------
RUN-1001 :   enable_seed  |    off     |       off        |        
RUN-1001 :     message    |  standard  |     standard     |        
RUN-1001 :   qor_monitor  |     on     |        on        |        
RUN-1001 :   syn_ip_flow  |    off     |       off        |        
RUN-1001 :     thread     |    auto    |       auto       |        
RUN-1001 : --------------------------------------------------------
RUN-1001 : Print Design Property
RUN-1001 : ----------------------------------------------------------------
RUN-1001 :       Parameters       |  Settings  |  Default Values  |  Note  
RUN-1001 : ----------------------------------------------------------------
RUN-1001 :   default_reg_initial  |    auto    |       auto       |        
RUN-1001 :    hdl_warning_level   |   normal   |      normal      |        
RUN-1001 : ----------------------------------------------------------------
HDL-1007 : analyze verilog file last_attempt.v
HDL-1007 : undeclared symbol 'phy_reset', assumed default net type 'wire' in last_attempt.v(166)
HDL-1007 : undeclared symbol 'cam_write_req_ack', assumed default net type 'wire' in last_attempt.v(276)
HDL-1007 : undeclared symbol 'sd_card_write_req_ack', assumed default net type 'wire' in last_attempt.v(277)
HDL-1007 : undeclared symbol 'VGA_HSYNC', assumed default net type 'wire' in last_attempt.v(325)
HDL-1007 : undeclared symbol 'VGA_VSYNC', assumed default net type 'wire' in last_attempt.v(326)
HDL-1007 : undeclared symbol 'rd_en', assumed default net type 'wire' in last_attempt.v(328)
HDL-7225 CRITICAL-WARNING: 'sd_card_write_req_ack' is already implicitly declared on line 277 in last_attempt.v(381)
HDL-7225 CRITICAL-WARNING: 'cam_write_req_ack' is already implicitly declared on line 276 in last_attempt.v(438)
HDL-1007 : undeclared symbol 'tpg_data_done', assumed default net type 'wire' in last_attempt.v(631)
HDL-1007 : undeclared symbol 'full_flag', assumed default net type 'wire' in last_attempt.v(665)
HDL-1007 : undeclared symbol 'input_local_udp_port_num', assumed default net type 'wire' in last_attempt.v(696)
HDL-1007 : undeclared symbol 'input_local_udp_port_num_valid', assumed default net type 'wire' in last_attempt.v(697)
HDL-1007 : undeclared symbol 'input_local_ip_address_valid', assumed default net type 'wire' in last_attempt.v(700)
HDL-1007 : analyze verilog file ../source_code/rtl/udp/BUFGMUX.v
HDL-1007 : analyze verilog file ../source_code/rtl/udp/IDDR.v
HDL-1007 : analyze verilog file ../source_code/rtl/udp/ODDR.v
HDL-1007 : analyze verilog file ../source_code/rtl/udp/RAMB16_S9_S9.v
HDL-1007 : undeclared symbol 'open', assumed default net type 'wire' in ../source_code/rtl/udp/RAMB16_S9_S9.v(109)
HDL-1007 : analyze verilog file ../source_code/rtl/udp/clk_gen_rst_gen.v
HDL-1007 : analyze verilog file ../source_code/rtl/udp/div_clk_gen.v
HDL-1007 : analyze verilog file ../source_code/rtl/udp/rgmii_interface.v
HDL-1007 : analyze verilog file ../source_code/rtl/udp/rx_client_fifo.v
HDL-5370 WARNING: parameter 'WAIT_s' becomes localparam in 'rx_client_fifo' with formal parameter declaration list in ../source_code/rtl/udp/rx_client_fifo.v(49)
HDL-5370 WARNING: parameter 'QUEUE1_s' becomes localparam in 'rx_client_fifo' with formal parameter declaration list in ../source_code/rtl/udp/rx_client_fifo.v(50)
HDL-5370 WARNING: parameter 'QUEUE2_s' becomes localparam in 'rx_client_fifo' with formal parameter declaration list in ../source_code/rtl/udp/rx_client_fifo.v(51)
HDL-5370 WARNING: parameter 'QUEUE3_s' becomes localparam in 'rx_client_fifo' with formal parameter declaration list in ../source_code/rtl/udp/rx_client_fifo.v(52)
HDL-5370 WARNING: parameter 'QUEUE_SOF_s' becomes localparam in 'rx_client_fifo' with formal parameter declaration list in ../source_code/rtl/udp/rx_client_fifo.v(53)
HDL-5370 WARNING: parameter 'SOF_s' becomes localparam in 'rx_client_fifo' with formal parameter declaration list in ../source_code/rtl/udp/rx_client_fifo.v(54)
HDL-5370 WARNING: parameter 'DATA_s' becomes localparam in 'rx_client_fifo' with formal parameter declaration list in ../source_code/rtl/udp/rx_client_fifo.v(55)
HDL-5370 WARNING: parameter 'EOF_s' becomes localparam in 'rx_client_fifo' with formal parameter declaration list in ../source_code/rtl/udp/rx_client_fifo.v(56)
HDL-5370 WARNING: parameter 'IDLE_s' becomes localparam in 'rx_client_fifo' with formal parameter declaration list in ../source_code/rtl/udp/rx_client_fifo.v(62)
HDL-5370 WARNING: parameter 'FRAME_s' becomes localparam in 'rx_client_fifo' with formal parameter declaration list in ../source_code/rtl/udp/rx_client_fifo.v(63)
HDL-5370 Similar messages will be suppressed.
HDL-1007 : analyze verilog file ../source_code/rtl/udp/temac_block.v
HDL-1007 : analyze verilog file ../source_code/rtl/udp/temac_clk_gen.v
HDL-1007 : analyze verilog file ../source_code/rtl/udp/tx_client_fifo.v
HDL-5370 WARNING: parameter 'IDLE_s' becomes localparam in 'tx_client_fifo' with formal parameter declaration list in ../source_code/rtl/udp/tx_client_fifo.v(53)
HDL-5370 WARNING: parameter 'QUEUE1_s' becomes localparam in 'tx_client_fifo' with formal parameter declaration list in ../source_code/rtl/udp/tx_client_fifo.v(54)
HDL-5370 WARNING: parameter 'QUEUE2_s' becomes localparam in 'tx_client_fifo' with formal parameter declaration list in ../source_code/rtl/udp/tx_client_fifo.v(55)
HDL-5370 WARNING: parameter 'QUEUE3_s' becomes localparam in 'tx_client_fifo' with formal parameter declaration list in ../source_code/rtl/udp/tx_client_fifo.v(56)
HDL-5370 WARNING: parameter 'QUEUE_ACK_s' becomes localparam in 'tx_client_fifo' with formal parameter declaration list in ../source_code/rtl/udp/tx_client_fifo.v(57)
HDL-5370 WARNING: parameter 'WAIT_ACK_s' becomes localparam in 'tx_client_fifo' with formal parameter declaration list in ../source_code/rtl/udp/tx_client_fifo.v(58)
HDL-5370 WARNING: parameter 'FRAME_s' becomes localparam in 'tx_client_fifo' with formal parameter declaration list in ../source_code/rtl/udp/tx_client_fifo.v(59)
HDL-5370 WARNING: parameter 'DROP_s' becomes localparam in 'tx_client_fifo' with formal parameter declaration list in ../source_code/rtl/udp/tx_client_fifo.v(60)
HDL-5370 WARNING: parameter 'RETRANSMIT_s' becomes localparam in 'tx_client_fifo' with formal parameter declaration list in ../source_code/rtl/udp/tx_client_fifo.v(61)
HDL-5370 WARNING: parameter 'WAIT_s' becomes localparam in 'tx_client_fifo' with formal parameter declaration list in ../source_code/rtl/udp/tx_client_fifo.v(67)
HDL-5370 Similar messages will be suppressed.
HDL-1007 : analyze verilog file ../source_code/rtl/udp/tx_clk_en_gen.v
HDL-1007 : analyze verilog file ../source_code/rtl/udp/udp_data_tpg.v
HDL-1007 : analyze verilog file ../source_code/rtl/udp/udp_ip_protocol_stack_merge.enc.v
HDL-1007 : back to file '../source_code/rtl/udp/udp_ip_protocol_stack_merge.enc.v' in ../source_code/rtl/udp/udp_ip_protocol_stack_merge.enc.v(56)
HDL-1007 : undeclared symbol '**', assumed default net type '**' in ../source_code/rtl/udp/udp_ip_protocol_stack_merge.enc.v(2638)
HDL-1007 : back to file '../source_code/rtl/udp/udp_ip_protocol_stack_merge.enc.v' in ../source_code/rtl/udp/udp_ip_protocol_stack_merge.enc.v(420)
HDL-1007 : analyze verilog file ../source_code/rtl/udp/udp_loopback.v
HDL-1007 : analyze verilog file al_ip/TEMAC_CORE/RTL/include/define.v
HDL-1007 : analyze verilog file al_ip/TEMAC_CORE/RTL/TEMAC_CORE_aead6cd6dadd.v
HDL-5007 WARNING: column 1032 exceeds maximum value 1023 in al_ip/TEMAC_CORE/RTL/TEMAC_CORE_aead6cd6dadd.v(30)
HDL-1007 : back to file 'al_ip/TEMAC_CORE/RTL/TEMAC_CORE_aead6cd6dadd.v' in al_ip/TEMAC_CORE/RTL/TEMAC_CORE_aead6cd6dadd.v(86)
HDL-5007 WARNING: event expressions must result in a singular type in al_ip/TEMAC_CORE/RTL/TEMAC_CORE_aead6cd6dadd.v(3001)
HDL-1007 : undeclared symbol '**', assumed default net type '**' in al_ip/TEMAC_CORE/RTL/TEMAC_CORE_aead6cd6dadd.v(5050)
HDL-1007 : undeclared symbol '**', assumed default net type '**' in al_ip/TEMAC_CORE/RTL/TEMAC_CORE_aead6cd6dadd.v(5458)
HDL-5007 WARNING: column 1035 exceeds maximum value 1023 in al_ip/TEMAC_CORE/RTL/TEMAC_CORE_aead6cd6dadd.v(6001)
HDL-1007 : back to file 'al_ip/TEMAC_CORE/RTL/TEMAC_CORE_aead6cd6dadd.v' in al_ip/TEMAC_CORE/RTL/TEMAC_CORE_aead6cd6dadd.v(260)
HDL-1007 : analyze verilog file al_ip/TEMAC_CORE/RTL/mac_core_aead6cd6dadd.v
HDL-1007 : analyze verilog file al_ip/TEMAC_CORE/TEMAC_CORE.v
HDL-1007 : analyze verilog file al_ip/pll_gen.v
HDL-1007 : undeclared symbol 'pll_gen_open0', assumed default net type 'wire' in al_ip/pll_gen.v(99)
HDL-1007 : undeclared symbol 'pll_gen_open8', assumed default net type 'wire' in al_ip/pll_gen.v(105)
HDL-1007 : undeclared symbol 'pll_gen_open7', assumed default net type 'wire' in al_ip/pll_gen.v(105)
HDL-1007 : undeclared symbol 'pll_gen_open6', assumed default net type 'wire' in al_ip/pll_gen.v(105)
HDL-1007 : undeclared symbol 'pll_gen_open5', assumed default net type 'wire' in al_ip/pll_gen.v(105)
HDL-1007 : undeclared symbol 'pll_gen_open4', assumed default net type 'wire' in al_ip/pll_gen.v(105)
HDL-1007 : undeclared symbol 'pll_gen_open3', assumed default net type 'wire' in al_ip/pll_gen.v(105)
HDL-1007 : undeclared symbol 'pll_gen_open2', assumed default net type 'wire' in al_ip/pll_gen.v(105)
HDL-1007 : undeclared symbol 'pll_gen_open1', assumed default net type 'wire' in al_ip/pll_gen.v(105)
HDL-1007 : analyze verilog file al_ip/sys_pll.v
HDL-1007 : undeclared symbol 'sys_pll_open0', assumed default net type 'wire' in al_ip/sys_pll.v(77)
HDL-1007 : undeclared symbol 'sys_pll_open1', assumed default net type 'wire' in al_ip/sys_pll.v(83)
HDL-1007 : undeclared symbol 'sys_pll_open9', assumed default net type 'wire' in al_ip/sys_pll.v(89)
HDL-1007 : undeclared symbol 'sys_pll_open8', assumed default net type 'wire' in al_ip/sys_pll.v(89)
HDL-1007 : undeclared symbol 'sys_pll_open7', assumed default net type 'wire' in al_ip/sys_pll.v(89)
HDL-1007 : undeclared symbol 'sys_pll_open6', assumed default net type 'wire' in al_ip/sys_pll.v(89)
HDL-1007 : undeclared symbol 'sys_pll_open5', assumed default net type 'wire' in al_ip/sys_pll.v(89)
HDL-1007 : undeclared symbol 'sys_pll_open4', assumed default net type 'wire' in al_ip/sys_pll.v(89)
HDL-1007 : undeclared symbol 'sys_pll_open3', assumed default net type 'wire' in al_ip/sys_pll.v(89)
HDL-1007 : undeclared symbol 'sys_pll_open2', assumed default net type 'wire' in al_ip/sys_pll.v(89)
HDL-1007 : undeclared symbol 'sys_pll_open11', assumed default net type 'wire' in al_ip/sys_pll.v(91)
HDL-1007 : undeclared symbol 'sys_pll_open10', assumed default net type 'wire' in al_ip/sys_pll.v(91)
HDL-1007 : analyze verilog file ../source_code/rtl/sd_card/ax_debounce.v
HDL-1007 : analyze verilog file ../source_code/rtl/sd_card/bmp_read.v
HDL-5007 WARNING: empty statement in sequential block in ../source_code/rtl/sd_card/bmp_read.v(169)
HDL-1007 : analyze verilog file ../source_code/rtl/sd_card/sd_card_bmp.v
HDL-1007 : analyze verilog file ../source_code/rtl/sd_card/sd_card_cmd.v
HDL-1007 : analyze verilog file ../source_code/rtl/sd_card/sd_card_sec_read_write.v
HDL-1007 : analyze verilog file ../source_code/rtl/sd_card/sd_card_top.v
HDL-1007 : analyze verilog file ../source_code/rtl/sd_card/spi_master.v
HDL-1007 : analyze verilog file ../source_code/rtl/sdram/enc_file/global_def.v
HDL-1007 : analyze verilog file ../source_code/rtl/sdram/enc_file/sdr_as_ram.enc.v
HDL-1007 : back to file '../source_code/rtl/sdram/enc_file/sdr_as_ram.enc.v' in ../source_code/rtl/sdram/enc_file/sdr_as_ram.enc.v(54)
HDL-1007 : analyze verilog file ../source_code/rtl/sdram/enc_file/sdr_wrrd.enc.v
HDL-5007 WARNING: concatenation with an unsized literal will be treated as 32 bits in ../source_code/rtl/sdram/enc_file/sdr_wrrd.enc.v(283)
HDL-1007 : back to file '../source_code/rtl/sdram/enc_file/sdr_wrrd.enc.v' in ../source_code/rtl/sdram/enc_file/sdr_wrrd.enc.v(19)
HDL-1007 : analyze verilog file ../source_code/rtl/frame_fifo/afifo_16_32_256.v
HDL-1007 : analyze verilog file ../source_code/rtl/frame_fifo/afifo_32_16_256.v
HDL-1007 : analyze verilog file ../source_code/rtl/frame_fifo/frame_fifo_read.v
HDL-1007 : analyze verilog file ../source_code/rtl/frame_fifo/frame_fifo_write.v
HDL-1007 : analyze verilog file ../source_code/rtl/frame_fifo/frame_read_write.v
HDL-1007 : analyze verilog file ../source_code/rtl/sdram/sdram.v
HDL-1007 : analyze included file ../source_code/rtl/sdram/enc_file/global_def.v in ../source_code/rtl/sdram/sdram.v(10)
HDL-1007 : back to file '../source_code/rtl/sdram/sdram.v' in ../source_code/rtl/sdram/sdram.v(10)
HDL-1007 : undeclared symbol 'SDR_CKE', assumed default net type 'wire' in ../source_code/rtl/sdram/sdram.v(89)
HDL-1007 : analyze verilog file ../source_code/rtl/sdram/enc_file/sdr_init_ref.enc.v
HDL-1007 : analyze included file ../source_code/rtl/sdram/enc_file/global_def.v in ../source_code/rtl/sdram/enc_file/sdr_init_ref.enc.v(11)
HDL-1007 : back to file '../source_code/rtl/sdram/enc_file/sdr_init_ref.enc.v' in ../source_code/rtl/sdram/enc_file/sdr_init_ref.enc.v(11)
HDL-1007 : undeclared symbol '**', assumed default net type '**' in ../source_code/rtl/sdram/enc_file/sdr_init_ref.enc.v(57)
HDL-1007 : back to file '../source_code/rtl/sdram/enc_file/sdr_init_ref.enc.v' in ../source_code/rtl/sdram/enc_file/sdr_init_ref.enc.v(149)
HDL-5007 WARNING: concatenation with an unsized literal will be treated as 32 bits in ../source_code/rtl/sdram/enc_file/sdr_init_ref.enc.v(47)
HDL-1007 : analyze verilog file ../source_code/rtl/video_timing/color_bar.v
HDL-1007 : analyze included file ../source_code/rtl/video_timing/video_define.v in ../source_code/rtl/video_timing/color_bar.v(2)
HDL-1007 : back to file '../source_code/rtl/video_timing/color_bar.v' in ../source_code/rtl/video_timing/color_bar.v(2)
HDL-1007 : analyze verilog file ../source_code/rtl/video_timing/video_delay.v
HDL-1007 : analyze verilog file ../source_code/rtl/video_timing/video_timing_data.v
HDL-1007 : analyze verilog file ../source_code/rtl/another/m_synchronization_header.v
HDL-1007 : analyze verilog file ../source_code/rtl/led.v
HDL-1007 : analyze verilog file ../source_code/rtl/ov5640/cmos_capture_data.v
HDL-1007 : analyze verilog file ../source_code/rtl/ov5640/i2c_dri.v
HDL-1007 : analyze verilog file ../source_code/rtl/ov5640/i2c_ov5640_rgb565_cfg.v
HDL-1007 : analyze verilog file ../source_code/rtl/ov5640/ov5640_delay.v
HDL-1007 : analyze verilog file ../source_code/rtl/ov5640/ov5640_dri.v
HDL-1007 : analyze verilog file al_ip/clk_wize.v
HDL-1007 : undeclared symbol 'open', assumed default net type 'wire' in al_ip/clk_wize.v(70)
HDL-1007 : analyze verilog file al_ip/ram.v
HDL-1007 : analyze verilog file ../source_code/rtl/app/addr_crt.v
HDL-1007 : analyze verilog file ../source_code/rtl/app/app.v
HDL-1007 : analyze verilog file ../source_code/rtl/app/vga_disp_rtl.v
HDL-1007 : analyze VHDL file ../source_code/rtl/hdmi_rtl/enc_file/DVITransmitter.enc.vhd
HDL-1007 : analyze entity dvitransmitter in ../source_code/rtl/hdmi_rtl/enc_file/DVITransmitter.enc.vhd(13)
HDL-1007 : analyze architecture ** in ../source_code/rtl/hdmi_rtl/enc_file/DVITransmitter.enc.vhd(2)
HDL-1007 : analyze VHDL file ../source_code/rtl/hdmi_rtl/enc_file/SerializerN_1_lvds.enc.vhd
HDL-1007 : analyze entity ** in ../source_code/rtl/hdmi_rtl/enc_file/SerializerN_1_lvds.enc.vhd(12)
HDL-1007 : analyze architecture ** in ../source_code/rtl/hdmi_rtl/enc_file/SerializerN_1_lvds.enc.vhd(25)
HDL-1007 : analyze VHDL file ../source_code/rtl/hdmi_rtl/enc_file/SerializerN_1_lvds_dat.enc.vhd
HDL-1007 : analyze entity ** in ../source_code/rtl/hdmi_rtl/enc_file/SerializerN_1_lvds_dat.enc.vhd(14)
HDL-1007 : analyze architecture ** in ../source_code/rtl/hdmi_rtl/enc_file/SerializerN_1_lvds_dat.enc.vhd(28)
HDL-1007 : analyze VHDL file ../source_code/rtl/hdmi_rtl/enc_file/TMDSEncoder.enc.vhd
HDL-1007 : analyze entity ** in ../source_code/rtl/hdmi_rtl/enc_file/TMDSEncoder.enc.vhd(13)
HDL-1007 : analyze architecture ** in ../source_code/rtl/hdmi_rtl/enc_file/TMDSEncoder.enc.vhd(24)
HDL-1007 : analyze verilog file ../source_code/rtl/hdmi_rtl/enc_file/video_tpg_1024768.enc.v
HDL-5007 WARNING: literal value ** truncated to fit in ** bits in ../source_code/rtl/hdmi_rtl/enc_file/video_tpg_1024768.enc.v(231)
HDL-1007 : back to file '../source_code/rtl/hdmi_rtl/enc_file/video_tpg_1024768.enc.v' in ../source_code/rtl/hdmi_rtl/enc_file/video_tpg_1024768.enc.v(1)
HDL-1007 : analyze verilog file ../source_code/rtl/hdmi_rtl/enc_file/video_tpg_1080p.enc.v
HDL-1007 : back to file '../source_code/rtl/hdmi_rtl/enc_file/video_tpg_1080p.enc.v' in ../source_code/rtl/hdmi_rtl/enc_file/video_tpg_1080p.enc.v(1)
HDL-1007 : analyze verilog file ../source_code/rtl/hdmi_rtl/enc_file/video_tpg_12801024p.enc.v
HDL-1007 : back to file '../source_code/rtl/hdmi_rtl/enc_file/video_tpg_12801024p.enc.v' in ../source_code/rtl/hdmi_rtl/enc_file/video_tpg_12801024p.enc.v(1)
HDL-1007 : analyze verilog file ../source_code/rtl/hdmi_rtl/enc_file/video_tpg_1280800.enc.v
HDL-5007 WARNING: literal value ** truncated to fit in ** bits in ../source_code/rtl/hdmi_rtl/enc_file/video_tpg_1280800.enc.v(233)
HDL-1007 : back to file '../source_code/rtl/hdmi_rtl/enc_file/video_tpg_1280800.enc.v' in ../source_code/rtl/hdmi_rtl/enc_file/video_tpg_1280800.enc.v(1)
HDL-1007 : analyze verilog file ../source_code/rtl/hdmi_rtl/enc_file/video_tpg_16801050p.enc.v
HDL-1007 : back to file '../source_code/rtl/hdmi_rtl/enc_file/video_tpg_16801050p.enc.v' in ../source_code/rtl/hdmi_rtl/enc_file/video_tpg_16801050p.enc.v(1)
HDL-1007 : analyze verilog file ../source_code/rtl/hdmi_rtl/enc_file/video_tpg_800600.enc.v
HDL-1007 : back to file '../source_code/rtl/hdmi_rtl/enc_file/video_tpg_800600.enc.v' in ../source_code/rtl/hdmi_rtl/enc_file/video_tpg_800600.enc.v(1)
HDL-1007 : analyze VHDL file ../source_code/rtl/hdmi_rtl/hdmi_tx.vhd
HDL-1007 : analyze entity hdmi_tx in ../source_code/rtl/hdmi_rtl/hdmi_tx.vhd(11)
HDL-1007 : analyze architecture behavioral in ../source_code/rtl/hdmi_rtl/hdmi_tx.vhd(33)
HDL-1007 : analyze verilog file ../source_code/rtl/hdmi_rtl/vga_disp_rtl.v
HDL-7201 CRITICAL-WARNING: overwrite current module 'vga_disp_rtl' in ../source_code/rtl/hdmi_rtl/vga_disp_rtl.v(1)
HDL-7307 CRITICAL-WARNING: previous definition of design element module 'vga_disp_rtl' is here. This is because multiple modules(values) with the same name are defined. Please consider rewriting code in ../source_code/rtl/app/vga_disp_rtl.v(1)
RUN-1002 : start command "commit_param -step design"
RUN-1001 : Print Global Property
RUN-1001 : --------------------------------------------------------
RUN-1001 :   Parameters   |  Settings  |  Default Values  |  Note  
RUN-1001 : --------------------------------------------------------
RUN-1001 :   enable_seed  |    off     |       off        |        
RUN-1001 :     message    |  standard  |     standard     |        
RUN-1001 :   qor_monitor  |     on     |        on        |        
RUN-1001 :   syn_ip_flow  |    off     |       off        |        
RUN-1001 :     thread     |    auto    |       auto       |        
RUN-1001 : --------------------------------------------------------
RUN-1001 : Print Design Property
RUN-1001 : ----------------------------------------------------------------
RUN-1001 :       Parameters       |  Settings  |  Default Values  |  Note  
RUN-1001 : ----------------------------------------------------------------
RUN-1001 :   default_reg_initial  |    auto    |       auto       |        
RUN-1001 :    hdl_warning_level   |   normal   |      normal      |        
RUN-1001 : ----------------------------------------------------------------
HDL-1007 : analyze verilog file last_attempt.v
HDL-1007 : undeclared symbol 'phy_reset', assumed default net type 'wire' in last_attempt.v(166)
HDL-1007 : undeclared symbol 'cam_write_req_ack', assumed default net type 'wire' in last_attempt.v(276)
HDL-1007 : undeclared symbol 'sd_card_write_req_ack', assumed default net type 'wire' in last_attempt.v(277)
HDL-1007 : undeclared symbol 'VGA_HSYNC', assumed default net type 'wire' in last_attempt.v(325)
HDL-1007 : undeclared symbol 'VGA_VSYNC', assumed default net type 'wire' in last_attempt.v(326)
HDL-1007 : undeclared symbol 'rd_en', assumed default net type 'wire' in last_attempt.v(328)
HDL-7225 CRITICAL-WARNING: 'sd_card_write_req_ack' is already implicitly declared on line 277 in last_attempt.v(381)
HDL-7225 CRITICAL-WARNING: 'cam_write_req_ack' is already implicitly declared on line 276 in last_attempt.v(438)
HDL-1007 : undeclared symbol 'tpg_data_done', assumed default net type 'wire' in last_attempt.v(631)
HDL-1007 : undeclared symbol 'full_flag', assumed default net type 'wire' in last_attempt.v(665)
HDL-1007 : undeclared symbol 'input_local_udp_port_num', assumed default net type 'wire' in last_attempt.v(696)
HDL-1007 : undeclared symbol 'input_local_udp_port_num_valid', assumed default net type 'wire' in last_attempt.v(697)
HDL-1007 : undeclared symbol 'input_local_ip_address_valid', assumed default net type 'wire' in last_attempt.v(700)
HDL-1007 : analyze verilog file ../source_code/rtl/udp/BUFGMUX.v
HDL-1007 : analyze verilog file ../source_code/rtl/udp/IDDR.v
HDL-1007 : analyze verilog file ../source_code/rtl/udp/ODDR.v
HDL-1007 : analyze verilog file ../source_code/rtl/udp/RAMB16_S9_S9.v
HDL-1007 : undeclared symbol 'open', assumed default net type 'wire' in ../source_code/rtl/udp/RAMB16_S9_S9.v(109)
HDL-1007 : analyze verilog file ../source_code/rtl/udp/clk_gen_rst_gen.v
HDL-1007 : analyze verilog file ../source_code/rtl/udp/div_clk_gen.v
HDL-1007 : analyze verilog file ../source_code/rtl/udp/rgmii_interface.v
HDL-1007 : analyze verilog file ../source_code/rtl/udp/rx_client_fifo.v
HDL-5370 WARNING: parameter 'WAIT_s' becomes localparam in 'rx_client_fifo' with formal parameter declaration list in ../source_code/rtl/udp/rx_client_fifo.v(49)
HDL-5370 WARNING: parameter 'QUEUE1_s' becomes localparam in 'rx_client_fifo' with formal parameter declaration list in ../source_code/rtl/udp/rx_client_fifo.v(50)
HDL-5370 WARNING: parameter 'QUEUE2_s' becomes localparam in 'rx_client_fifo' with formal parameter declaration list in ../source_code/rtl/udp/rx_client_fifo.v(51)
HDL-5370 WARNING: parameter 'QUEUE3_s' becomes localparam in 'rx_client_fifo' with formal parameter declaration list in ../source_code/rtl/udp/rx_client_fifo.v(52)
HDL-5370 WARNING: parameter 'QUEUE_SOF_s' becomes localparam in 'rx_client_fifo' with formal parameter declaration list in ../source_code/rtl/udp/rx_client_fifo.v(53)
HDL-5370 WARNING: parameter 'SOF_s' becomes localparam in 'rx_client_fifo' with formal parameter declaration list in ../source_code/rtl/udp/rx_client_fifo.v(54)
HDL-5370 WARNING: parameter 'DATA_s' becomes localparam in 'rx_client_fifo' with formal parameter declaration list in ../source_code/rtl/udp/rx_client_fifo.v(55)
HDL-5370 WARNING: parameter 'EOF_s' becomes localparam in 'rx_client_fifo' with formal parameter declaration list in ../source_code/rtl/udp/rx_client_fifo.v(56)
HDL-5370 WARNING: parameter 'IDLE_s' becomes localparam in 'rx_client_fifo' with formal parameter declaration list in ../source_code/rtl/udp/rx_client_fifo.v(62)
HDL-5370 WARNING: parameter 'FRAME_s' becomes localparam in 'rx_client_fifo' with formal parameter declaration list in ../source_code/rtl/udp/rx_client_fifo.v(63)
HDL-5370 Similar messages will be suppressed.
HDL-1007 : analyze verilog file ../source_code/rtl/udp/temac_block.v
HDL-1007 : analyze verilog file ../source_code/rtl/udp/temac_clk_gen.v
HDL-1007 : analyze verilog file ../source_code/rtl/udp/tx_client_fifo.v
HDL-5370 WARNING: parameter 'IDLE_s' becomes localparam in 'tx_client_fifo' with formal parameter declaration list in ../source_code/rtl/udp/tx_client_fifo.v(53)
HDL-5370 WARNING: parameter 'QUEUE1_s' becomes localparam in 'tx_client_fifo' with formal parameter declaration list in ../source_code/rtl/udp/tx_client_fifo.v(54)
HDL-5370 WARNING: parameter 'QUEUE2_s' becomes localparam in 'tx_client_fifo' with formal parameter declaration list in ../source_code/rtl/udp/tx_client_fifo.v(55)
HDL-5370 WARNING: parameter 'QUEUE3_s' becomes localparam in 'tx_client_fifo' with formal parameter declaration list in ../source_code/rtl/udp/tx_client_fifo.v(56)
HDL-5370 WARNING: parameter 'QUEUE_ACK_s' becomes localparam in 'tx_client_fifo' with formal parameter declaration list in ../source_code/rtl/udp/tx_client_fifo.v(57)
HDL-5370 WARNING: parameter 'WAIT_ACK_s' becomes localparam in 'tx_client_fifo' with formal parameter declaration list in ../source_code/rtl/udp/tx_client_fifo.v(58)
HDL-5370 WARNING: parameter 'FRAME_s' becomes localparam in 'tx_client_fifo' with formal parameter declaration list in ../source_code/rtl/udp/tx_client_fifo.v(59)
HDL-5370 WARNING: parameter 'DROP_s' becomes localparam in 'tx_client_fifo' with formal parameter declaration list in ../source_code/rtl/udp/tx_client_fifo.v(60)
HDL-5370 WARNING: parameter 'RETRANSMIT_s' becomes localparam in 'tx_client_fifo' with formal parameter declaration list in ../source_code/rtl/udp/tx_client_fifo.v(61)
HDL-5370 WARNING: parameter 'WAIT_s' becomes localparam in 'tx_client_fifo' with formal parameter declaration list in ../source_code/rtl/udp/tx_client_fifo.v(67)
HDL-5370 Similar messages will be suppressed.
HDL-1007 : analyze verilog file ../source_code/rtl/udp/tx_clk_en_gen.v
HDL-1007 : analyze verilog file ../source_code/rtl/udp/udp_data_tpg.v
HDL-1007 : analyze verilog file ../source_code/rtl/udp/udp_ip_protocol_stack_merge.enc.v
HDL-1007 : back to file '../source_code/rtl/udp/udp_ip_protocol_stack_merge.enc.v' in ../source_code/rtl/udp/udp_ip_protocol_stack_merge.enc.v(56)
HDL-1007 : undeclared symbol '**', assumed default net type '**' in ../source_code/rtl/udp/udp_ip_protocol_stack_merge.enc.v(2638)
HDL-1007 : back to file '../source_code/rtl/udp/udp_ip_protocol_stack_merge.enc.v' in ../source_code/rtl/udp/udp_ip_protocol_stack_merge.enc.v(420)
HDL-1007 : analyze verilog file ../source_code/rtl/udp/udp_loopback.v
HDL-1007 : analyze verilog file al_ip/TEMAC_CORE/RTL/include/define.v
HDL-1007 : analyze verilog file al_ip/TEMAC_CORE/RTL/TEMAC_CORE_aead6cd6dadd.v
HDL-5007 WARNING: column 1032 exceeds maximum value 1023 in al_ip/TEMAC_CORE/RTL/TEMAC_CORE_aead6cd6dadd.v(30)
HDL-1007 : back to file 'al_ip/TEMAC_CORE/RTL/TEMAC_CORE_aead6cd6dadd.v' in al_ip/TEMAC_CORE/RTL/TEMAC_CORE_aead6cd6dadd.v(86)
HDL-5007 WARNING: event expressions must result in a singular type in al_ip/TEMAC_CORE/RTL/TEMAC_CORE_aead6cd6dadd.v(3001)
HDL-1007 : undeclared symbol '**', assumed default net type '**' in al_ip/TEMAC_CORE/RTL/TEMAC_CORE_aead6cd6dadd.v(5050)
HDL-1007 : undeclared symbol '**', assumed default net type '**' in al_ip/TEMAC_CORE/RTL/TEMAC_CORE_aead6cd6dadd.v(5458)
HDL-5007 WARNING: column 1035 exceeds maximum value 1023 in al_ip/TEMAC_CORE/RTL/TEMAC_CORE_aead6cd6dadd.v(6001)
HDL-1007 : back to file 'al_ip/TEMAC_CORE/RTL/TEMAC_CORE_aead6cd6dadd.v' in al_ip/TEMAC_CORE/RTL/TEMAC_CORE_aead6cd6dadd.v(260)
HDL-1007 : analyze verilog file al_ip/TEMAC_CORE/RTL/mac_core_aead6cd6dadd.v
HDL-1007 : analyze verilog file al_ip/TEMAC_CORE/TEMAC_CORE.v
HDL-1007 : analyze verilog file al_ip/pll_gen.v
HDL-1007 : undeclared symbol 'pll_gen_open0', assumed default net type 'wire' in al_ip/pll_gen.v(99)
HDL-1007 : undeclared symbol 'pll_gen_open8', assumed default net type 'wire' in al_ip/pll_gen.v(105)
HDL-1007 : undeclared symbol 'pll_gen_open7', assumed default net type 'wire' in al_ip/pll_gen.v(105)
HDL-1007 : undeclared symbol 'pll_gen_open6', assumed default net type 'wire' in al_ip/pll_gen.v(105)
HDL-1007 : undeclared symbol 'pll_gen_open5', assumed default net type 'wire' in al_ip/pll_gen.v(105)
HDL-1007 : undeclared symbol 'pll_gen_open4', assumed default net type 'wire' in al_ip/pll_gen.v(105)
HDL-1007 : undeclared symbol 'pll_gen_open3', assumed default net type 'wire' in al_ip/pll_gen.v(105)
HDL-1007 : undeclared symbol 'pll_gen_open2', assumed default net type 'wire' in al_ip/pll_gen.v(105)
HDL-1007 : undeclared symbol 'pll_gen_open1', assumed default net type 'wire' in al_ip/pll_gen.v(105)
HDL-1007 : analyze verilog file al_ip/sys_pll.v
HDL-1007 : undeclared symbol 'sys_pll_open0', assumed default net type 'wire' in al_ip/sys_pll.v(77)
HDL-1007 : undeclared symbol 'sys_pll_open1', assumed default net type 'wire' in al_ip/sys_pll.v(83)
HDL-1007 : undeclared symbol 'sys_pll_open9', assumed default net type 'wire' in al_ip/sys_pll.v(89)
HDL-1007 : undeclared symbol 'sys_pll_open8', assumed default net type 'wire' in al_ip/sys_pll.v(89)
HDL-1007 : undeclared symbol 'sys_pll_open7', assumed default net type 'wire' in al_ip/sys_pll.v(89)
HDL-1007 : undeclared symbol 'sys_pll_open6', assumed default net type 'wire' in al_ip/sys_pll.v(89)
HDL-1007 : undeclared symbol 'sys_pll_open5', assumed default net type 'wire' in al_ip/sys_pll.v(89)
HDL-1007 : undeclared symbol 'sys_pll_open4', assumed default net type 'wire' in al_ip/sys_pll.v(89)
HDL-1007 : undeclared symbol 'sys_pll_open3', assumed default net type 'wire' in al_ip/sys_pll.v(89)
HDL-1007 : undeclared symbol 'sys_pll_open2', assumed default net type 'wire' in al_ip/sys_pll.v(89)
HDL-1007 : undeclared symbol 'sys_pll_open11', assumed default net type 'wire' in al_ip/sys_pll.v(91)
HDL-1007 : undeclared symbol 'sys_pll_open10', assumed default net type 'wire' in al_ip/sys_pll.v(91)
HDL-1007 : analyze verilog file ../source_code/rtl/sd_card/ax_debounce.v
HDL-1007 : analyze verilog file ../source_code/rtl/sd_card/bmp_read.v
HDL-1007 : analyze verilog file ../source_code/rtl/sd_card/sd_card_bmp.v
HDL-1007 : analyze verilog file ../source_code/rtl/sd_card/sd_card_cmd.v
HDL-1007 : analyze verilog file ../source_code/rtl/sd_card/sd_card_sec_read_write.v
HDL-1007 : analyze verilog file ../source_code/rtl/sd_card/sd_card_top.v
HDL-1007 : analyze verilog file ../source_code/rtl/sd_card/spi_master.v
HDL-1007 : analyze verilog file ../source_code/rtl/sdram/enc_file/global_def.v
HDL-1007 : analyze verilog file ../source_code/rtl/sdram/enc_file/sdr_as_ram.enc.v
HDL-1007 : back to file '../source_code/rtl/sdram/enc_file/sdr_as_ram.enc.v' in ../source_code/rtl/sdram/enc_file/sdr_as_ram.enc.v(54)
HDL-1007 : analyze verilog file ../source_code/rtl/sdram/enc_file/sdr_wrrd.enc.v
HDL-5007 WARNING: concatenation with an unsized literal will be treated as 32 bits in ../source_code/rtl/sdram/enc_file/sdr_wrrd.enc.v(283)
HDL-1007 : back to file '../source_code/rtl/sdram/enc_file/sdr_wrrd.enc.v' in ../source_code/rtl/sdram/enc_file/sdr_wrrd.enc.v(19)
HDL-1007 : analyze verilog file ../source_code/rtl/frame_fifo/afifo_16_32_256.v
HDL-1007 : analyze verilog file ../source_code/rtl/frame_fifo/afifo_32_16_256.v
HDL-1007 : analyze verilog file ../source_code/rtl/frame_fifo/frame_fifo_read.v
HDL-1007 : analyze verilog file ../source_code/rtl/frame_fifo/frame_fifo_write.v
HDL-1007 : analyze verilog file ../source_code/rtl/frame_fifo/frame_read_write.v
HDL-1007 : analyze verilog file ../source_code/rtl/sdram/sdram.v
HDL-1007 : analyze included file ../source_code/rtl/sdram/enc_file/global_def.v in ../source_code/rtl/sdram/sdram.v(10)
HDL-1007 : back to file '../source_code/rtl/sdram/sdram.v' in ../source_code/rtl/sdram/sdram.v(10)
HDL-1007 : undeclared symbol 'SDR_CKE', assumed default net type 'wire' in ../source_code/rtl/sdram/sdram.v(89)
HDL-1007 : analyze verilog file ../source_code/rtl/sdram/enc_file/sdr_init_ref.enc.v
HDL-1007 : analyze included file ../source_code/rtl/sdram/enc_file/global_def.v in ../source_code/rtl/sdram/enc_file/sdr_init_ref.enc.v(11)
HDL-1007 : back to file '../source_code/rtl/sdram/enc_file/sdr_init_ref.enc.v' in ../source_code/rtl/sdram/enc_file/sdr_init_ref.enc.v(11)
HDL-1007 : undeclared symbol '**', assumed default net type '**' in ../source_code/rtl/sdram/enc_file/sdr_init_ref.enc.v(57)
HDL-1007 : back to file '../source_code/rtl/sdram/enc_file/sdr_init_ref.enc.v' in ../source_code/rtl/sdram/enc_file/sdr_init_ref.enc.v(149)
HDL-5007 WARNING: concatenation with an unsized literal will be treated as 32 bits in ../source_code/rtl/sdram/enc_file/sdr_init_ref.enc.v(47)
HDL-1007 : analyze verilog file ../source_code/rtl/video_timing/color_bar.v
HDL-1007 : analyze included file ../source_code/rtl/video_timing/video_define.v in ../source_code/rtl/video_timing/color_bar.v(2)
HDL-1007 : back to file '../source_code/rtl/video_timing/color_bar.v' in ../source_code/rtl/video_timing/color_bar.v(2)
HDL-1007 : analyze verilog file ../source_code/rtl/video_timing/video_delay.v
HDL-1007 : analyze verilog file ../source_code/rtl/video_timing/video_timing_data.v
HDL-1007 : analyze verilog file ../source_code/rtl/another/m_synchronization_header.v
HDL-1007 : analyze verilog file ../source_code/rtl/led.v
HDL-1007 : analyze verilog file ../source_code/rtl/ov5640/cmos_capture_data.v
HDL-1007 : analyze verilog file ../source_code/rtl/ov5640/i2c_dri.v
HDL-1007 : analyze verilog file ../source_code/rtl/ov5640/i2c_ov5640_rgb565_cfg.v
HDL-1007 : analyze verilog file ../source_code/rtl/ov5640/ov5640_delay.v
HDL-1007 : analyze verilog file ../source_code/rtl/ov5640/ov5640_dri.v
HDL-1007 : analyze verilog file al_ip/clk_wize.v
HDL-1007 : undeclared symbol 'open', assumed default net type 'wire' in al_ip/clk_wize.v(70)
HDL-1007 : analyze verilog file al_ip/ram.v
HDL-1007 : analyze verilog file ../source_code/rtl/app/addr_crt.v
HDL-1007 : analyze verilog file ../source_code/rtl/app/app.v
HDL-1007 : analyze verilog file ../source_code/rtl/app/vga_disp_rtl.v
HDL-1007 : analyze VHDL file ../source_code/rtl/hdmi_rtl/enc_file/DVITransmitter.enc.vhd
HDL-1007 : analyze entity dvitransmitter in ../source_code/rtl/hdmi_rtl/enc_file/DVITransmitter.enc.vhd(13)
HDL-1007 : analyze architecture ** in ../source_code/rtl/hdmi_rtl/enc_file/DVITransmitter.enc.vhd(2)
HDL-1007 : analyze VHDL file ../source_code/rtl/hdmi_rtl/enc_file/SerializerN_1_lvds.enc.vhd
HDL-1007 : analyze entity ** in ../source_code/rtl/hdmi_rtl/enc_file/SerializerN_1_lvds.enc.vhd(12)
HDL-1007 : analyze architecture ** in ../source_code/rtl/hdmi_rtl/enc_file/SerializerN_1_lvds.enc.vhd(25)
HDL-1007 : analyze VHDL file ../source_code/rtl/hdmi_rtl/enc_file/SerializerN_1_lvds_dat.enc.vhd
HDL-1007 : analyze entity ** in ../source_code/rtl/hdmi_rtl/enc_file/SerializerN_1_lvds_dat.enc.vhd(14)
HDL-1007 : analyze architecture ** in ../source_code/rtl/hdmi_rtl/enc_file/SerializerN_1_lvds_dat.enc.vhd(28)
HDL-1007 : analyze VHDL file ../source_code/rtl/hdmi_rtl/enc_file/TMDSEncoder.enc.vhd
HDL-1007 : analyze entity ** in ../source_code/rtl/hdmi_rtl/enc_file/TMDSEncoder.enc.vhd(13)
HDL-1007 : analyze architecture ** in ../source_code/rtl/hdmi_rtl/enc_file/TMDSEncoder.enc.vhd(24)
HDL-1007 : analyze verilog file ../source_code/rtl/hdmi_rtl/enc_file/video_tpg_1024768.enc.v
HDL-5007 WARNING: literal value ** truncated to fit in ** bits in ../source_code/rtl/hdmi_rtl/enc_file/video_tpg_1024768.enc.v(231)
HDL-1007 : back to file '../source_code/rtl/hdmi_rtl/enc_file/video_tpg_1024768.enc.v' in ../source_code/rtl/hdmi_rtl/enc_file/video_tpg_1024768.enc.v(1)
HDL-1007 : analyze verilog file ../source_code/rtl/hdmi_rtl/enc_file/video_tpg_1080p.enc.v
HDL-1007 : back to file '../source_code/rtl/hdmi_rtl/enc_file/video_tpg_1080p.enc.v' in ../source_code/rtl/hdmi_rtl/enc_file/video_tpg_1080p.enc.v(1)
HDL-1007 : analyze verilog file ../source_code/rtl/hdmi_rtl/enc_file/video_tpg_12801024p.enc.v
HDL-1007 : back to file '../source_code/rtl/hdmi_rtl/enc_file/video_tpg_12801024p.enc.v' in ../source_code/rtl/hdmi_rtl/enc_file/video_tpg_12801024p.enc.v(1)
HDL-1007 : analyze verilog file ../source_code/rtl/hdmi_rtl/enc_file/video_tpg_1280800.enc.v
HDL-5007 WARNING: literal value ** truncated to fit in ** bits in ../source_code/rtl/hdmi_rtl/enc_file/video_tpg_1280800.enc.v(233)
HDL-1007 : back to file '../source_code/rtl/hdmi_rtl/enc_file/video_tpg_1280800.enc.v' in ../source_code/rtl/hdmi_rtl/enc_file/video_tpg_1280800.enc.v(1)
HDL-1007 : analyze verilog file ../source_code/rtl/hdmi_rtl/enc_file/video_tpg_16801050p.enc.v
HDL-1007 : back to file '../source_code/rtl/hdmi_rtl/enc_file/video_tpg_16801050p.enc.v' in ../source_code/rtl/hdmi_rtl/enc_file/video_tpg_16801050p.enc.v(1)
HDL-1007 : analyze verilog file ../source_code/rtl/hdmi_rtl/enc_file/video_tpg_800600.enc.v
HDL-1007 : back to file '../source_code/rtl/hdmi_rtl/enc_file/video_tpg_800600.enc.v' in ../source_code/rtl/hdmi_rtl/enc_file/video_tpg_800600.enc.v(1)
HDL-1007 : analyze VHDL file ../source_code/rtl/hdmi_rtl/hdmi_tx.vhd
HDL-1007 : analyze entity hdmi_tx in ../source_code/rtl/hdmi_rtl/hdmi_tx.vhd(11)
HDL-1007 : analyze architecture behavioral in ../source_code/rtl/hdmi_rtl/hdmi_tx.vhd(33)
HDL-1007 : analyze verilog file ../source_code/rtl/hdmi_rtl/vga_disp_rtl.v
HDL-7201 CRITICAL-WARNING: overwrite current module 'vga_disp_rtl' in ../source_code/rtl/hdmi_rtl/vga_disp_rtl.v(1)
HDL-7307 CRITICAL-WARNING: previous definition of design element module 'vga_disp_rtl' is here. This is because multiple modules(values) with the same name are defined. Please consider rewriting code in ../source_code/rtl/app/vga_disp_rtl.v(1)
PRJ-1412 : reset_run syn_1 phy_1.
PRJ-1409 : launch_runs syn_1 phy_1  -jobs 6.
PRJ-1410 : Run syn_1 success.
PRJ-1412 : reset_run phy_1.
RUN-1002 : start command "clear_design"
RUN-1002 : start command "save_best_bits"
PRJ-1410 : Run phy_1 success.
RUN-1002 : start command "import_db D:/FPGA/workplace6_2_1/last_attempt/prj/last_attempt_Runs/syn_1/last_attempt_gate.db"
RUN-1001 : Importing database generated by Tang Dynasty, V6.2.168116.
RUN-1001 : Database version number 46207
RUN-1001 : Import flow parameters
RUN-1001 : Import netlist
RUN-1001 : Import timing constraints
RUN-1001 : Import IO constraints
RUN-1001 : Import Inst constraints
RUN-1001 : Import ChipWatcher
RUN-1001 : Import design success TD_VERSION=6.2.168116 , DB_VERSION=46207
RUN-1002 : start command "import_db D:/FPGA/workplace6_2_1/last_attempt/prj/last_attempt_Runs/syn_1/last_attempt_gate.db"
RUN-1001 : Importing database generated by Tang Dynasty, V6.2.168116.
RUN-1001 : Database version number 46207
RUN-1001 : Import flow parameters
RUN-1001 : Import netlist
RUN-1001 : Import timing constraints
RUN-1001 : Import IO constraints
RUN-1001 : Import Inst constraints
RUN-1001 : Import ChipWatcher
RUN-1001 : Import design success TD_VERSION=6.2.168116 , DB_VERSION=46207
PRJ-1411 : launch_runs phy_1 -step bitgen.
PRJ-1410 : Run phy_1 success.
RUN-1002 : start command "save_best_bits"
PRJ-1424 : The implemented result of phy_1 is saved as best result.
RUN-1002 : start command "import_db D:/FPGA/workplace6_2_1/last_attempt/prj/last_attempt_Runs/phy_1/last_attempt_pr.db"
RUN-1001 : Importing database generated by Tang Dynasty, V6.2.168116.
RUN-1001 : Database version number 46207
RUN-1001 : Import flow parameters
RUN-1001 : Import netlist
PHY-1001 : Generate detailed routing grids ...
PHY-1001 : End build routing graph; 0.449161s wall, 0.359375s user + 0.062500s system = 0.421875s CPU (93.9%)

PHY-1001 : Build lut bridge;  0.054007s wall, 0.062500s user + 0.015625s system = 0.078125s CPU (144.7%)

PHY-1001 : Generate nets ...
PHY-1001 : net clk_50_dup_1 will be routed on clock mesh
PHY-1001 : clock net temac_clk will be merged with clock u_clk_gen/u_pll_0/clk0_buf
PHY-1001 : net udp_clk will be routed on clock mesh
PHY-1001 : net U3/u2_ram/SDRAM_CLK will be routed on clock mesh
PHY-1001 : net U3/u2_ram/u1_init_ref/Sdr_clk will be routed on clock mesh
PHY-1001 : clock net u_ov5640_dri/u_i2c_dr/dri_clk_syn_4 will be merged with clock u_ov5640_dri/u_i2c_dr/dri_clk
PHY-1001 : clock net u2_udp_loopback/app_tx_data_read_syn_4 will be merged with clock u2_udp_loopback/app_tx_data_read
PHY-1001 : clock net frame_read_write_m0/write_clk_syn_4 will be merged with clock frame_read_write_m0/write_clk
PHY-1001 : clock net cam_pclk_syn_4 will be merged with clock cam_pclk_dup_1
PHY-1001 : clock net sd_card_bmp_m0/bmp_read_m0/clk will be merged with clock tf0_sys_pll/clk0_buf
PHY-1001 : net u2_hdmi_tx/Inst_DVITransmitter/PCLK_I will be routed on clock mesh
PHY-1001 : clock net u2_hdmi_tx/Inst_DVITransmitter/PCLK_X5_I will be merged with clock u0_clk_wize/clk0_buf
PHY-1001 : net u4_trimac_block/u1_rgmii_interface/rgmii_txc_ddr/clk will be routed on clock mesh
PHY-1001 : clock net u4_trimac_block/rx_clk will be merged with clock phy1_rgmii_rx_clk_dup_1
PHY-1001 : eco open net = 0
PHY-1001 : 177 feed throughs used by 149 nets
RUN-1001 : Import phy database
RUN-1001 : Import timing constraints
RUN-1001 : Import IO constraints
RUN-1001 : Import Inst constraints
RUN-1001 : Import ChipWatcher
RUN-1001 : Import design success TD_VERSION=6.2.168116 , DB_VERSION=46207
RUN-1003 : finish command "import_db D:/FPGA/workplace6_2_1/last_attempt/prj/last_attempt_Runs/phy_1/last_attempt_pr.db" in  2.767771s wall, 2.171875s user + 0.281250s system = 2.453125s CPU (88.6%)

RUN-1004 : used memory is 760 MB, reserved memory is 689 MB, peak memory is 830 MB
RUN-1002 : start command "commit_param -step design"
RUN-1001 : Print Global Property
RUN-1001 : --------------------------------------------------------
RUN-1001 :   Parameters   |  Settings  |  Default Values  |  Note  
RUN-1001 : --------------------------------------------------------
RUN-1001 :   enable_seed  |    off     |       off        |        
RUN-1001 :     message    |  standard  |     standard     |        
RUN-1001 :   qor_monitor  |     on     |        on        |        
RUN-1001 :   syn_ip_flow  |    off     |       off        |        
RUN-1001 :     thread     |    auto    |       auto       |        
RUN-1001 : --------------------------------------------------------
RUN-1001 : Print Design Property
RUN-1001 : ----------------------------------------------------------------
RUN-1001 :       Parameters       |  Settings  |  Default Values  |  Note  
RUN-1001 : ----------------------------------------------------------------
RUN-1001 :   default_reg_initial  |    auto    |       auto       |        
RUN-1001 :    hdl_warning_level   |   normal   |      normal      |        
RUN-1001 : ----------------------------------------------------------------
HDL-1007 : analyze verilog file last_attempt.v
HDL-1007 : undeclared symbol 'phy_reset', assumed default net type 'wire' in last_attempt.v(166)
HDL-1007 : undeclared symbol 'cam_write_req_ack', assumed default net type 'wire' in last_attempt.v(278)
HDL-1007 : undeclared symbol 'sd_card_write_req_ack', assumed default net type 'wire' in last_attempt.v(279)
HDL-1007 : undeclared symbol 'VGA_HSYNC', assumed default net type 'wire' in last_attempt.v(327)
HDL-1007 : undeclared symbol 'VGA_VSYNC', assumed default net type 'wire' in last_attempt.v(328)
HDL-1007 : undeclared symbol 'rd_en', assumed default net type 'wire' in last_attempt.v(330)
HDL-7225 CRITICAL-WARNING: 'sd_card_write_req_ack' is already implicitly declared on line 279 in last_attempt.v(383)
HDL-7225 CRITICAL-WARNING: 'cam_write_req_ack' is already implicitly declared on line 278 in last_attempt.v(440)
HDL-1007 : undeclared symbol 'tpg_data_done', assumed default net type 'wire' in last_attempt.v(633)
HDL-1007 : undeclared symbol 'full_flag', assumed default net type 'wire' in last_attempt.v(667)
HDL-1007 : undeclared symbol 'input_local_udp_port_num', assumed default net type 'wire' in last_attempt.v(698)
HDL-1007 : undeclared symbol 'input_local_udp_port_num_valid', assumed default net type 'wire' in last_attempt.v(699)
HDL-1007 : undeclared symbol 'input_local_ip_address_valid', assumed default net type 'wire' in last_attempt.v(702)
HDL-1007 : analyze verilog file ../source_code/rtl/udp/BUFGMUX.v
HDL-1007 : analyze verilog file ../source_code/rtl/udp/IDDR.v
HDL-1007 : analyze verilog file ../source_code/rtl/udp/ODDR.v
HDL-1007 : analyze verilog file ../source_code/rtl/udp/RAMB16_S9_S9.v
HDL-1007 : undeclared symbol 'open', assumed default net type 'wire' in ../source_code/rtl/udp/RAMB16_S9_S9.v(109)
HDL-1007 : analyze verilog file ../source_code/rtl/udp/clk_gen_rst_gen.v
HDL-1007 : analyze verilog file ../source_code/rtl/udp/div_clk_gen.v
HDL-1007 : analyze verilog file ../source_code/rtl/udp/rgmii_interface.v
HDL-1007 : analyze verilog file ../source_code/rtl/udp/rx_client_fifo.v
HDL-5370 WARNING: parameter 'WAIT_s' becomes localparam in 'rx_client_fifo' with formal parameter declaration list in ../source_code/rtl/udp/rx_client_fifo.v(49)
HDL-5370 WARNING: parameter 'QUEUE1_s' becomes localparam in 'rx_client_fifo' with formal parameter declaration list in ../source_code/rtl/udp/rx_client_fifo.v(50)
HDL-5370 WARNING: parameter 'QUEUE2_s' becomes localparam in 'rx_client_fifo' with formal parameter declaration list in ../source_code/rtl/udp/rx_client_fifo.v(51)
HDL-5370 WARNING: parameter 'QUEUE3_s' becomes localparam in 'rx_client_fifo' with formal parameter declaration list in ../source_code/rtl/udp/rx_client_fifo.v(52)
HDL-5370 WARNING: parameter 'QUEUE_SOF_s' becomes localparam in 'rx_client_fifo' with formal parameter declaration list in ../source_code/rtl/udp/rx_client_fifo.v(53)
HDL-5370 WARNING: parameter 'SOF_s' becomes localparam in 'rx_client_fifo' with formal parameter declaration list in ../source_code/rtl/udp/rx_client_fifo.v(54)
HDL-5370 WARNING: parameter 'DATA_s' becomes localparam in 'rx_client_fifo' with formal parameter declaration list in ../source_code/rtl/udp/rx_client_fifo.v(55)
HDL-5370 WARNING: parameter 'EOF_s' becomes localparam in 'rx_client_fifo' with formal parameter declaration list in ../source_code/rtl/udp/rx_client_fifo.v(56)
HDL-5370 WARNING: parameter 'IDLE_s' becomes localparam in 'rx_client_fifo' with formal parameter declaration list in ../source_code/rtl/udp/rx_client_fifo.v(62)
HDL-5370 WARNING: parameter 'FRAME_s' becomes localparam in 'rx_client_fifo' with formal parameter declaration list in ../source_code/rtl/udp/rx_client_fifo.v(63)
HDL-5370 Similar messages will be suppressed.
HDL-1007 : analyze verilog file ../source_code/rtl/udp/temac_block.v
HDL-1007 : analyze verilog file ../source_code/rtl/udp/temac_clk_gen.v
HDL-1007 : analyze verilog file ../source_code/rtl/udp/tx_client_fifo.v
HDL-5370 WARNING: parameter 'IDLE_s' becomes localparam in 'tx_client_fifo' with formal parameter declaration list in ../source_code/rtl/udp/tx_client_fifo.v(53)
HDL-5370 WARNING: parameter 'QUEUE1_s' becomes localparam in 'tx_client_fifo' with formal parameter declaration list in ../source_code/rtl/udp/tx_client_fifo.v(54)
HDL-5370 WARNING: parameter 'QUEUE2_s' becomes localparam in 'tx_client_fifo' with formal parameter declaration list in ../source_code/rtl/udp/tx_client_fifo.v(55)
HDL-5370 WARNING: parameter 'QUEUE3_s' becomes localparam in 'tx_client_fifo' with formal parameter declaration list in ../source_code/rtl/udp/tx_client_fifo.v(56)
HDL-5370 WARNING: parameter 'QUEUE_ACK_s' becomes localparam in 'tx_client_fifo' with formal parameter declaration list in ../source_code/rtl/udp/tx_client_fifo.v(57)
HDL-5370 WARNING: parameter 'WAIT_ACK_s' becomes localparam in 'tx_client_fifo' with formal parameter declaration list in ../source_code/rtl/udp/tx_client_fifo.v(58)
HDL-5370 WARNING: parameter 'FRAME_s' becomes localparam in 'tx_client_fifo' with formal parameter declaration list in ../source_code/rtl/udp/tx_client_fifo.v(59)
HDL-5370 WARNING: parameter 'DROP_s' becomes localparam in 'tx_client_fifo' with formal parameter declaration list in ../source_code/rtl/udp/tx_client_fifo.v(60)
HDL-5370 WARNING: parameter 'RETRANSMIT_s' becomes localparam in 'tx_client_fifo' with formal parameter declaration list in ../source_code/rtl/udp/tx_client_fifo.v(61)
HDL-5370 WARNING: parameter 'WAIT_s' becomes localparam in 'tx_client_fifo' with formal parameter declaration list in ../source_code/rtl/udp/tx_client_fifo.v(67)
HDL-5370 Similar messages will be suppressed.
HDL-1007 : analyze verilog file ../source_code/rtl/udp/tx_clk_en_gen.v
HDL-1007 : analyze verilog file ../source_code/rtl/udp/udp_data_tpg.v
HDL-1007 : analyze verilog file ../source_code/rtl/udp/udp_ip_protocol_stack_merge.enc.v
HDL-1007 : back to file '../source_code/rtl/udp/udp_ip_protocol_stack_merge.enc.v' in ../source_code/rtl/udp/udp_ip_protocol_stack_merge.enc.v(56)
HDL-1007 : undeclared symbol '**', assumed default net type '**' in ../source_code/rtl/udp/udp_ip_protocol_stack_merge.enc.v(2638)
HDL-1007 : back to file '../source_code/rtl/udp/udp_ip_protocol_stack_merge.enc.v' in ../source_code/rtl/udp/udp_ip_protocol_stack_merge.enc.v(420)
HDL-1007 : analyze verilog file ../source_code/rtl/udp/udp_loopback.v
HDL-1007 : analyze verilog file al_ip/TEMAC_CORE/RTL/include/define.v
HDL-1007 : analyze verilog file al_ip/TEMAC_CORE/RTL/TEMAC_CORE_aead6cd6dadd.v
HDL-5007 WARNING: column 1032 exceeds maximum value 1023 in al_ip/TEMAC_CORE/RTL/TEMAC_CORE_aead6cd6dadd.v(30)
HDL-1007 : back to file 'al_ip/TEMAC_CORE/RTL/TEMAC_CORE_aead6cd6dadd.v' in al_ip/TEMAC_CORE/RTL/TEMAC_CORE_aead6cd6dadd.v(86)
HDL-5007 WARNING: event expressions must result in a singular type in al_ip/TEMAC_CORE/RTL/TEMAC_CORE_aead6cd6dadd.v(3001)
HDL-1007 : undeclared symbol '**', assumed default net type '**' in al_ip/TEMAC_CORE/RTL/TEMAC_CORE_aead6cd6dadd.v(5050)
HDL-1007 : undeclared symbol '**', assumed default net type '**' in al_ip/TEMAC_CORE/RTL/TEMAC_CORE_aead6cd6dadd.v(5458)
HDL-5007 WARNING: column 1035 exceeds maximum value 1023 in al_ip/TEMAC_CORE/RTL/TEMAC_CORE_aead6cd6dadd.v(6001)
HDL-1007 : back to file 'al_ip/TEMAC_CORE/RTL/TEMAC_CORE_aead6cd6dadd.v' in al_ip/TEMAC_CORE/RTL/TEMAC_CORE_aead6cd6dadd.v(260)
HDL-1007 : analyze verilog file al_ip/TEMAC_CORE/RTL/mac_core_aead6cd6dadd.v
HDL-1007 : analyze verilog file al_ip/TEMAC_CORE/TEMAC_CORE.v
HDL-1007 : analyze verilog file al_ip/pll_gen.v
HDL-1007 : undeclared symbol 'pll_gen_open0', assumed default net type 'wire' in al_ip/pll_gen.v(99)
HDL-1007 : undeclared symbol 'pll_gen_open8', assumed default net type 'wire' in al_ip/pll_gen.v(105)
HDL-1007 : undeclared symbol 'pll_gen_open7', assumed default net type 'wire' in al_ip/pll_gen.v(105)
HDL-1007 : undeclared symbol 'pll_gen_open6', assumed default net type 'wire' in al_ip/pll_gen.v(105)
HDL-1007 : undeclared symbol 'pll_gen_open5', assumed default net type 'wire' in al_ip/pll_gen.v(105)
HDL-1007 : undeclared symbol 'pll_gen_open4', assumed default net type 'wire' in al_ip/pll_gen.v(105)
HDL-1007 : undeclared symbol 'pll_gen_open3', assumed default net type 'wire' in al_ip/pll_gen.v(105)
HDL-1007 : undeclared symbol 'pll_gen_open2', assumed default net type 'wire' in al_ip/pll_gen.v(105)
HDL-1007 : undeclared symbol 'pll_gen_open1', assumed default net type 'wire' in al_ip/pll_gen.v(105)
HDL-1007 : analyze verilog file al_ip/sys_pll.v
HDL-1007 : undeclared symbol 'sys_pll_open0', assumed default net type 'wire' in al_ip/sys_pll.v(77)
HDL-1007 : undeclared symbol 'sys_pll_open1', assumed default net type 'wire' in al_ip/sys_pll.v(83)
HDL-1007 : undeclared symbol 'sys_pll_open9', assumed default net type 'wire' in al_ip/sys_pll.v(89)
HDL-1007 : undeclared symbol 'sys_pll_open8', assumed default net type 'wire' in al_ip/sys_pll.v(89)
HDL-1007 : undeclared symbol 'sys_pll_open7', assumed default net type 'wire' in al_ip/sys_pll.v(89)
HDL-1007 : undeclared symbol 'sys_pll_open6', assumed default net type 'wire' in al_ip/sys_pll.v(89)
HDL-1007 : undeclared symbol 'sys_pll_open5', assumed default net type 'wire' in al_ip/sys_pll.v(89)
HDL-1007 : undeclared symbol 'sys_pll_open4', assumed default net type 'wire' in al_ip/sys_pll.v(89)
HDL-1007 : undeclared symbol 'sys_pll_open3', assumed default net type 'wire' in al_ip/sys_pll.v(89)
HDL-1007 : undeclared symbol 'sys_pll_open2', assumed default net type 'wire' in al_ip/sys_pll.v(89)
HDL-1007 : undeclared symbol 'sys_pll_open11', assumed default net type 'wire' in al_ip/sys_pll.v(91)
HDL-1007 : undeclared symbol 'sys_pll_open10', assumed default net type 'wire' in al_ip/sys_pll.v(91)
HDL-1007 : analyze verilog file ../source_code/rtl/sd_card/ax_debounce.v
HDL-1007 : analyze verilog file ../source_code/rtl/sd_card/bmp_read.v
HDL-1007 : analyze verilog file ../source_code/rtl/sd_card/sd_card_bmp.v
HDL-1007 : analyze verilog file ../source_code/rtl/sd_card/sd_card_cmd.v
HDL-1007 : analyze verilog file ../source_code/rtl/sd_card/sd_card_sec_read_write.v
HDL-1007 : analyze verilog file ../source_code/rtl/sd_card/sd_card_top.v
HDL-1007 : analyze verilog file ../source_code/rtl/sd_card/spi_master.v
HDL-1007 : analyze verilog file ../source_code/rtl/sdram/enc_file/global_def.v
HDL-1007 : analyze verilog file ../source_code/rtl/sdram/enc_file/sdr_as_ram.enc.v
HDL-1007 : back to file '../source_code/rtl/sdram/enc_file/sdr_as_ram.enc.v' in ../source_code/rtl/sdram/enc_file/sdr_as_ram.enc.v(54)
HDL-1007 : analyze verilog file ../source_code/rtl/sdram/enc_file/sdr_wrrd.enc.v
HDL-5007 WARNING: concatenation with an unsized literal will be treated as 32 bits in ../source_code/rtl/sdram/enc_file/sdr_wrrd.enc.v(283)
HDL-1007 : back to file '../source_code/rtl/sdram/enc_file/sdr_wrrd.enc.v' in ../source_code/rtl/sdram/enc_file/sdr_wrrd.enc.v(19)
HDL-1007 : analyze verilog file ../source_code/rtl/frame_fifo/afifo_16_32_256.v
HDL-1007 : analyze verilog file ../source_code/rtl/frame_fifo/afifo_32_16_256.v
HDL-1007 : analyze verilog file ../source_code/rtl/frame_fifo/frame_fifo_read.v
HDL-1007 : analyze verilog file ../source_code/rtl/frame_fifo/frame_fifo_write.v
HDL-1007 : analyze verilog file ../source_code/rtl/frame_fifo/frame_read_write.v
HDL-1007 : analyze verilog file ../source_code/rtl/sdram/sdram.v
HDL-1007 : analyze included file ../source_code/rtl/sdram/enc_file/global_def.v in ../source_code/rtl/sdram/sdram.v(10)
HDL-1007 : back to file '../source_code/rtl/sdram/sdram.v' in ../source_code/rtl/sdram/sdram.v(10)
HDL-1007 : undeclared symbol 'SDR_CKE', assumed default net type 'wire' in ../source_code/rtl/sdram/sdram.v(89)
HDL-1007 : analyze verilog file ../source_code/rtl/sdram/enc_file/sdr_init_ref.enc.v
HDL-1007 : analyze included file ../source_code/rtl/sdram/enc_file/global_def.v in ../source_code/rtl/sdram/enc_file/sdr_init_ref.enc.v(11)
HDL-1007 : back to file '../source_code/rtl/sdram/enc_file/sdr_init_ref.enc.v' in ../source_code/rtl/sdram/enc_file/sdr_init_ref.enc.v(11)
HDL-1007 : undeclared symbol '**', assumed default net type '**' in ../source_code/rtl/sdram/enc_file/sdr_init_ref.enc.v(57)
HDL-1007 : back to file '../source_code/rtl/sdram/enc_file/sdr_init_ref.enc.v' in ../source_code/rtl/sdram/enc_file/sdr_init_ref.enc.v(149)
HDL-5007 WARNING: concatenation with an unsized literal will be treated as 32 bits in ../source_code/rtl/sdram/enc_file/sdr_init_ref.enc.v(47)
HDL-1007 : analyze verilog file ../source_code/rtl/video_timing/color_bar.v
HDL-1007 : analyze included file ../source_code/rtl/video_timing/video_define.v in ../source_code/rtl/video_timing/color_bar.v(2)
HDL-1007 : back to file '../source_code/rtl/video_timing/color_bar.v' in ../source_code/rtl/video_timing/color_bar.v(2)
HDL-1007 : analyze verilog file ../source_code/rtl/video_timing/video_delay.v
HDL-1007 : analyze verilog file ../source_code/rtl/video_timing/video_timing_data.v
HDL-1007 : analyze verilog file ../source_code/rtl/another/m_synchronization_header.v
HDL-1007 : analyze verilog file ../source_code/rtl/led.v
HDL-1007 : analyze verilog file ../source_code/rtl/ov5640/cmos_capture_data.v
HDL-1007 : analyze verilog file ../source_code/rtl/ov5640/i2c_dri.v
HDL-1007 : analyze verilog file ../source_code/rtl/ov5640/i2c_ov5640_rgb565_cfg.v
HDL-1007 : analyze verilog file ../source_code/rtl/ov5640/ov5640_delay.v
HDL-1007 : analyze verilog file ../source_code/rtl/ov5640/ov5640_dri.v
HDL-1007 : analyze verilog file al_ip/clk_wize.v
HDL-1007 : undeclared symbol 'open', assumed default net type 'wire' in al_ip/clk_wize.v(70)
HDL-1007 : analyze verilog file al_ip/ram.v
HDL-1007 : analyze verilog file ../source_code/rtl/app/addr_crt.v
HDL-1007 : analyze verilog file ../source_code/rtl/app/app.v
HDL-1007 : analyze verilog file ../source_code/rtl/app/vga_disp_rtl.v
HDL-1007 : analyze VHDL file ../source_code/rtl/hdmi_rtl/enc_file/DVITransmitter.enc.vhd
HDL-1007 : analyze entity dvitransmitter in ../source_code/rtl/hdmi_rtl/enc_file/DVITransmitter.enc.vhd(13)
HDL-1007 : analyze architecture ** in ../source_code/rtl/hdmi_rtl/enc_file/DVITransmitter.enc.vhd(2)
HDL-1007 : analyze VHDL file ../source_code/rtl/hdmi_rtl/enc_file/SerializerN_1_lvds.enc.vhd
HDL-1007 : analyze entity ** in ../source_code/rtl/hdmi_rtl/enc_file/SerializerN_1_lvds.enc.vhd(12)
HDL-1007 : analyze architecture ** in ../source_code/rtl/hdmi_rtl/enc_file/SerializerN_1_lvds.enc.vhd(25)
HDL-1007 : analyze VHDL file ../source_code/rtl/hdmi_rtl/enc_file/SerializerN_1_lvds_dat.enc.vhd
HDL-1007 : analyze entity ** in ../source_code/rtl/hdmi_rtl/enc_file/SerializerN_1_lvds_dat.enc.vhd(14)
HDL-1007 : analyze architecture ** in ../source_code/rtl/hdmi_rtl/enc_file/SerializerN_1_lvds_dat.enc.vhd(28)
HDL-1007 : analyze VHDL file ../source_code/rtl/hdmi_rtl/enc_file/TMDSEncoder.enc.vhd
HDL-1007 : analyze entity ** in ../source_code/rtl/hdmi_rtl/enc_file/TMDSEncoder.enc.vhd(13)
HDL-1007 : analyze architecture ** in ../source_code/rtl/hdmi_rtl/enc_file/TMDSEncoder.enc.vhd(24)
HDL-1007 : analyze verilog file ../source_code/rtl/hdmi_rtl/enc_file/video_tpg_1024768.enc.v
HDL-5007 WARNING: literal value ** truncated to fit in ** bits in ../source_code/rtl/hdmi_rtl/enc_file/video_tpg_1024768.enc.v(231)
HDL-1007 : back to file '../source_code/rtl/hdmi_rtl/enc_file/video_tpg_1024768.enc.v' in ../source_code/rtl/hdmi_rtl/enc_file/video_tpg_1024768.enc.v(1)
HDL-1007 : analyze verilog file ../source_code/rtl/hdmi_rtl/enc_file/video_tpg_1080p.enc.v
HDL-1007 : back to file '../source_code/rtl/hdmi_rtl/enc_file/video_tpg_1080p.enc.v' in ../source_code/rtl/hdmi_rtl/enc_file/video_tpg_1080p.enc.v(1)
HDL-1007 : analyze verilog file ../source_code/rtl/hdmi_rtl/enc_file/video_tpg_12801024p.enc.v
HDL-1007 : back to file '../source_code/rtl/hdmi_rtl/enc_file/video_tpg_12801024p.enc.v' in ../source_code/rtl/hdmi_rtl/enc_file/video_tpg_12801024p.enc.v(1)
HDL-1007 : analyze verilog file ../source_code/rtl/hdmi_rtl/enc_file/video_tpg_1280800.enc.v
HDL-5007 WARNING: literal value ** truncated to fit in ** bits in ../source_code/rtl/hdmi_rtl/enc_file/video_tpg_1280800.enc.v(233)
HDL-1007 : back to file '../source_code/rtl/hdmi_rtl/enc_file/video_tpg_1280800.enc.v' in ../source_code/rtl/hdmi_rtl/enc_file/video_tpg_1280800.enc.v(1)
HDL-1007 : analyze verilog file ../source_code/rtl/hdmi_rtl/enc_file/video_tpg_16801050p.enc.v
HDL-1007 : back to file '../source_code/rtl/hdmi_rtl/enc_file/video_tpg_16801050p.enc.v' in ../source_code/rtl/hdmi_rtl/enc_file/video_tpg_16801050p.enc.v(1)
HDL-1007 : analyze verilog file ../source_code/rtl/hdmi_rtl/enc_file/video_tpg_800600.enc.v
HDL-1007 : back to file '../source_code/rtl/hdmi_rtl/enc_file/video_tpg_800600.enc.v' in ../source_code/rtl/hdmi_rtl/enc_file/video_tpg_800600.enc.v(1)
HDL-1007 : analyze VHDL file ../source_code/rtl/hdmi_rtl/hdmi_tx.vhd
HDL-1007 : analyze entity hdmi_tx in ../source_code/rtl/hdmi_rtl/hdmi_tx.vhd(11)
HDL-1007 : analyze architecture behavioral in ../source_code/rtl/hdmi_rtl/hdmi_tx.vhd(33)
HDL-1007 : analyze verilog file ../source_code/rtl/hdmi_rtl/vga_disp_rtl.v
HDL-7201 CRITICAL-WARNING: overwrite current module 'vga_disp_rtl' in ../source_code/rtl/hdmi_rtl/vga_disp_rtl.v(1)
HDL-7307 CRITICAL-WARNING: previous definition of design element module 'vga_disp_rtl' is here. This is because multiple modules(values) with the same name are defined. Please consider rewriting code in ../source_code/rtl/app/vga_disp_rtl.v(1)
RUN-1002 : start command "commit_param -step design"
RUN-1001 : Print Global Property
RUN-1001 : --------------------------------------------------------
RUN-1001 :   Parameters   |  Settings  |  Default Values  |  Note  
RUN-1001 : --------------------------------------------------------
RUN-1001 :   enable_seed  |    off     |       off        |        
RUN-1001 :     message    |  standard  |     standard     |        
RUN-1001 :   qor_monitor  |     on     |        on        |        
RUN-1001 :   syn_ip_flow  |    off     |       off        |        
RUN-1001 :     thread     |    auto    |       auto       |        
RUN-1001 : --------------------------------------------------------
RUN-1001 : Print Design Property
RUN-1001 : ----------------------------------------------------------------
RUN-1001 :       Parameters       |  Settings  |  Default Values  |  Note  
RUN-1001 : ----------------------------------------------------------------
RUN-1001 :   default_reg_initial  |    auto    |       auto       |        
RUN-1001 :    hdl_warning_level   |   normal   |      normal      |        
RUN-1001 : ----------------------------------------------------------------
HDL-1007 : analyze verilog file last_attempt.v
HDL-1007 : undeclared symbol 'phy_reset', assumed default net type 'wire' in last_attempt.v(166)
HDL-1007 : undeclared symbol 'cam_write_req_ack', assumed default net type 'wire' in last_attempt.v(280)
HDL-1007 : undeclared symbol 'sd_card_write_req_ack', assumed default net type 'wire' in last_attempt.v(281)
HDL-1007 : undeclared symbol 'VGA_HSYNC', assumed default net type 'wire' in last_attempt.v(329)
HDL-1007 : undeclared symbol 'VGA_VSYNC', assumed default net type 'wire' in last_attempt.v(330)
HDL-1007 : undeclared symbol 'rd_en', assumed default net type 'wire' in last_attempt.v(332)
HDL-7225 CRITICAL-WARNING: 'sd_card_write_req_ack' is already implicitly declared on line 281 in last_attempt.v(385)
HDL-7225 CRITICAL-WARNING: 'cam_write_req_ack' is already implicitly declared on line 280 in last_attempt.v(442)
HDL-1007 : undeclared symbol 'tpg_data_done', assumed default net type 'wire' in last_attempt.v(635)
HDL-1007 : undeclared symbol 'full_flag', assumed default net type 'wire' in last_attempt.v(669)
HDL-1007 : undeclared symbol 'input_local_udp_port_num', assumed default net type 'wire' in last_attempt.v(700)
HDL-1007 : undeclared symbol 'input_local_udp_port_num_valid', assumed default net type 'wire' in last_attempt.v(701)
HDL-1007 : undeclared symbol 'input_local_ip_address_valid', assumed default net type 'wire' in last_attempt.v(704)
HDL-8007 ERROR: procedural assignment to a non-register 'frame_read_write_write_clk' is not permitted in last_attempt.v(275)
HDL-8007 ERROR: ignore module module due to previous errors in last_attempt.v(6)
HDL-1007 : analyze VHDL file ../source_code/rtl/hdmi_rtl/enc_file/DVITransmitter.enc.vhd
HDL-1007 : analyze entity dvitransmitter in ../source_code/rtl/hdmi_rtl/enc_file/DVITransmitter.enc.vhd(13)
HDL-1007 : analyze architecture ** in ../source_code/rtl/hdmi_rtl/enc_file/DVITransmitter.enc.vhd(2)
HDL-1007 : analyze VHDL file ../source_code/rtl/hdmi_rtl/enc_file/SerializerN_1_lvds.enc.vhd
HDL-1007 : analyze entity ** in ../source_code/rtl/hdmi_rtl/enc_file/SerializerN_1_lvds.enc.vhd(12)
HDL-1007 : analyze architecture ** in ../source_code/rtl/hdmi_rtl/enc_file/SerializerN_1_lvds.enc.vhd(25)
HDL-1007 : analyze VHDL file ../source_code/rtl/hdmi_rtl/enc_file/SerializerN_1_lvds_dat.enc.vhd
HDL-1007 : analyze entity ** in ../source_code/rtl/hdmi_rtl/enc_file/SerializerN_1_lvds_dat.enc.vhd(14)
HDL-1007 : analyze architecture ** in ../source_code/rtl/hdmi_rtl/enc_file/SerializerN_1_lvds_dat.enc.vhd(28)
HDL-1007 : analyze VHDL file ../source_code/rtl/hdmi_rtl/enc_file/TMDSEncoder.enc.vhd
HDL-1007 : analyze entity ** in ../source_code/rtl/hdmi_rtl/enc_file/TMDSEncoder.enc.vhd(13)
HDL-1007 : analyze architecture ** in ../source_code/rtl/hdmi_rtl/enc_file/TMDSEncoder.enc.vhd(24)
HDL-1007 : analyze verilog file ../source_code/rtl/hdmi_rtl/enc_file/video_tpg_1024768.enc.v
HDL-5007 WARNING: literal value ** truncated to fit in ** bits in ../source_code/rtl/hdmi_rtl/enc_file/video_tpg_1024768.enc.v(231)
HDL-1007 : back to file '../source_code/rtl/hdmi_rtl/enc_file/video_tpg_1024768.enc.v' in ../source_code/rtl/hdmi_rtl/enc_file/video_tpg_1024768.enc.v(1)
HDL-1007 : analyze verilog file ../source_code/rtl/hdmi_rtl/enc_file/video_tpg_1080p.enc.v
HDL-1007 : back to file '../source_code/rtl/hdmi_rtl/enc_file/video_tpg_1080p.enc.v' in ../source_code/rtl/hdmi_rtl/enc_file/video_tpg_1080p.enc.v(1)
HDL-1007 : analyze verilog file ../source_code/rtl/hdmi_rtl/enc_file/video_tpg_12801024p.enc.v
HDL-1007 : back to file '../source_code/rtl/hdmi_rtl/enc_file/video_tpg_12801024p.enc.v' in ../source_code/rtl/hdmi_rtl/enc_file/video_tpg_12801024p.enc.v(1)
HDL-1007 : analyze verilog file ../source_code/rtl/hdmi_rtl/enc_file/video_tpg_1280800.enc.v
HDL-5007 WARNING: literal value ** truncated to fit in ** bits in ../source_code/rtl/hdmi_rtl/enc_file/video_tpg_1280800.enc.v(233)
HDL-1007 : back to file '../source_code/rtl/hdmi_rtl/enc_file/video_tpg_1280800.enc.v' in ../source_code/rtl/hdmi_rtl/enc_file/video_tpg_1280800.enc.v(1)
HDL-1007 : analyze verilog file ../source_code/rtl/hdmi_rtl/enc_file/video_tpg_16801050p.enc.v
HDL-1007 : back to file '../source_code/rtl/hdmi_rtl/enc_file/video_tpg_16801050p.enc.v' in ../source_code/rtl/hdmi_rtl/enc_file/video_tpg_16801050p.enc.v(1)
HDL-1007 : analyze verilog file ../source_code/rtl/hdmi_rtl/enc_file/video_tpg_800600.enc.v
HDL-1007 : back to file '../source_code/rtl/hdmi_rtl/enc_file/video_tpg_800600.enc.v' in ../source_code/rtl/hdmi_rtl/enc_file/video_tpg_800600.enc.v(1)
HDL-1007 : analyze VHDL file ../source_code/rtl/hdmi_rtl/hdmi_tx.vhd
HDL-1007 : analyze entity hdmi_tx in ../source_code/rtl/hdmi_rtl/hdmi_tx.vhd(11)
HDL-1007 : analyze architecture behavioral in ../source_code/rtl/hdmi_rtl/hdmi_tx.vhd(33)
HDL-1007 : analyze verilog file ../source_code/rtl/hdmi_rtl/vga_disp_rtl.v
HDL-5007 WARNING: The file last_attempt.v will not be compiled since it is not included by any other files. Set it as 'global include' if it should be compiled.
RUN-1002 : start command "commit_param -step design"
RUN-1001 : Print Global Property
RUN-1001 : --------------------------------------------------------
RUN-1001 :   Parameters   |  Settings  |  Default Values  |  Note  
RUN-1001 : --------------------------------------------------------
RUN-1001 :   enable_seed  |    off     |       off        |        
RUN-1001 :     message    |  standard  |     standard     |        
RUN-1001 :   qor_monitor  |     on     |        on        |        
RUN-1001 :   syn_ip_flow  |    off     |       off        |        
RUN-1001 :     thread     |    auto    |       auto       |        
RUN-1001 : --------------------------------------------------------
RUN-1001 : Print Design Property
RUN-1001 : ----------------------------------------------------------------
RUN-1001 :       Parameters       |  Settings  |  Default Values  |  Note  
RUN-1001 : ----------------------------------------------------------------
RUN-1001 :   default_reg_initial  |    auto    |       auto       |        
RUN-1001 :    hdl_warning_level   |   normal   |      normal      |        
RUN-1001 : ----------------------------------------------------------------
HDL-1007 : analyze verilog file last_attempt.v
HDL-1007 : undeclared symbol 'phy_reset', assumed default net type 'wire' in last_attempt.v(166)
HDL-1007 : undeclared symbol 'cam_write_req_ack', assumed default net type 'wire' in last_attempt.v(282)
HDL-1007 : undeclared symbol 'sd_card_write_req_ack', assumed default net type 'wire' in last_attempt.v(283)
HDL-1007 : undeclared symbol 'VGA_HSYNC', assumed default net type 'wire' in last_attempt.v(331)
HDL-1007 : undeclared symbol 'VGA_VSYNC', assumed default net type 'wire' in last_attempt.v(332)
HDL-1007 : undeclared symbol 'rd_en', assumed default net type 'wire' in last_attempt.v(334)
HDL-7225 CRITICAL-WARNING: 'sd_card_write_req_ack' is already implicitly declared on line 283 in last_attempt.v(387)
HDL-7225 CRITICAL-WARNING: 'cam_write_req_ack' is already implicitly declared on line 282 in last_attempt.v(444)
HDL-1007 : undeclared symbol 'tpg_data_done', assumed default net type 'wire' in last_attempt.v(637)
HDL-1007 : undeclared symbol 'full_flag', assumed default net type 'wire' in last_attempt.v(671)
HDL-1007 : undeclared symbol 'input_local_udp_port_num', assumed default net type 'wire' in last_attempt.v(702)
HDL-1007 : undeclared symbol 'input_local_udp_port_num_valid', assumed default net type 'wire' in last_attempt.v(703)
HDL-1007 : undeclared symbol 'input_local_ip_address_valid', assumed default net type 'wire' in last_attempt.v(706)
HDL-1007 : analyze verilog file ../source_code/rtl/udp/BUFGMUX.v
HDL-1007 : analyze verilog file ../source_code/rtl/udp/IDDR.v
HDL-1007 : analyze verilog file ../source_code/rtl/udp/ODDR.v
HDL-1007 : analyze verilog file ../source_code/rtl/udp/RAMB16_S9_S9.v
HDL-1007 : undeclared symbol 'open', assumed default net type 'wire' in ../source_code/rtl/udp/RAMB16_S9_S9.v(109)
HDL-1007 : analyze verilog file ../source_code/rtl/udp/clk_gen_rst_gen.v
HDL-1007 : analyze verilog file ../source_code/rtl/udp/div_clk_gen.v
HDL-1007 : analyze verilog file ../source_code/rtl/udp/rgmii_interface.v
HDL-1007 : analyze verilog file ../source_code/rtl/udp/rx_client_fifo.v
HDL-5370 WARNING: parameter 'WAIT_s' becomes localparam in 'rx_client_fifo' with formal parameter declaration list in ../source_code/rtl/udp/rx_client_fifo.v(49)
HDL-5370 WARNING: parameter 'QUEUE1_s' becomes localparam in 'rx_client_fifo' with formal parameter declaration list in ../source_code/rtl/udp/rx_client_fifo.v(50)
HDL-5370 WARNING: parameter 'QUEUE2_s' becomes localparam in 'rx_client_fifo' with formal parameter declaration list in ../source_code/rtl/udp/rx_client_fifo.v(51)
HDL-5370 WARNING: parameter 'QUEUE3_s' becomes localparam in 'rx_client_fifo' with formal parameter declaration list in ../source_code/rtl/udp/rx_client_fifo.v(52)
HDL-5370 WARNING: parameter 'QUEUE_SOF_s' becomes localparam in 'rx_client_fifo' with formal parameter declaration list in ../source_code/rtl/udp/rx_client_fifo.v(53)
HDL-5370 WARNING: parameter 'SOF_s' becomes localparam in 'rx_client_fifo' with formal parameter declaration list in ../source_code/rtl/udp/rx_client_fifo.v(54)
HDL-5370 WARNING: parameter 'DATA_s' becomes localparam in 'rx_client_fifo' with formal parameter declaration list in ../source_code/rtl/udp/rx_client_fifo.v(55)
HDL-5370 WARNING: parameter 'EOF_s' becomes localparam in 'rx_client_fifo' with formal parameter declaration list in ../source_code/rtl/udp/rx_client_fifo.v(56)
HDL-5370 WARNING: parameter 'IDLE_s' becomes localparam in 'rx_client_fifo' with formal parameter declaration list in ../source_code/rtl/udp/rx_client_fifo.v(62)
HDL-5370 WARNING: parameter 'FRAME_s' becomes localparam in 'rx_client_fifo' with formal parameter declaration list in ../source_code/rtl/udp/rx_client_fifo.v(63)
HDL-5370 Similar messages will be suppressed.
HDL-1007 : analyze verilog file ../source_code/rtl/udp/temac_block.v
HDL-1007 : analyze verilog file ../source_code/rtl/udp/temac_clk_gen.v
HDL-1007 : analyze verilog file ../source_code/rtl/udp/tx_client_fifo.v
HDL-5370 WARNING: parameter 'IDLE_s' becomes localparam in 'tx_client_fifo' with formal parameter declaration list in ../source_code/rtl/udp/tx_client_fifo.v(53)
HDL-5370 WARNING: parameter 'QUEUE1_s' becomes localparam in 'tx_client_fifo' with formal parameter declaration list in ../source_code/rtl/udp/tx_client_fifo.v(54)
HDL-5370 WARNING: parameter 'QUEUE2_s' becomes localparam in 'tx_client_fifo' with formal parameter declaration list in ../source_code/rtl/udp/tx_client_fifo.v(55)
HDL-5370 WARNING: parameter 'QUEUE3_s' becomes localparam in 'tx_client_fifo' with formal parameter declaration list in ../source_code/rtl/udp/tx_client_fifo.v(56)
HDL-5370 WARNING: parameter 'QUEUE_ACK_s' becomes localparam in 'tx_client_fifo' with formal parameter declaration list in ../source_code/rtl/udp/tx_client_fifo.v(57)
HDL-5370 WARNING: parameter 'WAIT_ACK_s' becomes localparam in 'tx_client_fifo' with formal parameter declaration list in ../source_code/rtl/udp/tx_client_fifo.v(58)
HDL-5370 WARNING: parameter 'FRAME_s' becomes localparam in 'tx_client_fifo' with formal parameter declaration list in ../source_code/rtl/udp/tx_client_fifo.v(59)
HDL-5370 WARNING: parameter 'DROP_s' becomes localparam in 'tx_client_fifo' with formal parameter declaration list in ../source_code/rtl/udp/tx_client_fifo.v(60)
HDL-5370 WARNING: parameter 'RETRANSMIT_s' becomes localparam in 'tx_client_fifo' with formal parameter declaration list in ../source_code/rtl/udp/tx_client_fifo.v(61)
HDL-5370 WARNING: parameter 'WAIT_s' becomes localparam in 'tx_client_fifo' with formal parameter declaration list in ../source_code/rtl/udp/tx_client_fifo.v(67)
HDL-5370 Similar messages will be suppressed.
HDL-1007 : analyze verilog file ../source_code/rtl/udp/tx_clk_en_gen.v
HDL-1007 : analyze verilog file ../source_code/rtl/udp/udp_data_tpg.v
HDL-1007 : analyze verilog file ../source_code/rtl/udp/udp_ip_protocol_stack_merge.enc.v
HDL-1007 : back to file '../source_code/rtl/udp/udp_ip_protocol_stack_merge.enc.v' in ../source_code/rtl/udp/udp_ip_protocol_stack_merge.enc.v(56)
HDL-1007 : undeclared symbol '**', assumed default net type '**' in ../source_code/rtl/udp/udp_ip_protocol_stack_merge.enc.v(2638)
HDL-1007 : back to file '../source_code/rtl/udp/udp_ip_protocol_stack_merge.enc.v' in ../source_code/rtl/udp/udp_ip_protocol_stack_merge.enc.v(420)
HDL-1007 : analyze verilog file ../source_code/rtl/udp/udp_loopback.v
HDL-1007 : analyze verilog file al_ip/TEMAC_CORE/RTL/include/define.v
HDL-1007 : analyze verilog file al_ip/TEMAC_CORE/RTL/TEMAC_CORE_aead6cd6dadd.v
HDL-5007 WARNING: column 1032 exceeds maximum value 1023 in al_ip/TEMAC_CORE/RTL/TEMAC_CORE_aead6cd6dadd.v(30)
HDL-1007 : back to file 'al_ip/TEMAC_CORE/RTL/TEMAC_CORE_aead6cd6dadd.v' in al_ip/TEMAC_CORE/RTL/TEMAC_CORE_aead6cd6dadd.v(86)
HDL-5007 WARNING: event expressions must result in a singular type in al_ip/TEMAC_CORE/RTL/TEMAC_CORE_aead6cd6dadd.v(3001)
HDL-1007 : undeclared symbol '**', assumed default net type '**' in al_ip/TEMAC_CORE/RTL/TEMAC_CORE_aead6cd6dadd.v(5050)
HDL-1007 : undeclared symbol '**', assumed default net type '**' in al_ip/TEMAC_CORE/RTL/TEMAC_CORE_aead6cd6dadd.v(5458)
HDL-5007 WARNING: column 1035 exceeds maximum value 1023 in al_ip/TEMAC_CORE/RTL/TEMAC_CORE_aead6cd6dadd.v(6001)
HDL-1007 : back to file 'al_ip/TEMAC_CORE/RTL/TEMAC_CORE_aead6cd6dadd.v' in al_ip/TEMAC_CORE/RTL/TEMAC_CORE_aead6cd6dadd.v(260)
HDL-1007 : analyze verilog file al_ip/TEMAC_CORE/RTL/mac_core_aead6cd6dadd.v
HDL-1007 : analyze verilog file al_ip/TEMAC_CORE/TEMAC_CORE.v
HDL-1007 : analyze verilog file al_ip/pll_gen.v
HDL-1007 : undeclared symbol 'pll_gen_open0', assumed default net type 'wire' in al_ip/pll_gen.v(99)
HDL-1007 : undeclared symbol 'pll_gen_open8', assumed default net type 'wire' in al_ip/pll_gen.v(105)
HDL-1007 : undeclared symbol 'pll_gen_open7', assumed default net type 'wire' in al_ip/pll_gen.v(105)
HDL-1007 : undeclared symbol 'pll_gen_open6', assumed default net type 'wire' in al_ip/pll_gen.v(105)
HDL-1007 : undeclared symbol 'pll_gen_open5', assumed default net type 'wire' in al_ip/pll_gen.v(105)
HDL-1007 : undeclared symbol 'pll_gen_open4', assumed default net type 'wire' in al_ip/pll_gen.v(105)
HDL-1007 : undeclared symbol 'pll_gen_open3', assumed default net type 'wire' in al_ip/pll_gen.v(105)
HDL-1007 : undeclared symbol 'pll_gen_open2', assumed default net type 'wire' in al_ip/pll_gen.v(105)
HDL-1007 : undeclared symbol 'pll_gen_open1', assumed default net type 'wire' in al_ip/pll_gen.v(105)
HDL-1007 : analyze verilog file al_ip/sys_pll.v
HDL-1007 : undeclared symbol 'sys_pll_open0', assumed default net type 'wire' in al_ip/sys_pll.v(77)
HDL-1007 : undeclared symbol 'sys_pll_open1', assumed default net type 'wire' in al_ip/sys_pll.v(83)
HDL-1007 : undeclared symbol 'sys_pll_open9', assumed default net type 'wire' in al_ip/sys_pll.v(89)
HDL-1007 : undeclared symbol 'sys_pll_open8', assumed default net type 'wire' in al_ip/sys_pll.v(89)
HDL-1007 : undeclared symbol 'sys_pll_open7', assumed default net type 'wire' in al_ip/sys_pll.v(89)
HDL-1007 : undeclared symbol 'sys_pll_open6', assumed default net type 'wire' in al_ip/sys_pll.v(89)
HDL-1007 : undeclared symbol 'sys_pll_open5', assumed default net type 'wire' in al_ip/sys_pll.v(89)
HDL-1007 : undeclared symbol 'sys_pll_open4', assumed default net type 'wire' in al_ip/sys_pll.v(89)
HDL-1007 : undeclared symbol 'sys_pll_open3', assumed default net type 'wire' in al_ip/sys_pll.v(89)
HDL-1007 : undeclared symbol 'sys_pll_open2', assumed default net type 'wire' in al_ip/sys_pll.v(89)
HDL-1007 : undeclared symbol 'sys_pll_open11', assumed default net type 'wire' in al_ip/sys_pll.v(91)
HDL-1007 : undeclared symbol 'sys_pll_open10', assumed default net type 'wire' in al_ip/sys_pll.v(91)
HDL-1007 : analyze verilog file ../source_code/rtl/sd_card/ax_debounce.v
HDL-1007 : analyze verilog file ../source_code/rtl/sd_card/bmp_read.v
HDL-1007 : analyze verilog file ../source_code/rtl/sd_card/sd_card_bmp.v
HDL-1007 : analyze verilog file ../source_code/rtl/sd_card/sd_card_cmd.v
HDL-1007 : analyze verilog file ../source_code/rtl/sd_card/sd_card_sec_read_write.v
HDL-1007 : analyze verilog file ../source_code/rtl/sd_card/sd_card_top.v
HDL-1007 : analyze verilog file ../source_code/rtl/sd_card/spi_master.v
HDL-1007 : analyze verilog file ../source_code/rtl/sdram/enc_file/global_def.v
HDL-1007 : analyze verilog file ../source_code/rtl/sdram/enc_file/sdr_as_ram.enc.v
HDL-1007 : back to file '../source_code/rtl/sdram/enc_file/sdr_as_ram.enc.v' in ../source_code/rtl/sdram/enc_file/sdr_as_ram.enc.v(54)
HDL-1007 : analyze verilog file ../source_code/rtl/sdram/enc_file/sdr_wrrd.enc.v
HDL-5007 WARNING: concatenation with an unsized literal will be treated as 32 bits in ../source_code/rtl/sdram/enc_file/sdr_wrrd.enc.v(283)
HDL-1007 : back to file '../source_code/rtl/sdram/enc_file/sdr_wrrd.enc.v' in ../source_code/rtl/sdram/enc_file/sdr_wrrd.enc.v(19)
HDL-1007 : analyze verilog file ../source_code/rtl/frame_fifo/afifo_16_32_256.v
HDL-1007 : analyze verilog file ../source_code/rtl/frame_fifo/afifo_32_16_256.v
HDL-1007 : analyze verilog file ../source_code/rtl/frame_fifo/frame_fifo_read.v
HDL-1007 : analyze verilog file ../source_code/rtl/frame_fifo/frame_fifo_write.v
HDL-1007 : analyze verilog file ../source_code/rtl/frame_fifo/frame_read_write.v
HDL-1007 : analyze verilog file ../source_code/rtl/sdram/sdram.v
HDL-1007 : analyze included file ../source_code/rtl/sdram/enc_file/global_def.v in ../source_code/rtl/sdram/sdram.v(10)
HDL-1007 : back to file '../source_code/rtl/sdram/sdram.v' in ../source_code/rtl/sdram/sdram.v(10)
HDL-1007 : undeclared symbol 'SDR_CKE', assumed default net type 'wire' in ../source_code/rtl/sdram/sdram.v(89)
HDL-1007 : analyze verilog file ../source_code/rtl/sdram/enc_file/sdr_init_ref.enc.v
HDL-1007 : analyze included file ../source_code/rtl/sdram/enc_file/global_def.v in ../source_code/rtl/sdram/enc_file/sdr_init_ref.enc.v(11)
HDL-1007 : back to file '../source_code/rtl/sdram/enc_file/sdr_init_ref.enc.v' in ../source_code/rtl/sdram/enc_file/sdr_init_ref.enc.v(11)
HDL-1007 : undeclared symbol '**', assumed default net type '**' in ../source_code/rtl/sdram/enc_file/sdr_init_ref.enc.v(57)
HDL-1007 : back to file '../source_code/rtl/sdram/enc_file/sdr_init_ref.enc.v' in ../source_code/rtl/sdram/enc_file/sdr_init_ref.enc.v(149)
HDL-5007 WARNING: concatenation with an unsized literal will be treated as 32 bits in ../source_code/rtl/sdram/enc_file/sdr_init_ref.enc.v(47)
HDL-1007 : analyze verilog file ../source_code/rtl/video_timing/color_bar.v
HDL-1007 : analyze included file ../source_code/rtl/video_timing/video_define.v in ../source_code/rtl/video_timing/color_bar.v(2)
HDL-1007 : back to file '../source_code/rtl/video_timing/color_bar.v' in ../source_code/rtl/video_timing/color_bar.v(2)
HDL-1007 : analyze verilog file ../source_code/rtl/video_timing/video_delay.v
HDL-1007 : analyze verilog file ../source_code/rtl/video_timing/video_timing_data.v
HDL-1007 : analyze verilog file ../source_code/rtl/another/m_synchronization_header.v
HDL-1007 : analyze verilog file ../source_code/rtl/led.v
HDL-1007 : analyze verilog file ../source_code/rtl/ov5640/cmos_capture_data.v
HDL-1007 : analyze verilog file ../source_code/rtl/ov5640/i2c_dri.v
HDL-1007 : analyze verilog file ../source_code/rtl/ov5640/i2c_ov5640_rgb565_cfg.v
HDL-1007 : analyze verilog file ../source_code/rtl/ov5640/ov5640_delay.v
HDL-1007 : analyze verilog file ../source_code/rtl/ov5640/ov5640_dri.v
HDL-1007 : analyze verilog file al_ip/clk_wize.v
HDL-1007 : undeclared symbol 'open', assumed default net type 'wire' in al_ip/clk_wize.v(70)
HDL-1007 : analyze verilog file al_ip/ram.v
HDL-1007 : analyze verilog file ../source_code/rtl/app/addr_crt.v
HDL-1007 : analyze verilog file ../source_code/rtl/app/app.v
HDL-1007 : analyze verilog file ../source_code/rtl/app/vga_disp_rtl.v
HDL-1007 : analyze VHDL file ../source_code/rtl/hdmi_rtl/enc_file/DVITransmitter.enc.vhd
HDL-1007 : analyze entity dvitransmitter in ../source_code/rtl/hdmi_rtl/enc_file/DVITransmitter.enc.vhd(13)
HDL-1007 : analyze architecture ** in ../source_code/rtl/hdmi_rtl/enc_file/DVITransmitter.enc.vhd(2)
HDL-1007 : analyze VHDL file ../source_code/rtl/hdmi_rtl/enc_file/SerializerN_1_lvds.enc.vhd
HDL-1007 : analyze entity ** in ../source_code/rtl/hdmi_rtl/enc_file/SerializerN_1_lvds.enc.vhd(12)
HDL-1007 : analyze architecture ** in ../source_code/rtl/hdmi_rtl/enc_file/SerializerN_1_lvds.enc.vhd(25)
HDL-1007 : analyze VHDL file ../source_code/rtl/hdmi_rtl/enc_file/SerializerN_1_lvds_dat.enc.vhd
HDL-1007 : analyze entity ** in ../source_code/rtl/hdmi_rtl/enc_file/SerializerN_1_lvds_dat.enc.vhd(14)
HDL-1007 : analyze architecture ** in ../source_code/rtl/hdmi_rtl/enc_file/SerializerN_1_lvds_dat.enc.vhd(28)
HDL-1007 : analyze VHDL file ../source_code/rtl/hdmi_rtl/enc_file/TMDSEncoder.enc.vhd
HDL-1007 : analyze entity ** in ../source_code/rtl/hdmi_rtl/enc_file/TMDSEncoder.enc.vhd(13)
HDL-1007 : analyze architecture ** in ../source_code/rtl/hdmi_rtl/enc_file/TMDSEncoder.enc.vhd(24)
HDL-1007 : analyze verilog file ../source_code/rtl/hdmi_rtl/enc_file/video_tpg_1024768.enc.v
HDL-5007 WARNING: literal value ** truncated to fit in ** bits in ../source_code/rtl/hdmi_rtl/enc_file/video_tpg_1024768.enc.v(231)
HDL-1007 : back to file '../source_code/rtl/hdmi_rtl/enc_file/video_tpg_1024768.enc.v' in ../source_code/rtl/hdmi_rtl/enc_file/video_tpg_1024768.enc.v(1)
HDL-1007 : analyze verilog file ../source_code/rtl/hdmi_rtl/enc_file/video_tpg_1080p.enc.v
HDL-1007 : back to file '../source_code/rtl/hdmi_rtl/enc_file/video_tpg_1080p.enc.v' in ../source_code/rtl/hdmi_rtl/enc_file/video_tpg_1080p.enc.v(1)
HDL-1007 : analyze verilog file ../source_code/rtl/hdmi_rtl/enc_file/video_tpg_12801024p.enc.v
HDL-1007 : back to file '../source_code/rtl/hdmi_rtl/enc_file/video_tpg_12801024p.enc.v' in ../source_code/rtl/hdmi_rtl/enc_file/video_tpg_12801024p.enc.v(1)
HDL-1007 : analyze verilog file ../source_code/rtl/hdmi_rtl/enc_file/video_tpg_1280800.enc.v
HDL-5007 WARNING: literal value ** truncated to fit in ** bits in ../source_code/rtl/hdmi_rtl/enc_file/video_tpg_1280800.enc.v(233)
HDL-1007 : back to file '../source_code/rtl/hdmi_rtl/enc_file/video_tpg_1280800.enc.v' in ../source_code/rtl/hdmi_rtl/enc_file/video_tpg_1280800.enc.v(1)
HDL-1007 : analyze verilog file ../source_code/rtl/hdmi_rtl/enc_file/video_tpg_16801050p.enc.v
HDL-1007 : back to file '../source_code/rtl/hdmi_rtl/enc_file/video_tpg_16801050p.enc.v' in ../source_code/rtl/hdmi_rtl/enc_file/video_tpg_16801050p.enc.v(1)
HDL-1007 : analyze verilog file ../source_code/rtl/hdmi_rtl/enc_file/video_tpg_800600.enc.v
HDL-1007 : back to file '../source_code/rtl/hdmi_rtl/enc_file/video_tpg_800600.enc.v' in ../source_code/rtl/hdmi_rtl/enc_file/video_tpg_800600.enc.v(1)
HDL-1007 : analyze VHDL file ../source_code/rtl/hdmi_rtl/hdmi_tx.vhd
HDL-1007 : analyze entity hdmi_tx in ../source_code/rtl/hdmi_rtl/hdmi_tx.vhd(11)
HDL-1007 : analyze architecture behavioral in ../source_code/rtl/hdmi_rtl/hdmi_tx.vhd(33)
HDL-1007 : analyze verilog file ../source_code/rtl/hdmi_rtl/vga_disp_rtl.v
HDL-7201 CRITICAL-WARNING: overwrite current module 'vga_disp_rtl' in ../source_code/rtl/hdmi_rtl/vga_disp_rtl.v(1)
HDL-7307 CRITICAL-WARNING: previous definition of design element module 'vga_disp_rtl' is here. This is because multiple modules(values) with the same name are defined. Please consider rewriting code in ../source_code/rtl/app/vga_disp_rtl.v(1)
RUN-1002 : start command "commit_param -step design"
RUN-1001 : Print Global Property
RUN-1001 : --------------------------------------------------------
RUN-1001 :   Parameters   |  Settings  |  Default Values  |  Note  
RUN-1001 : --------------------------------------------------------
RUN-1001 :   enable_seed  |    off     |       off        |        
RUN-1001 :     message    |  standard  |     standard     |        
RUN-1001 :   qor_monitor  |     on     |        on        |        
RUN-1001 :   syn_ip_flow  |    off     |       off        |        
RUN-1001 :     thread     |    auto    |       auto       |        
RUN-1001 : --------------------------------------------------------
RUN-1001 : Print Design Property
RUN-1001 : ----------------------------------------------------------------
RUN-1001 :       Parameters       |  Settings  |  Default Values  |  Note  
RUN-1001 : ----------------------------------------------------------------
RUN-1001 :   default_reg_initial  |    auto    |       auto       |        
RUN-1001 :    hdl_warning_level   |   normal   |      normal      |        
RUN-1001 : ----------------------------------------------------------------
HDL-1007 : analyze verilog file last_attempt.v
HDL-1007 : undeclared symbol 'phy_reset', assumed default net type 'wire' in last_attempt.v(166)
HDL-1007 : undeclared symbol 'cam_write_req_ack', assumed default net type 'wire' in last_attempt.v(283)
HDL-1007 : undeclared symbol 'sd_card_write_req_ack', assumed default net type 'wire' in last_attempt.v(284)
HDL-1007 : undeclared symbol 'VGA_HSYNC', assumed default net type 'wire' in last_attempt.v(332)
HDL-1007 : undeclared symbol 'VGA_VSYNC', assumed default net type 'wire' in last_attempt.v(333)
HDL-1007 : undeclared symbol 'rd_en', assumed default net type 'wire' in last_attempt.v(335)
HDL-7225 CRITICAL-WARNING: 'sd_card_write_req_ack' is already implicitly declared on line 284 in last_attempt.v(388)
HDL-7225 CRITICAL-WARNING: 'cam_write_req_ack' is already implicitly declared on line 283 in last_attempt.v(445)
HDL-1007 : undeclared symbol 'tpg_data_done', assumed default net type 'wire' in last_attempt.v(638)
HDL-1007 : undeclared symbol 'full_flag', assumed default net type 'wire' in last_attempt.v(672)
HDL-1007 : undeclared symbol 'input_local_udp_port_num', assumed default net type 'wire' in last_attempt.v(703)
HDL-1007 : undeclared symbol 'input_local_udp_port_num_valid', assumed default net type 'wire' in last_attempt.v(704)
HDL-1007 : undeclared symbol 'input_local_ip_address_valid', assumed default net type 'wire' in last_attempt.v(707)
HDL-1007 : analyze verilog file ../source_code/rtl/udp/BUFGMUX.v
HDL-1007 : analyze verilog file ../source_code/rtl/udp/IDDR.v
HDL-1007 : analyze verilog file ../source_code/rtl/udp/ODDR.v
HDL-1007 : analyze verilog file ../source_code/rtl/udp/RAMB16_S9_S9.v
HDL-1007 : undeclared symbol 'open', assumed default net type 'wire' in ../source_code/rtl/udp/RAMB16_S9_S9.v(109)
HDL-1007 : analyze verilog file ../source_code/rtl/udp/clk_gen_rst_gen.v
HDL-1007 : analyze verilog file ../source_code/rtl/udp/div_clk_gen.v
HDL-1007 : analyze verilog file ../source_code/rtl/udp/rgmii_interface.v
HDL-1007 : analyze verilog file ../source_code/rtl/udp/rx_client_fifo.v
HDL-5370 WARNING: parameter 'WAIT_s' becomes localparam in 'rx_client_fifo' with formal parameter declaration list in ../source_code/rtl/udp/rx_client_fifo.v(49)
HDL-5370 WARNING: parameter 'QUEUE1_s' becomes localparam in 'rx_client_fifo' with formal parameter declaration list in ../source_code/rtl/udp/rx_client_fifo.v(50)
HDL-5370 WARNING: parameter 'QUEUE2_s' becomes localparam in 'rx_client_fifo' with formal parameter declaration list in ../source_code/rtl/udp/rx_client_fifo.v(51)
HDL-5370 WARNING: parameter 'QUEUE3_s' becomes localparam in 'rx_client_fifo' with formal parameter declaration list in ../source_code/rtl/udp/rx_client_fifo.v(52)
HDL-5370 WARNING: parameter 'QUEUE_SOF_s' becomes localparam in 'rx_client_fifo' with formal parameter declaration list in ../source_code/rtl/udp/rx_client_fifo.v(53)
HDL-5370 WARNING: parameter 'SOF_s' becomes localparam in 'rx_client_fifo' with formal parameter declaration list in ../source_code/rtl/udp/rx_client_fifo.v(54)
HDL-5370 WARNING: parameter 'DATA_s' becomes localparam in 'rx_client_fifo' with formal parameter declaration list in ../source_code/rtl/udp/rx_client_fifo.v(55)
HDL-5370 WARNING: parameter 'EOF_s' becomes localparam in 'rx_client_fifo' with formal parameter declaration list in ../source_code/rtl/udp/rx_client_fifo.v(56)
HDL-5370 WARNING: parameter 'IDLE_s' becomes localparam in 'rx_client_fifo' with formal parameter declaration list in ../source_code/rtl/udp/rx_client_fifo.v(62)
HDL-5370 WARNING: parameter 'FRAME_s' becomes localparam in 'rx_client_fifo' with formal parameter declaration list in ../source_code/rtl/udp/rx_client_fifo.v(63)
HDL-5370 Similar messages will be suppressed.
HDL-1007 : analyze verilog file ../source_code/rtl/udp/temac_block.v
HDL-1007 : analyze verilog file ../source_code/rtl/udp/temac_clk_gen.v
HDL-1007 : analyze verilog file ../source_code/rtl/udp/tx_client_fifo.v
HDL-5370 WARNING: parameter 'IDLE_s' becomes localparam in 'tx_client_fifo' with formal parameter declaration list in ../source_code/rtl/udp/tx_client_fifo.v(53)
HDL-5370 WARNING: parameter 'QUEUE1_s' becomes localparam in 'tx_client_fifo' with formal parameter declaration list in ../source_code/rtl/udp/tx_client_fifo.v(54)
HDL-5370 WARNING: parameter 'QUEUE2_s' becomes localparam in 'tx_client_fifo' with formal parameter declaration list in ../source_code/rtl/udp/tx_client_fifo.v(55)
HDL-5370 WARNING: parameter 'QUEUE3_s' becomes localparam in 'tx_client_fifo' with formal parameter declaration list in ../source_code/rtl/udp/tx_client_fifo.v(56)
HDL-5370 WARNING: parameter 'QUEUE_ACK_s' becomes localparam in 'tx_client_fifo' with formal parameter declaration list in ../source_code/rtl/udp/tx_client_fifo.v(57)
HDL-5370 WARNING: parameter 'WAIT_ACK_s' becomes localparam in 'tx_client_fifo' with formal parameter declaration list in ../source_code/rtl/udp/tx_client_fifo.v(58)
HDL-5370 WARNING: parameter 'FRAME_s' becomes localparam in 'tx_client_fifo' with formal parameter declaration list in ../source_code/rtl/udp/tx_client_fifo.v(59)
HDL-5370 WARNING: parameter 'DROP_s' becomes localparam in 'tx_client_fifo' with formal parameter declaration list in ../source_code/rtl/udp/tx_client_fifo.v(60)
HDL-5370 WARNING: parameter 'RETRANSMIT_s' becomes localparam in 'tx_client_fifo' with formal parameter declaration list in ../source_code/rtl/udp/tx_client_fifo.v(61)
HDL-5370 WARNING: parameter 'WAIT_s' becomes localparam in 'tx_client_fifo' with formal parameter declaration list in ../source_code/rtl/udp/tx_client_fifo.v(67)
HDL-5370 Similar messages will be suppressed.
HDL-1007 : analyze verilog file ../source_code/rtl/udp/tx_clk_en_gen.v
HDL-1007 : analyze verilog file ../source_code/rtl/udp/udp_data_tpg.v
HDL-1007 : analyze verilog file ../source_code/rtl/udp/udp_ip_protocol_stack_merge.enc.v
HDL-1007 : back to file '../source_code/rtl/udp/udp_ip_protocol_stack_merge.enc.v' in ../source_code/rtl/udp/udp_ip_protocol_stack_merge.enc.v(56)
HDL-1007 : undeclared symbol '**', assumed default net type '**' in ../source_code/rtl/udp/udp_ip_protocol_stack_merge.enc.v(2638)
HDL-1007 : back to file '../source_code/rtl/udp/udp_ip_protocol_stack_merge.enc.v' in ../source_code/rtl/udp/udp_ip_protocol_stack_merge.enc.v(420)
HDL-1007 : analyze verilog file ../source_code/rtl/udp/udp_loopback.v
HDL-1007 : analyze verilog file al_ip/TEMAC_CORE/RTL/include/define.v
HDL-1007 : analyze verilog file al_ip/TEMAC_CORE/RTL/TEMAC_CORE_aead6cd6dadd.v
HDL-5007 WARNING: column 1032 exceeds maximum value 1023 in al_ip/TEMAC_CORE/RTL/TEMAC_CORE_aead6cd6dadd.v(30)
HDL-1007 : back to file 'al_ip/TEMAC_CORE/RTL/TEMAC_CORE_aead6cd6dadd.v' in al_ip/TEMAC_CORE/RTL/TEMAC_CORE_aead6cd6dadd.v(86)
HDL-5007 WARNING: event expressions must result in a singular type in al_ip/TEMAC_CORE/RTL/TEMAC_CORE_aead6cd6dadd.v(3001)
HDL-1007 : undeclared symbol '**', assumed default net type '**' in al_ip/TEMAC_CORE/RTL/TEMAC_CORE_aead6cd6dadd.v(5050)
HDL-1007 : undeclared symbol '**', assumed default net type '**' in al_ip/TEMAC_CORE/RTL/TEMAC_CORE_aead6cd6dadd.v(5458)
HDL-5007 WARNING: column 1035 exceeds maximum value 1023 in al_ip/TEMAC_CORE/RTL/TEMAC_CORE_aead6cd6dadd.v(6001)
HDL-1007 : back to file 'al_ip/TEMAC_CORE/RTL/TEMAC_CORE_aead6cd6dadd.v' in al_ip/TEMAC_CORE/RTL/TEMAC_CORE_aead6cd6dadd.v(260)
HDL-1007 : analyze verilog file al_ip/TEMAC_CORE/RTL/mac_core_aead6cd6dadd.v
HDL-1007 : analyze verilog file al_ip/TEMAC_CORE/TEMAC_CORE.v
HDL-1007 : analyze verilog file al_ip/pll_gen.v
HDL-1007 : undeclared symbol 'pll_gen_open0', assumed default net type 'wire' in al_ip/pll_gen.v(99)
HDL-1007 : undeclared symbol 'pll_gen_open8', assumed default net type 'wire' in al_ip/pll_gen.v(105)
HDL-1007 : undeclared symbol 'pll_gen_open7', assumed default net type 'wire' in al_ip/pll_gen.v(105)
HDL-1007 : undeclared symbol 'pll_gen_open6', assumed default net type 'wire' in al_ip/pll_gen.v(105)
HDL-1007 : undeclared symbol 'pll_gen_open5', assumed default net type 'wire' in al_ip/pll_gen.v(105)
HDL-1007 : undeclared symbol 'pll_gen_open4', assumed default net type 'wire' in al_ip/pll_gen.v(105)
HDL-1007 : undeclared symbol 'pll_gen_open3', assumed default net type 'wire' in al_ip/pll_gen.v(105)
HDL-1007 : undeclared symbol 'pll_gen_open2', assumed default net type 'wire' in al_ip/pll_gen.v(105)
HDL-1007 : undeclared symbol 'pll_gen_open1', assumed default net type 'wire' in al_ip/pll_gen.v(105)
HDL-1007 : analyze verilog file al_ip/sys_pll.v
HDL-1007 : undeclared symbol 'sys_pll_open0', assumed default net type 'wire' in al_ip/sys_pll.v(77)
HDL-1007 : undeclared symbol 'sys_pll_open1', assumed default net type 'wire' in al_ip/sys_pll.v(83)
HDL-1007 : undeclared symbol 'sys_pll_open9', assumed default net type 'wire' in al_ip/sys_pll.v(89)
HDL-1007 : undeclared symbol 'sys_pll_open8', assumed default net type 'wire' in al_ip/sys_pll.v(89)
HDL-1007 : undeclared symbol 'sys_pll_open7', assumed default net type 'wire' in al_ip/sys_pll.v(89)
HDL-1007 : undeclared symbol 'sys_pll_open6', assumed default net type 'wire' in al_ip/sys_pll.v(89)
HDL-1007 : undeclared symbol 'sys_pll_open5', assumed default net type 'wire' in al_ip/sys_pll.v(89)
HDL-1007 : undeclared symbol 'sys_pll_open4', assumed default net type 'wire' in al_ip/sys_pll.v(89)
HDL-1007 : undeclared symbol 'sys_pll_open3', assumed default net type 'wire' in al_ip/sys_pll.v(89)
HDL-1007 : undeclared symbol 'sys_pll_open2', assumed default net type 'wire' in al_ip/sys_pll.v(89)
HDL-1007 : undeclared symbol 'sys_pll_open11', assumed default net type 'wire' in al_ip/sys_pll.v(91)
HDL-1007 : undeclared symbol 'sys_pll_open10', assumed default net type 'wire' in al_ip/sys_pll.v(91)
HDL-1007 : analyze verilog file ../source_code/rtl/sd_card/ax_debounce.v
HDL-1007 : analyze verilog file ../source_code/rtl/sd_card/bmp_read.v
HDL-1007 : analyze verilog file ../source_code/rtl/sd_card/sd_card_bmp.v
HDL-1007 : analyze verilog file ../source_code/rtl/sd_card/sd_card_cmd.v
HDL-1007 : analyze verilog file ../source_code/rtl/sd_card/sd_card_sec_read_write.v
HDL-1007 : analyze verilog file ../source_code/rtl/sd_card/sd_card_top.v
HDL-1007 : analyze verilog file ../source_code/rtl/sd_card/spi_master.v
HDL-1007 : analyze verilog file ../source_code/rtl/sdram/enc_file/global_def.v
HDL-1007 : analyze verilog file ../source_code/rtl/sdram/enc_file/sdr_as_ram.enc.v
HDL-1007 : back to file '../source_code/rtl/sdram/enc_file/sdr_as_ram.enc.v' in ../source_code/rtl/sdram/enc_file/sdr_as_ram.enc.v(54)
HDL-1007 : analyze verilog file ../source_code/rtl/sdram/enc_file/sdr_wrrd.enc.v
HDL-5007 WARNING: concatenation with an unsized literal will be treated as 32 bits in ../source_code/rtl/sdram/enc_file/sdr_wrrd.enc.v(283)
HDL-1007 : back to file '../source_code/rtl/sdram/enc_file/sdr_wrrd.enc.v' in ../source_code/rtl/sdram/enc_file/sdr_wrrd.enc.v(19)
HDL-1007 : analyze verilog file ../source_code/rtl/frame_fifo/afifo_16_32_256.v
HDL-1007 : analyze verilog file ../source_code/rtl/frame_fifo/afifo_32_16_256.v
HDL-1007 : analyze verilog file ../source_code/rtl/frame_fifo/frame_fifo_read.v
HDL-1007 : analyze verilog file ../source_code/rtl/frame_fifo/frame_fifo_write.v
HDL-1007 : analyze verilog file ../source_code/rtl/frame_fifo/frame_read_write.v
HDL-1007 : analyze verilog file ../source_code/rtl/sdram/sdram.v
HDL-1007 : analyze included file ../source_code/rtl/sdram/enc_file/global_def.v in ../source_code/rtl/sdram/sdram.v(10)
HDL-1007 : back to file '../source_code/rtl/sdram/sdram.v' in ../source_code/rtl/sdram/sdram.v(10)
HDL-1007 : undeclared symbol 'SDR_CKE', assumed default net type 'wire' in ../source_code/rtl/sdram/sdram.v(89)
HDL-1007 : analyze verilog file ../source_code/rtl/sdram/enc_file/sdr_init_ref.enc.v
HDL-1007 : analyze included file ../source_code/rtl/sdram/enc_file/global_def.v in ../source_code/rtl/sdram/enc_file/sdr_init_ref.enc.v(11)
HDL-1007 : back to file '../source_code/rtl/sdram/enc_file/sdr_init_ref.enc.v' in ../source_code/rtl/sdram/enc_file/sdr_init_ref.enc.v(11)
HDL-1007 : undeclared symbol '**', assumed default net type '**' in ../source_code/rtl/sdram/enc_file/sdr_init_ref.enc.v(57)
HDL-1007 : back to file '../source_code/rtl/sdram/enc_file/sdr_init_ref.enc.v' in ../source_code/rtl/sdram/enc_file/sdr_init_ref.enc.v(149)
HDL-5007 WARNING: concatenation with an unsized literal will be treated as 32 bits in ../source_code/rtl/sdram/enc_file/sdr_init_ref.enc.v(47)
HDL-1007 : analyze verilog file ../source_code/rtl/video_timing/color_bar.v
HDL-1007 : analyze included file ../source_code/rtl/video_timing/video_define.v in ../source_code/rtl/video_timing/color_bar.v(2)
HDL-1007 : back to file '../source_code/rtl/video_timing/color_bar.v' in ../source_code/rtl/video_timing/color_bar.v(2)
HDL-1007 : analyze verilog file ../source_code/rtl/video_timing/video_delay.v
HDL-1007 : analyze verilog file ../source_code/rtl/video_timing/video_timing_data.v
HDL-1007 : analyze verilog file ../source_code/rtl/another/m_synchronization_header.v
HDL-1007 : analyze verilog file ../source_code/rtl/led.v
HDL-1007 : analyze verilog file ../source_code/rtl/ov5640/cmos_capture_data.v
HDL-1007 : analyze verilog file ../source_code/rtl/ov5640/i2c_dri.v
HDL-1007 : analyze verilog file ../source_code/rtl/ov5640/i2c_ov5640_rgb565_cfg.v
HDL-1007 : analyze verilog file ../source_code/rtl/ov5640/ov5640_delay.v
HDL-1007 : analyze verilog file ../source_code/rtl/ov5640/ov5640_dri.v
HDL-1007 : analyze verilog file al_ip/clk_wize.v
HDL-1007 : undeclared symbol 'open', assumed default net type 'wire' in al_ip/clk_wize.v(70)
HDL-1007 : analyze verilog file al_ip/ram.v
HDL-1007 : analyze verilog file ../source_code/rtl/app/addr_crt.v
HDL-1007 : analyze verilog file ../source_code/rtl/app/app.v
HDL-1007 : analyze verilog file ../source_code/rtl/app/vga_disp_rtl.v
HDL-1007 : analyze VHDL file ../source_code/rtl/hdmi_rtl/enc_file/DVITransmitter.enc.vhd
HDL-1007 : analyze entity dvitransmitter in ../source_code/rtl/hdmi_rtl/enc_file/DVITransmitter.enc.vhd(13)
HDL-1007 : analyze architecture ** in ../source_code/rtl/hdmi_rtl/enc_file/DVITransmitter.enc.vhd(2)
HDL-1007 : analyze VHDL file ../source_code/rtl/hdmi_rtl/enc_file/SerializerN_1_lvds.enc.vhd
HDL-1007 : analyze entity ** in ../source_code/rtl/hdmi_rtl/enc_file/SerializerN_1_lvds.enc.vhd(12)
HDL-1007 : analyze architecture ** in ../source_code/rtl/hdmi_rtl/enc_file/SerializerN_1_lvds.enc.vhd(25)
HDL-1007 : analyze VHDL file ../source_code/rtl/hdmi_rtl/enc_file/SerializerN_1_lvds_dat.enc.vhd
HDL-1007 : analyze entity ** in ../source_code/rtl/hdmi_rtl/enc_file/SerializerN_1_lvds_dat.enc.vhd(14)
HDL-1007 : analyze architecture ** in ../source_code/rtl/hdmi_rtl/enc_file/SerializerN_1_lvds_dat.enc.vhd(28)
HDL-1007 : analyze VHDL file ../source_code/rtl/hdmi_rtl/enc_file/TMDSEncoder.enc.vhd
HDL-1007 : analyze entity ** in ../source_code/rtl/hdmi_rtl/enc_file/TMDSEncoder.enc.vhd(13)
HDL-1007 : analyze architecture ** in ../source_code/rtl/hdmi_rtl/enc_file/TMDSEncoder.enc.vhd(24)
HDL-1007 : analyze verilog file ../source_code/rtl/hdmi_rtl/enc_file/video_tpg_1024768.enc.v
HDL-5007 WARNING: literal value ** truncated to fit in ** bits in ../source_code/rtl/hdmi_rtl/enc_file/video_tpg_1024768.enc.v(231)
HDL-1007 : back to file '../source_code/rtl/hdmi_rtl/enc_file/video_tpg_1024768.enc.v' in ../source_code/rtl/hdmi_rtl/enc_file/video_tpg_1024768.enc.v(1)
HDL-1007 : analyze verilog file ../source_code/rtl/hdmi_rtl/enc_file/video_tpg_1080p.enc.v
HDL-1007 : back to file '../source_code/rtl/hdmi_rtl/enc_file/video_tpg_1080p.enc.v' in ../source_code/rtl/hdmi_rtl/enc_file/video_tpg_1080p.enc.v(1)
HDL-1007 : analyze verilog file ../source_code/rtl/hdmi_rtl/enc_file/video_tpg_12801024p.enc.v
HDL-1007 : back to file '../source_code/rtl/hdmi_rtl/enc_file/video_tpg_12801024p.enc.v' in ../source_code/rtl/hdmi_rtl/enc_file/video_tpg_12801024p.enc.v(1)
HDL-1007 : analyze verilog file ../source_code/rtl/hdmi_rtl/enc_file/video_tpg_1280800.enc.v
HDL-5007 WARNING: literal value ** truncated to fit in ** bits in ../source_code/rtl/hdmi_rtl/enc_file/video_tpg_1280800.enc.v(233)
HDL-1007 : back to file '../source_code/rtl/hdmi_rtl/enc_file/video_tpg_1280800.enc.v' in ../source_code/rtl/hdmi_rtl/enc_file/video_tpg_1280800.enc.v(1)
HDL-1007 : analyze verilog file ../source_code/rtl/hdmi_rtl/enc_file/video_tpg_16801050p.enc.v
HDL-1007 : back to file '../source_code/rtl/hdmi_rtl/enc_file/video_tpg_16801050p.enc.v' in ../source_code/rtl/hdmi_rtl/enc_file/video_tpg_16801050p.enc.v(1)
HDL-1007 : analyze verilog file ../source_code/rtl/hdmi_rtl/enc_file/video_tpg_800600.enc.v
HDL-1007 : back to file '../source_code/rtl/hdmi_rtl/enc_file/video_tpg_800600.enc.v' in ../source_code/rtl/hdmi_rtl/enc_file/video_tpg_800600.enc.v(1)
HDL-1007 : analyze VHDL file ../source_code/rtl/hdmi_rtl/hdmi_tx.vhd
HDL-1007 : analyze entity hdmi_tx in ../source_code/rtl/hdmi_rtl/hdmi_tx.vhd(11)
HDL-1007 : analyze architecture behavioral in ../source_code/rtl/hdmi_rtl/hdmi_tx.vhd(33)
HDL-1007 : analyze verilog file ../source_code/rtl/hdmi_rtl/vga_disp_rtl.v
HDL-7201 CRITICAL-WARNING: overwrite current module 'vga_disp_rtl' in ../source_code/rtl/hdmi_rtl/vga_disp_rtl.v(1)
HDL-7307 CRITICAL-WARNING: previous definition of design element module 'vga_disp_rtl' is here. This is because multiple modules(values) with the same name are defined. Please consider rewriting code in ../source_code/rtl/app/vga_disp_rtl.v(1)
RUN-1002 : start command "commit_param -step design"
RUN-1001 : Print Global Property
RUN-1001 : --------------------------------------------------------
RUN-1001 :   Parameters   |  Settings  |  Default Values  |  Note  
RUN-1001 : --------------------------------------------------------
RUN-1001 :   enable_seed  |    off     |       off        |        
RUN-1001 :     message    |  standard  |     standard     |        
RUN-1001 :   qor_monitor  |     on     |        on        |        
RUN-1001 :   syn_ip_flow  |    off     |       off        |        
RUN-1001 :     thread     |    auto    |       auto       |        
RUN-1001 : --------------------------------------------------------
RUN-1001 : Print Design Property
RUN-1001 : ----------------------------------------------------------------
RUN-1001 :       Parameters       |  Settings  |  Default Values  |  Note  
RUN-1001 : ----------------------------------------------------------------
RUN-1001 :   default_reg_initial  |    auto    |       auto       |        
RUN-1001 :    hdl_warning_level   |   normal   |      normal      |        
RUN-1001 : ----------------------------------------------------------------
HDL-1007 : analyze verilog file last_attempt.v
HDL-1007 : undeclared symbol 'phy_reset', assumed default net type 'wire' in last_attempt.v(166)
HDL-1007 : undeclared symbol 'cam_write_req_ack', assumed default net type 'wire' in last_attempt.v(284)
HDL-1007 : undeclared symbol 'sd_card_write_req_ack', assumed default net type 'wire' in last_attempt.v(285)
HDL-1007 : undeclared symbol 'VGA_HSYNC', assumed default net type 'wire' in last_attempt.v(333)
HDL-1007 : undeclared symbol 'VGA_VSYNC', assumed default net type 'wire' in last_attempt.v(334)
HDL-1007 : undeclared symbol 'rd_en', assumed default net type 'wire' in last_attempt.v(336)
HDL-7225 CRITICAL-WARNING: 'sd_card_write_req_ack' is already implicitly declared on line 285 in last_attempt.v(389)
HDL-7225 CRITICAL-WARNING: 'cam_write_req_ack' is already implicitly declared on line 284 in last_attempt.v(446)
HDL-1007 : undeclared symbol 'tpg_data_done', assumed default net type 'wire' in last_attempt.v(639)
HDL-1007 : undeclared symbol 'full_flag', assumed default net type 'wire' in last_attempt.v(673)
HDL-1007 : undeclared symbol 'input_local_udp_port_num', assumed default net type 'wire' in last_attempt.v(704)
HDL-1007 : undeclared symbol 'input_local_udp_port_num_valid', assumed default net type 'wire' in last_attempt.v(705)
HDL-1007 : undeclared symbol 'input_local_ip_address_valid', assumed default net type 'wire' in last_attempt.v(708)
HDL-1007 : analyze verilog file ../source_code/rtl/udp/BUFGMUX.v
HDL-1007 : analyze verilog file ../source_code/rtl/udp/IDDR.v
HDL-1007 : analyze verilog file ../source_code/rtl/udp/ODDR.v
HDL-1007 : analyze verilog file ../source_code/rtl/udp/RAMB16_S9_S9.v
HDL-1007 : undeclared symbol 'open', assumed default net type 'wire' in ../source_code/rtl/udp/RAMB16_S9_S9.v(109)
HDL-1007 : analyze verilog file ../source_code/rtl/udp/clk_gen_rst_gen.v
HDL-1007 : analyze verilog file ../source_code/rtl/udp/div_clk_gen.v
HDL-1007 : analyze verilog file ../source_code/rtl/udp/rgmii_interface.v
HDL-1007 : analyze verilog file ../source_code/rtl/udp/rx_client_fifo.v
HDL-5370 WARNING: parameter 'WAIT_s' becomes localparam in 'rx_client_fifo' with formal parameter declaration list in ../source_code/rtl/udp/rx_client_fifo.v(49)
HDL-5370 WARNING: parameter 'QUEUE1_s' becomes localparam in 'rx_client_fifo' with formal parameter declaration list in ../source_code/rtl/udp/rx_client_fifo.v(50)
HDL-5370 WARNING: parameter 'QUEUE2_s' becomes localparam in 'rx_client_fifo' with formal parameter declaration list in ../source_code/rtl/udp/rx_client_fifo.v(51)
HDL-5370 WARNING: parameter 'QUEUE3_s' becomes localparam in 'rx_client_fifo' with formal parameter declaration list in ../source_code/rtl/udp/rx_client_fifo.v(52)
HDL-5370 WARNING: parameter 'QUEUE_SOF_s' becomes localparam in 'rx_client_fifo' with formal parameter declaration list in ../source_code/rtl/udp/rx_client_fifo.v(53)
HDL-5370 WARNING: parameter 'SOF_s' becomes localparam in 'rx_client_fifo' with formal parameter declaration list in ../source_code/rtl/udp/rx_client_fifo.v(54)
HDL-5370 WARNING: parameter 'DATA_s' becomes localparam in 'rx_client_fifo' with formal parameter declaration list in ../source_code/rtl/udp/rx_client_fifo.v(55)
HDL-5370 WARNING: parameter 'EOF_s' becomes localparam in 'rx_client_fifo' with formal parameter declaration list in ../source_code/rtl/udp/rx_client_fifo.v(56)
HDL-5370 WARNING: parameter 'IDLE_s' becomes localparam in 'rx_client_fifo' with formal parameter declaration list in ../source_code/rtl/udp/rx_client_fifo.v(62)
HDL-5370 WARNING: parameter 'FRAME_s' becomes localparam in 'rx_client_fifo' with formal parameter declaration list in ../source_code/rtl/udp/rx_client_fifo.v(63)
HDL-5370 Similar messages will be suppressed.
HDL-1007 : analyze verilog file ../source_code/rtl/udp/temac_block.v
HDL-1007 : analyze verilog file ../source_code/rtl/udp/temac_clk_gen.v
HDL-1007 : analyze verilog file ../source_code/rtl/udp/tx_client_fifo.v
HDL-5370 WARNING: parameter 'IDLE_s' becomes localparam in 'tx_client_fifo' with formal parameter declaration list in ../source_code/rtl/udp/tx_client_fifo.v(53)
HDL-5370 WARNING: parameter 'QUEUE1_s' becomes localparam in 'tx_client_fifo' with formal parameter declaration list in ../source_code/rtl/udp/tx_client_fifo.v(54)
HDL-5370 WARNING: parameter 'QUEUE2_s' becomes localparam in 'tx_client_fifo' with formal parameter declaration list in ../source_code/rtl/udp/tx_client_fifo.v(55)
HDL-5370 WARNING: parameter 'QUEUE3_s' becomes localparam in 'tx_client_fifo' with formal parameter declaration list in ../source_code/rtl/udp/tx_client_fifo.v(56)
HDL-5370 WARNING: parameter 'QUEUE_ACK_s' becomes localparam in 'tx_client_fifo' with formal parameter declaration list in ../source_code/rtl/udp/tx_client_fifo.v(57)
HDL-5370 WARNING: parameter 'WAIT_ACK_s' becomes localparam in 'tx_client_fifo' with formal parameter declaration list in ../source_code/rtl/udp/tx_client_fifo.v(58)
HDL-5370 WARNING: parameter 'FRAME_s' becomes localparam in 'tx_client_fifo' with formal parameter declaration list in ../source_code/rtl/udp/tx_client_fifo.v(59)
HDL-5370 WARNING: parameter 'DROP_s' becomes localparam in 'tx_client_fifo' with formal parameter declaration list in ../source_code/rtl/udp/tx_client_fifo.v(60)
HDL-5370 WARNING: parameter 'RETRANSMIT_s' becomes localparam in 'tx_client_fifo' with formal parameter declaration list in ../source_code/rtl/udp/tx_client_fifo.v(61)
HDL-5370 WARNING: parameter 'WAIT_s' becomes localparam in 'tx_client_fifo' with formal parameter declaration list in ../source_code/rtl/udp/tx_client_fifo.v(67)
HDL-5370 Similar messages will be suppressed.
HDL-1007 : analyze verilog file ../source_code/rtl/udp/tx_clk_en_gen.v
HDL-1007 : analyze verilog file ../source_code/rtl/udp/udp_data_tpg.v
HDL-1007 : analyze verilog file ../source_code/rtl/udp/udp_ip_protocol_stack_merge.enc.v
HDL-1007 : back to file '../source_code/rtl/udp/udp_ip_protocol_stack_merge.enc.v' in ../source_code/rtl/udp/udp_ip_protocol_stack_merge.enc.v(56)
HDL-1007 : undeclared symbol '**', assumed default net type '**' in ../source_code/rtl/udp/udp_ip_protocol_stack_merge.enc.v(2638)
HDL-1007 : back to file '../source_code/rtl/udp/udp_ip_protocol_stack_merge.enc.v' in ../source_code/rtl/udp/udp_ip_protocol_stack_merge.enc.v(420)
HDL-1007 : analyze verilog file ../source_code/rtl/udp/udp_loopback.v
HDL-1007 : analyze verilog file al_ip/TEMAC_CORE/RTL/include/define.v
HDL-1007 : analyze verilog file al_ip/TEMAC_CORE/RTL/TEMAC_CORE_aead6cd6dadd.v
HDL-5007 WARNING: column 1032 exceeds maximum value 1023 in al_ip/TEMAC_CORE/RTL/TEMAC_CORE_aead6cd6dadd.v(30)
HDL-1007 : back to file 'al_ip/TEMAC_CORE/RTL/TEMAC_CORE_aead6cd6dadd.v' in al_ip/TEMAC_CORE/RTL/TEMAC_CORE_aead6cd6dadd.v(86)
HDL-5007 WARNING: event expressions must result in a singular type in al_ip/TEMAC_CORE/RTL/TEMAC_CORE_aead6cd6dadd.v(3001)
HDL-1007 : undeclared symbol '**', assumed default net type '**' in al_ip/TEMAC_CORE/RTL/TEMAC_CORE_aead6cd6dadd.v(5050)
HDL-1007 : undeclared symbol '**', assumed default net type '**' in al_ip/TEMAC_CORE/RTL/TEMAC_CORE_aead6cd6dadd.v(5458)
HDL-5007 WARNING: column 1035 exceeds maximum value 1023 in al_ip/TEMAC_CORE/RTL/TEMAC_CORE_aead6cd6dadd.v(6001)
HDL-1007 : back to file 'al_ip/TEMAC_CORE/RTL/TEMAC_CORE_aead6cd6dadd.v' in al_ip/TEMAC_CORE/RTL/TEMAC_CORE_aead6cd6dadd.v(260)
HDL-1007 : analyze verilog file al_ip/TEMAC_CORE/RTL/mac_core_aead6cd6dadd.v
HDL-1007 : analyze verilog file al_ip/TEMAC_CORE/TEMAC_CORE.v
HDL-1007 : analyze verilog file al_ip/pll_gen.v
HDL-1007 : undeclared symbol 'pll_gen_open0', assumed default net type 'wire' in al_ip/pll_gen.v(99)
HDL-1007 : undeclared symbol 'pll_gen_open8', assumed default net type 'wire' in al_ip/pll_gen.v(105)
HDL-1007 : undeclared symbol 'pll_gen_open7', assumed default net type 'wire' in al_ip/pll_gen.v(105)
HDL-1007 : undeclared symbol 'pll_gen_open6', assumed default net type 'wire' in al_ip/pll_gen.v(105)
HDL-1007 : undeclared symbol 'pll_gen_open5', assumed default net type 'wire' in al_ip/pll_gen.v(105)
HDL-1007 : undeclared symbol 'pll_gen_open4', assumed default net type 'wire' in al_ip/pll_gen.v(105)
HDL-1007 : undeclared symbol 'pll_gen_open3', assumed default net type 'wire' in al_ip/pll_gen.v(105)
HDL-1007 : undeclared symbol 'pll_gen_open2', assumed default net type 'wire' in al_ip/pll_gen.v(105)
HDL-1007 : undeclared symbol 'pll_gen_open1', assumed default net type 'wire' in al_ip/pll_gen.v(105)
HDL-1007 : analyze verilog file al_ip/sys_pll.v
HDL-1007 : undeclared symbol 'sys_pll_open0', assumed default net type 'wire' in al_ip/sys_pll.v(77)
HDL-1007 : undeclared symbol 'sys_pll_open1', assumed default net type 'wire' in al_ip/sys_pll.v(83)
HDL-1007 : undeclared symbol 'sys_pll_open9', assumed default net type 'wire' in al_ip/sys_pll.v(89)
HDL-1007 : undeclared symbol 'sys_pll_open8', assumed default net type 'wire' in al_ip/sys_pll.v(89)
HDL-1007 : undeclared symbol 'sys_pll_open7', assumed default net type 'wire' in al_ip/sys_pll.v(89)
HDL-1007 : undeclared symbol 'sys_pll_open6', assumed default net type 'wire' in al_ip/sys_pll.v(89)
HDL-1007 : undeclared symbol 'sys_pll_open5', assumed default net type 'wire' in al_ip/sys_pll.v(89)
HDL-1007 : undeclared symbol 'sys_pll_open4', assumed default net type 'wire' in al_ip/sys_pll.v(89)
HDL-1007 : undeclared symbol 'sys_pll_open3', assumed default net type 'wire' in al_ip/sys_pll.v(89)
HDL-1007 : undeclared symbol 'sys_pll_open2', assumed default net type 'wire' in al_ip/sys_pll.v(89)
HDL-1007 : undeclared symbol 'sys_pll_open11', assumed default net type 'wire' in al_ip/sys_pll.v(91)
HDL-1007 : undeclared symbol 'sys_pll_open10', assumed default net type 'wire' in al_ip/sys_pll.v(91)
HDL-1007 : analyze verilog file ../source_code/rtl/sd_card/ax_debounce.v
HDL-1007 : analyze verilog file ../source_code/rtl/sd_card/bmp_read.v
HDL-1007 : analyze verilog file ../source_code/rtl/sd_card/sd_card_bmp.v
HDL-1007 : analyze verilog file ../source_code/rtl/sd_card/sd_card_cmd.v
HDL-1007 : analyze verilog file ../source_code/rtl/sd_card/sd_card_sec_read_write.v
HDL-1007 : analyze verilog file ../source_code/rtl/sd_card/sd_card_top.v
HDL-1007 : analyze verilog file ../source_code/rtl/sd_card/spi_master.v
HDL-1007 : analyze verilog file ../source_code/rtl/sdram/enc_file/global_def.v
HDL-1007 : analyze verilog file ../source_code/rtl/sdram/enc_file/sdr_as_ram.enc.v
HDL-1007 : back to file '../source_code/rtl/sdram/enc_file/sdr_as_ram.enc.v' in ../source_code/rtl/sdram/enc_file/sdr_as_ram.enc.v(54)
HDL-1007 : analyze verilog file ../source_code/rtl/sdram/enc_file/sdr_wrrd.enc.v
HDL-5007 WARNING: concatenation with an unsized literal will be treated as 32 bits in ../source_code/rtl/sdram/enc_file/sdr_wrrd.enc.v(283)
HDL-1007 : back to file '../source_code/rtl/sdram/enc_file/sdr_wrrd.enc.v' in ../source_code/rtl/sdram/enc_file/sdr_wrrd.enc.v(19)
HDL-1007 : analyze verilog file ../source_code/rtl/frame_fifo/afifo_16_32_256.v
HDL-1007 : analyze verilog file ../source_code/rtl/frame_fifo/afifo_32_16_256.v
HDL-1007 : analyze verilog file ../source_code/rtl/frame_fifo/frame_fifo_read.v
HDL-1007 : analyze verilog file ../source_code/rtl/frame_fifo/frame_fifo_write.v
HDL-1007 : analyze verilog file ../source_code/rtl/frame_fifo/frame_read_write.v
HDL-1007 : analyze verilog file ../source_code/rtl/sdram/sdram.v
HDL-1007 : analyze included file ../source_code/rtl/sdram/enc_file/global_def.v in ../source_code/rtl/sdram/sdram.v(10)
HDL-1007 : back to file '../source_code/rtl/sdram/sdram.v' in ../source_code/rtl/sdram/sdram.v(10)
HDL-1007 : undeclared symbol 'SDR_CKE', assumed default net type 'wire' in ../source_code/rtl/sdram/sdram.v(89)
HDL-1007 : analyze verilog file ../source_code/rtl/sdram/enc_file/sdr_init_ref.enc.v
HDL-1007 : analyze included file ../source_code/rtl/sdram/enc_file/global_def.v in ../source_code/rtl/sdram/enc_file/sdr_init_ref.enc.v(11)
HDL-1007 : back to file '../source_code/rtl/sdram/enc_file/sdr_init_ref.enc.v' in ../source_code/rtl/sdram/enc_file/sdr_init_ref.enc.v(11)
HDL-1007 : undeclared symbol '**', assumed default net type '**' in ../source_code/rtl/sdram/enc_file/sdr_init_ref.enc.v(57)
HDL-1007 : back to file '../source_code/rtl/sdram/enc_file/sdr_init_ref.enc.v' in ../source_code/rtl/sdram/enc_file/sdr_init_ref.enc.v(149)
HDL-5007 WARNING: concatenation with an unsized literal will be treated as 32 bits in ../source_code/rtl/sdram/enc_file/sdr_init_ref.enc.v(47)
HDL-1007 : analyze verilog file ../source_code/rtl/video_timing/color_bar.v
HDL-1007 : analyze included file ../source_code/rtl/video_timing/video_define.v in ../source_code/rtl/video_timing/color_bar.v(2)
HDL-1007 : back to file '../source_code/rtl/video_timing/color_bar.v' in ../source_code/rtl/video_timing/color_bar.v(2)
HDL-1007 : analyze verilog file ../source_code/rtl/video_timing/video_delay.v
HDL-1007 : analyze verilog file ../source_code/rtl/video_timing/video_timing_data.v
HDL-1007 : analyze verilog file ../source_code/rtl/another/m_synchronization_header.v
HDL-1007 : analyze verilog file ../source_code/rtl/led.v
HDL-1007 : analyze verilog file ../source_code/rtl/ov5640/cmos_capture_data.v
HDL-1007 : analyze verilog file ../source_code/rtl/ov5640/i2c_dri.v
HDL-1007 : analyze verilog file ../source_code/rtl/ov5640/i2c_ov5640_rgb565_cfg.v
HDL-1007 : analyze verilog file ../source_code/rtl/ov5640/ov5640_delay.v
HDL-1007 : analyze verilog file ../source_code/rtl/ov5640/ov5640_dri.v
HDL-1007 : analyze verilog file al_ip/clk_wize.v
HDL-1007 : undeclared symbol 'open', assumed default net type 'wire' in al_ip/clk_wize.v(70)
HDL-1007 : analyze verilog file al_ip/ram.v
HDL-1007 : analyze verilog file ../source_code/rtl/app/addr_crt.v
HDL-1007 : analyze verilog file ../source_code/rtl/app/app.v
HDL-1007 : analyze verilog file ../source_code/rtl/app/vga_disp_rtl.v
HDL-1007 : analyze VHDL file ../source_code/rtl/hdmi_rtl/enc_file/DVITransmitter.enc.vhd
HDL-1007 : analyze entity dvitransmitter in ../source_code/rtl/hdmi_rtl/enc_file/DVITransmitter.enc.vhd(13)
HDL-1007 : analyze architecture ** in ../source_code/rtl/hdmi_rtl/enc_file/DVITransmitter.enc.vhd(2)
HDL-1007 : analyze VHDL file ../source_code/rtl/hdmi_rtl/enc_file/SerializerN_1_lvds.enc.vhd
HDL-1007 : analyze entity ** in ../source_code/rtl/hdmi_rtl/enc_file/SerializerN_1_lvds.enc.vhd(12)
HDL-1007 : analyze architecture ** in ../source_code/rtl/hdmi_rtl/enc_file/SerializerN_1_lvds.enc.vhd(25)
HDL-1007 : analyze VHDL file ../source_code/rtl/hdmi_rtl/enc_file/SerializerN_1_lvds_dat.enc.vhd
HDL-1007 : analyze entity ** in ../source_code/rtl/hdmi_rtl/enc_file/SerializerN_1_lvds_dat.enc.vhd(14)
HDL-1007 : analyze architecture ** in ../source_code/rtl/hdmi_rtl/enc_file/SerializerN_1_lvds_dat.enc.vhd(28)
HDL-1007 : analyze VHDL file ../source_code/rtl/hdmi_rtl/enc_file/TMDSEncoder.enc.vhd
HDL-1007 : analyze entity ** in ../source_code/rtl/hdmi_rtl/enc_file/TMDSEncoder.enc.vhd(13)
HDL-1007 : analyze architecture ** in ../source_code/rtl/hdmi_rtl/enc_file/TMDSEncoder.enc.vhd(24)
HDL-1007 : analyze verilog file ../source_code/rtl/hdmi_rtl/enc_file/video_tpg_1024768.enc.v
HDL-5007 WARNING: literal value ** truncated to fit in ** bits in ../source_code/rtl/hdmi_rtl/enc_file/video_tpg_1024768.enc.v(231)
HDL-1007 : back to file '../source_code/rtl/hdmi_rtl/enc_file/video_tpg_1024768.enc.v' in ../source_code/rtl/hdmi_rtl/enc_file/video_tpg_1024768.enc.v(1)
HDL-1007 : analyze verilog file ../source_code/rtl/hdmi_rtl/enc_file/video_tpg_1080p.enc.v
HDL-1007 : back to file '../source_code/rtl/hdmi_rtl/enc_file/video_tpg_1080p.enc.v' in ../source_code/rtl/hdmi_rtl/enc_file/video_tpg_1080p.enc.v(1)
HDL-1007 : analyze verilog file ../source_code/rtl/hdmi_rtl/enc_file/video_tpg_12801024p.enc.v
HDL-1007 : back to file '../source_code/rtl/hdmi_rtl/enc_file/video_tpg_12801024p.enc.v' in ../source_code/rtl/hdmi_rtl/enc_file/video_tpg_12801024p.enc.v(1)
HDL-1007 : analyze verilog file ../source_code/rtl/hdmi_rtl/enc_file/video_tpg_1280800.enc.v
HDL-5007 WARNING: literal value ** truncated to fit in ** bits in ../source_code/rtl/hdmi_rtl/enc_file/video_tpg_1280800.enc.v(233)
HDL-1007 : back to file '../source_code/rtl/hdmi_rtl/enc_file/video_tpg_1280800.enc.v' in ../source_code/rtl/hdmi_rtl/enc_file/video_tpg_1280800.enc.v(1)
HDL-1007 : analyze verilog file ../source_code/rtl/hdmi_rtl/enc_file/video_tpg_16801050p.enc.v
HDL-1007 : back to file '../source_code/rtl/hdmi_rtl/enc_file/video_tpg_16801050p.enc.v' in ../source_code/rtl/hdmi_rtl/enc_file/video_tpg_16801050p.enc.v(1)
HDL-1007 : analyze verilog file ../source_code/rtl/hdmi_rtl/enc_file/video_tpg_800600.enc.v
HDL-1007 : back to file '../source_code/rtl/hdmi_rtl/enc_file/video_tpg_800600.enc.v' in ../source_code/rtl/hdmi_rtl/enc_file/video_tpg_800600.enc.v(1)
HDL-1007 : analyze VHDL file ../source_code/rtl/hdmi_rtl/hdmi_tx.vhd
HDL-1007 : analyze entity hdmi_tx in ../source_code/rtl/hdmi_rtl/hdmi_tx.vhd(11)
HDL-1007 : analyze architecture behavioral in ../source_code/rtl/hdmi_rtl/hdmi_tx.vhd(33)
HDL-1007 : analyze verilog file ../source_code/rtl/hdmi_rtl/vga_disp_rtl.v
HDL-7201 CRITICAL-WARNING: overwrite current module 'vga_disp_rtl' in ../source_code/rtl/hdmi_rtl/vga_disp_rtl.v(1)
HDL-7307 CRITICAL-WARNING: previous definition of design element module 'vga_disp_rtl' is here. This is because multiple modules(values) with the same name are defined. Please consider rewriting code in ../source_code/rtl/app/vga_disp_rtl.v(1)
RUN-1002 : start command "commit_param -step design"
RUN-1001 : Print Global Property
RUN-1001 : --------------------------------------------------------
RUN-1001 :   Parameters   |  Settings  |  Default Values  |  Note  
RUN-1001 : --------------------------------------------------------
RUN-1001 :   enable_seed  |    off     |       off        |        
RUN-1001 :     message    |  standard  |     standard     |        
RUN-1001 :   qor_monitor  |     on     |        on        |        
RUN-1001 :   syn_ip_flow  |    off     |       off        |        
RUN-1001 :     thread     |    auto    |       auto       |        
RUN-1001 : --------------------------------------------------------
RUN-1001 : Print Design Property
RUN-1001 : ----------------------------------------------------------------
RUN-1001 :       Parameters       |  Settings  |  Default Values  |  Note  
RUN-1001 : ----------------------------------------------------------------
RUN-1001 :   default_reg_initial  |    auto    |       auto       |        
RUN-1001 :    hdl_warning_level   |   normal   |      normal      |        
RUN-1001 : ----------------------------------------------------------------
HDL-1007 : analyze verilog file last_attempt.v
HDL-1007 : undeclared symbol 'phy_reset', assumed default net type 'wire' in last_attempt.v(166)
HDL-1007 : undeclared symbol 'cam_write_req_ack', assumed default net type 'wire' in last_attempt.v(292)
HDL-1007 : undeclared symbol 'sd_card_write_req_ack', assumed default net type 'wire' in last_attempt.v(293)
HDL-1007 : undeclared symbol 'VGA_HSYNC', assumed default net type 'wire' in last_attempt.v(341)
HDL-1007 : undeclared symbol 'VGA_VSYNC', assumed default net type 'wire' in last_attempt.v(342)
HDL-1007 : undeclared symbol 'rd_en', assumed default net type 'wire' in last_attempt.v(344)
HDL-7225 CRITICAL-WARNING: 'sd_card_write_req_ack' is already implicitly declared on line 293 in last_attempt.v(397)
HDL-7225 CRITICAL-WARNING: 'cam_write_req_ack' is already implicitly declared on line 292 in last_attempt.v(454)
HDL-1007 : undeclared symbol 'tpg_data_done', assumed default net type 'wire' in last_attempt.v(647)
HDL-1007 : undeclared symbol 'full_flag', assumed default net type 'wire' in last_attempt.v(681)
HDL-1007 : undeclared symbol 'input_local_udp_port_num', assumed default net type 'wire' in last_attempt.v(712)
HDL-1007 : undeclared symbol 'input_local_udp_port_num_valid', assumed default net type 'wire' in last_attempt.v(713)
HDL-1007 : undeclared symbol 'input_local_ip_address_valid', assumed default net type 'wire' in last_attempt.v(716)
HDL-1007 : analyze verilog file ../source_code/rtl/udp/BUFGMUX.v
HDL-1007 : analyze verilog file ../source_code/rtl/udp/IDDR.v
HDL-1007 : analyze verilog file ../source_code/rtl/udp/ODDR.v
HDL-1007 : analyze verilog file ../source_code/rtl/udp/RAMB16_S9_S9.v
HDL-1007 : undeclared symbol 'open', assumed default net type 'wire' in ../source_code/rtl/udp/RAMB16_S9_S9.v(109)
HDL-1007 : analyze verilog file ../source_code/rtl/udp/clk_gen_rst_gen.v
HDL-1007 : analyze verilog file ../source_code/rtl/udp/div_clk_gen.v
HDL-1007 : analyze verilog file ../source_code/rtl/udp/rgmii_interface.v
HDL-1007 : analyze verilog file ../source_code/rtl/udp/rx_client_fifo.v
HDL-5370 WARNING: parameter 'WAIT_s' becomes localparam in 'rx_client_fifo' with formal parameter declaration list in ../source_code/rtl/udp/rx_client_fifo.v(49)
HDL-5370 WARNING: parameter 'QUEUE1_s' becomes localparam in 'rx_client_fifo' with formal parameter declaration list in ../source_code/rtl/udp/rx_client_fifo.v(50)
HDL-5370 WARNING: parameter 'QUEUE2_s' becomes localparam in 'rx_client_fifo' with formal parameter declaration list in ../source_code/rtl/udp/rx_client_fifo.v(51)
HDL-5370 WARNING: parameter 'QUEUE3_s' becomes localparam in 'rx_client_fifo' with formal parameter declaration list in ../source_code/rtl/udp/rx_client_fifo.v(52)
HDL-5370 WARNING: parameter 'QUEUE_SOF_s' becomes localparam in 'rx_client_fifo' with formal parameter declaration list in ../source_code/rtl/udp/rx_client_fifo.v(53)
HDL-5370 WARNING: parameter 'SOF_s' becomes localparam in 'rx_client_fifo' with formal parameter declaration list in ../source_code/rtl/udp/rx_client_fifo.v(54)
HDL-5370 WARNING: parameter 'DATA_s' becomes localparam in 'rx_client_fifo' with formal parameter declaration list in ../source_code/rtl/udp/rx_client_fifo.v(55)
HDL-5370 WARNING: parameter 'EOF_s' becomes localparam in 'rx_client_fifo' with formal parameter declaration list in ../source_code/rtl/udp/rx_client_fifo.v(56)
HDL-5370 WARNING: parameter 'IDLE_s' becomes localparam in 'rx_client_fifo' with formal parameter declaration list in ../source_code/rtl/udp/rx_client_fifo.v(62)
HDL-5370 WARNING: parameter 'FRAME_s' becomes localparam in 'rx_client_fifo' with formal parameter declaration list in ../source_code/rtl/udp/rx_client_fifo.v(63)
HDL-5370 Similar messages will be suppressed.
HDL-1007 : analyze verilog file ../source_code/rtl/udp/temac_block.v
HDL-1007 : analyze verilog file ../source_code/rtl/udp/temac_clk_gen.v
HDL-1007 : analyze verilog file ../source_code/rtl/udp/tx_client_fifo.v
HDL-5370 WARNING: parameter 'IDLE_s' becomes localparam in 'tx_client_fifo' with formal parameter declaration list in ../source_code/rtl/udp/tx_client_fifo.v(53)
HDL-5370 WARNING: parameter 'QUEUE1_s' becomes localparam in 'tx_client_fifo' with formal parameter declaration list in ../source_code/rtl/udp/tx_client_fifo.v(54)
HDL-5370 WARNING: parameter 'QUEUE2_s' becomes localparam in 'tx_client_fifo' with formal parameter declaration list in ../source_code/rtl/udp/tx_client_fifo.v(55)
HDL-5370 WARNING: parameter 'QUEUE3_s' becomes localparam in 'tx_client_fifo' with formal parameter declaration list in ../source_code/rtl/udp/tx_client_fifo.v(56)
HDL-5370 WARNING: parameter 'QUEUE_ACK_s' becomes localparam in 'tx_client_fifo' with formal parameter declaration list in ../source_code/rtl/udp/tx_client_fifo.v(57)
HDL-5370 WARNING: parameter 'WAIT_ACK_s' becomes localparam in 'tx_client_fifo' with formal parameter declaration list in ../source_code/rtl/udp/tx_client_fifo.v(58)
HDL-5370 WARNING: parameter 'FRAME_s' becomes localparam in 'tx_client_fifo' with formal parameter declaration list in ../source_code/rtl/udp/tx_client_fifo.v(59)
HDL-5370 WARNING: parameter 'DROP_s' becomes localparam in 'tx_client_fifo' with formal parameter declaration list in ../source_code/rtl/udp/tx_client_fifo.v(60)
HDL-5370 WARNING: parameter 'RETRANSMIT_s' becomes localparam in 'tx_client_fifo' with formal parameter declaration list in ../source_code/rtl/udp/tx_client_fifo.v(61)
HDL-5370 WARNING: parameter 'WAIT_s' becomes localparam in 'tx_client_fifo' with formal parameter declaration list in ../source_code/rtl/udp/tx_client_fifo.v(67)
HDL-5370 Similar messages will be suppressed.
HDL-1007 : analyze verilog file ../source_code/rtl/udp/tx_clk_en_gen.v
HDL-1007 : analyze verilog file ../source_code/rtl/udp/udp_data_tpg.v
HDL-1007 : analyze verilog file ../source_code/rtl/udp/udp_ip_protocol_stack_merge.enc.v
HDL-1007 : back to file '../source_code/rtl/udp/udp_ip_protocol_stack_merge.enc.v' in ../source_code/rtl/udp/udp_ip_protocol_stack_merge.enc.v(56)
HDL-1007 : undeclared symbol '**', assumed default net type '**' in ../source_code/rtl/udp/udp_ip_protocol_stack_merge.enc.v(2638)
HDL-1007 : back to file '../source_code/rtl/udp/udp_ip_protocol_stack_merge.enc.v' in ../source_code/rtl/udp/udp_ip_protocol_stack_merge.enc.v(420)
HDL-1007 : analyze verilog file ../source_code/rtl/udp/udp_loopback.v
HDL-1007 : analyze verilog file al_ip/TEMAC_CORE/RTL/include/define.v
HDL-1007 : analyze verilog file al_ip/TEMAC_CORE/RTL/TEMAC_CORE_aead6cd6dadd.v
HDL-5007 WARNING: column 1032 exceeds maximum value 1023 in al_ip/TEMAC_CORE/RTL/TEMAC_CORE_aead6cd6dadd.v(30)
HDL-1007 : back to file 'al_ip/TEMAC_CORE/RTL/TEMAC_CORE_aead6cd6dadd.v' in al_ip/TEMAC_CORE/RTL/TEMAC_CORE_aead6cd6dadd.v(86)
HDL-5007 WARNING: event expressions must result in a singular type in al_ip/TEMAC_CORE/RTL/TEMAC_CORE_aead6cd6dadd.v(3001)
HDL-1007 : undeclared symbol '**', assumed default net type '**' in al_ip/TEMAC_CORE/RTL/TEMAC_CORE_aead6cd6dadd.v(5050)
HDL-1007 : undeclared symbol '**', assumed default net type '**' in al_ip/TEMAC_CORE/RTL/TEMAC_CORE_aead6cd6dadd.v(5458)
HDL-5007 WARNING: column 1035 exceeds maximum value 1023 in al_ip/TEMAC_CORE/RTL/TEMAC_CORE_aead6cd6dadd.v(6001)
HDL-1007 : back to file 'al_ip/TEMAC_CORE/RTL/TEMAC_CORE_aead6cd6dadd.v' in al_ip/TEMAC_CORE/RTL/TEMAC_CORE_aead6cd6dadd.v(260)
HDL-1007 : analyze verilog file al_ip/TEMAC_CORE/RTL/mac_core_aead6cd6dadd.v
HDL-1007 : analyze verilog file al_ip/TEMAC_CORE/TEMAC_CORE.v
HDL-1007 : analyze verilog file al_ip/pll_gen.v
HDL-1007 : undeclared symbol 'pll_gen_open0', assumed default net type 'wire' in al_ip/pll_gen.v(99)
HDL-1007 : undeclared symbol 'pll_gen_open8', assumed default net type 'wire' in al_ip/pll_gen.v(105)
HDL-1007 : undeclared symbol 'pll_gen_open7', assumed default net type 'wire' in al_ip/pll_gen.v(105)
HDL-1007 : undeclared symbol 'pll_gen_open6', assumed default net type 'wire' in al_ip/pll_gen.v(105)
HDL-1007 : undeclared symbol 'pll_gen_open5', assumed default net type 'wire' in al_ip/pll_gen.v(105)
HDL-1007 : undeclared symbol 'pll_gen_open4', assumed default net type 'wire' in al_ip/pll_gen.v(105)
HDL-1007 : undeclared symbol 'pll_gen_open3', assumed default net type 'wire' in al_ip/pll_gen.v(105)
HDL-1007 : undeclared symbol 'pll_gen_open2', assumed default net type 'wire' in al_ip/pll_gen.v(105)
HDL-1007 : undeclared symbol 'pll_gen_open1', assumed default net type 'wire' in al_ip/pll_gen.v(105)
HDL-1007 : analyze verilog file al_ip/sys_pll.v
HDL-1007 : undeclared symbol 'sys_pll_open0', assumed default net type 'wire' in al_ip/sys_pll.v(77)
HDL-1007 : undeclared symbol 'sys_pll_open1', assumed default net type 'wire' in al_ip/sys_pll.v(83)
HDL-1007 : undeclared symbol 'sys_pll_open9', assumed default net type 'wire' in al_ip/sys_pll.v(89)
HDL-1007 : undeclared symbol 'sys_pll_open8', assumed default net type 'wire' in al_ip/sys_pll.v(89)
HDL-1007 : undeclared symbol 'sys_pll_open7', assumed default net type 'wire' in al_ip/sys_pll.v(89)
HDL-1007 : undeclared symbol 'sys_pll_open6', assumed default net type 'wire' in al_ip/sys_pll.v(89)
HDL-1007 : undeclared symbol 'sys_pll_open5', assumed default net type 'wire' in al_ip/sys_pll.v(89)
HDL-1007 : undeclared symbol 'sys_pll_open4', assumed default net type 'wire' in al_ip/sys_pll.v(89)
HDL-1007 : undeclared symbol 'sys_pll_open3', assumed default net type 'wire' in al_ip/sys_pll.v(89)
HDL-1007 : undeclared symbol 'sys_pll_open2', assumed default net type 'wire' in al_ip/sys_pll.v(89)
HDL-1007 : undeclared symbol 'sys_pll_open11', assumed default net type 'wire' in al_ip/sys_pll.v(91)
HDL-1007 : undeclared symbol 'sys_pll_open10', assumed default net type 'wire' in al_ip/sys_pll.v(91)
HDL-1007 : analyze verilog file ../source_code/rtl/sd_card/ax_debounce.v
HDL-1007 : analyze verilog file ../source_code/rtl/sd_card/bmp_read.v
HDL-1007 : analyze verilog file ../source_code/rtl/sd_card/sd_card_bmp.v
HDL-1007 : analyze verilog file ../source_code/rtl/sd_card/sd_card_cmd.v
HDL-1007 : analyze verilog file ../source_code/rtl/sd_card/sd_card_sec_read_write.v
HDL-1007 : analyze verilog file ../source_code/rtl/sd_card/sd_card_top.v
HDL-1007 : analyze verilog file ../source_code/rtl/sd_card/spi_master.v
HDL-1007 : analyze verilog file ../source_code/rtl/sdram/enc_file/global_def.v
HDL-1007 : analyze verilog file ../source_code/rtl/sdram/enc_file/sdr_as_ram.enc.v
HDL-1007 : back to file '../source_code/rtl/sdram/enc_file/sdr_as_ram.enc.v' in ../source_code/rtl/sdram/enc_file/sdr_as_ram.enc.v(54)
HDL-1007 : analyze verilog file ../source_code/rtl/sdram/enc_file/sdr_wrrd.enc.v
HDL-5007 WARNING: concatenation with an unsized literal will be treated as 32 bits in ../source_code/rtl/sdram/enc_file/sdr_wrrd.enc.v(283)
HDL-1007 : back to file '../source_code/rtl/sdram/enc_file/sdr_wrrd.enc.v' in ../source_code/rtl/sdram/enc_file/sdr_wrrd.enc.v(19)
HDL-1007 : analyze verilog file ../source_code/rtl/frame_fifo/afifo_16_32_256.v
HDL-1007 : analyze verilog file ../source_code/rtl/frame_fifo/afifo_32_16_256.v
HDL-1007 : analyze verilog file ../source_code/rtl/frame_fifo/frame_fifo_read.v
HDL-1007 : analyze verilog file ../source_code/rtl/frame_fifo/frame_fifo_write.v
HDL-1007 : analyze verilog file ../source_code/rtl/frame_fifo/frame_read_write.v
HDL-1007 : analyze verilog file ../source_code/rtl/sdram/sdram.v
HDL-1007 : analyze included file ../source_code/rtl/sdram/enc_file/global_def.v in ../source_code/rtl/sdram/sdram.v(10)
HDL-1007 : back to file '../source_code/rtl/sdram/sdram.v' in ../source_code/rtl/sdram/sdram.v(10)
HDL-1007 : undeclared symbol 'SDR_CKE', assumed default net type 'wire' in ../source_code/rtl/sdram/sdram.v(89)
HDL-1007 : analyze verilog file ../source_code/rtl/sdram/enc_file/sdr_init_ref.enc.v
HDL-1007 : analyze included file ../source_code/rtl/sdram/enc_file/global_def.v in ../source_code/rtl/sdram/enc_file/sdr_init_ref.enc.v(11)
HDL-1007 : back to file '../source_code/rtl/sdram/enc_file/sdr_init_ref.enc.v' in ../source_code/rtl/sdram/enc_file/sdr_init_ref.enc.v(11)
HDL-1007 : undeclared symbol '**', assumed default net type '**' in ../source_code/rtl/sdram/enc_file/sdr_init_ref.enc.v(57)
HDL-1007 : back to file '../source_code/rtl/sdram/enc_file/sdr_init_ref.enc.v' in ../source_code/rtl/sdram/enc_file/sdr_init_ref.enc.v(149)
HDL-5007 WARNING: concatenation with an unsized literal will be treated as 32 bits in ../source_code/rtl/sdram/enc_file/sdr_init_ref.enc.v(47)
HDL-1007 : analyze verilog file ../source_code/rtl/video_timing/color_bar.v
HDL-1007 : analyze included file ../source_code/rtl/video_timing/video_define.v in ../source_code/rtl/video_timing/color_bar.v(2)
HDL-1007 : back to file '../source_code/rtl/video_timing/color_bar.v' in ../source_code/rtl/video_timing/color_bar.v(2)
HDL-1007 : analyze verilog file ../source_code/rtl/video_timing/video_delay.v
HDL-1007 : analyze verilog file ../source_code/rtl/video_timing/video_timing_data.v
HDL-1007 : analyze verilog file ../source_code/rtl/another/m_synchronization_header.v
HDL-1007 : analyze verilog file ../source_code/rtl/led.v
HDL-1007 : analyze verilog file ../source_code/rtl/ov5640/cmos_capture_data.v
HDL-1007 : analyze verilog file ../source_code/rtl/ov5640/i2c_dri.v
HDL-1007 : analyze verilog file ../source_code/rtl/ov5640/i2c_ov5640_rgb565_cfg.v
HDL-1007 : analyze verilog file ../source_code/rtl/ov5640/ov5640_delay.v
HDL-1007 : analyze verilog file ../source_code/rtl/ov5640/ov5640_dri.v
HDL-1007 : analyze verilog file al_ip/clk_wize.v
HDL-1007 : undeclared symbol 'open', assumed default net type 'wire' in al_ip/clk_wize.v(70)
HDL-1007 : analyze verilog file al_ip/ram.v
HDL-1007 : analyze verilog file ../source_code/rtl/app/addr_crt.v
HDL-1007 : analyze verilog file ../source_code/rtl/app/app.v
HDL-1007 : analyze verilog file ../source_code/rtl/app/vga_disp_rtl.v
HDL-1007 : analyze VHDL file ../source_code/rtl/hdmi_rtl/enc_file/DVITransmitter.enc.vhd
HDL-1007 : analyze entity dvitransmitter in ../source_code/rtl/hdmi_rtl/enc_file/DVITransmitter.enc.vhd(13)
HDL-1007 : analyze architecture ** in ../source_code/rtl/hdmi_rtl/enc_file/DVITransmitter.enc.vhd(2)
HDL-1007 : analyze VHDL file ../source_code/rtl/hdmi_rtl/enc_file/SerializerN_1_lvds.enc.vhd
HDL-1007 : analyze entity ** in ../source_code/rtl/hdmi_rtl/enc_file/SerializerN_1_lvds.enc.vhd(12)
HDL-1007 : analyze architecture ** in ../source_code/rtl/hdmi_rtl/enc_file/SerializerN_1_lvds.enc.vhd(25)
HDL-1007 : analyze VHDL file ../source_code/rtl/hdmi_rtl/enc_file/SerializerN_1_lvds_dat.enc.vhd
HDL-1007 : analyze entity ** in ../source_code/rtl/hdmi_rtl/enc_file/SerializerN_1_lvds_dat.enc.vhd(14)
HDL-1007 : analyze architecture ** in ../source_code/rtl/hdmi_rtl/enc_file/SerializerN_1_lvds_dat.enc.vhd(28)
HDL-1007 : analyze VHDL file ../source_code/rtl/hdmi_rtl/enc_file/TMDSEncoder.enc.vhd
HDL-1007 : analyze entity ** in ../source_code/rtl/hdmi_rtl/enc_file/TMDSEncoder.enc.vhd(13)
HDL-1007 : analyze architecture ** in ../source_code/rtl/hdmi_rtl/enc_file/TMDSEncoder.enc.vhd(24)
HDL-1007 : analyze verilog file ../source_code/rtl/hdmi_rtl/enc_file/video_tpg_1024768.enc.v
HDL-5007 WARNING: literal value ** truncated to fit in ** bits in ../source_code/rtl/hdmi_rtl/enc_file/video_tpg_1024768.enc.v(231)
HDL-1007 : back to file '../source_code/rtl/hdmi_rtl/enc_file/video_tpg_1024768.enc.v' in ../source_code/rtl/hdmi_rtl/enc_file/video_tpg_1024768.enc.v(1)
HDL-1007 : analyze verilog file ../source_code/rtl/hdmi_rtl/enc_file/video_tpg_1080p.enc.v
HDL-1007 : back to file '../source_code/rtl/hdmi_rtl/enc_file/video_tpg_1080p.enc.v' in ../source_code/rtl/hdmi_rtl/enc_file/video_tpg_1080p.enc.v(1)
HDL-1007 : analyze verilog file ../source_code/rtl/hdmi_rtl/enc_file/video_tpg_12801024p.enc.v
HDL-1007 : back to file '../source_code/rtl/hdmi_rtl/enc_file/video_tpg_12801024p.enc.v' in ../source_code/rtl/hdmi_rtl/enc_file/video_tpg_12801024p.enc.v(1)
HDL-1007 : analyze verilog file ../source_code/rtl/hdmi_rtl/enc_file/video_tpg_1280800.enc.v
HDL-5007 WARNING: literal value ** truncated to fit in ** bits in ../source_code/rtl/hdmi_rtl/enc_file/video_tpg_1280800.enc.v(233)
HDL-1007 : back to file '../source_code/rtl/hdmi_rtl/enc_file/video_tpg_1280800.enc.v' in ../source_code/rtl/hdmi_rtl/enc_file/video_tpg_1280800.enc.v(1)
HDL-1007 : analyze verilog file ../source_code/rtl/hdmi_rtl/enc_file/video_tpg_16801050p.enc.v
HDL-1007 : back to file '../source_code/rtl/hdmi_rtl/enc_file/video_tpg_16801050p.enc.v' in ../source_code/rtl/hdmi_rtl/enc_file/video_tpg_16801050p.enc.v(1)
HDL-1007 : analyze verilog file ../source_code/rtl/hdmi_rtl/enc_file/video_tpg_800600.enc.v
HDL-1007 : back to file '../source_code/rtl/hdmi_rtl/enc_file/video_tpg_800600.enc.v' in ../source_code/rtl/hdmi_rtl/enc_file/video_tpg_800600.enc.v(1)
HDL-1007 : analyze VHDL file ../source_code/rtl/hdmi_rtl/hdmi_tx.vhd
HDL-1007 : analyze entity hdmi_tx in ../source_code/rtl/hdmi_rtl/hdmi_tx.vhd(11)
HDL-1007 : analyze architecture behavioral in ../source_code/rtl/hdmi_rtl/hdmi_tx.vhd(33)
HDL-1007 : analyze verilog file ../source_code/rtl/hdmi_rtl/vga_disp_rtl.v
HDL-7201 CRITICAL-WARNING: overwrite current module 'vga_disp_rtl' in ../source_code/rtl/hdmi_rtl/vga_disp_rtl.v(1)
HDL-7307 CRITICAL-WARNING: previous definition of design element module 'vga_disp_rtl' is here. This is because multiple modules(values) with the same name are defined. Please consider rewriting code in ../source_code/rtl/app/vga_disp_rtl.v(1)
RUN-1002 : start command "commit_param -step design"
RUN-1001 : Print Global Property
RUN-1001 : --------------------------------------------------------
RUN-1001 :   Parameters   |  Settings  |  Default Values  |  Note  
RUN-1001 : --------------------------------------------------------
RUN-1001 :   enable_seed  |    off     |       off        |        
RUN-1001 :     message    |  standard  |     standard     |        
RUN-1001 :   qor_monitor  |     on     |        on        |        
RUN-1001 :   syn_ip_flow  |    off     |       off        |        
RUN-1001 :     thread     |    auto    |       auto       |        
RUN-1001 : --------------------------------------------------------
RUN-1001 : Print Design Property
RUN-1001 : ----------------------------------------------------------------
RUN-1001 :       Parameters       |  Settings  |  Default Values  |  Note  
RUN-1001 : ----------------------------------------------------------------
RUN-1001 :   default_reg_initial  |    auto    |       auto       |        
RUN-1001 :    hdl_warning_level   |   normal   |      normal      |        
RUN-1001 : ----------------------------------------------------------------
HDL-1007 : analyze verilog file last_attempt.v
HDL-1007 : undeclared symbol 'phy_reset', assumed default net type 'wire' in last_attempt.v(166)
HDL-1007 : undeclared symbol 'cam_write_req_ack', assumed default net type 'wire' in last_attempt.v(292)
HDL-1007 : undeclared symbol 'sd_card_write_req_ack', assumed default net type 'wire' in last_attempt.v(293)
HDL-1007 : undeclared symbol 'VGA_HSYNC', assumed default net type 'wire' in last_attempt.v(341)
HDL-1007 : undeclared symbol 'VGA_VSYNC', assumed default net type 'wire' in last_attempt.v(342)
HDL-1007 : undeclared symbol 'rd_en', assumed default net type 'wire' in last_attempt.v(344)
HDL-7225 CRITICAL-WARNING: 'sd_card_write_req_ack' is already implicitly declared on line 293 in last_attempt.v(397)
HDL-7225 CRITICAL-WARNING: 'cam_write_req_ack' is already implicitly declared on line 292 in last_attempt.v(454)
HDL-1007 : undeclared symbol 'tpg_data_done', assumed default net type 'wire' in last_attempt.v(647)
HDL-1007 : undeclared symbol 'full_flag', assumed default net type 'wire' in last_attempt.v(681)
HDL-1007 : undeclared symbol 'input_local_udp_port_num', assumed default net type 'wire' in last_attempt.v(712)
HDL-1007 : undeclared symbol 'input_local_udp_port_num_valid', assumed default net type 'wire' in last_attempt.v(713)
HDL-1007 : undeclared symbol 'input_local_ip_address_valid', assumed default net type 'wire' in last_attempt.v(716)
HDL-1007 : analyze verilog file ../source_code/rtl/udp/BUFGMUX.v
HDL-1007 : analyze verilog file ../source_code/rtl/udp/IDDR.v
HDL-1007 : analyze verilog file ../source_code/rtl/udp/ODDR.v
HDL-1007 : analyze verilog file ../source_code/rtl/udp/RAMB16_S9_S9.v
HDL-1007 : undeclared symbol 'open', assumed default net type 'wire' in ../source_code/rtl/udp/RAMB16_S9_S9.v(109)
HDL-1007 : analyze verilog file ../source_code/rtl/udp/clk_gen_rst_gen.v
HDL-1007 : analyze verilog file ../source_code/rtl/udp/div_clk_gen.v
HDL-1007 : analyze verilog file ../source_code/rtl/udp/rgmii_interface.v
HDL-1007 : analyze verilog file ../source_code/rtl/udp/rx_client_fifo.v
HDL-5370 WARNING: parameter 'WAIT_s' becomes localparam in 'rx_client_fifo' with formal parameter declaration list in ../source_code/rtl/udp/rx_client_fifo.v(49)
HDL-5370 WARNING: parameter 'QUEUE1_s' becomes localparam in 'rx_client_fifo' with formal parameter declaration list in ../source_code/rtl/udp/rx_client_fifo.v(50)
HDL-5370 WARNING: parameter 'QUEUE2_s' becomes localparam in 'rx_client_fifo' with formal parameter declaration list in ../source_code/rtl/udp/rx_client_fifo.v(51)
HDL-5370 WARNING: parameter 'QUEUE3_s' becomes localparam in 'rx_client_fifo' with formal parameter declaration list in ../source_code/rtl/udp/rx_client_fifo.v(52)
HDL-5370 WARNING: parameter 'QUEUE_SOF_s' becomes localparam in 'rx_client_fifo' with formal parameter declaration list in ../source_code/rtl/udp/rx_client_fifo.v(53)
HDL-5370 WARNING: parameter 'SOF_s' becomes localparam in 'rx_client_fifo' with formal parameter declaration list in ../source_code/rtl/udp/rx_client_fifo.v(54)
HDL-5370 WARNING: parameter 'DATA_s' becomes localparam in 'rx_client_fifo' with formal parameter declaration list in ../source_code/rtl/udp/rx_client_fifo.v(55)
HDL-5370 WARNING: parameter 'EOF_s' becomes localparam in 'rx_client_fifo' with formal parameter declaration list in ../source_code/rtl/udp/rx_client_fifo.v(56)
HDL-5370 WARNING: parameter 'IDLE_s' becomes localparam in 'rx_client_fifo' with formal parameter declaration list in ../source_code/rtl/udp/rx_client_fifo.v(62)
HDL-5370 WARNING: parameter 'FRAME_s' becomes localparam in 'rx_client_fifo' with formal parameter declaration list in ../source_code/rtl/udp/rx_client_fifo.v(63)
HDL-5370 Similar messages will be suppressed.
HDL-1007 : analyze verilog file ../source_code/rtl/udp/temac_block.v
HDL-1007 : analyze verilog file ../source_code/rtl/udp/temac_clk_gen.v
HDL-1007 : analyze verilog file ../source_code/rtl/udp/tx_client_fifo.v
HDL-5370 WARNING: parameter 'IDLE_s' becomes localparam in 'tx_client_fifo' with formal parameter declaration list in ../source_code/rtl/udp/tx_client_fifo.v(53)
HDL-5370 WARNING: parameter 'QUEUE1_s' becomes localparam in 'tx_client_fifo' with formal parameter declaration list in ../source_code/rtl/udp/tx_client_fifo.v(54)
HDL-5370 WARNING: parameter 'QUEUE2_s' becomes localparam in 'tx_client_fifo' with formal parameter declaration list in ../source_code/rtl/udp/tx_client_fifo.v(55)
HDL-5370 WARNING: parameter 'QUEUE3_s' becomes localparam in 'tx_client_fifo' with formal parameter declaration list in ../source_code/rtl/udp/tx_client_fifo.v(56)
HDL-5370 WARNING: parameter 'QUEUE_ACK_s' becomes localparam in 'tx_client_fifo' with formal parameter declaration list in ../source_code/rtl/udp/tx_client_fifo.v(57)
HDL-5370 WARNING: parameter 'WAIT_ACK_s' becomes localparam in 'tx_client_fifo' with formal parameter declaration list in ../source_code/rtl/udp/tx_client_fifo.v(58)
HDL-5370 WARNING: parameter 'FRAME_s' becomes localparam in 'tx_client_fifo' with formal parameter declaration list in ../source_code/rtl/udp/tx_client_fifo.v(59)
HDL-5370 WARNING: parameter 'DROP_s' becomes localparam in 'tx_client_fifo' with formal parameter declaration list in ../source_code/rtl/udp/tx_client_fifo.v(60)
HDL-5370 WARNING: parameter 'RETRANSMIT_s' becomes localparam in 'tx_client_fifo' with formal parameter declaration list in ../source_code/rtl/udp/tx_client_fifo.v(61)
HDL-5370 WARNING: parameter 'WAIT_s' becomes localparam in 'tx_client_fifo' with formal parameter declaration list in ../source_code/rtl/udp/tx_client_fifo.v(67)
HDL-5370 Similar messages will be suppressed.
HDL-1007 : analyze verilog file ../source_code/rtl/udp/tx_clk_en_gen.v
HDL-1007 : analyze verilog file ../source_code/rtl/udp/udp_data_tpg.v
HDL-1007 : analyze verilog file ../source_code/rtl/udp/udp_ip_protocol_stack_merge.enc.v
HDL-1007 : back to file '../source_code/rtl/udp/udp_ip_protocol_stack_merge.enc.v' in ../source_code/rtl/udp/udp_ip_protocol_stack_merge.enc.v(56)
HDL-1007 : undeclared symbol '**', assumed default net type '**' in ../source_code/rtl/udp/udp_ip_protocol_stack_merge.enc.v(2638)
HDL-1007 : back to file '../source_code/rtl/udp/udp_ip_protocol_stack_merge.enc.v' in ../source_code/rtl/udp/udp_ip_protocol_stack_merge.enc.v(420)
HDL-1007 : analyze verilog file ../source_code/rtl/udp/udp_loopback.v
HDL-1007 : analyze verilog file al_ip/TEMAC_CORE/RTL/include/define.v
HDL-1007 : analyze verilog file al_ip/TEMAC_CORE/RTL/TEMAC_CORE_aead6cd6dadd.v
HDL-5007 WARNING: column 1032 exceeds maximum value 1023 in al_ip/TEMAC_CORE/RTL/TEMAC_CORE_aead6cd6dadd.v(30)
HDL-1007 : back to file 'al_ip/TEMAC_CORE/RTL/TEMAC_CORE_aead6cd6dadd.v' in al_ip/TEMAC_CORE/RTL/TEMAC_CORE_aead6cd6dadd.v(86)
HDL-5007 WARNING: event expressions must result in a singular type in al_ip/TEMAC_CORE/RTL/TEMAC_CORE_aead6cd6dadd.v(3001)
HDL-1007 : undeclared symbol '**', assumed default net type '**' in al_ip/TEMAC_CORE/RTL/TEMAC_CORE_aead6cd6dadd.v(5050)
HDL-1007 : undeclared symbol '**', assumed default net type '**' in al_ip/TEMAC_CORE/RTL/TEMAC_CORE_aead6cd6dadd.v(5458)
HDL-5007 WARNING: column 1035 exceeds maximum value 1023 in al_ip/TEMAC_CORE/RTL/TEMAC_CORE_aead6cd6dadd.v(6001)
HDL-1007 : back to file 'al_ip/TEMAC_CORE/RTL/TEMAC_CORE_aead6cd6dadd.v' in al_ip/TEMAC_CORE/RTL/TEMAC_CORE_aead6cd6dadd.v(260)
HDL-1007 : analyze verilog file al_ip/TEMAC_CORE/RTL/mac_core_aead6cd6dadd.v
HDL-1007 : analyze verilog file al_ip/TEMAC_CORE/TEMAC_CORE.v
HDL-1007 : analyze verilog file al_ip/pll_gen.v
HDL-1007 : undeclared symbol 'pll_gen_open0', assumed default net type 'wire' in al_ip/pll_gen.v(99)
HDL-1007 : undeclared symbol 'pll_gen_open8', assumed default net type 'wire' in al_ip/pll_gen.v(105)
HDL-1007 : undeclared symbol 'pll_gen_open7', assumed default net type 'wire' in al_ip/pll_gen.v(105)
HDL-1007 : undeclared symbol 'pll_gen_open6', assumed default net type 'wire' in al_ip/pll_gen.v(105)
HDL-1007 : undeclared symbol 'pll_gen_open5', assumed default net type 'wire' in al_ip/pll_gen.v(105)
HDL-1007 : undeclared symbol 'pll_gen_open4', assumed default net type 'wire' in al_ip/pll_gen.v(105)
HDL-1007 : undeclared symbol 'pll_gen_open3', assumed default net type 'wire' in al_ip/pll_gen.v(105)
HDL-1007 : undeclared symbol 'pll_gen_open2', assumed default net type 'wire' in al_ip/pll_gen.v(105)
HDL-1007 : undeclared symbol 'pll_gen_open1', assumed default net type 'wire' in al_ip/pll_gen.v(105)
HDL-1007 : analyze verilog file al_ip/sys_pll.v
HDL-1007 : undeclared symbol 'sys_pll_open0', assumed default net type 'wire' in al_ip/sys_pll.v(77)
HDL-1007 : undeclared symbol 'sys_pll_open1', assumed default net type 'wire' in al_ip/sys_pll.v(83)
HDL-1007 : undeclared symbol 'sys_pll_open9', assumed default net type 'wire' in al_ip/sys_pll.v(89)
HDL-1007 : undeclared symbol 'sys_pll_open8', assumed default net type 'wire' in al_ip/sys_pll.v(89)
HDL-1007 : undeclared symbol 'sys_pll_open7', assumed default net type 'wire' in al_ip/sys_pll.v(89)
HDL-1007 : undeclared symbol 'sys_pll_open6', assumed default net type 'wire' in al_ip/sys_pll.v(89)
HDL-1007 : undeclared symbol 'sys_pll_open5', assumed default net type 'wire' in al_ip/sys_pll.v(89)
HDL-1007 : undeclared symbol 'sys_pll_open4', assumed default net type 'wire' in al_ip/sys_pll.v(89)
HDL-1007 : undeclared symbol 'sys_pll_open3', assumed default net type 'wire' in al_ip/sys_pll.v(89)
HDL-1007 : undeclared symbol 'sys_pll_open2', assumed default net type 'wire' in al_ip/sys_pll.v(89)
HDL-1007 : undeclared symbol 'sys_pll_open11', assumed default net type 'wire' in al_ip/sys_pll.v(91)
HDL-1007 : undeclared symbol 'sys_pll_open10', assumed default net type 'wire' in al_ip/sys_pll.v(91)
HDL-1007 : analyze verilog file ../source_code/rtl/sd_card/ax_debounce.v
HDL-1007 : analyze verilog file ../source_code/rtl/sd_card/bmp_read.v
HDL-1007 : analyze verilog file ../source_code/rtl/sd_card/sd_card_bmp.v
HDL-1007 : analyze verilog file ../source_code/rtl/sd_card/sd_card_cmd.v
HDL-1007 : analyze verilog file ../source_code/rtl/sd_card/sd_card_sec_read_write.v
HDL-1007 : analyze verilog file ../source_code/rtl/sd_card/sd_card_top.v
HDL-1007 : analyze verilog file ../source_code/rtl/sd_card/spi_master.v
HDL-1007 : analyze verilog file ../source_code/rtl/sdram/enc_file/global_def.v
HDL-1007 : analyze verilog file ../source_code/rtl/sdram/enc_file/sdr_as_ram.enc.v
HDL-1007 : back to file '../source_code/rtl/sdram/enc_file/sdr_as_ram.enc.v' in ../source_code/rtl/sdram/enc_file/sdr_as_ram.enc.v(54)
HDL-1007 : analyze verilog file ../source_code/rtl/sdram/enc_file/sdr_wrrd.enc.v
HDL-5007 WARNING: concatenation with an unsized literal will be treated as 32 bits in ../source_code/rtl/sdram/enc_file/sdr_wrrd.enc.v(283)
HDL-1007 : back to file '../source_code/rtl/sdram/enc_file/sdr_wrrd.enc.v' in ../source_code/rtl/sdram/enc_file/sdr_wrrd.enc.v(19)
HDL-1007 : analyze verilog file ../source_code/rtl/frame_fifo/afifo_16_32_256.v
HDL-1007 : analyze verilog file ../source_code/rtl/frame_fifo/afifo_32_16_256.v
HDL-1007 : analyze verilog file ../source_code/rtl/frame_fifo/frame_fifo_read.v
HDL-1007 : analyze verilog file ../source_code/rtl/frame_fifo/frame_fifo_write.v
HDL-1007 : analyze verilog file ../source_code/rtl/frame_fifo/frame_read_write.v
HDL-1007 : analyze verilog file ../source_code/rtl/sdram/sdram.v
HDL-1007 : analyze included file ../source_code/rtl/sdram/enc_file/global_def.v in ../source_code/rtl/sdram/sdram.v(10)
HDL-1007 : back to file '../source_code/rtl/sdram/sdram.v' in ../source_code/rtl/sdram/sdram.v(10)
HDL-1007 : undeclared symbol 'SDR_CKE', assumed default net type 'wire' in ../source_code/rtl/sdram/sdram.v(89)
HDL-1007 : analyze verilog file ../source_code/rtl/sdram/enc_file/sdr_init_ref.enc.v
HDL-1007 : analyze included file ../source_code/rtl/sdram/enc_file/global_def.v in ../source_code/rtl/sdram/enc_file/sdr_init_ref.enc.v(11)
HDL-1007 : back to file '../source_code/rtl/sdram/enc_file/sdr_init_ref.enc.v' in ../source_code/rtl/sdram/enc_file/sdr_init_ref.enc.v(11)
HDL-1007 : undeclared symbol '**', assumed default net type '**' in ../source_code/rtl/sdram/enc_file/sdr_init_ref.enc.v(57)
HDL-1007 : back to file '../source_code/rtl/sdram/enc_file/sdr_init_ref.enc.v' in ../source_code/rtl/sdram/enc_file/sdr_init_ref.enc.v(149)
HDL-5007 WARNING: concatenation with an unsized literal will be treated as 32 bits in ../source_code/rtl/sdram/enc_file/sdr_init_ref.enc.v(47)
HDL-1007 : analyze verilog file ../source_code/rtl/video_timing/color_bar.v
HDL-1007 : analyze included file ../source_code/rtl/video_timing/video_define.v in ../source_code/rtl/video_timing/color_bar.v(2)
HDL-1007 : back to file '../source_code/rtl/video_timing/color_bar.v' in ../source_code/rtl/video_timing/color_bar.v(2)
HDL-1007 : analyze verilog file ../source_code/rtl/video_timing/video_delay.v
HDL-1007 : analyze verilog file ../source_code/rtl/video_timing/video_timing_data.v
HDL-1007 : analyze verilog file ../source_code/rtl/another/m_synchronization_header.v
HDL-1007 : analyze verilog file ../source_code/rtl/led.v
HDL-1007 : analyze verilog file ../source_code/rtl/ov5640/cmos_capture_data.v
HDL-1007 : analyze verilog file ../source_code/rtl/ov5640/i2c_dri.v
HDL-1007 : analyze verilog file ../source_code/rtl/ov5640/i2c_ov5640_rgb565_cfg.v
HDL-1007 : analyze verilog file ../source_code/rtl/ov5640/ov5640_delay.v
HDL-1007 : analyze verilog file ../source_code/rtl/ov5640/ov5640_dri.v
HDL-1007 : analyze verilog file al_ip/clk_wize.v
HDL-1007 : undeclared symbol 'open', assumed default net type 'wire' in al_ip/clk_wize.v(70)
HDL-1007 : analyze verilog file al_ip/ram.v
HDL-1007 : analyze verilog file ../source_code/rtl/app/addr_crt.v
HDL-1007 : analyze verilog file ../source_code/rtl/app/app.v
HDL-1007 : analyze verilog file ../source_code/rtl/app/vga_disp_rtl.v
HDL-1007 : analyze VHDL file ../source_code/rtl/hdmi_rtl/enc_file/DVITransmitter.enc.vhd
HDL-1007 : analyze entity dvitransmitter in ../source_code/rtl/hdmi_rtl/enc_file/DVITransmitter.enc.vhd(13)
HDL-1007 : analyze architecture ** in ../source_code/rtl/hdmi_rtl/enc_file/DVITransmitter.enc.vhd(2)
HDL-1007 : analyze VHDL file ../source_code/rtl/hdmi_rtl/enc_file/SerializerN_1_lvds.enc.vhd
HDL-1007 : analyze entity ** in ../source_code/rtl/hdmi_rtl/enc_file/SerializerN_1_lvds.enc.vhd(12)
HDL-1007 : analyze architecture ** in ../source_code/rtl/hdmi_rtl/enc_file/SerializerN_1_lvds.enc.vhd(25)
HDL-1007 : analyze VHDL file ../source_code/rtl/hdmi_rtl/enc_file/SerializerN_1_lvds_dat.enc.vhd
HDL-1007 : analyze entity ** in ../source_code/rtl/hdmi_rtl/enc_file/SerializerN_1_lvds_dat.enc.vhd(14)
HDL-1007 : analyze architecture ** in ../source_code/rtl/hdmi_rtl/enc_file/SerializerN_1_lvds_dat.enc.vhd(28)
HDL-1007 : analyze VHDL file ../source_code/rtl/hdmi_rtl/enc_file/TMDSEncoder.enc.vhd
HDL-1007 : analyze entity ** in ../source_code/rtl/hdmi_rtl/enc_file/TMDSEncoder.enc.vhd(13)
HDL-1007 : analyze architecture ** in ../source_code/rtl/hdmi_rtl/enc_file/TMDSEncoder.enc.vhd(24)
HDL-1007 : analyze verilog file ../source_code/rtl/hdmi_rtl/enc_file/video_tpg_1024768.enc.v
HDL-5007 WARNING: literal value ** truncated to fit in ** bits in ../source_code/rtl/hdmi_rtl/enc_file/video_tpg_1024768.enc.v(231)
HDL-1007 : back to file '../source_code/rtl/hdmi_rtl/enc_file/video_tpg_1024768.enc.v' in ../source_code/rtl/hdmi_rtl/enc_file/video_tpg_1024768.enc.v(1)
HDL-1007 : analyze verilog file ../source_code/rtl/hdmi_rtl/enc_file/video_tpg_1080p.enc.v
HDL-1007 : back to file '../source_code/rtl/hdmi_rtl/enc_file/video_tpg_1080p.enc.v' in ../source_code/rtl/hdmi_rtl/enc_file/video_tpg_1080p.enc.v(1)
HDL-1007 : analyze verilog file ../source_code/rtl/hdmi_rtl/enc_file/video_tpg_12801024p.enc.v
HDL-1007 : back to file '../source_code/rtl/hdmi_rtl/enc_file/video_tpg_12801024p.enc.v' in ../source_code/rtl/hdmi_rtl/enc_file/video_tpg_12801024p.enc.v(1)
HDL-1007 : analyze verilog file ../source_code/rtl/hdmi_rtl/enc_file/video_tpg_1280800.enc.v
HDL-5007 WARNING: literal value ** truncated to fit in ** bits in ../source_code/rtl/hdmi_rtl/enc_file/video_tpg_1280800.enc.v(233)
HDL-1007 : back to file '../source_code/rtl/hdmi_rtl/enc_file/video_tpg_1280800.enc.v' in ../source_code/rtl/hdmi_rtl/enc_file/video_tpg_1280800.enc.v(1)
HDL-1007 : analyze verilog file ../source_code/rtl/hdmi_rtl/enc_file/video_tpg_16801050p.enc.v
HDL-1007 : back to file '../source_code/rtl/hdmi_rtl/enc_file/video_tpg_16801050p.enc.v' in ../source_code/rtl/hdmi_rtl/enc_file/video_tpg_16801050p.enc.v(1)
HDL-1007 : analyze verilog file ../source_code/rtl/hdmi_rtl/enc_file/video_tpg_800600.enc.v
HDL-1007 : back to file '../source_code/rtl/hdmi_rtl/enc_file/video_tpg_800600.enc.v' in ../source_code/rtl/hdmi_rtl/enc_file/video_tpg_800600.enc.v(1)
HDL-1007 : analyze VHDL file ../source_code/rtl/hdmi_rtl/hdmi_tx.vhd
HDL-1007 : analyze entity hdmi_tx in ../source_code/rtl/hdmi_rtl/hdmi_tx.vhd(11)
HDL-1007 : analyze architecture behavioral in ../source_code/rtl/hdmi_rtl/hdmi_tx.vhd(33)
HDL-1007 : analyze verilog file ../source_code/rtl/hdmi_rtl/vga_disp_rtl.v
HDL-7201 CRITICAL-WARNING: overwrite current module 'vga_disp_rtl' in ../source_code/rtl/hdmi_rtl/vga_disp_rtl.v(1)
HDL-7307 CRITICAL-WARNING: previous definition of design element module 'vga_disp_rtl' is here. This is because multiple modules(values) with the same name are defined. Please consider rewriting code in ../source_code/rtl/app/vga_disp_rtl.v(1)
PRJ-1412 : reset_run syn_1 phy_1.
PRJ-1409 : launch_runs syn_1 phy_1  -jobs 6.
PRJ-1410 : Run syn_1 success.
PRJ-1416 : stop_run syn_1.
PRJ-1416 : stop_run phy_1.
RUN-1002 : start command "save_best_bits"
PRJ-1410 : Run phy_1 success.
RUN-1002 : start command "import_db D:/FPGA/workplace6_2_1/last_attempt/prj/last_attempt_Runs/phy_1/last_attempt_place.db"
RUN-1001 : Importing database generated by Tang Dynasty, V6.2.168116.
RUN-1001 : Database version number 46207
RUN-1001 : Import flow parameters
RUN-1001 : Import netlist
RUN-1001 : Import phy database
RUN-1001 : Import timing constraints
RUN-1001 : Import IO constraints
RUN-1001 : Import Inst constraints
RUN-1001 : Import ChipWatcher
RUN-1001 : Import design success TD_VERSION=6.2.168116 , DB_VERSION=46207
PRJ-1412 : reset_run phy_1.
PRJ-1411 : launch_runs phy_1 -step bitgen.
PRJ-1410 : Run phy_1 success.
RUN-1002 : start command "save_best_bits"
PRJ-1424 : The implemented result of phy_1 is saved as best result.
RUN-1002 : start command "import_db D:/FPGA/workplace6_2_1/last_attempt/prj/last_attempt_Runs/phy_1/last_attempt_pr.db"
RUN-1001 : Importing database generated by Tang Dynasty, V6.2.168116.
RUN-1001 : Database version number 46207
RUN-1001 : Import flow parameters
RUN-1001 : Import netlist
PHY-1001 : Generate detailed routing grids ...
PHY-1001 : End build routing graph; 0.466553s wall, 0.421875s user + 0.078125s system = 0.500000s CPU (107.2%)

PHY-1001 : Build lut bridge;  0.058332s wall, 0.046875s user + 0.000000s system = 0.046875s CPU (80.4%)

PHY-1001 : Generate nets ...
PHY-1001 : net clk_50_dup_1 will be routed on clock mesh
PHY-1001 : clock net temac_clk will be merged with clock u_clk_gen/u_pll_0/clk0_buf
PHY-1001 : net udp_clk will be routed on clock mesh
PHY-1001 : net U3/u2_ram/SDRAM_CLK will be routed on clock mesh
PHY-1001 : net U3/u2_ram/u1_init_ref/Sdr_clk will be routed on clock mesh
PHY-1001 : clock net u_ov5640_dri/u_i2c_dr/dri_clk_syn_4 will be merged with clock u_ov5640_dri/u_i2c_dr/dri_clk
PHY-1001 : clock net u2_udp_loopback/app_tx_data_read_syn_4 will be merged with clock u2_udp_loopback/app_tx_data_read
PHY-1001 : clock net frame_read_write_m0/write_clk_syn_4 will be merged with clock frame_read_write_m0/write_clk
PHY-1001 : clock net cam_pclk_syn_4 will be merged with clock cam_pclk_dup_1
PHY-1001 : clock net sd_card_bmp_m0/bmp_read_m0/clk will be merged with clock tf0_sys_pll/clk0_buf
PHY-1001 : net u2_hdmi_tx/Inst_DVITransmitter/PCLK_I will be routed on clock mesh
PHY-1001 : clock net u2_hdmi_tx/Inst_DVITransmitter/PCLK_X5_I will be merged with clock u0_clk_wize/clk0_buf
PHY-1001 : net u4_trimac_block/u1_rgmii_interface/rgmii_txc_ddr/clk will be routed on clock mesh
PHY-1001 : clock net u4_trimac_block/rx_clk will be merged with clock phy1_rgmii_rx_clk_dup_1
PHY-1001 : eco open net = 0
PHY-1001 : 188 feed throughs used by 151 nets
RUN-1001 : Import phy database
RUN-1001 : Import timing constraints
RUN-1001 : Import IO constraints
RUN-1001 : Import Inst constraints
RUN-1001 : Import ChipWatcher
RUN-1001 : Import design success TD_VERSION=6.2.168116 , DB_VERSION=46207
RUN-1003 : finish command "import_db D:/FPGA/workplace6_2_1/last_attempt/prj/last_attempt_Runs/phy_1/last_attempt_pr.db" in  2.897966s wall, 2.750000s user + 0.359375s system = 3.109375s CPU (107.3%)

RUN-1004 : used memory is 816 MB, reserved memory is 747 MB, peak memory is 852 MB
RUN-1002 : start command "commit_param -step design"
RUN-1001 : Print Global Property
RUN-1001 : --------------------------------------------------------
RUN-1001 :   Parameters   |  Settings  |  Default Values  |  Note  
RUN-1001 : --------------------------------------------------------
RUN-1001 :   enable_seed  |    off     |       off        |        
RUN-1001 :     message    |  standard  |     standard     |        
RUN-1001 :   qor_monitor  |     on     |        on        |        
RUN-1001 :   syn_ip_flow  |    off     |       off        |        
RUN-1001 :     thread     |    auto    |       auto       |        
RUN-1001 : --------------------------------------------------------
RUN-1001 : Print Design Property
RUN-1001 : ----------------------------------------------------------------
RUN-1001 :       Parameters       |  Settings  |  Default Values  |  Note  
RUN-1001 : ----------------------------------------------------------------
RUN-1001 :   default_reg_initial  |    auto    |       auto       |        
RUN-1001 :    hdl_warning_level   |   normal   |      normal      |        
RUN-1001 : ----------------------------------------------------------------
HDL-1007 : analyze verilog file last_attempt.v
HDL-1007 : undeclared symbol 'phy_reset', assumed default net type 'wire' in last_attempt.v(166)
HDL-1007 : undeclared symbol 'cam_write_req_ack', assumed default net type 'wire' in last_attempt.v(306)
HDL-1007 : undeclared symbol 'sd_card_write_req_ack', assumed default net type 'wire' in last_attempt.v(307)
HDL-1007 : undeclared symbol 'VGA_HSYNC', assumed default net type 'wire' in last_attempt.v(355)
HDL-1007 : undeclared symbol 'VGA_VSYNC', assumed default net type 'wire' in last_attempt.v(356)
HDL-1007 : undeclared symbol 'rd_en', assumed default net type 'wire' in last_attempt.v(358)
HDL-7225 CRITICAL-WARNING: 'sd_card_write_req_ack' is already implicitly declared on line 307 in last_attempt.v(411)
HDL-7225 CRITICAL-WARNING: 'cam_write_req_ack' is already implicitly declared on line 306 in last_attempt.v(468)
HDL-1007 : undeclared symbol 'tpg_data_done', assumed default net type 'wire' in last_attempt.v(661)
HDL-1007 : undeclared symbol 'full_flag', assumed default net type 'wire' in last_attempt.v(695)
HDL-1007 : undeclared symbol 'input_local_udp_port_num', assumed default net type 'wire' in last_attempt.v(726)
HDL-1007 : undeclared symbol 'input_local_udp_port_num_valid', assumed default net type 'wire' in last_attempt.v(727)
HDL-1007 : undeclared symbol 'input_local_ip_address_valid', assumed default net type 'wire' in last_attempt.v(730)
HDL-1007 : analyze verilog file ../source_code/rtl/udp/BUFGMUX.v
HDL-1007 : analyze verilog file ../source_code/rtl/udp/IDDR.v
HDL-1007 : analyze verilog file ../source_code/rtl/udp/ODDR.v
HDL-1007 : analyze verilog file ../source_code/rtl/udp/RAMB16_S9_S9.v
HDL-1007 : undeclared symbol 'open', assumed default net type 'wire' in ../source_code/rtl/udp/RAMB16_S9_S9.v(109)
HDL-1007 : analyze verilog file ../source_code/rtl/udp/clk_gen_rst_gen.v
HDL-1007 : analyze verilog file ../source_code/rtl/udp/div_clk_gen.v
HDL-1007 : analyze verilog file ../source_code/rtl/udp/rgmii_interface.v
HDL-1007 : analyze verilog file ../source_code/rtl/udp/rx_client_fifo.v
HDL-5370 WARNING: parameter 'WAIT_s' becomes localparam in 'rx_client_fifo' with formal parameter declaration list in ../source_code/rtl/udp/rx_client_fifo.v(49)
HDL-5370 WARNING: parameter 'QUEUE1_s' becomes localparam in 'rx_client_fifo' with formal parameter declaration list in ../source_code/rtl/udp/rx_client_fifo.v(50)
HDL-5370 WARNING: parameter 'QUEUE2_s' becomes localparam in 'rx_client_fifo' with formal parameter declaration list in ../source_code/rtl/udp/rx_client_fifo.v(51)
HDL-5370 WARNING: parameter 'QUEUE3_s' becomes localparam in 'rx_client_fifo' with formal parameter declaration list in ../source_code/rtl/udp/rx_client_fifo.v(52)
HDL-5370 WARNING: parameter 'QUEUE_SOF_s' becomes localparam in 'rx_client_fifo' with formal parameter declaration list in ../source_code/rtl/udp/rx_client_fifo.v(53)
HDL-5370 WARNING: parameter 'SOF_s' becomes localparam in 'rx_client_fifo' with formal parameter declaration list in ../source_code/rtl/udp/rx_client_fifo.v(54)
HDL-5370 WARNING: parameter 'DATA_s' becomes localparam in 'rx_client_fifo' with formal parameter declaration list in ../source_code/rtl/udp/rx_client_fifo.v(55)
HDL-5370 WARNING: parameter 'EOF_s' becomes localparam in 'rx_client_fifo' with formal parameter declaration list in ../source_code/rtl/udp/rx_client_fifo.v(56)
HDL-5370 WARNING: parameter 'IDLE_s' becomes localparam in 'rx_client_fifo' with formal parameter declaration list in ../source_code/rtl/udp/rx_client_fifo.v(62)
HDL-5370 WARNING: parameter 'FRAME_s' becomes localparam in 'rx_client_fifo' with formal parameter declaration list in ../source_code/rtl/udp/rx_client_fifo.v(63)
HDL-5370 Similar messages will be suppressed.
HDL-1007 : analyze verilog file ../source_code/rtl/udp/temac_block.v
HDL-1007 : analyze verilog file ../source_code/rtl/udp/temac_clk_gen.v
HDL-1007 : analyze verilog file ../source_code/rtl/udp/tx_client_fifo.v
HDL-5370 WARNING: parameter 'IDLE_s' becomes localparam in 'tx_client_fifo' with formal parameter declaration list in ../source_code/rtl/udp/tx_client_fifo.v(53)
HDL-5370 WARNING: parameter 'QUEUE1_s' becomes localparam in 'tx_client_fifo' with formal parameter declaration list in ../source_code/rtl/udp/tx_client_fifo.v(54)
HDL-5370 WARNING: parameter 'QUEUE2_s' becomes localparam in 'tx_client_fifo' with formal parameter declaration list in ../source_code/rtl/udp/tx_client_fifo.v(55)
HDL-5370 WARNING: parameter 'QUEUE3_s' becomes localparam in 'tx_client_fifo' with formal parameter declaration list in ../source_code/rtl/udp/tx_client_fifo.v(56)
HDL-5370 WARNING: parameter 'QUEUE_ACK_s' becomes localparam in 'tx_client_fifo' with formal parameter declaration list in ../source_code/rtl/udp/tx_client_fifo.v(57)
HDL-5370 WARNING: parameter 'WAIT_ACK_s' becomes localparam in 'tx_client_fifo' with formal parameter declaration list in ../source_code/rtl/udp/tx_client_fifo.v(58)
HDL-5370 WARNING: parameter 'FRAME_s' becomes localparam in 'tx_client_fifo' with formal parameter declaration list in ../source_code/rtl/udp/tx_client_fifo.v(59)
HDL-5370 WARNING: parameter 'DROP_s' becomes localparam in 'tx_client_fifo' with formal parameter declaration list in ../source_code/rtl/udp/tx_client_fifo.v(60)
HDL-5370 WARNING: parameter 'RETRANSMIT_s' becomes localparam in 'tx_client_fifo' with formal parameter declaration list in ../source_code/rtl/udp/tx_client_fifo.v(61)
HDL-5370 WARNING: parameter 'WAIT_s' becomes localparam in 'tx_client_fifo' with formal parameter declaration list in ../source_code/rtl/udp/tx_client_fifo.v(67)
HDL-5370 Similar messages will be suppressed.
HDL-1007 : analyze verilog file ../source_code/rtl/udp/tx_clk_en_gen.v
HDL-1007 : analyze verilog file ../source_code/rtl/udp/udp_data_tpg.v
HDL-1007 : analyze verilog file ../source_code/rtl/udp/udp_ip_protocol_stack_merge.enc.v
HDL-1007 : back to file '../source_code/rtl/udp/udp_ip_protocol_stack_merge.enc.v' in ../source_code/rtl/udp/udp_ip_protocol_stack_merge.enc.v(56)
HDL-1007 : undeclared symbol '**', assumed default net type '**' in ../source_code/rtl/udp/udp_ip_protocol_stack_merge.enc.v(2638)
HDL-1007 : back to file '../source_code/rtl/udp/udp_ip_protocol_stack_merge.enc.v' in ../source_code/rtl/udp/udp_ip_protocol_stack_merge.enc.v(420)
HDL-1007 : analyze verilog file ../source_code/rtl/udp/udp_loopback.v
HDL-1007 : analyze verilog file al_ip/TEMAC_CORE/RTL/include/define.v
HDL-1007 : analyze verilog file al_ip/TEMAC_CORE/RTL/TEMAC_CORE_aead6cd6dadd.v
HDL-5007 WARNING: column 1032 exceeds maximum value 1023 in al_ip/TEMAC_CORE/RTL/TEMAC_CORE_aead6cd6dadd.v(30)
HDL-1007 : back to file 'al_ip/TEMAC_CORE/RTL/TEMAC_CORE_aead6cd6dadd.v' in al_ip/TEMAC_CORE/RTL/TEMAC_CORE_aead6cd6dadd.v(86)
HDL-5007 WARNING: event expressions must result in a singular type in al_ip/TEMAC_CORE/RTL/TEMAC_CORE_aead6cd6dadd.v(3001)
HDL-1007 : undeclared symbol '**', assumed default net type '**' in al_ip/TEMAC_CORE/RTL/TEMAC_CORE_aead6cd6dadd.v(5050)
HDL-1007 : undeclared symbol '**', assumed default net type '**' in al_ip/TEMAC_CORE/RTL/TEMAC_CORE_aead6cd6dadd.v(5458)
HDL-5007 WARNING: column 1035 exceeds maximum value 1023 in al_ip/TEMAC_CORE/RTL/TEMAC_CORE_aead6cd6dadd.v(6001)
HDL-1007 : back to file 'al_ip/TEMAC_CORE/RTL/TEMAC_CORE_aead6cd6dadd.v' in al_ip/TEMAC_CORE/RTL/TEMAC_CORE_aead6cd6dadd.v(260)
HDL-1007 : analyze verilog file al_ip/TEMAC_CORE/RTL/mac_core_aead6cd6dadd.v
HDL-1007 : analyze verilog file al_ip/TEMAC_CORE/TEMAC_CORE.v
HDL-1007 : analyze verilog file al_ip/pll_gen.v
HDL-1007 : undeclared symbol 'pll_gen_open0', assumed default net type 'wire' in al_ip/pll_gen.v(99)
HDL-1007 : undeclared symbol 'pll_gen_open8', assumed default net type 'wire' in al_ip/pll_gen.v(105)
HDL-1007 : undeclared symbol 'pll_gen_open7', assumed default net type 'wire' in al_ip/pll_gen.v(105)
HDL-1007 : undeclared symbol 'pll_gen_open6', assumed default net type 'wire' in al_ip/pll_gen.v(105)
HDL-1007 : undeclared symbol 'pll_gen_open5', assumed default net type 'wire' in al_ip/pll_gen.v(105)
HDL-1007 : undeclared symbol 'pll_gen_open4', assumed default net type 'wire' in al_ip/pll_gen.v(105)
HDL-1007 : undeclared symbol 'pll_gen_open3', assumed default net type 'wire' in al_ip/pll_gen.v(105)
HDL-1007 : undeclared symbol 'pll_gen_open2', assumed default net type 'wire' in al_ip/pll_gen.v(105)
HDL-1007 : undeclared symbol 'pll_gen_open1', assumed default net type 'wire' in al_ip/pll_gen.v(105)
HDL-1007 : analyze verilog file al_ip/sys_pll.v
HDL-1007 : undeclared symbol 'sys_pll_open0', assumed default net type 'wire' in al_ip/sys_pll.v(77)
HDL-1007 : undeclared symbol 'sys_pll_open1', assumed default net type 'wire' in al_ip/sys_pll.v(83)
HDL-1007 : undeclared symbol 'sys_pll_open9', assumed default net type 'wire' in al_ip/sys_pll.v(89)
HDL-1007 : undeclared symbol 'sys_pll_open8', assumed default net type 'wire' in al_ip/sys_pll.v(89)
HDL-1007 : undeclared symbol 'sys_pll_open7', assumed default net type 'wire' in al_ip/sys_pll.v(89)
HDL-1007 : undeclared symbol 'sys_pll_open6', assumed default net type 'wire' in al_ip/sys_pll.v(89)
HDL-1007 : undeclared symbol 'sys_pll_open5', assumed default net type 'wire' in al_ip/sys_pll.v(89)
HDL-1007 : undeclared symbol 'sys_pll_open4', assumed default net type 'wire' in al_ip/sys_pll.v(89)
HDL-1007 : undeclared symbol 'sys_pll_open3', assumed default net type 'wire' in al_ip/sys_pll.v(89)
HDL-1007 : undeclared symbol 'sys_pll_open2', assumed default net type 'wire' in al_ip/sys_pll.v(89)
HDL-1007 : undeclared symbol 'sys_pll_open11', assumed default net type 'wire' in al_ip/sys_pll.v(91)
HDL-1007 : undeclared symbol 'sys_pll_open10', assumed default net type 'wire' in al_ip/sys_pll.v(91)
HDL-1007 : analyze verilog file ../source_code/rtl/sd_card/ax_debounce.v
HDL-1007 : analyze verilog file ../source_code/rtl/sd_card/bmp_read.v
HDL-1007 : analyze verilog file ../source_code/rtl/sd_card/sd_card_bmp.v
HDL-1007 : analyze verilog file ../source_code/rtl/sd_card/sd_card_cmd.v
HDL-1007 : analyze verilog file ../source_code/rtl/sd_card/sd_card_sec_read_write.v
HDL-1007 : analyze verilog file ../source_code/rtl/sd_card/sd_card_top.v
HDL-1007 : analyze verilog file ../source_code/rtl/sd_card/spi_master.v
HDL-1007 : analyze verilog file ../source_code/rtl/sdram/enc_file/global_def.v
HDL-1007 : analyze verilog file ../source_code/rtl/sdram/enc_file/sdr_as_ram.enc.v
HDL-1007 : back to file '../source_code/rtl/sdram/enc_file/sdr_as_ram.enc.v' in ../source_code/rtl/sdram/enc_file/sdr_as_ram.enc.v(54)
HDL-1007 : analyze verilog file ../source_code/rtl/sdram/enc_file/sdr_wrrd.enc.v
HDL-5007 WARNING: concatenation with an unsized literal will be treated as 32 bits in ../source_code/rtl/sdram/enc_file/sdr_wrrd.enc.v(283)
HDL-1007 : back to file '../source_code/rtl/sdram/enc_file/sdr_wrrd.enc.v' in ../source_code/rtl/sdram/enc_file/sdr_wrrd.enc.v(19)
HDL-1007 : analyze verilog file ../source_code/rtl/frame_fifo/afifo_16_32_256.v
HDL-1007 : analyze verilog file ../source_code/rtl/frame_fifo/afifo_32_16_256.v
HDL-1007 : analyze verilog file ../source_code/rtl/frame_fifo/frame_fifo_read.v
HDL-1007 : analyze verilog file ../source_code/rtl/frame_fifo/frame_fifo_write.v
HDL-1007 : analyze verilog file ../source_code/rtl/frame_fifo/frame_read_write.v
HDL-1007 : analyze verilog file ../source_code/rtl/sdram/sdram.v
HDL-1007 : analyze included file ../source_code/rtl/sdram/enc_file/global_def.v in ../source_code/rtl/sdram/sdram.v(10)
HDL-1007 : back to file '../source_code/rtl/sdram/sdram.v' in ../source_code/rtl/sdram/sdram.v(10)
HDL-1007 : undeclared symbol 'SDR_CKE', assumed default net type 'wire' in ../source_code/rtl/sdram/sdram.v(89)
HDL-1007 : analyze verilog file ../source_code/rtl/sdram/enc_file/sdr_init_ref.enc.v
HDL-1007 : analyze included file ../source_code/rtl/sdram/enc_file/global_def.v in ../source_code/rtl/sdram/enc_file/sdr_init_ref.enc.v(11)
HDL-1007 : back to file '../source_code/rtl/sdram/enc_file/sdr_init_ref.enc.v' in ../source_code/rtl/sdram/enc_file/sdr_init_ref.enc.v(11)
HDL-1007 : undeclared symbol '**', assumed default net type '**' in ../source_code/rtl/sdram/enc_file/sdr_init_ref.enc.v(57)
HDL-1007 : back to file '../source_code/rtl/sdram/enc_file/sdr_init_ref.enc.v' in ../source_code/rtl/sdram/enc_file/sdr_init_ref.enc.v(149)
HDL-5007 WARNING: concatenation with an unsized literal will be treated as 32 bits in ../source_code/rtl/sdram/enc_file/sdr_init_ref.enc.v(47)
HDL-1007 : analyze verilog file ../source_code/rtl/video_timing/color_bar.v
HDL-1007 : analyze included file ../source_code/rtl/video_timing/video_define.v in ../source_code/rtl/video_timing/color_bar.v(2)
HDL-1007 : back to file '../source_code/rtl/video_timing/color_bar.v' in ../source_code/rtl/video_timing/color_bar.v(2)
HDL-1007 : analyze verilog file ../source_code/rtl/video_timing/video_delay.v
HDL-1007 : analyze verilog file ../source_code/rtl/video_timing/video_timing_data.v
HDL-1007 : analyze verilog file ../source_code/rtl/another/m_synchronization_header.v
HDL-1007 : analyze verilog file ../source_code/rtl/led.v
HDL-1007 : analyze verilog file ../source_code/rtl/ov5640/cmos_capture_data.v
HDL-1007 : analyze verilog file ../source_code/rtl/ov5640/i2c_dri.v
HDL-1007 : analyze verilog file ../source_code/rtl/ov5640/i2c_ov5640_rgb565_cfg.v
HDL-1007 : analyze verilog file ../source_code/rtl/ov5640/ov5640_delay.v
HDL-1007 : analyze verilog file ../source_code/rtl/ov5640/ov5640_dri.v
HDL-1007 : analyze verilog file al_ip/clk_wize.v
HDL-1007 : undeclared symbol 'open', assumed default net type 'wire' in al_ip/clk_wize.v(70)
HDL-1007 : analyze verilog file al_ip/ram.v
HDL-1007 : analyze verilog file ../source_code/rtl/app/addr_crt.v
HDL-1007 : analyze verilog file ../source_code/rtl/app/app.v
HDL-1007 : analyze verilog file ../source_code/rtl/app/vga_disp_rtl.v
HDL-1007 : analyze VHDL file ../source_code/rtl/hdmi_rtl/enc_file/DVITransmitter.enc.vhd
HDL-1007 : analyze entity dvitransmitter in ../source_code/rtl/hdmi_rtl/enc_file/DVITransmitter.enc.vhd(13)
HDL-1007 : analyze architecture ** in ../source_code/rtl/hdmi_rtl/enc_file/DVITransmitter.enc.vhd(2)
HDL-1007 : analyze VHDL file ../source_code/rtl/hdmi_rtl/enc_file/SerializerN_1_lvds.enc.vhd
HDL-1007 : analyze entity ** in ../source_code/rtl/hdmi_rtl/enc_file/SerializerN_1_lvds.enc.vhd(12)
HDL-1007 : analyze architecture ** in ../source_code/rtl/hdmi_rtl/enc_file/SerializerN_1_lvds.enc.vhd(25)
HDL-1007 : analyze VHDL file ../source_code/rtl/hdmi_rtl/enc_file/SerializerN_1_lvds_dat.enc.vhd
HDL-1007 : analyze entity ** in ../source_code/rtl/hdmi_rtl/enc_file/SerializerN_1_lvds_dat.enc.vhd(14)
HDL-1007 : analyze architecture ** in ../source_code/rtl/hdmi_rtl/enc_file/SerializerN_1_lvds_dat.enc.vhd(28)
HDL-1007 : analyze VHDL file ../source_code/rtl/hdmi_rtl/enc_file/TMDSEncoder.enc.vhd
HDL-1007 : analyze entity ** in ../source_code/rtl/hdmi_rtl/enc_file/TMDSEncoder.enc.vhd(13)
HDL-1007 : analyze architecture ** in ../source_code/rtl/hdmi_rtl/enc_file/TMDSEncoder.enc.vhd(24)
HDL-1007 : analyze verilog file ../source_code/rtl/hdmi_rtl/enc_file/video_tpg_1024768.enc.v
HDL-5007 WARNING: literal value ** truncated to fit in ** bits in ../source_code/rtl/hdmi_rtl/enc_file/video_tpg_1024768.enc.v(231)
HDL-1007 : back to file '../source_code/rtl/hdmi_rtl/enc_file/video_tpg_1024768.enc.v' in ../source_code/rtl/hdmi_rtl/enc_file/video_tpg_1024768.enc.v(1)
HDL-1007 : analyze verilog file ../source_code/rtl/hdmi_rtl/enc_file/video_tpg_1080p.enc.v
HDL-1007 : back to file '../source_code/rtl/hdmi_rtl/enc_file/video_tpg_1080p.enc.v' in ../source_code/rtl/hdmi_rtl/enc_file/video_tpg_1080p.enc.v(1)
HDL-1007 : analyze verilog file ../source_code/rtl/hdmi_rtl/enc_file/video_tpg_12801024p.enc.v
HDL-1007 : back to file '../source_code/rtl/hdmi_rtl/enc_file/video_tpg_12801024p.enc.v' in ../source_code/rtl/hdmi_rtl/enc_file/video_tpg_12801024p.enc.v(1)
HDL-1007 : analyze verilog file ../source_code/rtl/hdmi_rtl/enc_file/video_tpg_1280800.enc.v
HDL-5007 WARNING: literal value ** truncated to fit in ** bits in ../source_code/rtl/hdmi_rtl/enc_file/video_tpg_1280800.enc.v(233)
HDL-1007 : back to file '../source_code/rtl/hdmi_rtl/enc_file/video_tpg_1280800.enc.v' in ../source_code/rtl/hdmi_rtl/enc_file/video_tpg_1280800.enc.v(1)
HDL-1007 : analyze verilog file ../source_code/rtl/hdmi_rtl/enc_file/video_tpg_16801050p.enc.v
HDL-1007 : back to file '../source_code/rtl/hdmi_rtl/enc_file/video_tpg_16801050p.enc.v' in ../source_code/rtl/hdmi_rtl/enc_file/video_tpg_16801050p.enc.v(1)
HDL-1007 : analyze verilog file ../source_code/rtl/hdmi_rtl/enc_file/video_tpg_800600.enc.v
HDL-1007 : back to file '../source_code/rtl/hdmi_rtl/enc_file/video_tpg_800600.enc.v' in ../source_code/rtl/hdmi_rtl/enc_file/video_tpg_800600.enc.v(1)
HDL-1007 : analyze VHDL file ../source_code/rtl/hdmi_rtl/hdmi_tx.vhd
HDL-1007 : analyze entity hdmi_tx in ../source_code/rtl/hdmi_rtl/hdmi_tx.vhd(11)
HDL-1007 : analyze architecture behavioral in ../source_code/rtl/hdmi_rtl/hdmi_tx.vhd(33)
HDL-1007 : analyze verilog file ../source_code/rtl/hdmi_rtl/vga_disp_rtl.v
HDL-7201 CRITICAL-WARNING: overwrite current module 'vga_disp_rtl' in ../source_code/rtl/hdmi_rtl/vga_disp_rtl.v(1)
HDL-7307 CRITICAL-WARNING: previous definition of design element module 'vga_disp_rtl' is here. This is because multiple modules(values) with the same name are defined. Please consider rewriting code in ../source_code/rtl/app/vga_disp_rtl.v(1)
RUN-1002 : start command "commit_param -step design"
RUN-1001 : Print Global Property
RUN-1001 : --------------------------------------------------------
RUN-1001 :   Parameters   |  Settings  |  Default Values  |  Note  
RUN-1001 : --------------------------------------------------------
RUN-1001 :   enable_seed  |    off     |       off        |        
RUN-1001 :     message    |  standard  |     standard     |        
RUN-1001 :   qor_monitor  |     on     |        on        |        
RUN-1001 :   syn_ip_flow  |    off     |       off        |        
RUN-1001 :     thread     |    auto    |       auto       |        
RUN-1001 : --------------------------------------------------------
RUN-1001 : Print Design Property
RUN-1001 : ----------------------------------------------------------------
RUN-1001 :       Parameters       |  Settings  |  Default Values  |  Note  
RUN-1001 : ----------------------------------------------------------------
RUN-1001 :   default_reg_initial  |    auto    |       auto       |        
RUN-1001 :    hdl_warning_level   |   normal   |      normal      |        
RUN-1001 : ----------------------------------------------------------------
HDL-1007 : analyze verilog file last_attempt.v
HDL-1007 : undeclared symbol 'phy_reset', assumed default net type 'wire' in last_attempt.v(166)
HDL-1007 : undeclared symbol 'cam_write_req_ack', assumed default net type 'wire' in last_attempt.v(306)
HDL-1007 : undeclared symbol 'sd_card_write_req_ack', assumed default net type 'wire' in last_attempt.v(307)
HDL-1007 : undeclared symbol 'VGA_HSYNC', assumed default net type 'wire' in last_attempt.v(355)
HDL-1007 : undeclared symbol 'VGA_VSYNC', assumed default net type 'wire' in last_attempt.v(356)
HDL-1007 : undeclared symbol 'rd_en', assumed default net type 'wire' in last_attempt.v(358)
HDL-7225 CRITICAL-WARNING: 'sd_card_write_req_ack' is already implicitly declared on line 307 in last_attempt.v(411)
HDL-7225 CRITICAL-WARNING: 'cam_write_req_ack' is already implicitly declared on line 306 in last_attempt.v(468)
HDL-1007 : undeclared symbol 'tpg_data_done', assumed default net type 'wire' in last_attempt.v(661)
HDL-1007 : undeclared symbol 'full_flag', assumed default net type 'wire' in last_attempt.v(695)
HDL-1007 : undeclared symbol 'input_local_udp_port_num', assumed default net type 'wire' in last_attempt.v(726)
HDL-1007 : undeclared symbol 'input_local_udp_port_num_valid', assumed default net type 'wire' in last_attempt.v(727)
HDL-1007 : undeclared symbol 'input_local_ip_address_valid', assumed default net type 'wire' in last_attempt.v(730)
HDL-1007 : analyze verilog file ../source_code/rtl/udp/BUFGMUX.v
HDL-1007 : analyze verilog file ../source_code/rtl/udp/IDDR.v
HDL-1007 : analyze verilog file ../source_code/rtl/udp/ODDR.v
HDL-1007 : analyze verilog file ../source_code/rtl/udp/RAMB16_S9_S9.v
HDL-1007 : undeclared symbol 'open', assumed default net type 'wire' in ../source_code/rtl/udp/RAMB16_S9_S9.v(109)
HDL-1007 : analyze verilog file ../source_code/rtl/udp/clk_gen_rst_gen.v
HDL-1007 : analyze verilog file ../source_code/rtl/udp/div_clk_gen.v
HDL-1007 : analyze verilog file ../source_code/rtl/udp/rgmii_interface.v
HDL-1007 : analyze verilog file ../source_code/rtl/udp/rx_client_fifo.v
HDL-5370 WARNING: parameter 'WAIT_s' becomes localparam in 'rx_client_fifo' with formal parameter declaration list in ../source_code/rtl/udp/rx_client_fifo.v(49)
HDL-5370 WARNING: parameter 'QUEUE1_s' becomes localparam in 'rx_client_fifo' with formal parameter declaration list in ../source_code/rtl/udp/rx_client_fifo.v(50)
HDL-5370 WARNING: parameter 'QUEUE2_s' becomes localparam in 'rx_client_fifo' with formal parameter declaration list in ../source_code/rtl/udp/rx_client_fifo.v(51)
HDL-5370 WARNING: parameter 'QUEUE3_s' becomes localparam in 'rx_client_fifo' with formal parameter declaration list in ../source_code/rtl/udp/rx_client_fifo.v(52)
HDL-5370 WARNING: parameter 'QUEUE_SOF_s' becomes localparam in 'rx_client_fifo' with formal parameter declaration list in ../source_code/rtl/udp/rx_client_fifo.v(53)
HDL-5370 WARNING: parameter 'SOF_s' becomes localparam in 'rx_client_fifo' with formal parameter declaration list in ../source_code/rtl/udp/rx_client_fifo.v(54)
HDL-5370 WARNING: parameter 'DATA_s' becomes localparam in 'rx_client_fifo' with formal parameter declaration list in ../source_code/rtl/udp/rx_client_fifo.v(55)
HDL-5370 WARNING: parameter 'EOF_s' becomes localparam in 'rx_client_fifo' with formal parameter declaration list in ../source_code/rtl/udp/rx_client_fifo.v(56)
HDL-5370 WARNING: parameter 'IDLE_s' becomes localparam in 'rx_client_fifo' with formal parameter declaration list in ../source_code/rtl/udp/rx_client_fifo.v(62)
HDL-5370 WARNING: parameter 'FRAME_s' becomes localparam in 'rx_client_fifo' with formal parameter declaration list in ../source_code/rtl/udp/rx_client_fifo.v(63)
HDL-5370 Similar messages will be suppressed.
HDL-1007 : analyze verilog file ../source_code/rtl/udp/temac_block.v
HDL-1007 : analyze verilog file ../source_code/rtl/udp/temac_clk_gen.v
HDL-1007 : analyze verilog file ../source_code/rtl/udp/tx_client_fifo.v
HDL-5370 WARNING: parameter 'IDLE_s' becomes localparam in 'tx_client_fifo' with formal parameter declaration list in ../source_code/rtl/udp/tx_client_fifo.v(53)
HDL-5370 WARNING: parameter 'QUEUE1_s' becomes localparam in 'tx_client_fifo' with formal parameter declaration list in ../source_code/rtl/udp/tx_client_fifo.v(54)
HDL-5370 WARNING: parameter 'QUEUE2_s' becomes localparam in 'tx_client_fifo' with formal parameter declaration list in ../source_code/rtl/udp/tx_client_fifo.v(55)
HDL-5370 WARNING: parameter 'QUEUE3_s' becomes localparam in 'tx_client_fifo' with formal parameter declaration list in ../source_code/rtl/udp/tx_client_fifo.v(56)
HDL-5370 WARNING: parameter 'QUEUE_ACK_s' becomes localparam in 'tx_client_fifo' with formal parameter declaration list in ../source_code/rtl/udp/tx_client_fifo.v(57)
HDL-5370 WARNING: parameter 'WAIT_ACK_s' becomes localparam in 'tx_client_fifo' with formal parameter declaration list in ../source_code/rtl/udp/tx_client_fifo.v(58)
HDL-5370 WARNING: parameter 'FRAME_s' becomes localparam in 'tx_client_fifo' with formal parameter declaration list in ../source_code/rtl/udp/tx_client_fifo.v(59)
HDL-5370 WARNING: parameter 'DROP_s' becomes localparam in 'tx_client_fifo' with formal parameter declaration list in ../source_code/rtl/udp/tx_client_fifo.v(60)
HDL-5370 WARNING: parameter 'RETRANSMIT_s' becomes localparam in 'tx_client_fifo' with formal parameter declaration list in ../source_code/rtl/udp/tx_client_fifo.v(61)
HDL-5370 WARNING: parameter 'WAIT_s' becomes localparam in 'tx_client_fifo' with formal parameter declaration list in ../source_code/rtl/udp/tx_client_fifo.v(67)
HDL-5370 Similar messages will be suppressed.
HDL-1007 : analyze verilog file ../source_code/rtl/udp/tx_clk_en_gen.v
HDL-1007 : analyze verilog file ../source_code/rtl/udp/udp_data_tpg.v
HDL-1007 : analyze verilog file ../source_code/rtl/udp/udp_ip_protocol_stack_merge.enc.v
HDL-1007 : back to file '../source_code/rtl/udp/udp_ip_protocol_stack_merge.enc.v' in ../source_code/rtl/udp/udp_ip_protocol_stack_merge.enc.v(56)
HDL-1007 : undeclared symbol '**', assumed default net type '**' in ../source_code/rtl/udp/udp_ip_protocol_stack_merge.enc.v(2638)
HDL-1007 : back to file '../source_code/rtl/udp/udp_ip_protocol_stack_merge.enc.v' in ../source_code/rtl/udp/udp_ip_protocol_stack_merge.enc.v(420)
HDL-1007 : analyze verilog file ../source_code/rtl/udp/udp_loopback.v
HDL-1007 : analyze verilog file al_ip/TEMAC_CORE/RTL/include/define.v
HDL-1007 : analyze verilog file al_ip/TEMAC_CORE/RTL/TEMAC_CORE_aead6cd6dadd.v
HDL-5007 WARNING: column 1032 exceeds maximum value 1023 in al_ip/TEMAC_CORE/RTL/TEMAC_CORE_aead6cd6dadd.v(30)
HDL-1007 : back to file 'al_ip/TEMAC_CORE/RTL/TEMAC_CORE_aead6cd6dadd.v' in al_ip/TEMAC_CORE/RTL/TEMAC_CORE_aead6cd6dadd.v(86)
HDL-5007 WARNING: event expressions must result in a singular type in al_ip/TEMAC_CORE/RTL/TEMAC_CORE_aead6cd6dadd.v(3001)
HDL-1007 : undeclared symbol '**', assumed default net type '**' in al_ip/TEMAC_CORE/RTL/TEMAC_CORE_aead6cd6dadd.v(5050)
HDL-1007 : undeclared symbol '**', assumed default net type '**' in al_ip/TEMAC_CORE/RTL/TEMAC_CORE_aead6cd6dadd.v(5458)
HDL-5007 WARNING: column 1035 exceeds maximum value 1023 in al_ip/TEMAC_CORE/RTL/TEMAC_CORE_aead6cd6dadd.v(6001)
HDL-1007 : back to file 'al_ip/TEMAC_CORE/RTL/TEMAC_CORE_aead6cd6dadd.v' in al_ip/TEMAC_CORE/RTL/TEMAC_CORE_aead6cd6dadd.v(260)
HDL-1007 : analyze verilog file al_ip/TEMAC_CORE/RTL/mac_core_aead6cd6dadd.v
HDL-1007 : analyze verilog file al_ip/TEMAC_CORE/TEMAC_CORE.v
HDL-1007 : analyze verilog file al_ip/pll_gen.v
HDL-1007 : undeclared symbol 'pll_gen_open0', assumed default net type 'wire' in al_ip/pll_gen.v(99)
HDL-1007 : undeclared symbol 'pll_gen_open8', assumed default net type 'wire' in al_ip/pll_gen.v(105)
HDL-1007 : undeclared symbol 'pll_gen_open7', assumed default net type 'wire' in al_ip/pll_gen.v(105)
HDL-1007 : undeclared symbol 'pll_gen_open6', assumed default net type 'wire' in al_ip/pll_gen.v(105)
HDL-1007 : undeclared symbol 'pll_gen_open5', assumed default net type 'wire' in al_ip/pll_gen.v(105)
HDL-1007 : undeclared symbol 'pll_gen_open4', assumed default net type 'wire' in al_ip/pll_gen.v(105)
HDL-1007 : undeclared symbol 'pll_gen_open3', assumed default net type 'wire' in al_ip/pll_gen.v(105)
HDL-1007 : undeclared symbol 'pll_gen_open2', assumed default net type 'wire' in al_ip/pll_gen.v(105)
HDL-1007 : undeclared symbol 'pll_gen_open1', assumed default net type 'wire' in al_ip/pll_gen.v(105)
HDL-1007 : analyze verilog file al_ip/sys_pll.v
HDL-1007 : undeclared symbol 'sys_pll_open0', assumed default net type 'wire' in al_ip/sys_pll.v(77)
HDL-1007 : undeclared symbol 'sys_pll_open1', assumed default net type 'wire' in al_ip/sys_pll.v(83)
HDL-1007 : undeclared symbol 'sys_pll_open9', assumed default net type 'wire' in al_ip/sys_pll.v(89)
HDL-1007 : undeclared symbol 'sys_pll_open8', assumed default net type 'wire' in al_ip/sys_pll.v(89)
HDL-1007 : undeclared symbol 'sys_pll_open7', assumed default net type 'wire' in al_ip/sys_pll.v(89)
HDL-1007 : undeclared symbol 'sys_pll_open6', assumed default net type 'wire' in al_ip/sys_pll.v(89)
HDL-1007 : undeclared symbol 'sys_pll_open5', assumed default net type 'wire' in al_ip/sys_pll.v(89)
HDL-1007 : undeclared symbol 'sys_pll_open4', assumed default net type 'wire' in al_ip/sys_pll.v(89)
HDL-1007 : undeclared symbol 'sys_pll_open3', assumed default net type 'wire' in al_ip/sys_pll.v(89)
HDL-1007 : undeclared symbol 'sys_pll_open2', assumed default net type 'wire' in al_ip/sys_pll.v(89)
HDL-1007 : undeclared symbol 'sys_pll_open11', assumed default net type 'wire' in al_ip/sys_pll.v(91)
HDL-1007 : undeclared symbol 'sys_pll_open10', assumed default net type 'wire' in al_ip/sys_pll.v(91)
HDL-1007 : analyze verilog file ../source_code/rtl/sd_card/ax_debounce.v
HDL-1007 : analyze verilog file ../source_code/rtl/sd_card/bmp_read.v
HDL-1007 : analyze verilog file ../source_code/rtl/sd_card/sd_card_bmp.v
HDL-1007 : analyze verilog file ../source_code/rtl/sd_card/sd_card_cmd.v
HDL-1007 : analyze verilog file ../source_code/rtl/sd_card/sd_card_sec_read_write.v
HDL-1007 : analyze verilog file ../source_code/rtl/sd_card/sd_card_top.v
HDL-1007 : analyze verilog file ../source_code/rtl/sd_card/spi_master.v
HDL-1007 : analyze verilog file ../source_code/rtl/sdram/enc_file/global_def.v
HDL-1007 : analyze verilog file ../source_code/rtl/sdram/enc_file/sdr_as_ram.enc.v
HDL-1007 : back to file '../source_code/rtl/sdram/enc_file/sdr_as_ram.enc.v' in ../source_code/rtl/sdram/enc_file/sdr_as_ram.enc.v(54)
HDL-1007 : analyze verilog file ../source_code/rtl/sdram/enc_file/sdr_wrrd.enc.v
HDL-5007 WARNING: concatenation with an unsized literal will be treated as 32 bits in ../source_code/rtl/sdram/enc_file/sdr_wrrd.enc.v(283)
HDL-1007 : back to file '../source_code/rtl/sdram/enc_file/sdr_wrrd.enc.v' in ../source_code/rtl/sdram/enc_file/sdr_wrrd.enc.v(19)
HDL-1007 : analyze verilog file ../source_code/rtl/frame_fifo/afifo_16_32_256.v
HDL-1007 : analyze verilog file ../source_code/rtl/frame_fifo/afifo_32_16_256.v
HDL-1007 : analyze verilog file ../source_code/rtl/frame_fifo/frame_fifo_read.v
HDL-1007 : analyze verilog file ../source_code/rtl/frame_fifo/frame_fifo_write.v
HDL-1007 : analyze verilog file ../source_code/rtl/frame_fifo/frame_read_write.v
HDL-1007 : analyze verilog file ../source_code/rtl/sdram/sdram.v
HDL-1007 : analyze included file ../source_code/rtl/sdram/enc_file/global_def.v in ../source_code/rtl/sdram/sdram.v(10)
HDL-1007 : back to file '../source_code/rtl/sdram/sdram.v' in ../source_code/rtl/sdram/sdram.v(10)
HDL-1007 : undeclared symbol 'SDR_CKE', assumed default net type 'wire' in ../source_code/rtl/sdram/sdram.v(89)
HDL-1007 : analyze verilog file ../source_code/rtl/sdram/enc_file/sdr_init_ref.enc.v
HDL-1007 : analyze included file ../source_code/rtl/sdram/enc_file/global_def.v in ../source_code/rtl/sdram/enc_file/sdr_init_ref.enc.v(11)
HDL-1007 : back to file '../source_code/rtl/sdram/enc_file/sdr_init_ref.enc.v' in ../source_code/rtl/sdram/enc_file/sdr_init_ref.enc.v(11)
HDL-1007 : undeclared symbol '**', assumed default net type '**' in ../source_code/rtl/sdram/enc_file/sdr_init_ref.enc.v(57)
HDL-1007 : back to file '../source_code/rtl/sdram/enc_file/sdr_init_ref.enc.v' in ../source_code/rtl/sdram/enc_file/sdr_init_ref.enc.v(149)
HDL-5007 WARNING: concatenation with an unsized literal will be treated as 32 bits in ../source_code/rtl/sdram/enc_file/sdr_init_ref.enc.v(47)
HDL-1007 : analyze verilog file ../source_code/rtl/video_timing/color_bar.v
HDL-1007 : analyze included file ../source_code/rtl/video_timing/video_define.v in ../source_code/rtl/video_timing/color_bar.v(2)
HDL-1007 : back to file '../source_code/rtl/video_timing/color_bar.v' in ../source_code/rtl/video_timing/color_bar.v(2)
HDL-1007 : analyze verilog file ../source_code/rtl/video_timing/video_delay.v
HDL-1007 : analyze verilog file ../source_code/rtl/video_timing/video_timing_data.v
HDL-1007 : analyze verilog file ../source_code/rtl/another/m_synchronization_header.v
HDL-1007 : analyze verilog file ../source_code/rtl/led.v
HDL-1007 : analyze verilog file ../source_code/rtl/ov5640/cmos_capture_data.v
HDL-1007 : analyze verilog file ../source_code/rtl/ov5640/i2c_dri.v
HDL-1007 : analyze verilog file ../source_code/rtl/ov5640/i2c_ov5640_rgb565_cfg.v
HDL-1007 : analyze verilog file ../source_code/rtl/ov5640/ov5640_delay.v
HDL-1007 : analyze verilog file ../source_code/rtl/ov5640/ov5640_dri.v
HDL-1007 : analyze verilog file al_ip/clk_wize.v
HDL-1007 : undeclared symbol 'open', assumed default net type 'wire' in al_ip/clk_wize.v(70)
HDL-1007 : analyze verilog file al_ip/ram.v
HDL-1007 : analyze verilog file ../source_code/rtl/app/addr_crt.v
HDL-1007 : analyze verilog file ../source_code/rtl/app/app.v
HDL-1007 : analyze verilog file ../source_code/rtl/app/vga_disp_rtl.v
HDL-1007 : analyze VHDL file ../source_code/rtl/hdmi_rtl/enc_file/DVITransmitter.enc.vhd
HDL-1007 : analyze entity dvitransmitter in ../source_code/rtl/hdmi_rtl/enc_file/DVITransmitter.enc.vhd(13)
HDL-1007 : analyze architecture ** in ../source_code/rtl/hdmi_rtl/enc_file/DVITransmitter.enc.vhd(2)
HDL-1007 : analyze VHDL file ../source_code/rtl/hdmi_rtl/enc_file/SerializerN_1_lvds.enc.vhd
HDL-1007 : analyze entity ** in ../source_code/rtl/hdmi_rtl/enc_file/SerializerN_1_lvds.enc.vhd(12)
HDL-1007 : analyze architecture ** in ../source_code/rtl/hdmi_rtl/enc_file/SerializerN_1_lvds.enc.vhd(25)
HDL-1007 : analyze VHDL file ../source_code/rtl/hdmi_rtl/enc_file/SerializerN_1_lvds_dat.enc.vhd
HDL-1007 : analyze entity ** in ../source_code/rtl/hdmi_rtl/enc_file/SerializerN_1_lvds_dat.enc.vhd(14)
HDL-1007 : analyze architecture ** in ../source_code/rtl/hdmi_rtl/enc_file/SerializerN_1_lvds_dat.enc.vhd(28)
HDL-1007 : analyze VHDL file ../source_code/rtl/hdmi_rtl/enc_file/TMDSEncoder.enc.vhd
HDL-1007 : analyze entity ** in ../source_code/rtl/hdmi_rtl/enc_file/TMDSEncoder.enc.vhd(13)
HDL-1007 : analyze architecture ** in ../source_code/rtl/hdmi_rtl/enc_file/TMDSEncoder.enc.vhd(24)
HDL-1007 : analyze verilog file ../source_code/rtl/hdmi_rtl/enc_file/video_tpg_1024768.enc.v
HDL-5007 WARNING: literal value ** truncated to fit in ** bits in ../source_code/rtl/hdmi_rtl/enc_file/video_tpg_1024768.enc.v(231)
HDL-1007 : back to file '../source_code/rtl/hdmi_rtl/enc_file/video_tpg_1024768.enc.v' in ../source_code/rtl/hdmi_rtl/enc_file/video_tpg_1024768.enc.v(1)
HDL-1007 : analyze verilog file ../source_code/rtl/hdmi_rtl/enc_file/video_tpg_1080p.enc.v
HDL-1007 : back to file '../source_code/rtl/hdmi_rtl/enc_file/video_tpg_1080p.enc.v' in ../source_code/rtl/hdmi_rtl/enc_file/video_tpg_1080p.enc.v(1)
HDL-1007 : analyze verilog file ../source_code/rtl/hdmi_rtl/enc_file/video_tpg_12801024p.enc.v
HDL-1007 : back to file '../source_code/rtl/hdmi_rtl/enc_file/video_tpg_12801024p.enc.v' in ../source_code/rtl/hdmi_rtl/enc_file/video_tpg_12801024p.enc.v(1)
HDL-1007 : analyze verilog file ../source_code/rtl/hdmi_rtl/enc_file/video_tpg_1280800.enc.v
HDL-5007 WARNING: literal value ** truncated to fit in ** bits in ../source_code/rtl/hdmi_rtl/enc_file/video_tpg_1280800.enc.v(233)
HDL-1007 : back to file '../source_code/rtl/hdmi_rtl/enc_file/video_tpg_1280800.enc.v' in ../source_code/rtl/hdmi_rtl/enc_file/video_tpg_1280800.enc.v(1)
HDL-1007 : analyze verilog file ../source_code/rtl/hdmi_rtl/enc_file/video_tpg_16801050p.enc.v
HDL-1007 : back to file '../source_code/rtl/hdmi_rtl/enc_file/video_tpg_16801050p.enc.v' in ../source_code/rtl/hdmi_rtl/enc_file/video_tpg_16801050p.enc.v(1)
HDL-1007 : analyze verilog file ../source_code/rtl/hdmi_rtl/enc_file/video_tpg_800600.enc.v
HDL-1007 : back to file '../source_code/rtl/hdmi_rtl/enc_file/video_tpg_800600.enc.v' in ../source_code/rtl/hdmi_rtl/enc_file/video_tpg_800600.enc.v(1)
HDL-1007 : analyze VHDL file ../source_code/rtl/hdmi_rtl/hdmi_tx.vhd
HDL-1007 : analyze entity hdmi_tx in ../source_code/rtl/hdmi_rtl/hdmi_tx.vhd(11)
HDL-1007 : analyze architecture behavioral in ../source_code/rtl/hdmi_rtl/hdmi_tx.vhd(33)
HDL-1007 : analyze verilog file ../source_code/rtl/hdmi_rtl/vga_disp_rtl.v
HDL-7201 CRITICAL-WARNING: overwrite current module 'vga_disp_rtl' in ../source_code/rtl/hdmi_rtl/vga_disp_rtl.v(1)
HDL-7307 CRITICAL-WARNING: previous definition of design element module 'vga_disp_rtl' is here. This is because multiple modules(values) with the same name are defined. Please consider rewriting code in ../source_code/rtl/app/vga_disp_rtl.v(1)
RUN-1002 : start command "commit_param -step design"
RUN-1001 : Print Global Property
RUN-1001 : --------------------------------------------------------
RUN-1001 :   Parameters   |  Settings  |  Default Values  |  Note  
RUN-1001 : --------------------------------------------------------
RUN-1001 :   enable_seed  |    off     |       off        |        
RUN-1001 :     message    |  standard  |     standard     |        
RUN-1001 :   qor_monitor  |     on     |        on        |        
RUN-1001 :   syn_ip_flow  |    off     |       off        |        
RUN-1001 :     thread     |    auto    |       auto       |        
RUN-1001 : --------------------------------------------------------
RUN-1001 : Print Design Property
RUN-1001 : ----------------------------------------------------------------
RUN-1001 :       Parameters       |  Settings  |  Default Values  |  Note  
RUN-1001 : ----------------------------------------------------------------
RUN-1001 :   default_reg_initial  |    auto    |       auto       |        
RUN-1001 :    hdl_warning_level   |   normal   |      normal      |        
RUN-1001 : ----------------------------------------------------------------
HDL-1007 : analyze verilog file last_attempt.v
HDL-1007 : undeclared symbol 'phy_reset', assumed default net type 'wire' in last_attempt.v(166)
HDL-1007 : undeclared symbol 'cam_write_req_ack', assumed default net type 'wire' in last_attempt.v(306)
HDL-1007 : undeclared symbol 'sd_card_write_req_ack', assumed default net type 'wire' in last_attempt.v(307)
HDL-1007 : undeclared symbol 'VGA_HSYNC', assumed default net type 'wire' in last_attempt.v(355)
HDL-1007 : undeclared symbol 'VGA_VSYNC', assumed default net type 'wire' in last_attempt.v(356)
HDL-1007 : undeclared symbol 'rd_en', assumed default net type 'wire' in last_attempt.v(358)
HDL-7225 CRITICAL-WARNING: 'sd_card_write_req_ack' is already implicitly declared on line 307 in last_attempt.v(411)
HDL-7225 CRITICAL-WARNING: 'cam_write_req_ack' is already implicitly declared on line 306 in last_attempt.v(468)
HDL-8007 ERROR: syntax error near ')' in last_attempt.v(577)
HDL-1007 : undeclared symbol 'tpg_data_done', assumed default net type 'wire' in last_attempt.v(661)
HDL-1007 : undeclared symbol 'full_flag', assumed default net type 'wire' in last_attempt.v(695)
HDL-1007 : undeclared symbol 'input_local_udp_port_num', assumed default net type 'wire' in last_attempt.v(726)
HDL-1007 : undeclared symbol 'input_local_udp_port_num_valid', assumed default net type 'wire' in last_attempt.v(727)
HDL-1007 : undeclared symbol 'input_local_ip_address_valid', assumed default net type 'wire' in last_attempt.v(730)
HDL-8007 ERROR: ignore module module due to previous errors in last_attempt.v(6)
HDL-1007 : analyze VHDL file ../source_code/rtl/hdmi_rtl/enc_file/DVITransmitter.enc.vhd
HDL-1007 : analyze entity dvitransmitter in ../source_code/rtl/hdmi_rtl/enc_file/DVITransmitter.enc.vhd(13)
HDL-1007 : analyze architecture ** in ../source_code/rtl/hdmi_rtl/enc_file/DVITransmitter.enc.vhd(2)
HDL-1007 : analyze VHDL file ../source_code/rtl/hdmi_rtl/enc_file/SerializerN_1_lvds.enc.vhd
HDL-1007 : analyze entity ** in ../source_code/rtl/hdmi_rtl/enc_file/SerializerN_1_lvds.enc.vhd(12)
HDL-1007 : analyze architecture ** in ../source_code/rtl/hdmi_rtl/enc_file/SerializerN_1_lvds.enc.vhd(25)
HDL-1007 : analyze VHDL file ../source_code/rtl/hdmi_rtl/enc_file/SerializerN_1_lvds_dat.enc.vhd
HDL-1007 : analyze entity ** in ../source_code/rtl/hdmi_rtl/enc_file/SerializerN_1_lvds_dat.enc.vhd(14)
HDL-1007 : analyze architecture ** in ../source_code/rtl/hdmi_rtl/enc_file/SerializerN_1_lvds_dat.enc.vhd(28)
HDL-1007 : analyze VHDL file ../source_code/rtl/hdmi_rtl/enc_file/TMDSEncoder.enc.vhd
HDL-1007 : analyze entity ** in ../source_code/rtl/hdmi_rtl/enc_file/TMDSEncoder.enc.vhd(13)
HDL-1007 : analyze architecture ** in ../source_code/rtl/hdmi_rtl/enc_file/TMDSEncoder.enc.vhd(24)
HDL-1007 : analyze verilog file ../source_code/rtl/hdmi_rtl/enc_file/video_tpg_1024768.enc.v
HDL-5007 WARNING: literal value ** truncated to fit in ** bits in ../source_code/rtl/hdmi_rtl/enc_file/video_tpg_1024768.enc.v(231)
HDL-1007 : back to file '../source_code/rtl/hdmi_rtl/enc_file/video_tpg_1024768.enc.v' in ../source_code/rtl/hdmi_rtl/enc_file/video_tpg_1024768.enc.v(1)
HDL-1007 : analyze verilog file ../source_code/rtl/hdmi_rtl/enc_file/video_tpg_1080p.enc.v
HDL-1007 : back to file '../source_code/rtl/hdmi_rtl/enc_file/video_tpg_1080p.enc.v' in ../source_code/rtl/hdmi_rtl/enc_file/video_tpg_1080p.enc.v(1)
HDL-1007 : analyze verilog file ../source_code/rtl/hdmi_rtl/enc_file/video_tpg_12801024p.enc.v
HDL-1007 : back to file '../source_code/rtl/hdmi_rtl/enc_file/video_tpg_12801024p.enc.v' in ../source_code/rtl/hdmi_rtl/enc_file/video_tpg_12801024p.enc.v(1)
HDL-1007 : analyze verilog file ../source_code/rtl/hdmi_rtl/enc_file/video_tpg_1280800.enc.v
HDL-5007 WARNING: literal value ** truncated to fit in ** bits in ../source_code/rtl/hdmi_rtl/enc_file/video_tpg_1280800.enc.v(233)
HDL-1007 : back to file '../source_code/rtl/hdmi_rtl/enc_file/video_tpg_1280800.enc.v' in ../source_code/rtl/hdmi_rtl/enc_file/video_tpg_1280800.enc.v(1)
HDL-1007 : analyze verilog file ../source_code/rtl/hdmi_rtl/enc_file/video_tpg_16801050p.enc.v
HDL-1007 : back to file '../source_code/rtl/hdmi_rtl/enc_file/video_tpg_16801050p.enc.v' in ../source_code/rtl/hdmi_rtl/enc_file/video_tpg_16801050p.enc.v(1)
HDL-1007 : analyze verilog file ../source_code/rtl/hdmi_rtl/enc_file/video_tpg_800600.enc.v
HDL-1007 : back to file '../source_code/rtl/hdmi_rtl/enc_file/video_tpg_800600.enc.v' in ../source_code/rtl/hdmi_rtl/enc_file/video_tpg_800600.enc.v(1)
HDL-1007 : analyze VHDL file ../source_code/rtl/hdmi_rtl/hdmi_tx.vhd
HDL-1007 : analyze entity hdmi_tx in ../source_code/rtl/hdmi_rtl/hdmi_tx.vhd(11)
HDL-1007 : analyze architecture behavioral in ../source_code/rtl/hdmi_rtl/hdmi_tx.vhd(33)
HDL-1007 : analyze verilog file ../source_code/rtl/hdmi_rtl/vga_disp_rtl.v
HDL-5007 WARNING: The file last_attempt.v will not be compiled since it is not included by any other files. Set it as 'global include' if it should be compiled.
RUN-1002 : start command "commit_param -step design"
RUN-1001 : Print Global Property
RUN-1001 : --------------------------------------------------------
RUN-1001 :   Parameters   |  Settings  |  Default Values  |  Note  
RUN-1001 : --------------------------------------------------------
RUN-1001 :   enable_seed  |    off     |       off        |        
RUN-1001 :     message    |  standard  |     standard     |        
RUN-1001 :   qor_monitor  |     on     |        on        |        
RUN-1001 :   syn_ip_flow  |    off     |       off        |        
RUN-1001 :     thread     |    auto    |       auto       |        
RUN-1001 : --------------------------------------------------------
RUN-1001 : Print Design Property
RUN-1001 : ----------------------------------------------------------------
RUN-1001 :       Parameters       |  Settings  |  Default Values  |  Note  
RUN-1001 : ----------------------------------------------------------------
RUN-1001 :   default_reg_initial  |    auto    |       auto       |        
RUN-1001 :    hdl_warning_level   |   normal   |      normal      |        
RUN-1001 : ----------------------------------------------------------------
HDL-1007 : analyze verilog file last_attempt.v
HDL-1007 : undeclared symbol 'phy_reset', assumed default net type 'wire' in last_attempt.v(166)
HDL-1007 : undeclared symbol 'cam_write_req_ack', assumed default net type 'wire' in last_attempt.v(306)
HDL-1007 : undeclared symbol 'sd_card_write_req_ack', assumed default net type 'wire' in last_attempt.v(307)
HDL-1007 : undeclared symbol 'VGA_HSYNC', assumed default net type 'wire' in last_attempt.v(355)
HDL-1007 : undeclared symbol 'VGA_VSYNC', assumed default net type 'wire' in last_attempt.v(356)
HDL-1007 : undeclared symbol 'rd_en', assumed default net type 'wire' in last_attempt.v(358)
HDL-7225 CRITICAL-WARNING: 'sd_card_write_req_ack' is already implicitly declared on line 307 in last_attempt.v(411)
HDL-7225 CRITICAL-WARNING: 'cam_write_req_ack' is already implicitly declared on line 306 in last_attempt.v(468)
HDL-1007 : undeclared symbol 'tpg_data_done', assumed default net type 'wire' in last_attempt.v(661)
HDL-1007 : undeclared symbol 'full_flag', assumed default net type 'wire' in last_attempt.v(695)
HDL-1007 : undeclared symbol 'input_local_udp_port_num', assumed default net type 'wire' in last_attempt.v(726)
HDL-1007 : undeclared symbol 'input_local_udp_port_num_valid', assumed default net type 'wire' in last_attempt.v(727)
HDL-1007 : undeclared symbol 'input_local_ip_address_valid', assumed default net type 'wire' in last_attempt.v(730)
HDL-1007 : analyze verilog file ../source_code/rtl/udp/BUFGMUX.v
HDL-1007 : analyze verilog file ../source_code/rtl/udp/IDDR.v
HDL-1007 : analyze verilog file ../source_code/rtl/udp/ODDR.v
HDL-1007 : analyze verilog file ../source_code/rtl/udp/RAMB16_S9_S9.v
HDL-1007 : undeclared symbol 'open', assumed default net type 'wire' in ../source_code/rtl/udp/RAMB16_S9_S9.v(109)
HDL-1007 : analyze verilog file ../source_code/rtl/udp/clk_gen_rst_gen.v
HDL-1007 : analyze verilog file ../source_code/rtl/udp/div_clk_gen.v
HDL-1007 : analyze verilog file ../source_code/rtl/udp/rgmii_interface.v
HDL-1007 : analyze verilog file ../source_code/rtl/udp/rx_client_fifo.v
HDL-5370 WARNING: parameter 'WAIT_s' becomes localparam in 'rx_client_fifo' with formal parameter declaration list in ../source_code/rtl/udp/rx_client_fifo.v(49)
HDL-5370 WARNING: parameter 'QUEUE1_s' becomes localparam in 'rx_client_fifo' with formal parameter declaration list in ../source_code/rtl/udp/rx_client_fifo.v(50)
HDL-5370 WARNING: parameter 'QUEUE2_s' becomes localparam in 'rx_client_fifo' with formal parameter declaration list in ../source_code/rtl/udp/rx_client_fifo.v(51)
HDL-5370 WARNING: parameter 'QUEUE3_s' becomes localparam in 'rx_client_fifo' with formal parameter declaration list in ../source_code/rtl/udp/rx_client_fifo.v(52)
HDL-5370 WARNING: parameter 'QUEUE_SOF_s' becomes localparam in 'rx_client_fifo' with formal parameter declaration list in ../source_code/rtl/udp/rx_client_fifo.v(53)
HDL-5370 WARNING: parameter 'SOF_s' becomes localparam in 'rx_client_fifo' with formal parameter declaration list in ../source_code/rtl/udp/rx_client_fifo.v(54)
HDL-5370 WARNING: parameter 'DATA_s' becomes localparam in 'rx_client_fifo' with formal parameter declaration list in ../source_code/rtl/udp/rx_client_fifo.v(55)
HDL-5370 WARNING: parameter 'EOF_s' becomes localparam in 'rx_client_fifo' with formal parameter declaration list in ../source_code/rtl/udp/rx_client_fifo.v(56)
HDL-5370 WARNING: parameter 'IDLE_s' becomes localparam in 'rx_client_fifo' with formal parameter declaration list in ../source_code/rtl/udp/rx_client_fifo.v(62)
HDL-5370 WARNING: parameter 'FRAME_s' becomes localparam in 'rx_client_fifo' with formal parameter declaration list in ../source_code/rtl/udp/rx_client_fifo.v(63)
HDL-5370 Similar messages will be suppressed.
HDL-1007 : analyze verilog file ../source_code/rtl/udp/temac_block.v
HDL-1007 : analyze verilog file ../source_code/rtl/udp/temac_clk_gen.v
HDL-1007 : analyze verilog file ../source_code/rtl/udp/tx_client_fifo.v
HDL-5370 WARNING: parameter 'IDLE_s' becomes localparam in 'tx_client_fifo' with formal parameter declaration list in ../source_code/rtl/udp/tx_client_fifo.v(53)
HDL-5370 WARNING: parameter 'QUEUE1_s' becomes localparam in 'tx_client_fifo' with formal parameter declaration list in ../source_code/rtl/udp/tx_client_fifo.v(54)
HDL-5370 WARNING: parameter 'QUEUE2_s' becomes localparam in 'tx_client_fifo' with formal parameter declaration list in ../source_code/rtl/udp/tx_client_fifo.v(55)
HDL-5370 WARNING: parameter 'QUEUE3_s' becomes localparam in 'tx_client_fifo' with formal parameter declaration list in ../source_code/rtl/udp/tx_client_fifo.v(56)
HDL-5370 WARNING: parameter 'QUEUE_ACK_s' becomes localparam in 'tx_client_fifo' with formal parameter declaration list in ../source_code/rtl/udp/tx_client_fifo.v(57)
HDL-5370 WARNING: parameter 'WAIT_ACK_s' becomes localparam in 'tx_client_fifo' with formal parameter declaration list in ../source_code/rtl/udp/tx_client_fifo.v(58)
HDL-5370 WARNING: parameter 'FRAME_s' becomes localparam in 'tx_client_fifo' with formal parameter declaration list in ../source_code/rtl/udp/tx_client_fifo.v(59)
HDL-5370 WARNING: parameter 'DROP_s' becomes localparam in 'tx_client_fifo' with formal parameter declaration list in ../source_code/rtl/udp/tx_client_fifo.v(60)
HDL-5370 WARNING: parameter 'RETRANSMIT_s' becomes localparam in 'tx_client_fifo' with formal parameter declaration list in ../source_code/rtl/udp/tx_client_fifo.v(61)
HDL-5370 WARNING: parameter 'WAIT_s' becomes localparam in 'tx_client_fifo' with formal parameter declaration list in ../source_code/rtl/udp/tx_client_fifo.v(67)
HDL-5370 Similar messages will be suppressed.
HDL-1007 : analyze verilog file ../source_code/rtl/udp/tx_clk_en_gen.v
HDL-1007 : analyze verilog file ../source_code/rtl/udp/udp_data_tpg.v
HDL-1007 : analyze verilog file ../source_code/rtl/udp/udp_ip_protocol_stack_merge.enc.v
HDL-1007 : back to file '../source_code/rtl/udp/udp_ip_protocol_stack_merge.enc.v' in ../source_code/rtl/udp/udp_ip_protocol_stack_merge.enc.v(56)
HDL-1007 : undeclared symbol '**', assumed default net type '**' in ../source_code/rtl/udp/udp_ip_protocol_stack_merge.enc.v(2638)
HDL-1007 : back to file '../source_code/rtl/udp/udp_ip_protocol_stack_merge.enc.v' in ../source_code/rtl/udp/udp_ip_protocol_stack_merge.enc.v(420)
HDL-1007 : analyze verilog file ../source_code/rtl/udp/udp_loopback.v
HDL-1007 : analyze verilog file al_ip/TEMAC_CORE/RTL/include/define.v
HDL-1007 : analyze verilog file al_ip/TEMAC_CORE/RTL/TEMAC_CORE_aead6cd6dadd.v
HDL-5007 WARNING: column 1032 exceeds maximum value 1023 in al_ip/TEMAC_CORE/RTL/TEMAC_CORE_aead6cd6dadd.v(30)
HDL-1007 : back to file 'al_ip/TEMAC_CORE/RTL/TEMAC_CORE_aead6cd6dadd.v' in al_ip/TEMAC_CORE/RTL/TEMAC_CORE_aead6cd6dadd.v(86)
HDL-5007 WARNING: event expressions must result in a singular type in al_ip/TEMAC_CORE/RTL/TEMAC_CORE_aead6cd6dadd.v(3001)
HDL-1007 : undeclared symbol '**', assumed default net type '**' in al_ip/TEMAC_CORE/RTL/TEMAC_CORE_aead6cd6dadd.v(5050)
HDL-1007 : undeclared symbol '**', assumed default net type '**' in al_ip/TEMAC_CORE/RTL/TEMAC_CORE_aead6cd6dadd.v(5458)
HDL-5007 WARNING: column 1035 exceeds maximum value 1023 in al_ip/TEMAC_CORE/RTL/TEMAC_CORE_aead6cd6dadd.v(6001)
HDL-1007 : back to file 'al_ip/TEMAC_CORE/RTL/TEMAC_CORE_aead6cd6dadd.v' in al_ip/TEMAC_CORE/RTL/TEMAC_CORE_aead6cd6dadd.v(260)
HDL-1007 : analyze verilog file al_ip/TEMAC_CORE/RTL/mac_core_aead6cd6dadd.v
HDL-1007 : analyze verilog file al_ip/TEMAC_CORE/TEMAC_CORE.v
HDL-1007 : analyze verilog file al_ip/pll_gen.v
HDL-1007 : undeclared symbol 'pll_gen_open0', assumed default net type 'wire' in al_ip/pll_gen.v(99)
HDL-1007 : undeclared symbol 'pll_gen_open8', assumed default net type 'wire' in al_ip/pll_gen.v(105)
HDL-1007 : undeclared symbol 'pll_gen_open7', assumed default net type 'wire' in al_ip/pll_gen.v(105)
HDL-1007 : undeclared symbol 'pll_gen_open6', assumed default net type 'wire' in al_ip/pll_gen.v(105)
HDL-1007 : undeclared symbol 'pll_gen_open5', assumed default net type 'wire' in al_ip/pll_gen.v(105)
HDL-1007 : undeclared symbol 'pll_gen_open4', assumed default net type 'wire' in al_ip/pll_gen.v(105)
HDL-1007 : undeclared symbol 'pll_gen_open3', assumed default net type 'wire' in al_ip/pll_gen.v(105)
HDL-1007 : undeclared symbol 'pll_gen_open2', assumed default net type 'wire' in al_ip/pll_gen.v(105)
HDL-1007 : undeclared symbol 'pll_gen_open1', assumed default net type 'wire' in al_ip/pll_gen.v(105)
HDL-1007 : analyze verilog file al_ip/sys_pll.v
HDL-1007 : undeclared symbol 'sys_pll_open0', assumed default net type 'wire' in al_ip/sys_pll.v(77)
HDL-1007 : undeclared symbol 'sys_pll_open1', assumed default net type 'wire' in al_ip/sys_pll.v(83)
HDL-1007 : undeclared symbol 'sys_pll_open9', assumed default net type 'wire' in al_ip/sys_pll.v(89)
HDL-1007 : undeclared symbol 'sys_pll_open8', assumed default net type 'wire' in al_ip/sys_pll.v(89)
HDL-1007 : undeclared symbol 'sys_pll_open7', assumed default net type 'wire' in al_ip/sys_pll.v(89)
HDL-1007 : undeclared symbol 'sys_pll_open6', assumed default net type 'wire' in al_ip/sys_pll.v(89)
HDL-1007 : undeclared symbol 'sys_pll_open5', assumed default net type 'wire' in al_ip/sys_pll.v(89)
HDL-1007 : undeclared symbol 'sys_pll_open4', assumed default net type 'wire' in al_ip/sys_pll.v(89)
HDL-1007 : undeclared symbol 'sys_pll_open3', assumed default net type 'wire' in al_ip/sys_pll.v(89)
HDL-1007 : undeclared symbol 'sys_pll_open2', assumed default net type 'wire' in al_ip/sys_pll.v(89)
HDL-1007 : undeclared symbol 'sys_pll_open11', assumed default net type 'wire' in al_ip/sys_pll.v(91)
HDL-1007 : undeclared symbol 'sys_pll_open10', assumed default net type 'wire' in al_ip/sys_pll.v(91)
HDL-1007 : analyze verilog file ../source_code/rtl/sd_card/ax_debounce.v
HDL-1007 : analyze verilog file ../source_code/rtl/sd_card/bmp_read.v
HDL-1007 : analyze verilog file ../source_code/rtl/sd_card/sd_card_bmp.v
HDL-1007 : analyze verilog file ../source_code/rtl/sd_card/sd_card_cmd.v
HDL-1007 : analyze verilog file ../source_code/rtl/sd_card/sd_card_sec_read_write.v
HDL-1007 : analyze verilog file ../source_code/rtl/sd_card/sd_card_top.v
HDL-1007 : analyze verilog file ../source_code/rtl/sd_card/spi_master.v
HDL-1007 : analyze verilog file ../source_code/rtl/sdram/enc_file/global_def.v
HDL-1007 : analyze verilog file ../source_code/rtl/sdram/enc_file/sdr_as_ram.enc.v
HDL-1007 : back to file '../source_code/rtl/sdram/enc_file/sdr_as_ram.enc.v' in ../source_code/rtl/sdram/enc_file/sdr_as_ram.enc.v(54)
HDL-1007 : analyze verilog file ../source_code/rtl/sdram/enc_file/sdr_wrrd.enc.v
HDL-5007 WARNING: concatenation with an unsized literal will be treated as 32 bits in ../source_code/rtl/sdram/enc_file/sdr_wrrd.enc.v(283)
HDL-1007 : back to file '../source_code/rtl/sdram/enc_file/sdr_wrrd.enc.v' in ../source_code/rtl/sdram/enc_file/sdr_wrrd.enc.v(19)
HDL-1007 : analyze verilog file ../source_code/rtl/frame_fifo/afifo_16_32_256.v
HDL-1007 : analyze verilog file ../source_code/rtl/frame_fifo/afifo_32_16_256.v
HDL-1007 : analyze verilog file ../source_code/rtl/frame_fifo/frame_fifo_read.v
HDL-1007 : analyze verilog file ../source_code/rtl/frame_fifo/frame_fifo_write.v
HDL-1007 : analyze verilog file ../source_code/rtl/frame_fifo/frame_read_write.v
HDL-1007 : analyze verilog file ../source_code/rtl/sdram/sdram.v
HDL-1007 : analyze included file ../source_code/rtl/sdram/enc_file/global_def.v in ../source_code/rtl/sdram/sdram.v(10)
HDL-1007 : back to file '../source_code/rtl/sdram/sdram.v' in ../source_code/rtl/sdram/sdram.v(10)
HDL-1007 : undeclared symbol 'SDR_CKE', assumed default net type 'wire' in ../source_code/rtl/sdram/sdram.v(89)
HDL-1007 : analyze verilog file ../source_code/rtl/sdram/enc_file/sdr_init_ref.enc.v
HDL-1007 : analyze included file ../source_code/rtl/sdram/enc_file/global_def.v in ../source_code/rtl/sdram/enc_file/sdr_init_ref.enc.v(11)
HDL-1007 : back to file '../source_code/rtl/sdram/enc_file/sdr_init_ref.enc.v' in ../source_code/rtl/sdram/enc_file/sdr_init_ref.enc.v(11)
HDL-1007 : undeclared symbol '**', assumed default net type '**' in ../source_code/rtl/sdram/enc_file/sdr_init_ref.enc.v(57)
HDL-1007 : back to file '../source_code/rtl/sdram/enc_file/sdr_init_ref.enc.v' in ../source_code/rtl/sdram/enc_file/sdr_init_ref.enc.v(149)
HDL-5007 WARNING: concatenation with an unsized literal will be treated as 32 bits in ../source_code/rtl/sdram/enc_file/sdr_init_ref.enc.v(47)
HDL-1007 : analyze verilog file ../source_code/rtl/video_timing/color_bar.v
HDL-1007 : analyze included file ../source_code/rtl/video_timing/video_define.v in ../source_code/rtl/video_timing/color_bar.v(2)
HDL-1007 : back to file '../source_code/rtl/video_timing/color_bar.v' in ../source_code/rtl/video_timing/color_bar.v(2)
HDL-1007 : analyze verilog file ../source_code/rtl/video_timing/video_delay.v
HDL-1007 : analyze verilog file ../source_code/rtl/video_timing/video_timing_data.v
HDL-1007 : analyze verilog file ../source_code/rtl/another/m_synchronization_header.v
HDL-1007 : analyze verilog file ../source_code/rtl/led.v
HDL-1007 : analyze verilog file ../source_code/rtl/ov5640/cmos_capture_data.v
HDL-1007 : analyze verilog file ../source_code/rtl/ov5640/i2c_dri.v
HDL-1007 : analyze verilog file ../source_code/rtl/ov5640/i2c_ov5640_rgb565_cfg.v
HDL-1007 : analyze verilog file ../source_code/rtl/ov5640/ov5640_delay.v
HDL-1007 : analyze verilog file ../source_code/rtl/ov5640/ov5640_dri.v
HDL-1007 : analyze verilog file al_ip/clk_wize.v
HDL-1007 : undeclared symbol 'open', assumed default net type 'wire' in al_ip/clk_wize.v(70)
HDL-1007 : analyze verilog file al_ip/ram.v
HDL-1007 : analyze verilog file ../source_code/rtl/app/addr_crt.v
HDL-1007 : analyze verilog file ../source_code/rtl/app/app.v
HDL-1007 : analyze verilog file ../source_code/rtl/app/vga_disp_rtl.v
HDL-1007 : analyze VHDL file ../source_code/rtl/hdmi_rtl/enc_file/DVITransmitter.enc.vhd
HDL-1007 : analyze entity dvitransmitter in ../source_code/rtl/hdmi_rtl/enc_file/DVITransmitter.enc.vhd(13)
HDL-1007 : analyze architecture ** in ../source_code/rtl/hdmi_rtl/enc_file/DVITransmitter.enc.vhd(2)
HDL-1007 : analyze VHDL file ../source_code/rtl/hdmi_rtl/enc_file/SerializerN_1_lvds.enc.vhd
HDL-1007 : analyze entity ** in ../source_code/rtl/hdmi_rtl/enc_file/SerializerN_1_lvds.enc.vhd(12)
HDL-1007 : analyze architecture ** in ../source_code/rtl/hdmi_rtl/enc_file/SerializerN_1_lvds.enc.vhd(25)
HDL-1007 : analyze VHDL file ../source_code/rtl/hdmi_rtl/enc_file/SerializerN_1_lvds_dat.enc.vhd
HDL-1007 : analyze entity ** in ../source_code/rtl/hdmi_rtl/enc_file/SerializerN_1_lvds_dat.enc.vhd(14)
HDL-1007 : analyze architecture ** in ../source_code/rtl/hdmi_rtl/enc_file/SerializerN_1_lvds_dat.enc.vhd(28)
HDL-1007 : analyze VHDL file ../source_code/rtl/hdmi_rtl/enc_file/TMDSEncoder.enc.vhd
HDL-1007 : analyze entity ** in ../source_code/rtl/hdmi_rtl/enc_file/TMDSEncoder.enc.vhd(13)
HDL-1007 : analyze architecture ** in ../source_code/rtl/hdmi_rtl/enc_file/TMDSEncoder.enc.vhd(24)
HDL-1007 : analyze verilog file ../source_code/rtl/hdmi_rtl/enc_file/video_tpg_1024768.enc.v
HDL-5007 WARNING: literal value ** truncated to fit in ** bits in ../source_code/rtl/hdmi_rtl/enc_file/video_tpg_1024768.enc.v(231)
HDL-1007 : back to file '../source_code/rtl/hdmi_rtl/enc_file/video_tpg_1024768.enc.v' in ../source_code/rtl/hdmi_rtl/enc_file/video_tpg_1024768.enc.v(1)
HDL-1007 : analyze verilog file ../source_code/rtl/hdmi_rtl/enc_file/video_tpg_1080p.enc.v
HDL-1007 : back to file '../source_code/rtl/hdmi_rtl/enc_file/video_tpg_1080p.enc.v' in ../source_code/rtl/hdmi_rtl/enc_file/video_tpg_1080p.enc.v(1)
HDL-1007 : analyze verilog file ../source_code/rtl/hdmi_rtl/enc_file/video_tpg_12801024p.enc.v
HDL-1007 : back to file '../source_code/rtl/hdmi_rtl/enc_file/video_tpg_12801024p.enc.v' in ../source_code/rtl/hdmi_rtl/enc_file/video_tpg_12801024p.enc.v(1)
HDL-1007 : analyze verilog file ../source_code/rtl/hdmi_rtl/enc_file/video_tpg_1280800.enc.v
HDL-5007 WARNING: literal value ** truncated to fit in ** bits in ../source_code/rtl/hdmi_rtl/enc_file/video_tpg_1280800.enc.v(233)
HDL-1007 : back to file '../source_code/rtl/hdmi_rtl/enc_file/video_tpg_1280800.enc.v' in ../source_code/rtl/hdmi_rtl/enc_file/video_tpg_1280800.enc.v(1)
HDL-1007 : analyze verilog file ../source_code/rtl/hdmi_rtl/enc_file/video_tpg_16801050p.enc.v
HDL-1007 : back to file '../source_code/rtl/hdmi_rtl/enc_file/video_tpg_16801050p.enc.v' in ../source_code/rtl/hdmi_rtl/enc_file/video_tpg_16801050p.enc.v(1)
HDL-1007 : analyze verilog file ../source_code/rtl/hdmi_rtl/enc_file/video_tpg_800600.enc.v
HDL-1007 : back to file '../source_code/rtl/hdmi_rtl/enc_file/video_tpg_800600.enc.v' in ../source_code/rtl/hdmi_rtl/enc_file/video_tpg_800600.enc.v(1)
HDL-1007 : analyze VHDL file ../source_code/rtl/hdmi_rtl/hdmi_tx.vhd
HDL-1007 : analyze entity hdmi_tx in ../source_code/rtl/hdmi_rtl/hdmi_tx.vhd(11)
HDL-1007 : analyze architecture behavioral in ../source_code/rtl/hdmi_rtl/hdmi_tx.vhd(33)
HDL-1007 : analyze verilog file ../source_code/rtl/hdmi_rtl/vga_disp_rtl.v
HDL-7201 CRITICAL-WARNING: overwrite current module 'vga_disp_rtl' in ../source_code/rtl/hdmi_rtl/vga_disp_rtl.v(1)
HDL-7307 CRITICAL-WARNING: previous definition of design element module 'vga_disp_rtl' is here. This is because multiple modules(values) with the same name are defined. Please consider rewriting code in ../source_code/rtl/app/vga_disp_rtl.v(1)
PRJ-1412 : reset_run syn_1 phy_1.
PRJ-1409 : launch_runs syn_1 phy_1  -jobs 6.
PRJ-1410 : Run syn_1 success.
RUN-1002 : start command "save_best_bits"
PRJ-1410 : Run phy_1 success.
PRJ-1424 : The implemented result of phy_1 is saved as best result.
RUN-1002 : start command "import_db D:/FPGA/workplace6_2_1/last_attempt/prj/last_attempt_Runs/phy_1/last_attempt_pr.db"
RUN-1001 : Importing database generated by Tang Dynasty, V6.2.168116.
RUN-1001 : Database version number 46207
RUN-1001 : Import flow parameters
RUN-1001 : Import netlist
PHY-1001 : Generate detailed routing grids ...
PHY-1001 : End build routing graph; 0.472208s wall, 0.437500s user + 0.093750s system = 0.531250s CPU (112.5%)

PHY-1001 : Build lut bridge;  0.060365s wall, 0.062500s user + 0.046875s system = 0.109375s CPU (181.2%)

PHY-1001 : Generate nets ...
PHY-1001 : net clk_50_dup_1 will be routed on clock mesh
PHY-1001 : clock net temac_clk will be merged with clock u_clk_gen/u_pll_0/clk0_buf
PHY-1001 : net udp_clk will be routed on clock mesh
PHY-1001 : net U3/u2_ram/SDRAM_CLK will be routed on clock mesh
PHY-1001 : net U3/u2_ram/u1_init_ref/Sdr_clk will be routed on clock mesh
PHY-1001 : clock net u_ov5640_dri/u_i2c_dr/dri_clk_syn_4 will be merged with clock u_ov5640_dri/u_i2c_dr/dri_clk
PHY-1001 : clock net u2_udp_loopback/app_tx_data_read_syn_4 will be merged with clock u2_udp_loopback/app_tx_data_read
PHY-1001 : clock net frame_read_write_m0/write_clk_syn_4 will be merged with clock frame_read_write_m0/write_clk
PHY-1001 : clock net cam_pclk_syn_4 will be merged with clock cam_pclk_dup_1
PHY-1001 : clock net sd_card_bmp_m0/bmp_read_m0/clk will be merged with clock tf0_sys_pll/clk0_buf
PHY-1001 : net u2_hdmi_tx/Inst_DVITransmitter/PCLK_I will be routed on clock mesh
PHY-1001 : clock net u2_hdmi_tx/Inst_DVITransmitter/PCLK_X5_I will be merged with clock u0_clk_wize/clk0_buf
PHY-1001 : net u4_trimac_block/u1_rgmii_interface/rgmii_txc_ddr/clk will be routed on clock mesh
PHY-1001 : clock net u4_trimac_block/rx_clk will be merged with clock phy1_rgmii_rx_clk_dup_1
PHY-1001 : eco open net = 0
PHY-1001 : 192 feed throughs used by 172 nets
RUN-1001 : Import phy database
RUN-1001 : Import timing constraints
RUN-1001 : Import IO constraints
RUN-1001 : Import Inst constraints
RUN-1001 : Import ChipWatcher
RUN-1001 : Import design success TD_VERSION=6.2.168116 , DB_VERSION=46207
RUN-1003 : finish command "import_db D:/FPGA/workplace6_2_1/last_attempt/prj/last_attempt_Runs/phy_1/last_attempt_pr.db" in  3.024878s wall, 2.781250s user + 0.562500s system = 3.343750s CPU (110.5%)

RUN-1004 : used memory is 808 MB, reserved memory is 741 MB, peak memory is 852 MB
