============================================================
   Tang Dynasty, V6.2.168116
   Copyright (c) 2012-2025 Anlogic Inc.
   Executable = D:/FPGA/TD6_2_1/bin/td.exe
   Built at =   16:32:07 Jun 12 2025
   Run by =     GL
   Run Date =   Mon Nov  3 10:53:22 2025

   Run on =     DESKTOP-7VJ84VU
============================================================
RUN-1002 : start command "import_db D:/FPGA/workplace6_2_1/last/prj/last_attempt_Runs/syn_1/last_attempt_gate.db"
RUN-1001 : Importing database generated by Tang Dynasty, V6.2.168116.
RUN-1001 : Database version number 46207
RUN-1001 : Import flow parameters
RUN-1001 : Import netlist
RUN-1001 : Import timing constraints
RUN-1001 : Import IO constraints
RUN-1001 : Import Inst constraints
RUN-1001 : Import ChipWatcher
RUN-1001 : Import design success TD_VERSION=6.2.168116 , DB_VERSION=46207
RUN-1002 : start command "commit_param -step design"
RUN-1001 : Print Global Property
RUN-1001 : --------------------------------------------------------
RUN-1001 :   Parameters   |  Settings  |  Default Values  |  Note  
RUN-1001 : --------------------------------------------------------
RUN-1001 :   enable_seed  |    off     |       off        |        
RUN-1001 :     message    |  standard  |     standard     |        
RUN-1001 :   qor_monitor  |     on     |        on        |        
RUN-1001 :   syn_ip_flow  |    off     |       off        |        
RUN-1001 :     thread     |    auto    |       auto       |        
RUN-1001 : --------------------------------------------------------
RUN-1001 : Print Design Property
RUN-1001 : ----------------------------------------------------------------
RUN-1001 :       Parameters       |  Settings  |  Default Values  |  Note  
RUN-1001 : ----------------------------------------------------------------
RUN-1001 :   default_reg_initial  |    auto    |       auto       |        
RUN-1001 :    hdl_warning_level   |   normal   |      normal      |        
RUN-1001 : ----------------------------------------------------------------
HDL-1007 : analyze verilog file last_attempt.v
HDL-1007 : undeclared symbol 'phy_reset', assumed default net type 'wire' in last_attempt.v(150)
HDL-1007 : undeclared symbol 'clk_50_out', assumed default net type 'wire' in last_attempt.v(478)
HDL-1007 : undeclared symbol 'tpg_data_done', assumed default net type 'wire' in last_attempt.v(489)
HDL-1007 : undeclared symbol 'full_flag', assumed default net type 'wire' in last_attempt.v(523)
HDL-1007 : undeclared symbol 'input_local_udp_port_num', assumed default net type 'wire' in last_attempt.v(554)
HDL-1007 : undeclared symbol 'input_local_udp_port_num_valid', assumed default net type 'wire' in last_attempt.v(555)
HDL-1007 : undeclared symbol 'input_local_ip_address', assumed default net type 'wire' in last_attempt.v(557)
HDL-1007 : undeclared symbol 'input_local_ip_address_valid', assumed default net type 'wire' in last_attempt.v(558)
HDL-1007 : analyze verilog file ../source_code/rtl/udp/BUFGMUX.v
HDL-1007 : analyze verilog file ../source_code/rtl/udp/IDDR.v
HDL-1007 : analyze verilog file ../source_code/rtl/udp/ODDR.v
HDL-1007 : analyze verilog file ../source_code/rtl/udp/RAMB16_S9_S9.v
HDL-1007 : undeclared symbol 'open', assumed default net type 'wire' in ../source_code/rtl/udp/RAMB16_S9_S9.v(109)
HDL-1007 : analyze verilog file ../source_code/rtl/udp/clk_gen_rst_gen.v
HDL-1007 : analyze verilog file ../source_code/rtl/udp/div_clk_gen.v
HDL-1007 : analyze verilog file ../source_code/rtl/udp/rgmii_interface.v
HDL-1007 : analyze verilog file ../source_code/rtl/udp/rx_client_fifo.v
HDL-5370 WARNING: parameter 'WAIT_s' becomes localparam in 'rx_client_fifo' with formal parameter declaration list in ../source_code/rtl/udp/rx_client_fifo.v(49)
HDL-5370 WARNING: parameter 'QUEUE1_s' becomes localparam in 'rx_client_fifo' with formal parameter declaration list in ../source_code/rtl/udp/rx_client_fifo.v(50)
HDL-5370 WARNING: parameter 'QUEUE2_s' becomes localparam in 'rx_client_fifo' with formal parameter declaration list in ../source_code/rtl/udp/rx_client_fifo.v(51)
HDL-5370 WARNING: parameter 'QUEUE3_s' becomes localparam in 'rx_client_fifo' with formal parameter declaration list in ../source_code/rtl/udp/rx_client_fifo.v(52)
HDL-5370 WARNING: parameter 'QUEUE_SOF_s' becomes localparam in 'rx_client_fifo' with formal parameter declaration list in ../source_code/rtl/udp/rx_client_fifo.v(53)
HDL-5370 WARNING: parameter 'SOF_s' becomes localparam in 'rx_client_fifo' with formal parameter declaration list in ../source_code/rtl/udp/rx_client_fifo.v(54)
HDL-5370 WARNING: parameter 'DATA_s' becomes localparam in 'rx_client_fifo' with formal parameter declaration list in ../source_code/rtl/udp/rx_client_fifo.v(55)
HDL-5370 WARNING: parameter 'EOF_s' becomes localparam in 'rx_client_fifo' with formal parameter declaration list in ../source_code/rtl/udp/rx_client_fifo.v(56)
HDL-5370 WARNING: parameter 'IDLE_s' becomes localparam in 'rx_client_fifo' with formal parameter declaration list in ../source_code/rtl/udp/rx_client_fifo.v(62)
HDL-5370 WARNING: parameter 'FRAME_s' becomes localparam in 'rx_client_fifo' with formal parameter declaration list in ../source_code/rtl/udp/rx_client_fifo.v(63)
HDL-5370 Similar messages will be suppressed.
HDL-1007 : analyze verilog file ../source_code/rtl/udp/temac_block.v
HDL-1007 : analyze verilog file ../source_code/rtl/udp/temac_clk_gen.v
HDL-1007 : analyze verilog file ../source_code/rtl/udp/tx_client_fifo.v
HDL-5370 WARNING: parameter 'IDLE_s' becomes localparam in 'tx_client_fifo' with formal parameter declaration list in ../source_code/rtl/udp/tx_client_fifo.v(53)
HDL-5370 WARNING: parameter 'QUEUE1_s' becomes localparam in 'tx_client_fifo' with formal parameter declaration list in ../source_code/rtl/udp/tx_client_fifo.v(54)
HDL-5370 WARNING: parameter 'QUEUE2_s' becomes localparam in 'tx_client_fifo' with formal parameter declaration list in ../source_code/rtl/udp/tx_client_fifo.v(55)
HDL-5370 WARNING: parameter 'QUEUE3_s' becomes localparam in 'tx_client_fifo' with formal parameter declaration list in ../source_code/rtl/udp/tx_client_fifo.v(56)
HDL-5370 WARNING: parameter 'QUEUE_ACK_s' becomes localparam in 'tx_client_fifo' with formal parameter declaration list in ../source_code/rtl/udp/tx_client_fifo.v(57)
HDL-5370 WARNING: parameter 'WAIT_ACK_s' becomes localparam in 'tx_client_fifo' with formal parameter declaration list in ../source_code/rtl/udp/tx_client_fifo.v(58)
HDL-5370 WARNING: parameter 'FRAME_s' becomes localparam in 'tx_client_fifo' with formal parameter declaration list in ../source_code/rtl/udp/tx_client_fifo.v(59)
HDL-5370 WARNING: parameter 'DROP_s' becomes localparam in 'tx_client_fifo' with formal parameter declaration list in ../source_code/rtl/udp/tx_client_fifo.v(60)
HDL-5370 WARNING: parameter 'RETRANSMIT_s' becomes localparam in 'tx_client_fifo' with formal parameter declaration list in ../source_code/rtl/udp/tx_client_fifo.v(61)
HDL-5370 WARNING: parameter 'WAIT_s' becomes localparam in 'tx_client_fifo' with formal parameter declaration list in ../source_code/rtl/udp/tx_client_fifo.v(67)
HDL-5370 Similar messages will be suppressed.
HDL-1007 : analyze verilog file ../source_code/rtl/udp/tx_clk_en_gen.v
HDL-1007 : analyze verilog file ../source_code/rtl/udp/udp_data_tpg.v
HDL-1007 : analyze verilog file ../source_code/rtl/udp/udp_ip_protocol_stack_merge.enc.v
HDL-1007 : back to file '../source_code/rtl/udp/udp_ip_protocol_stack_merge.enc.v' in ../source_code/rtl/udp/udp_ip_protocol_stack_merge.enc.v(56)
HDL-1007 : undeclared symbol '**', assumed default net type '**' in ../source_code/rtl/udp/udp_ip_protocol_stack_merge.enc.v(2638)
HDL-1007 : back to file '../source_code/rtl/udp/udp_ip_protocol_stack_merge.enc.v' in ../source_code/rtl/udp/udp_ip_protocol_stack_merge.enc.v(420)
HDL-1007 : analyze verilog file ../source_code/rtl/udp/udp_loopback.v
HDL-1007 : analyze verilog file al_ip/TEMAC_CORE/RTL/include/define.v
HDL-1007 : analyze verilog file al_ip/TEMAC_CORE/RTL/TEMAC_CORE_aead6cd6dadd.v
HDL-5007 WARNING: column 1032 exceeds maximum value 1023 in al_ip/TEMAC_CORE/RTL/TEMAC_CORE_aead6cd6dadd.v(30)
HDL-1007 : back to file 'al_ip/TEMAC_CORE/RTL/TEMAC_CORE_aead6cd6dadd.v' in al_ip/TEMAC_CORE/RTL/TEMAC_CORE_aead6cd6dadd.v(86)
HDL-5007 WARNING: event expressions must result in a singular type in al_ip/TEMAC_CORE/RTL/TEMAC_CORE_aead6cd6dadd.v(3001)
HDL-1007 : undeclared symbol '**', assumed default net type '**' in al_ip/TEMAC_CORE/RTL/TEMAC_CORE_aead6cd6dadd.v(5050)
HDL-1007 : undeclared symbol '**', assumed default net type '**' in al_ip/TEMAC_CORE/RTL/TEMAC_CORE_aead6cd6dadd.v(5458)
HDL-5007 WARNING: column 1035 exceeds maximum value 1023 in al_ip/TEMAC_CORE/RTL/TEMAC_CORE_aead6cd6dadd.v(6001)
HDL-1007 : back to file 'al_ip/TEMAC_CORE/RTL/TEMAC_CORE_aead6cd6dadd.v' in al_ip/TEMAC_CORE/RTL/TEMAC_CORE_aead6cd6dadd.v(260)
HDL-1007 : analyze verilog file al_ip/TEMAC_CORE/RTL/mac_core_aead6cd6dadd.v
HDL-1007 : analyze verilog file al_ip/TEMAC_CORE/TEMAC_CORE.v
HDL-1007 : analyze verilog file al_ip/pll_gen.v
HDL-1007 : undeclared symbol 'pll_gen_open0', assumed default net type 'wire' in al_ip/pll_gen.v(99)
HDL-1007 : undeclared symbol 'pll_gen_open8', assumed default net type 'wire' in al_ip/pll_gen.v(105)
HDL-1007 : undeclared symbol 'pll_gen_open7', assumed default net type 'wire' in al_ip/pll_gen.v(105)
HDL-1007 : undeclared symbol 'pll_gen_open6', assumed default net type 'wire' in al_ip/pll_gen.v(105)
HDL-1007 : undeclared symbol 'pll_gen_open5', assumed default net type 'wire' in al_ip/pll_gen.v(105)
HDL-1007 : undeclared symbol 'pll_gen_open4', assumed default net type 'wire' in al_ip/pll_gen.v(105)
HDL-1007 : undeclared symbol 'pll_gen_open3', assumed default net type 'wire' in al_ip/pll_gen.v(105)
HDL-1007 : undeclared symbol 'pll_gen_open2', assumed default net type 'wire' in al_ip/pll_gen.v(105)
HDL-1007 : undeclared symbol 'pll_gen_open1', assumed default net type 'wire' in al_ip/pll_gen.v(105)
HDL-1007 : analyze verilog file al_ip/sys_pll.v
HDL-1007 : undeclared symbol 'sys_pll_open0', assumed default net type 'wire' in al_ip/sys_pll.v(77)
HDL-1007 : undeclared symbol 'sys_pll_open1', assumed default net type 'wire' in al_ip/sys_pll.v(83)
HDL-1007 : undeclared symbol 'sys_pll_open9', assumed default net type 'wire' in al_ip/sys_pll.v(89)
HDL-1007 : undeclared symbol 'sys_pll_open8', assumed default net type 'wire' in al_ip/sys_pll.v(89)
HDL-1007 : undeclared symbol 'sys_pll_open7', assumed default net type 'wire' in al_ip/sys_pll.v(89)
HDL-1007 : undeclared symbol 'sys_pll_open6', assumed default net type 'wire' in al_ip/sys_pll.v(89)
HDL-1007 : undeclared symbol 'sys_pll_open5', assumed default net type 'wire' in al_ip/sys_pll.v(89)
HDL-1007 : undeclared symbol 'sys_pll_open4', assumed default net type 'wire' in al_ip/sys_pll.v(89)
HDL-1007 : undeclared symbol 'sys_pll_open3', assumed default net type 'wire' in al_ip/sys_pll.v(89)
HDL-1007 : undeclared symbol 'sys_pll_open2', assumed default net type 'wire' in al_ip/sys_pll.v(89)
HDL-1007 : undeclared symbol 'sys_pll_open11', assumed default net type 'wire' in al_ip/sys_pll.v(91)
HDL-1007 : undeclared symbol 'sys_pll_open10', assumed default net type 'wire' in al_ip/sys_pll.v(91)
HDL-1007 : analyze verilog file ../source_code/rtl/sd_card/ax_debounce.v
HDL-1007 : analyze verilog file ../source_code/rtl/sd_card/bmp_read.v
HDL-1007 : analyze verilog file ../source_code/rtl/sd_card/sd_card_bmp.v
HDL-1007 : analyze verilog file ../source_code/rtl/sd_card/sd_card_cmd.v
HDL-1007 : analyze verilog file ../source_code/rtl/sd_card/sd_card_sec_read_write.v
HDL-1007 : analyze verilog file ../source_code/rtl/sd_card/sd_card_top.v
HDL-1007 : analyze verilog file ../source_code/rtl/sd_card/spi_master.v
HDL-1007 : analyze verilog file ../source_code/rtl/sdram/enc_file/global_def.v
HDL-1007 : analyze verilog file ../source_code/rtl/sdram/enc_file/sdr_as_ram.enc.v
HDL-1007 : back to file '../source_code/rtl/sdram/enc_file/sdr_as_ram.enc.v' in ../source_code/rtl/sdram/enc_file/sdr_as_ram.enc.v(54)
HDL-1007 : analyze verilog file ../source_code/rtl/sdram/enc_file/sdr_wrrd.enc.v
HDL-5007 WARNING: concatenation with an unsized literal will be treated as 32 bits in ../source_code/rtl/sdram/enc_file/sdr_wrrd.enc.v(283)
HDL-1007 : back to file '../source_code/rtl/sdram/enc_file/sdr_wrrd.enc.v' in ../source_code/rtl/sdram/enc_file/sdr_wrrd.enc.v(19)
HDL-1007 : analyze verilog file ../source_code/rtl/frame_fifo/afifo_16_32_256.v
HDL-1007 : analyze verilog file ../source_code/rtl/frame_fifo/afifo_32_16_256.v
HDL-1007 : analyze verilog file ../source_code/rtl/frame_fifo/frame_fifo_read.v
HDL-1007 : analyze verilog file ../source_code/rtl/frame_fifo/frame_fifo_write.v
HDL-1007 : analyze verilog file ../source_code/rtl/frame_fifo/frame_read_write.v
HDL-1007 : analyze verilog file ../source_code/rtl/sdram/sdram.v
HDL-1007 : analyze included file ../source_code/rtl/sdram/enc_file/global_def.v in ../source_code/rtl/sdram/sdram.v(10)
HDL-1007 : back to file '../source_code/rtl/sdram/sdram.v' in ../source_code/rtl/sdram/sdram.v(10)
HDL-1007 : undeclared symbol 'SDR_CKE', assumed default net type 'wire' in ../source_code/rtl/sdram/sdram.v(89)
HDL-1007 : analyze verilog file ../source_code/rtl/sdram/enc_file/sdr_init_ref.enc.v
HDL-1007 : analyze included file ../source_code/rtl/sdram/enc_file/global_def.v in ../source_code/rtl/sdram/enc_file/sdr_init_ref.enc.v(11)
HDL-1007 : back to file '../source_code/rtl/sdram/enc_file/sdr_init_ref.enc.v' in ../source_code/rtl/sdram/enc_file/sdr_init_ref.enc.v(11)
HDL-1007 : undeclared symbol '**', assumed default net type '**' in ../source_code/rtl/sdram/enc_file/sdr_init_ref.enc.v(57)
HDL-1007 : back to file '../source_code/rtl/sdram/enc_file/sdr_init_ref.enc.v' in ../source_code/rtl/sdram/enc_file/sdr_init_ref.enc.v(149)
HDL-5007 WARNING: concatenation with an unsized literal will be treated as 32 bits in ../source_code/rtl/sdram/enc_file/sdr_init_ref.enc.v(47)
HDL-1007 : analyze verilog file ../source_code/rtl/video_timing/color_bar.v
HDL-1007 : analyze included file ../source_code/rtl/video_timing/video_define.v in ../source_code/rtl/video_timing/color_bar.v(2)
HDL-1007 : back to file '../source_code/rtl/video_timing/color_bar.v' in ../source_code/rtl/video_timing/color_bar.v(2)
HDL-1007 : analyze verilog file ../source_code/rtl/video_timing/video_delay.v
HDL-1007 : analyze verilog file ../source_code/rtl/video_timing/video_timing_data.v
HDL-1007 : analyze verilog file ../source_code/rtl/another/m_synchronization_header.v
HDL-1007 : analyze verilog file ../source_code/rtl/led.v
RUN-1002 : start command "commit_param -step design"
RUN-1001 : Print Global Property
RUN-1001 : --------------------------------------------------------
RUN-1001 :   Parameters   |  Settings  |  Default Values  |  Note  
RUN-1001 : --------------------------------------------------------
RUN-1001 :   enable_seed  |    off     |       off        |        
RUN-1001 :     message    |  standard  |     standard     |        
RUN-1001 :   qor_monitor  |     on     |        on        |        
RUN-1001 :   syn_ip_flow  |    off     |       off        |        
RUN-1001 :     thread     |    auto    |       auto       |        
RUN-1001 : --------------------------------------------------------
RUN-1001 : Print Design Property
RUN-1001 : ----------------------------------------------------------------
RUN-1001 :       Parameters       |  Settings  |  Default Values  |  Note  
RUN-1001 : ----------------------------------------------------------------
RUN-1001 :   default_reg_initial  |    auto    |       auto       |        
RUN-1001 :    hdl_warning_level   |   normal   |      normal      |        
RUN-1001 : ----------------------------------------------------------------
HDL-1007 : analyze verilog file last_attempt.v
HDL-1007 : undeclared symbol 'phy_reset', assumed default net type 'wire' in last_attempt.v(150)
HDL-1007 : undeclared symbol 'tpg_data_done', assumed default net type 'wire' in last_attempt.v(489)
HDL-1007 : undeclared symbol 'full_flag', assumed default net type 'wire' in last_attempt.v(523)
HDL-1007 : undeclared symbol 'input_local_udp_port_num', assumed default net type 'wire' in last_attempt.v(554)
HDL-1007 : undeclared symbol 'input_local_udp_port_num_valid', assumed default net type 'wire' in last_attempt.v(555)
HDL-1007 : undeclared symbol 'input_local_ip_address', assumed default net type 'wire' in last_attempt.v(557)
HDL-1007 : undeclared symbol 'input_local_ip_address_valid', assumed default net type 'wire' in last_attempt.v(558)
HDL-1007 : analyze verilog file ../source_code/rtl/udp/BUFGMUX.v
HDL-1007 : analyze verilog file ../source_code/rtl/udp/IDDR.v
HDL-1007 : analyze verilog file ../source_code/rtl/udp/ODDR.v
HDL-1007 : analyze verilog file ../source_code/rtl/udp/RAMB16_S9_S9.v
HDL-1007 : undeclared symbol 'open', assumed default net type 'wire' in ../source_code/rtl/udp/RAMB16_S9_S9.v(109)
HDL-1007 : analyze verilog file ../source_code/rtl/udp/clk_gen_rst_gen.v
HDL-1007 : analyze verilog file ../source_code/rtl/udp/div_clk_gen.v
HDL-1007 : analyze verilog file ../source_code/rtl/udp/rgmii_interface.v
HDL-1007 : analyze verilog file ../source_code/rtl/udp/rx_client_fifo.v
HDL-5370 WARNING: parameter 'WAIT_s' becomes localparam in 'rx_client_fifo' with formal parameter declaration list in ../source_code/rtl/udp/rx_client_fifo.v(49)
HDL-5370 WARNING: parameter 'QUEUE1_s' becomes localparam in 'rx_client_fifo' with formal parameter declaration list in ../source_code/rtl/udp/rx_client_fifo.v(50)
HDL-5370 WARNING: parameter 'QUEUE2_s' becomes localparam in 'rx_client_fifo' with formal parameter declaration list in ../source_code/rtl/udp/rx_client_fifo.v(51)
HDL-5370 WARNING: parameter 'QUEUE3_s' becomes localparam in 'rx_client_fifo' with formal parameter declaration list in ../source_code/rtl/udp/rx_client_fifo.v(52)
HDL-5370 WARNING: parameter 'QUEUE_SOF_s' becomes localparam in 'rx_client_fifo' with formal parameter declaration list in ../source_code/rtl/udp/rx_client_fifo.v(53)
HDL-5370 WARNING: parameter 'SOF_s' becomes localparam in 'rx_client_fifo' with formal parameter declaration list in ../source_code/rtl/udp/rx_client_fifo.v(54)
HDL-5370 WARNING: parameter 'DATA_s' becomes localparam in 'rx_client_fifo' with formal parameter declaration list in ../source_code/rtl/udp/rx_client_fifo.v(55)
HDL-5370 WARNING: parameter 'EOF_s' becomes localparam in 'rx_client_fifo' with formal parameter declaration list in ../source_code/rtl/udp/rx_client_fifo.v(56)
HDL-5370 WARNING: parameter 'IDLE_s' becomes localparam in 'rx_client_fifo' with formal parameter declaration list in ../source_code/rtl/udp/rx_client_fifo.v(62)
HDL-5370 WARNING: parameter 'FRAME_s' becomes localparam in 'rx_client_fifo' with formal parameter declaration list in ../source_code/rtl/udp/rx_client_fifo.v(63)
HDL-5370 Similar messages will be suppressed.
HDL-1007 : analyze verilog file ../source_code/rtl/udp/temac_block.v
HDL-1007 : analyze verilog file ../source_code/rtl/udp/temac_clk_gen.v
HDL-1007 : analyze verilog file ../source_code/rtl/udp/tx_client_fifo.v
HDL-5370 WARNING: parameter 'IDLE_s' becomes localparam in 'tx_client_fifo' with formal parameter declaration list in ../source_code/rtl/udp/tx_client_fifo.v(53)
HDL-5370 WARNING: parameter 'QUEUE1_s' becomes localparam in 'tx_client_fifo' with formal parameter declaration list in ../source_code/rtl/udp/tx_client_fifo.v(54)
HDL-5370 WARNING: parameter 'QUEUE2_s' becomes localparam in 'tx_client_fifo' with formal parameter declaration list in ../source_code/rtl/udp/tx_client_fifo.v(55)
HDL-5370 WARNING: parameter 'QUEUE3_s' becomes localparam in 'tx_client_fifo' with formal parameter declaration list in ../source_code/rtl/udp/tx_client_fifo.v(56)
HDL-5370 WARNING: parameter 'QUEUE_ACK_s' becomes localparam in 'tx_client_fifo' with formal parameter declaration list in ../source_code/rtl/udp/tx_client_fifo.v(57)
HDL-5370 WARNING: parameter 'WAIT_ACK_s' becomes localparam in 'tx_client_fifo' with formal parameter declaration list in ../source_code/rtl/udp/tx_client_fifo.v(58)
HDL-5370 WARNING: parameter 'FRAME_s' becomes localparam in 'tx_client_fifo' with formal parameter declaration list in ../source_code/rtl/udp/tx_client_fifo.v(59)
HDL-5370 WARNING: parameter 'DROP_s' becomes localparam in 'tx_client_fifo' with formal parameter declaration list in ../source_code/rtl/udp/tx_client_fifo.v(60)
HDL-5370 WARNING: parameter 'RETRANSMIT_s' becomes localparam in 'tx_client_fifo' with formal parameter declaration list in ../source_code/rtl/udp/tx_client_fifo.v(61)
HDL-5370 WARNING: parameter 'WAIT_s' becomes localparam in 'tx_client_fifo' with formal parameter declaration list in ../source_code/rtl/udp/tx_client_fifo.v(67)
HDL-5370 Similar messages will be suppressed.
HDL-1007 : analyze verilog file ../source_code/rtl/udp/tx_clk_en_gen.v
HDL-1007 : analyze verilog file ../source_code/rtl/udp/udp_data_tpg.v
HDL-1007 : analyze verilog file ../source_code/rtl/udp/udp_ip_protocol_stack_merge.enc.v
HDL-1007 : back to file '../source_code/rtl/udp/udp_ip_protocol_stack_merge.enc.v' in ../source_code/rtl/udp/udp_ip_protocol_stack_merge.enc.v(56)
HDL-1007 : undeclared symbol '**', assumed default net type '**' in ../source_code/rtl/udp/udp_ip_protocol_stack_merge.enc.v(2638)
HDL-1007 : back to file '../source_code/rtl/udp/udp_ip_protocol_stack_merge.enc.v' in ../source_code/rtl/udp/udp_ip_protocol_stack_merge.enc.v(420)
HDL-1007 : analyze verilog file ../source_code/rtl/udp/udp_loopback.v
HDL-1007 : analyze verilog file al_ip/TEMAC_CORE/RTL/include/define.v
HDL-1007 : analyze verilog file al_ip/TEMAC_CORE/RTL/TEMAC_CORE_aead6cd6dadd.v
HDL-5007 WARNING: column 1032 exceeds maximum value 1023 in al_ip/TEMAC_CORE/RTL/TEMAC_CORE_aead6cd6dadd.v(30)
HDL-1007 : back to file 'al_ip/TEMAC_CORE/RTL/TEMAC_CORE_aead6cd6dadd.v' in al_ip/TEMAC_CORE/RTL/TEMAC_CORE_aead6cd6dadd.v(86)
HDL-5007 WARNING: event expressions must result in a singular type in al_ip/TEMAC_CORE/RTL/TEMAC_CORE_aead6cd6dadd.v(3001)
HDL-1007 : undeclared symbol '**', assumed default net type '**' in al_ip/TEMAC_CORE/RTL/TEMAC_CORE_aead6cd6dadd.v(5050)
HDL-1007 : undeclared symbol '**', assumed default net type '**' in al_ip/TEMAC_CORE/RTL/TEMAC_CORE_aead6cd6dadd.v(5458)
HDL-5007 WARNING: column 1035 exceeds maximum value 1023 in al_ip/TEMAC_CORE/RTL/TEMAC_CORE_aead6cd6dadd.v(6001)
HDL-1007 : back to file 'al_ip/TEMAC_CORE/RTL/TEMAC_CORE_aead6cd6dadd.v' in al_ip/TEMAC_CORE/RTL/TEMAC_CORE_aead6cd6dadd.v(260)
HDL-1007 : analyze verilog file al_ip/TEMAC_CORE/RTL/mac_core_aead6cd6dadd.v
HDL-1007 : analyze verilog file al_ip/TEMAC_CORE/TEMAC_CORE.v
HDL-1007 : analyze verilog file al_ip/pll_gen.v
HDL-1007 : undeclared symbol 'pll_gen_open0', assumed default net type 'wire' in al_ip/pll_gen.v(99)
HDL-1007 : undeclared symbol 'pll_gen_open8', assumed default net type 'wire' in al_ip/pll_gen.v(105)
HDL-1007 : undeclared symbol 'pll_gen_open7', assumed default net type 'wire' in al_ip/pll_gen.v(105)
HDL-1007 : undeclared symbol 'pll_gen_open6', assumed default net type 'wire' in al_ip/pll_gen.v(105)
HDL-1007 : undeclared symbol 'pll_gen_open5', assumed default net type 'wire' in al_ip/pll_gen.v(105)
HDL-1007 : undeclared symbol 'pll_gen_open4', assumed default net type 'wire' in al_ip/pll_gen.v(105)
HDL-1007 : undeclared symbol 'pll_gen_open3', assumed default net type 'wire' in al_ip/pll_gen.v(105)
HDL-1007 : undeclared symbol 'pll_gen_open2', assumed default net type 'wire' in al_ip/pll_gen.v(105)
HDL-1007 : undeclared symbol 'pll_gen_open1', assumed default net type 'wire' in al_ip/pll_gen.v(105)
HDL-1007 : analyze verilog file al_ip/sys_pll.v
HDL-1007 : undeclared symbol 'sys_pll_open0', assumed default net type 'wire' in al_ip/sys_pll.v(77)
HDL-1007 : undeclared symbol 'sys_pll_open1', assumed default net type 'wire' in al_ip/sys_pll.v(83)
HDL-1007 : undeclared symbol 'sys_pll_open9', assumed default net type 'wire' in al_ip/sys_pll.v(89)
HDL-1007 : undeclared symbol 'sys_pll_open8', assumed default net type 'wire' in al_ip/sys_pll.v(89)
HDL-1007 : undeclared symbol 'sys_pll_open7', assumed default net type 'wire' in al_ip/sys_pll.v(89)
HDL-1007 : undeclared symbol 'sys_pll_open6', assumed default net type 'wire' in al_ip/sys_pll.v(89)
HDL-1007 : undeclared symbol 'sys_pll_open5', assumed default net type 'wire' in al_ip/sys_pll.v(89)
HDL-1007 : undeclared symbol 'sys_pll_open4', assumed default net type 'wire' in al_ip/sys_pll.v(89)
HDL-1007 : undeclared symbol 'sys_pll_open3', assumed default net type 'wire' in al_ip/sys_pll.v(89)
HDL-1007 : undeclared symbol 'sys_pll_open2', assumed default net type 'wire' in al_ip/sys_pll.v(89)
HDL-1007 : undeclared symbol 'sys_pll_open11', assumed default net type 'wire' in al_ip/sys_pll.v(91)
HDL-1007 : undeclared symbol 'sys_pll_open10', assumed default net type 'wire' in al_ip/sys_pll.v(91)
HDL-1007 : analyze verilog file ../source_code/rtl/sd_card/ax_debounce.v
HDL-1007 : analyze verilog file ../source_code/rtl/sd_card/bmp_read.v
HDL-1007 : analyze verilog file ../source_code/rtl/sd_card/sd_card_bmp.v
HDL-1007 : analyze verilog file ../source_code/rtl/sd_card/sd_card_cmd.v
HDL-1007 : analyze verilog file ../source_code/rtl/sd_card/sd_card_sec_read_write.v
HDL-1007 : analyze verilog file ../source_code/rtl/sd_card/sd_card_top.v
HDL-1007 : analyze verilog file ../source_code/rtl/sd_card/spi_master.v
HDL-1007 : analyze verilog file ../source_code/rtl/sdram/enc_file/global_def.v
HDL-1007 : analyze verilog file ../source_code/rtl/sdram/enc_file/sdr_as_ram.enc.v
HDL-1007 : back to file '../source_code/rtl/sdram/enc_file/sdr_as_ram.enc.v' in ../source_code/rtl/sdram/enc_file/sdr_as_ram.enc.v(54)
HDL-1007 : analyze verilog file ../source_code/rtl/sdram/enc_file/sdr_wrrd.enc.v
HDL-5007 WARNING: concatenation with an unsized literal will be treated as 32 bits in ../source_code/rtl/sdram/enc_file/sdr_wrrd.enc.v(283)
HDL-1007 : back to file '../source_code/rtl/sdram/enc_file/sdr_wrrd.enc.v' in ../source_code/rtl/sdram/enc_file/sdr_wrrd.enc.v(19)
HDL-1007 : analyze verilog file ../source_code/rtl/frame_fifo/afifo_16_32_256.v
HDL-1007 : analyze verilog file ../source_code/rtl/frame_fifo/afifo_32_16_256.v
HDL-1007 : analyze verilog file ../source_code/rtl/frame_fifo/frame_fifo_read.v
HDL-1007 : analyze verilog file ../source_code/rtl/frame_fifo/frame_fifo_write.v
HDL-1007 : analyze verilog file ../source_code/rtl/frame_fifo/frame_read_write.v
HDL-1007 : analyze verilog file ../source_code/rtl/sdram/sdram.v
HDL-1007 : analyze included file ../source_code/rtl/sdram/enc_file/global_def.v in ../source_code/rtl/sdram/sdram.v(10)
HDL-1007 : back to file '../source_code/rtl/sdram/sdram.v' in ../source_code/rtl/sdram/sdram.v(10)
HDL-1007 : undeclared symbol 'SDR_CKE', assumed default net type 'wire' in ../source_code/rtl/sdram/sdram.v(89)
HDL-1007 : analyze verilog file ../source_code/rtl/sdram/enc_file/sdr_init_ref.enc.v
HDL-1007 : analyze included file ../source_code/rtl/sdram/enc_file/global_def.v in ../source_code/rtl/sdram/enc_file/sdr_init_ref.enc.v(11)
HDL-1007 : back to file '../source_code/rtl/sdram/enc_file/sdr_init_ref.enc.v' in ../source_code/rtl/sdram/enc_file/sdr_init_ref.enc.v(11)
HDL-1007 : undeclared symbol '**', assumed default net type '**' in ../source_code/rtl/sdram/enc_file/sdr_init_ref.enc.v(57)
HDL-1007 : back to file '../source_code/rtl/sdram/enc_file/sdr_init_ref.enc.v' in ../source_code/rtl/sdram/enc_file/sdr_init_ref.enc.v(149)
HDL-5007 WARNING: concatenation with an unsized literal will be treated as 32 bits in ../source_code/rtl/sdram/enc_file/sdr_init_ref.enc.v(47)
HDL-1007 : analyze verilog file ../source_code/rtl/video_timing/color_bar.v
HDL-1007 : analyze included file ../source_code/rtl/video_timing/video_define.v in ../source_code/rtl/video_timing/color_bar.v(2)
HDL-1007 : back to file '../source_code/rtl/video_timing/color_bar.v' in ../source_code/rtl/video_timing/color_bar.v(2)
HDL-1007 : analyze verilog file ../source_code/rtl/video_timing/video_delay.v
HDL-1007 : analyze verilog file ../source_code/rtl/video_timing/video_timing_data.v
HDL-1007 : analyze verilog file ../source_code/rtl/another/m_synchronization_header.v
HDL-1007 : analyze verilog file ../source_code/rtl/led.v
PRJ-1412 : reset_run syn_1 phy_1.
PRJ-1409 : launch_runs syn_1 phy_1  -jobs 6.
PRJ-1410 : Run syn_1 success.
RUN-1002 : start command "save_best_bits"
PRJ-1424 : The implemented result of phy_1 is saved as best result.
PRJ-1410 : Run phy_1 success.
RUN-1002 : start command "import_db D:/FPGA/workplace6_2_1/last/prj/last_attempt_Runs/phy_1/last_attempt_pr.db"
RUN-1001 : Importing database generated by Tang Dynasty, V6.2.168116.
RUN-1001 : Database version number 46207
RUN-1001 : Import flow parameters
RUN-1001 : Import netlist
PHY-1001 : Generate detailed routing grids ...
PHY-1001 : End build routing graph; 2.216346s wall, 2.140625s user + 0.125000s system = 2.265625s CPU (102.2%)

PHY-1001 : Build lut bridge;  0.042837s wall, 0.046875s user + 0.000000s system = 0.046875s CPU (109.4%)

PHY-1001 : Generate nets ...
PHY-1001 : net clk_50_dup_1 will be routed on clock mesh
PHY-1001 : clock net u4_trimac_block/rx_clk will be merged with clock phy1_rgmii_rx_clk_dup_1
PHY-1001 : clock net temac_clk will be merged with clock u_clk_gen/u_pll_0/clk0_buf
PHY-1001 : net udp_clk will be routed on clock mesh
PHY-1001 : net U3/u2_ram/SDRAM_CLK will be routed on clock mesh
PHY-1001 : net U3/u2_ram/u1_init_ref/Sdr_clk will be routed on clock mesh
PHY-1001 : clock net u2_udp_loopback/app_tx_data_read_syn_4 will be merged with clock u2_udp_loopback/app_tx_data_read
PHY-1001 : clock net sd_card_bmp_m0/bmp_read_m0/clk will be merged with clock tf0_sys_pll/clk0_buf
PHY-1001 : net u4_trimac_block/u1_rgmii_interface/rgmii_txc_ddr/clk will be routed on clock mesh
PHY-1001 : eco open net = 0
PHY-1001 : 192 feed throughs used by 165 nets
RUN-1001 : Import phy database
RUN-1001 : Import timing constraints
RUN-1001 : Import IO constraints
RUN-1001 : Import Inst constraints
RUN-1001 : Import ChipWatcher
RUN-1001 : Import design success TD_VERSION=6.2.168116 , DB_VERSION=46207
RUN-1003 : finish command "import_db D:/FPGA/workplace6_2_1/last/prj/last_attempt_Runs/phy_1/last_attempt_pr.db" in  4.311803s wall, 3.906250s user + 0.281250s system = 4.187500s CPU (97.1%)

RUN-1004 : used memory is 719 MB, reserved memory is 645 MB, peak memory is 788 MB
RUN-1002 : start command "commit_param -step design"
RUN-1001 : Print Global Property
RUN-1001 : --------------------------------------------------------
RUN-1001 :   Parameters   |  Settings  |  Default Values  |  Note  
RUN-1001 : --------------------------------------------------------
RUN-1001 :   enable_seed  |    off     |       off        |        
RUN-1001 :     message    |  standard  |     standard     |        
RUN-1001 :   qor_monitor  |     on     |        on        |        
RUN-1001 :   syn_ip_flow  |    off     |       off        |        
RUN-1001 :     thread     |    auto    |       auto       |        
RUN-1001 : --------------------------------------------------------
RUN-1001 : Print Design Property
RUN-1001 : ----------------------------------------------------------------
RUN-1001 :       Parameters       |  Settings  |  Default Values  |  Note  
RUN-1001 : ----------------------------------------------------------------
RUN-1001 :   default_reg_initial  |    auto    |       auto       |        
RUN-1001 :    hdl_warning_level   |   normal   |      normal      |        
RUN-1001 : ----------------------------------------------------------------
HDL-1007 : analyze verilog file last_attempt.v
HDL-1007 : undeclared symbol 'phy_reset', assumed default net type 'wire' in last_attempt.v(150)
HDL-1007 : undeclared symbol 'tpg_data_done', assumed default net type 'wire' in last_attempt.v(489)
HDL-1007 : undeclared symbol 'full_flag', assumed default net type 'wire' in last_attempt.v(523)
HDL-1007 : undeclared symbol 'input_local_udp_port_num', assumed default net type 'wire' in last_attempt.v(554)
HDL-1007 : undeclared symbol 'input_local_udp_port_num_valid', assumed default net type 'wire' in last_attempt.v(555)
HDL-1007 : undeclared symbol 'input_local_ip_address', assumed default net type 'wire' in last_attempt.v(557)
HDL-1007 : undeclared symbol 'input_local_ip_address_valid', assumed default net type 'wire' in last_attempt.v(558)
HDL-1007 : analyze verilog file ../source_code/rtl/udp/BUFGMUX.v
HDL-1007 : analyze verilog file ../source_code/rtl/udp/IDDR.v
HDL-1007 : analyze verilog file ../source_code/rtl/udp/ODDR.v
HDL-1007 : analyze verilog file ../source_code/rtl/udp/RAMB16_S9_S9.v
HDL-1007 : undeclared symbol 'open', assumed default net type 'wire' in ../source_code/rtl/udp/RAMB16_S9_S9.v(109)
HDL-1007 : analyze verilog file ../source_code/rtl/udp/clk_gen_rst_gen.v
HDL-1007 : analyze verilog file ../source_code/rtl/udp/div_clk_gen.v
HDL-1007 : analyze verilog file ../source_code/rtl/udp/rgmii_interface.v
HDL-1007 : analyze verilog file ../source_code/rtl/udp/rx_client_fifo.v
HDL-5370 WARNING: parameter 'WAIT_s' becomes localparam in 'rx_client_fifo' with formal parameter declaration list in ../source_code/rtl/udp/rx_client_fifo.v(49)
HDL-5370 WARNING: parameter 'QUEUE1_s' becomes localparam in 'rx_client_fifo' with formal parameter declaration list in ../source_code/rtl/udp/rx_client_fifo.v(50)
HDL-5370 WARNING: parameter 'QUEUE2_s' becomes localparam in 'rx_client_fifo' with formal parameter declaration list in ../source_code/rtl/udp/rx_client_fifo.v(51)
HDL-5370 WARNING: parameter 'QUEUE3_s' becomes localparam in 'rx_client_fifo' with formal parameter declaration list in ../source_code/rtl/udp/rx_client_fifo.v(52)
HDL-5370 WARNING: parameter 'QUEUE_SOF_s' becomes localparam in 'rx_client_fifo' with formal parameter declaration list in ../source_code/rtl/udp/rx_client_fifo.v(53)
HDL-5370 WARNING: parameter 'SOF_s' becomes localparam in 'rx_client_fifo' with formal parameter declaration list in ../source_code/rtl/udp/rx_client_fifo.v(54)
HDL-5370 WARNING: parameter 'DATA_s' becomes localparam in 'rx_client_fifo' with formal parameter declaration list in ../source_code/rtl/udp/rx_client_fifo.v(55)
HDL-5370 WARNING: parameter 'EOF_s' becomes localparam in 'rx_client_fifo' with formal parameter declaration list in ../source_code/rtl/udp/rx_client_fifo.v(56)
HDL-5370 WARNING: parameter 'IDLE_s' becomes localparam in 'rx_client_fifo' with formal parameter declaration list in ../source_code/rtl/udp/rx_client_fifo.v(62)
HDL-5370 WARNING: parameter 'FRAME_s' becomes localparam in 'rx_client_fifo' with formal parameter declaration list in ../source_code/rtl/udp/rx_client_fifo.v(63)
HDL-5370 Similar messages will be suppressed.
HDL-1007 : analyze verilog file ../source_code/rtl/udp/temac_block.v
HDL-1007 : analyze verilog file ../source_code/rtl/udp/temac_clk_gen.v
HDL-1007 : analyze verilog file ../source_code/rtl/udp/tx_client_fifo.v
HDL-5370 WARNING: parameter 'IDLE_s' becomes localparam in 'tx_client_fifo' with formal parameter declaration list in ../source_code/rtl/udp/tx_client_fifo.v(53)
HDL-5370 WARNING: parameter 'QUEUE1_s' becomes localparam in 'tx_client_fifo' with formal parameter declaration list in ../source_code/rtl/udp/tx_client_fifo.v(54)
HDL-5370 WARNING: parameter 'QUEUE2_s' becomes localparam in 'tx_client_fifo' with formal parameter declaration list in ../source_code/rtl/udp/tx_client_fifo.v(55)
HDL-5370 WARNING: parameter 'QUEUE3_s' becomes localparam in 'tx_client_fifo' with formal parameter declaration list in ../source_code/rtl/udp/tx_client_fifo.v(56)
HDL-5370 WARNING: parameter 'QUEUE_ACK_s' becomes localparam in 'tx_client_fifo' with formal parameter declaration list in ../source_code/rtl/udp/tx_client_fifo.v(57)
HDL-5370 WARNING: parameter 'WAIT_ACK_s' becomes localparam in 'tx_client_fifo' with formal parameter declaration list in ../source_code/rtl/udp/tx_client_fifo.v(58)
HDL-5370 WARNING: parameter 'FRAME_s' becomes localparam in 'tx_client_fifo' with formal parameter declaration list in ../source_code/rtl/udp/tx_client_fifo.v(59)
HDL-5370 WARNING: parameter 'DROP_s' becomes localparam in 'tx_client_fifo' with formal parameter declaration list in ../source_code/rtl/udp/tx_client_fifo.v(60)
HDL-5370 WARNING: parameter 'RETRANSMIT_s' becomes localparam in 'tx_client_fifo' with formal parameter declaration list in ../source_code/rtl/udp/tx_client_fifo.v(61)
HDL-5370 WARNING: parameter 'WAIT_s' becomes localparam in 'tx_client_fifo' with formal parameter declaration list in ../source_code/rtl/udp/tx_client_fifo.v(67)
HDL-5370 Similar messages will be suppressed.
HDL-1007 : analyze verilog file ../source_code/rtl/udp/tx_clk_en_gen.v
HDL-1007 : analyze verilog file ../source_code/rtl/udp/udp_data_tpg.v
HDL-1007 : analyze verilog file ../source_code/rtl/udp/udp_ip_protocol_stack_merge.enc.v
HDL-1007 : back to file '../source_code/rtl/udp/udp_ip_protocol_stack_merge.enc.v' in ../source_code/rtl/udp/udp_ip_protocol_stack_merge.enc.v(56)
HDL-1007 : undeclared symbol '**', assumed default net type '**' in ../source_code/rtl/udp/udp_ip_protocol_stack_merge.enc.v(2638)
HDL-1007 : back to file '../source_code/rtl/udp/udp_ip_protocol_stack_merge.enc.v' in ../source_code/rtl/udp/udp_ip_protocol_stack_merge.enc.v(420)
HDL-1007 : analyze verilog file ../source_code/rtl/udp/udp_loopback.v
HDL-1007 : analyze verilog file al_ip/TEMAC_CORE/RTL/include/define.v
HDL-1007 : analyze verilog file al_ip/TEMAC_CORE/RTL/TEMAC_CORE_aead6cd6dadd.v
HDL-5007 WARNING: column 1032 exceeds maximum value 1023 in al_ip/TEMAC_CORE/RTL/TEMAC_CORE_aead6cd6dadd.v(30)
HDL-1007 : back to file 'al_ip/TEMAC_CORE/RTL/TEMAC_CORE_aead6cd6dadd.v' in al_ip/TEMAC_CORE/RTL/TEMAC_CORE_aead6cd6dadd.v(86)
HDL-5007 WARNING: event expressions must result in a singular type in al_ip/TEMAC_CORE/RTL/TEMAC_CORE_aead6cd6dadd.v(3001)
HDL-1007 : undeclared symbol '**', assumed default net type '**' in al_ip/TEMAC_CORE/RTL/TEMAC_CORE_aead6cd6dadd.v(5050)
HDL-1007 : undeclared symbol '**', assumed default net type '**' in al_ip/TEMAC_CORE/RTL/TEMAC_CORE_aead6cd6dadd.v(5458)
HDL-5007 WARNING: column 1035 exceeds maximum value 1023 in al_ip/TEMAC_CORE/RTL/TEMAC_CORE_aead6cd6dadd.v(6001)
HDL-1007 : back to file 'al_ip/TEMAC_CORE/RTL/TEMAC_CORE_aead6cd6dadd.v' in al_ip/TEMAC_CORE/RTL/TEMAC_CORE_aead6cd6dadd.v(260)
HDL-1007 : analyze verilog file al_ip/TEMAC_CORE/RTL/mac_core_aead6cd6dadd.v
HDL-1007 : analyze verilog file al_ip/TEMAC_CORE/TEMAC_CORE.v
HDL-1007 : analyze verilog file al_ip/pll_gen.v
HDL-1007 : undeclared symbol 'pll_gen_open0', assumed default net type 'wire' in al_ip/pll_gen.v(99)
HDL-1007 : undeclared symbol 'pll_gen_open8', assumed default net type 'wire' in al_ip/pll_gen.v(105)
HDL-1007 : undeclared symbol 'pll_gen_open7', assumed default net type 'wire' in al_ip/pll_gen.v(105)
HDL-1007 : undeclared symbol 'pll_gen_open6', assumed default net type 'wire' in al_ip/pll_gen.v(105)
HDL-1007 : undeclared symbol 'pll_gen_open5', assumed default net type 'wire' in al_ip/pll_gen.v(105)
HDL-1007 : undeclared symbol 'pll_gen_open4', assumed default net type 'wire' in al_ip/pll_gen.v(105)
HDL-1007 : undeclared symbol 'pll_gen_open3', assumed default net type 'wire' in al_ip/pll_gen.v(105)
HDL-1007 : undeclared symbol 'pll_gen_open2', assumed default net type 'wire' in al_ip/pll_gen.v(105)
HDL-1007 : undeclared symbol 'pll_gen_open1', assumed default net type 'wire' in al_ip/pll_gen.v(105)
HDL-1007 : analyze verilog file al_ip/sys_pll.v
HDL-1007 : undeclared symbol 'sys_pll_open0', assumed default net type 'wire' in al_ip/sys_pll.v(77)
HDL-1007 : undeclared symbol 'sys_pll_open1', assumed default net type 'wire' in al_ip/sys_pll.v(83)
HDL-1007 : undeclared symbol 'sys_pll_open9', assumed default net type 'wire' in al_ip/sys_pll.v(89)
HDL-1007 : undeclared symbol 'sys_pll_open8', assumed default net type 'wire' in al_ip/sys_pll.v(89)
HDL-1007 : undeclared symbol 'sys_pll_open7', assumed default net type 'wire' in al_ip/sys_pll.v(89)
HDL-1007 : undeclared symbol 'sys_pll_open6', assumed default net type 'wire' in al_ip/sys_pll.v(89)
HDL-1007 : undeclared symbol 'sys_pll_open5', assumed default net type 'wire' in al_ip/sys_pll.v(89)
HDL-1007 : undeclared symbol 'sys_pll_open4', assumed default net type 'wire' in al_ip/sys_pll.v(89)
HDL-1007 : undeclared symbol 'sys_pll_open3', assumed default net type 'wire' in al_ip/sys_pll.v(89)
HDL-1007 : undeclared symbol 'sys_pll_open2', assumed default net type 'wire' in al_ip/sys_pll.v(89)
HDL-1007 : undeclared symbol 'sys_pll_open11', assumed default net type 'wire' in al_ip/sys_pll.v(91)
HDL-1007 : undeclared symbol 'sys_pll_open10', assumed default net type 'wire' in al_ip/sys_pll.v(91)
HDL-1007 : analyze verilog file ../source_code/rtl/sd_card/ax_debounce.v
HDL-1007 : analyze verilog file ../source_code/rtl/sd_card/bmp_read.v
HDL-1007 : analyze verilog file ../source_code/rtl/sd_card/sd_card_bmp.v
HDL-1007 : analyze verilog file ../source_code/rtl/sd_card/sd_card_cmd.v
HDL-1007 : analyze verilog file ../source_code/rtl/sd_card/sd_card_sec_read_write.v
HDL-1007 : analyze verilog file ../source_code/rtl/sd_card/sd_card_top.v
HDL-1007 : analyze verilog file ../source_code/rtl/sd_card/spi_master.v
HDL-1007 : analyze verilog file ../source_code/rtl/sdram/enc_file/global_def.v
HDL-1007 : analyze verilog file ../source_code/rtl/sdram/enc_file/sdr_as_ram.enc.v
HDL-1007 : back to file '../source_code/rtl/sdram/enc_file/sdr_as_ram.enc.v' in ../source_code/rtl/sdram/enc_file/sdr_as_ram.enc.v(54)
HDL-1007 : analyze verilog file ../source_code/rtl/sdram/enc_file/sdr_wrrd.enc.v
HDL-5007 WARNING: concatenation with an unsized literal will be treated as 32 bits in ../source_code/rtl/sdram/enc_file/sdr_wrrd.enc.v(283)
HDL-1007 : back to file '../source_code/rtl/sdram/enc_file/sdr_wrrd.enc.v' in ../source_code/rtl/sdram/enc_file/sdr_wrrd.enc.v(19)
HDL-1007 : analyze verilog file ../source_code/rtl/frame_fifo/afifo_16_32_256.v
HDL-1007 : analyze verilog file ../source_code/rtl/frame_fifo/afifo_32_16_256.v
HDL-1007 : analyze verilog file ../source_code/rtl/frame_fifo/frame_fifo_read.v
HDL-1007 : analyze verilog file ../source_code/rtl/frame_fifo/frame_fifo_write.v
HDL-1007 : analyze verilog file ../source_code/rtl/frame_fifo/frame_read_write.v
HDL-1007 : analyze verilog file ../source_code/rtl/sdram/sdram.v
HDL-1007 : analyze included file ../source_code/rtl/sdram/enc_file/global_def.v in ../source_code/rtl/sdram/sdram.v(10)
HDL-1007 : back to file '../source_code/rtl/sdram/sdram.v' in ../source_code/rtl/sdram/sdram.v(10)
HDL-1007 : undeclared symbol 'SDR_CKE', assumed default net type 'wire' in ../source_code/rtl/sdram/sdram.v(89)
HDL-1007 : analyze verilog file ../source_code/rtl/sdram/enc_file/sdr_init_ref.enc.v
HDL-1007 : analyze included file ../source_code/rtl/sdram/enc_file/global_def.v in ../source_code/rtl/sdram/enc_file/sdr_init_ref.enc.v(11)
HDL-1007 : back to file '../source_code/rtl/sdram/enc_file/sdr_init_ref.enc.v' in ../source_code/rtl/sdram/enc_file/sdr_init_ref.enc.v(11)
HDL-1007 : undeclared symbol '**', assumed default net type '**' in ../source_code/rtl/sdram/enc_file/sdr_init_ref.enc.v(57)
HDL-1007 : back to file '../source_code/rtl/sdram/enc_file/sdr_init_ref.enc.v' in ../source_code/rtl/sdram/enc_file/sdr_init_ref.enc.v(149)
HDL-5007 WARNING: concatenation with an unsized literal will be treated as 32 bits in ../source_code/rtl/sdram/enc_file/sdr_init_ref.enc.v(47)
HDL-1007 : analyze verilog file ../source_code/rtl/video_timing/color_bar.v
HDL-1007 : analyze included file ../source_code/rtl/video_timing/video_define.v in ../source_code/rtl/video_timing/color_bar.v(2)
HDL-1007 : back to file '../source_code/rtl/video_timing/color_bar.v' in ../source_code/rtl/video_timing/color_bar.v(2)
HDL-1007 : analyze verilog file ../source_code/rtl/video_timing/video_delay.v
HDL-1007 : analyze verilog file ../source_code/rtl/video_timing/video_timing_data.v
HDL-1007 : analyze verilog file ../source_code/rtl/another/m_synchronization_header.v
HDL-1007 : analyze verilog file ../source_code/rtl/led.v
RUN-1002 : start command "commit_param -step design"
RUN-1001 : Print Global Property
RUN-1001 : --------------------------------------------------------
RUN-1001 :   Parameters   |  Settings  |  Default Values  |  Note  
RUN-1001 : --------------------------------------------------------
RUN-1001 :   enable_seed  |    off     |       off        |        
RUN-1001 :     message    |  standard  |     standard     |        
RUN-1001 :   qor_monitor  |     on     |        on        |        
RUN-1001 :   syn_ip_flow  |    off     |       off        |        
RUN-1001 :     thread     |    auto    |       auto       |        
RUN-1001 : --------------------------------------------------------
RUN-1001 : Print Design Property
RUN-1001 : ----------------------------------------------------------------
RUN-1001 :       Parameters       |  Settings  |  Default Values  |  Note  
RUN-1001 : ----------------------------------------------------------------
RUN-1001 :   default_reg_initial  |    auto    |       auto       |        
RUN-1001 :    hdl_warning_level   |   normal   |      normal      |        
RUN-1001 : ----------------------------------------------------------------
HDL-1007 : analyze verilog file last_attempt.v
HDL-1007 : undeclared symbol 'phy_reset', assumed default net type 'wire' in last_attempt.v(150)
HDL-1007 : undeclared symbol 'tpg_data_done', assumed default net type 'wire' in last_attempt.v(489)
HDL-1007 : undeclared symbol 'full_flag', assumed default net type 'wire' in last_attempt.v(523)
HDL-1007 : undeclared symbol 'input_local_udp_port_num', assumed default net type 'wire' in last_attempt.v(554)
HDL-1007 : undeclared symbol 'input_local_udp_port_num_valid', assumed default net type 'wire' in last_attempt.v(555)
HDL-1007 : undeclared symbol 'input_local_ip_address', assumed default net type 'wire' in last_attempt.v(557)
HDL-1007 : undeclared symbol 'input_local_ip_address_valid', assumed default net type 'wire' in last_attempt.v(558)
HDL-1007 : analyze verilog file ../source_code/rtl/udp/BUFGMUX.v
HDL-1007 : analyze verilog file ../source_code/rtl/udp/IDDR.v
HDL-1007 : analyze verilog file ../source_code/rtl/udp/ODDR.v
HDL-1007 : analyze verilog file ../source_code/rtl/udp/RAMB16_S9_S9.v
HDL-1007 : undeclared symbol 'open', assumed default net type 'wire' in ../source_code/rtl/udp/RAMB16_S9_S9.v(109)
HDL-1007 : analyze verilog file ../source_code/rtl/udp/clk_gen_rst_gen.v
HDL-1007 : analyze verilog file ../source_code/rtl/udp/div_clk_gen.v
HDL-1007 : analyze verilog file ../source_code/rtl/udp/rgmii_interface.v
HDL-1007 : analyze verilog file ../source_code/rtl/udp/rx_client_fifo.v
HDL-5370 WARNING: parameter 'WAIT_s' becomes localparam in 'rx_client_fifo' with formal parameter declaration list in ../source_code/rtl/udp/rx_client_fifo.v(49)
HDL-5370 WARNING: parameter 'QUEUE1_s' becomes localparam in 'rx_client_fifo' with formal parameter declaration list in ../source_code/rtl/udp/rx_client_fifo.v(50)
HDL-5370 WARNING: parameter 'QUEUE2_s' becomes localparam in 'rx_client_fifo' with formal parameter declaration list in ../source_code/rtl/udp/rx_client_fifo.v(51)
HDL-5370 WARNING: parameter 'QUEUE3_s' becomes localparam in 'rx_client_fifo' with formal parameter declaration list in ../source_code/rtl/udp/rx_client_fifo.v(52)
HDL-5370 WARNING: parameter 'QUEUE_SOF_s' becomes localparam in 'rx_client_fifo' with formal parameter declaration list in ../source_code/rtl/udp/rx_client_fifo.v(53)
HDL-5370 WARNING: parameter 'SOF_s' becomes localparam in 'rx_client_fifo' with formal parameter declaration list in ../source_code/rtl/udp/rx_client_fifo.v(54)
HDL-5370 WARNING: parameter 'DATA_s' becomes localparam in 'rx_client_fifo' with formal parameter declaration list in ../source_code/rtl/udp/rx_client_fifo.v(55)
HDL-5370 WARNING: parameter 'EOF_s' becomes localparam in 'rx_client_fifo' with formal parameter declaration list in ../source_code/rtl/udp/rx_client_fifo.v(56)
HDL-5370 WARNING: parameter 'IDLE_s' becomes localparam in 'rx_client_fifo' with formal parameter declaration list in ../source_code/rtl/udp/rx_client_fifo.v(62)
HDL-5370 WARNING: parameter 'FRAME_s' becomes localparam in 'rx_client_fifo' with formal parameter declaration list in ../source_code/rtl/udp/rx_client_fifo.v(63)
HDL-5370 Similar messages will be suppressed.
HDL-1007 : analyze verilog file ../source_code/rtl/udp/temac_block.v
HDL-1007 : analyze verilog file ../source_code/rtl/udp/temac_clk_gen.v
HDL-1007 : analyze verilog file ../source_code/rtl/udp/tx_client_fifo.v
HDL-5370 WARNING: parameter 'IDLE_s' becomes localparam in 'tx_client_fifo' with formal parameter declaration list in ../source_code/rtl/udp/tx_client_fifo.v(53)
HDL-5370 WARNING: parameter 'QUEUE1_s' becomes localparam in 'tx_client_fifo' with formal parameter declaration list in ../source_code/rtl/udp/tx_client_fifo.v(54)
HDL-5370 WARNING: parameter 'QUEUE2_s' becomes localparam in 'tx_client_fifo' with formal parameter declaration list in ../source_code/rtl/udp/tx_client_fifo.v(55)
HDL-5370 WARNING: parameter 'QUEUE3_s' becomes localparam in 'tx_client_fifo' with formal parameter declaration list in ../source_code/rtl/udp/tx_client_fifo.v(56)
HDL-5370 WARNING: parameter 'QUEUE_ACK_s' becomes localparam in 'tx_client_fifo' with formal parameter declaration list in ../source_code/rtl/udp/tx_client_fifo.v(57)
HDL-5370 WARNING: parameter 'WAIT_ACK_s' becomes localparam in 'tx_client_fifo' with formal parameter declaration list in ../source_code/rtl/udp/tx_client_fifo.v(58)
HDL-5370 WARNING: parameter 'FRAME_s' becomes localparam in 'tx_client_fifo' with formal parameter declaration list in ../source_code/rtl/udp/tx_client_fifo.v(59)
HDL-5370 WARNING: parameter 'DROP_s' becomes localparam in 'tx_client_fifo' with formal parameter declaration list in ../source_code/rtl/udp/tx_client_fifo.v(60)
HDL-5370 WARNING: parameter 'RETRANSMIT_s' becomes localparam in 'tx_client_fifo' with formal parameter declaration list in ../source_code/rtl/udp/tx_client_fifo.v(61)
HDL-5370 WARNING: parameter 'WAIT_s' becomes localparam in 'tx_client_fifo' with formal parameter declaration list in ../source_code/rtl/udp/tx_client_fifo.v(67)
HDL-5370 Similar messages will be suppressed.
HDL-1007 : analyze verilog file ../source_code/rtl/udp/tx_clk_en_gen.v
HDL-1007 : analyze verilog file ../source_code/rtl/udp/udp_data_tpg.v
HDL-1007 : analyze verilog file ../source_code/rtl/udp/udp_ip_protocol_stack_merge.enc.v
HDL-1007 : back to file '../source_code/rtl/udp/udp_ip_protocol_stack_merge.enc.v' in ../source_code/rtl/udp/udp_ip_protocol_stack_merge.enc.v(56)
HDL-1007 : undeclared symbol '**', assumed default net type '**' in ../source_code/rtl/udp/udp_ip_protocol_stack_merge.enc.v(2638)
HDL-1007 : back to file '../source_code/rtl/udp/udp_ip_protocol_stack_merge.enc.v' in ../source_code/rtl/udp/udp_ip_protocol_stack_merge.enc.v(420)
HDL-1007 : analyze verilog file ../source_code/rtl/udp/udp_loopback.v
HDL-1007 : analyze verilog file al_ip/TEMAC_CORE/RTL/include/define.v
HDL-1007 : analyze verilog file al_ip/TEMAC_CORE/RTL/TEMAC_CORE_aead6cd6dadd.v
HDL-5007 WARNING: column 1032 exceeds maximum value 1023 in al_ip/TEMAC_CORE/RTL/TEMAC_CORE_aead6cd6dadd.v(30)
HDL-1007 : back to file 'al_ip/TEMAC_CORE/RTL/TEMAC_CORE_aead6cd6dadd.v' in al_ip/TEMAC_CORE/RTL/TEMAC_CORE_aead6cd6dadd.v(86)
HDL-5007 WARNING: event expressions must result in a singular type in al_ip/TEMAC_CORE/RTL/TEMAC_CORE_aead6cd6dadd.v(3001)
HDL-1007 : undeclared symbol '**', assumed default net type '**' in al_ip/TEMAC_CORE/RTL/TEMAC_CORE_aead6cd6dadd.v(5050)
HDL-1007 : undeclared symbol '**', assumed default net type '**' in al_ip/TEMAC_CORE/RTL/TEMAC_CORE_aead6cd6dadd.v(5458)
HDL-5007 WARNING: column 1035 exceeds maximum value 1023 in al_ip/TEMAC_CORE/RTL/TEMAC_CORE_aead6cd6dadd.v(6001)
HDL-1007 : back to file 'al_ip/TEMAC_CORE/RTL/TEMAC_CORE_aead6cd6dadd.v' in al_ip/TEMAC_CORE/RTL/TEMAC_CORE_aead6cd6dadd.v(260)
HDL-1007 : analyze verilog file al_ip/TEMAC_CORE/RTL/mac_core_aead6cd6dadd.v
HDL-1007 : analyze verilog file al_ip/TEMAC_CORE/TEMAC_CORE.v
HDL-1007 : analyze verilog file al_ip/pll_gen.v
HDL-1007 : undeclared symbol 'pll_gen_open0', assumed default net type 'wire' in al_ip/pll_gen.v(99)
HDL-1007 : undeclared symbol 'pll_gen_open8', assumed default net type 'wire' in al_ip/pll_gen.v(105)
HDL-1007 : undeclared symbol 'pll_gen_open7', assumed default net type 'wire' in al_ip/pll_gen.v(105)
HDL-1007 : undeclared symbol 'pll_gen_open6', assumed default net type 'wire' in al_ip/pll_gen.v(105)
HDL-1007 : undeclared symbol 'pll_gen_open5', assumed default net type 'wire' in al_ip/pll_gen.v(105)
HDL-1007 : undeclared symbol 'pll_gen_open4', assumed default net type 'wire' in al_ip/pll_gen.v(105)
HDL-1007 : undeclared symbol 'pll_gen_open3', assumed default net type 'wire' in al_ip/pll_gen.v(105)
HDL-1007 : undeclared symbol 'pll_gen_open2', assumed default net type 'wire' in al_ip/pll_gen.v(105)
HDL-1007 : undeclared symbol 'pll_gen_open1', assumed default net type 'wire' in al_ip/pll_gen.v(105)
HDL-1007 : analyze verilog file al_ip/sys_pll.v
HDL-1007 : undeclared symbol 'sys_pll_open0', assumed default net type 'wire' in al_ip/sys_pll.v(77)
HDL-1007 : undeclared symbol 'sys_pll_open1', assumed default net type 'wire' in al_ip/sys_pll.v(83)
HDL-1007 : undeclared symbol 'sys_pll_open9', assumed default net type 'wire' in al_ip/sys_pll.v(89)
HDL-1007 : undeclared symbol 'sys_pll_open8', assumed default net type 'wire' in al_ip/sys_pll.v(89)
HDL-1007 : undeclared symbol 'sys_pll_open7', assumed default net type 'wire' in al_ip/sys_pll.v(89)
HDL-1007 : undeclared symbol 'sys_pll_open6', assumed default net type 'wire' in al_ip/sys_pll.v(89)
HDL-1007 : undeclared symbol 'sys_pll_open5', assumed default net type 'wire' in al_ip/sys_pll.v(89)
HDL-1007 : undeclared symbol 'sys_pll_open4', assumed default net type 'wire' in al_ip/sys_pll.v(89)
HDL-1007 : undeclared symbol 'sys_pll_open3', assumed default net type 'wire' in al_ip/sys_pll.v(89)
HDL-1007 : undeclared symbol 'sys_pll_open2', assumed default net type 'wire' in al_ip/sys_pll.v(89)
HDL-1007 : undeclared symbol 'sys_pll_open11', assumed default net type 'wire' in al_ip/sys_pll.v(91)
HDL-1007 : undeclared symbol 'sys_pll_open10', assumed default net type 'wire' in al_ip/sys_pll.v(91)
HDL-1007 : analyze verilog file ../source_code/rtl/sd_card/ax_debounce.v
HDL-1007 : analyze verilog file ../source_code/rtl/sd_card/bmp_read.v
HDL-1007 : analyze verilog file ../source_code/rtl/sd_card/sd_card_bmp.v
HDL-1007 : analyze verilog file ../source_code/rtl/sd_card/sd_card_cmd.v
HDL-1007 : analyze verilog file ../source_code/rtl/sd_card/sd_card_sec_read_write.v
HDL-1007 : analyze verilog file ../source_code/rtl/sd_card/sd_card_top.v
HDL-1007 : analyze verilog file ../source_code/rtl/sd_card/spi_master.v
HDL-1007 : analyze verilog file ../source_code/rtl/sdram/enc_file/global_def.v
HDL-1007 : analyze verilog file ../source_code/rtl/sdram/enc_file/sdr_as_ram.enc.v
HDL-1007 : back to file '../source_code/rtl/sdram/enc_file/sdr_as_ram.enc.v' in ../source_code/rtl/sdram/enc_file/sdr_as_ram.enc.v(54)
HDL-1007 : analyze verilog file ../source_code/rtl/sdram/enc_file/sdr_wrrd.enc.v
HDL-5007 WARNING: concatenation with an unsized literal will be treated as 32 bits in ../source_code/rtl/sdram/enc_file/sdr_wrrd.enc.v(283)
HDL-1007 : back to file '../source_code/rtl/sdram/enc_file/sdr_wrrd.enc.v' in ../source_code/rtl/sdram/enc_file/sdr_wrrd.enc.v(19)
HDL-1007 : analyze verilog file ../source_code/rtl/frame_fifo/afifo_16_32_256.v
HDL-1007 : analyze verilog file ../source_code/rtl/frame_fifo/afifo_32_16_256.v
HDL-1007 : analyze verilog file ../source_code/rtl/frame_fifo/frame_fifo_read.v
HDL-1007 : analyze verilog file ../source_code/rtl/frame_fifo/frame_fifo_write.v
HDL-1007 : analyze verilog file ../source_code/rtl/frame_fifo/frame_read_write.v
HDL-1007 : analyze verilog file ../source_code/rtl/sdram/sdram.v
HDL-1007 : analyze included file ../source_code/rtl/sdram/enc_file/global_def.v in ../source_code/rtl/sdram/sdram.v(10)
HDL-1007 : back to file '../source_code/rtl/sdram/sdram.v' in ../source_code/rtl/sdram/sdram.v(10)
HDL-1007 : undeclared symbol 'SDR_CKE', assumed default net type 'wire' in ../source_code/rtl/sdram/sdram.v(89)
HDL-1007 : analyze verilog file ../source_code/rtl/sdram/enc_file/sdr_init_ref.enc.v
HDL-1007 : analyze included file ../source_code/rtl/sdram/enc_file/global_def.v in ../source_code/rtl/sdram/enc_file/sdr_init_ref.enc.v(11)
HDL-1007 : back to file '../source_code/rtl/sdram/enc_file/sdr_init_ref.enc.v' in ../source_code/rtl/sdram/enc_file/sdr_init_ref.enc.v(11)
HDL-1007 : undeclared symbol '**', assumed default net type '**' in ../source_code/rtl/sdram/enc_file/sdr_init_ref.enc.v(57)
HDL-1007 : back to file '../source_code/rtl/sdram/enc_file/sdr_init_ref.enc.v' in ../source_code/rtl/sdram/enc_file/sdr_init_ref.enc.v(149)
HDL-5007 WARNING: concatenation with an unsized literal will be treated as 32 bits in ../source_code/rtl/sdram/enc_file/sdr_init_ref.enc.v(47)
HDL-1007 : analyze verilog file ../source_code/rtl/video_timing/color_bar.v
HDL-1007 : analyze included file ../source_code/rtl/video_timing/video_define.v in ../source_code/rtl/video_timing/color_bar.v(2)
HDL-1007 : back to file '../source_code/rtl/video_timing/color_bar.v' in ../source_code/rtl/video_timing/color_bar.v(2)
HDL-1007 : analyze verilog file ../source_code/rtl/video_timing/video_delay.v
HDL-1007 : analyze verilog file ../source_code/rtl/video_timing/video_timing_data.v
HDL-1007 : analyze verilog file ../source_code/rtl/another/m_synchronization_header.v
HDL-1007 : analyze verilog file ../source_code/rtl/led.v
HDL-1007 : analyze verilog file ../source_code/rtl/ov5640/cmos_capture_data.v
HDL-1007 : analyze verilog file ../source_code/rtl/ov5640/i2c_dri.v
HDL-1007 : analyze verilog file ../source_code/rtl/ov5640/i2c_ov5640_rgb565_cfg.v
HDL-1007 : analyze verilog file ../source_code/rtl/ov5640/ov5640_delay.v
HDL-1007 : analyze verilog file ../source_code/rtl/ov5640/ov5640_dri.v
RUN-1002 : start command "commit_param -step design"
RUN-1001 : Print Global Property
RUN-1001 : --------------------------------------------------------
RUN-1001 :   Parameters   |  Settings  |  Default Values  |  Note  
RUN-1001 : --------------------------------------------------------
RUN-1001 :   enable_seed  |    off     |       off        |        
RUN-1001 :     message    |  standard  |     standard     |        
RUN-1001 :   qor_monitor  |     on     |        on        |        
RUN-1001 :   syn_ip_flow  |    off     |       off        |        
RUN-1001 :     thread     |    auto    |       auto       |        
RUN-1001 : --------------------------------------------------------
RUN-1001 : Print Design Property
RUN-1001 : ----------------------------------------------------------------
RUN-1001 :       Parameters       |  Settings  |  Default Values  |  Note  
RUN-1001 : ----------------------------------------------------------------
RUN-1001 :   default_reg_initial  |    auto    |       auto       |        
RUN-1001 :    hdl_warning_level   |   normal   |      normal      |        
RUN-1001 : ----------------------------------------------------------------
HDL-1007 : analyze verilog file last_attempt.v
HDL-1007 : undeclared symbol 'phy_reset', assumed default net type 'wire' in last_attempt.v(150)
HDL-1007 : undeclared symbol 'tpg_data_done', assumed default net type 'wire' in last_attempt.v(489)
HDL-1007 : undeclared symbol 'full_flag', assumed default net type 'wire' in last_attempt.v(523)
HDL-1007 : undeclared symbol 'input_local_udp_port_num', assumed default net type 'wire' in last_attempt.v(554)
HDL-1007 : undeclared symbol 'input_local_udp_port_num_valid', assumed default net type 'wire' in last_attempt.v(555)
HDL-1007 : undeclared symbol 'input_local_ip_address', assumed default net type 'wire' in last_attempt.v(557)
HDL-1007 : undeclared symbol 'input_local_ip_address_valid', assumed default net type 'wire' in last_attempt.v(558)
HDL-1007 : analyze verilog file ../source_code/rtl/udp/BUFGMUX.v
HDL-1007 : analyze verilog file ../source_code/rtl/udp/IDDR.v
HDL-1007 : analyze verilog file ../source_code/rtl/udp/ODDR.v
HDL-1007 : analyze verilog file ../source_code/rtl/udp/RAMB16_S9_S9.v
HDL-1007 : undeclared symbol 'open', assumed default net type 'wire' in ../source_code/rtl/udp/RAMB16_S9_S9.v(109)
HDL-1007 : analyze verilog file ../source_code/rtl/udp/clk_gen_rst_gen.v
HDL-1007 : analyze verilog file ../source_code/rtl/udp/div_clk_gen.v
HDL-1007 : analyze verilog file ../source_code/rtl/udp/rgmii_interface.v
HDL-1007 : analyze verilog file ../source_code/rtl/udp/rx_client_fifo.v
HDL-5370 WARNING: parameter 'WAIT_s' becomes localparam in 'rx_client_fifo' with formal parameter declaration list in ../source_code/rtl/udp/rx_client_fifo.v(49)
HDL-5370 WARNING: parameter 'QUEUE1_s' becomes localparam in 'rx_client_fifo' with formal parameter declaration list in ../source_code/rtl/udp/rx_client_fifo.v(50)
HDL-5370 WARNING: parameter 'QUEUE2_s' becomes localparam in 'rx_client_fifo' with formal parameter declaration list in ../source_code/rtl/udp/rx_client_fifo.v(51)
HDL-5370 WARNING: parameter 'QUEUE3_s' becomes localparam in 'rx_client_fifo' with formal parameter declaration list in ../source_code/rtl/udp/rx_client_fifo.v(52)
HDL-5370 WARNING: parameter 'QUEUE_SOF_s' becomes localparam in 'rx_client_fifo' with formal parameter declaration list in ../source_code/rtl/udp/rx_client_fifo.v(53)
HDL-5370 WARNING: parameter 'SOF_s' becomes localparam in 'rx_client_fifo' with formal parameter declaration list in ../source_code/rtl/udp/rx_client_fifo.v(54)
HDL-5370 WARNING: parameter 'DATA_s' becomes localparam in 'rx_client_fifo' with formal parameter declaration list in ../source_code/rtl/udp/rx_client_fifo.v(55)
HDL-5370 WARNING: parameter 'EOF_s' becomes localparam in 'rx_client_fifo' with formal parameter declaration list in ../source_code/rtl/udp/rx_client_fifo.v(56)
HDL-5370 WARNING: parameter 'IDLE_s' becomes localparam in 'rx_client_fifo' with formal parameter declaration list in ../source_code/rtl/udp/rx_client_fifo.v(62)
HDL-5370 WARNING: parameter 'FRAME_s' becomes localparam in 'rx_client_fifo' with formal parameter declaration list in ../source_code/rtl/udp/rx_client_fifo.v(63)
HDL-5370 Similar messages will be suppressed.
HDL-1007 : analyze verilog file ../source_code/rtl/udp/temac_block.v
HDL-1007 : analyze verilog file ../source_code/rtl/udp/temac_clk_gen.v
HDL-1007 : analyze verilog file ../source_code/rtl/udp/tx_client_fifo.v
HDL-5370 WARNING: parameter 'IDLE_s' becomes localparam in 'tx_client_fifo' with formal parameter declaration list in ../source_code/rtl/udp/tx_client_fifo.v(53)
HDL-5370 WARNING: parameter 'QUEUE1_s' becomes localparam in 'tx_client_fifo' with formal parameter declaration list in ../source_code/rtl/udp/tx_client_fifo.v(54)
HDL-5370 WARNING: parameter 'QUEUE2_s' becomes localparam in 'tx_client_fifo' with formal parameter declaration list in ../source_code/rtl/udp/tx_client_fifo.v(55)
HDL-5370 WARNING: parameter 'QUEUE3_s' becomes localparam in 'tx_client_fifo' with formal parameter declaration list in ../source_code/rtl/udp/tx_client_fifo.v(56)
HDL-5370 WARNING: parameter 'QUEUE_ACK_s' becomes localparam in 'tx_client_fifo' with formal parameter declaration list in ../source_code/rtl/udp/tx_client_fifo.v(57)
HDL-5370 WARNING: parameter 'WAIT_ACK_s' becomes localparam in 'tx_client_fifo' with formal parameter declaration list in ../source_code/rtl/udp/tx_client_fifo.v(58)
HDL-5370 WARNING: parameter 'FRAME_s' becomes localparam in 'tx_client_fifo' with formal parameter declaration list in ../source_code/rtl/udp/tx_client_fifo.v(59)
HDL-5370 WARNING: parameter 'DROP_s' becomes localparam in 'tx_client_fifo' with formal parameter declaration list in ../source_code/rtl/udp/tx_client_fifo.v(60)
HDL-5370 WARNING: parameter 'RETRANSMIT_s' becomes localparam in 'tx_client_fifo' with formal parameter declaration list in ../source_code/rtl/udp/tx_client_fifo.v(61)
HDL-5370 WARNING: parameter 'WAIT_s' becomes localparam in 'tx_client_fifo' with formal parameter declaration list in ../source_code/rtl/udp/tx_client_fifo.v(67)
HDL-5370 Similar messages will be suppressed.
HDL-1007 : analyze verilog file ../source_code/rtl/udp/tx_clk_en_gen.v
HDL-1007 : analyze verilog file ../source_code/rtl/udp/udp_data_tpg.v
HDL-1007 : analyze verilog file ../source_code/rtl/udp/udp_ip_protocol_stack_merge.enc.v
HDL-1007 : back to file '../source_code/rtl/udp/udp_ip_protocol_stack_merge.enc.v' in ../source_code/rtl/udp/udp_ip_protocol_stack_merge.enc.v(56)
HDL-1007 : undeclared symbol '**', assumed default net type '**' in ../source_code/rtl/udp/udp_ip_protocol_stack_merge.enc.v(2638)
HDL-1007 : back to file '../source_code/rtl/udp/udp_ip_protocol_stack_merge.enc.v' in ../source_code/rtl/udp/udp_ip_protocol_stack_merge.enc.v(420)
HDL-1007 : analyze verilog file ../source_code/rtl/udp/udp_loopback.v
HDL-1007 : analyze verilog file al_ip/TEMAC_CORE/RTL/include/define.v
HDL-1007 : analyze verilog file al_ip/TEMAC_CORE/RTL/TEMAC_CORE_aead6cd6dadd.v
HDL-5007 WARNING: column 1032 exceeds maximum value 1023 in al_ip/TEMAC_CORE/RTL/TEMAC_CORE_aead6cd6dadd.v(30)
HDL-1007 : back to file 'al_ip/TEMAC_CORE/RTL/TEMAC_CORE_aead6cd6dadd.v' in al_ip/TEMAC_CORE/RTL/TEMAC_CORE_aead6cd6dadd.v(86)
HDL-5007 WARNING: event expressions must result in a singular type in al_ip/TEMAC_CORE/RTL/TEMAC_CORE_aead6cd6dadd.v(3001)
HDL-1007 : undeclared symbol '**', assumed default net type '**' in al_ip/TEMAC_CORE/RTL/TEMAC_CORE_aead6cd6dadd.v(5050)
HDL-1007 : undeclared symbol '**', assumed default net type '**' in al_ip/TEMAC_CORE/RTL/TEMAC_CORE_aead6cd6dadd.v(5458)
HDL-5007 WARNING: column 1035 exceeds maximum value 1023 in al_ip/TEMAC_CORE/RTL/TEMAC_CORE_aead6cd6dadd.v(6001)
HDL-1007 : back to file 'al_ip/TEMAC_CORE/RTL/TEMAC_CORE_aead6cd6dadd.v' in al_ip/TEMAC_CORE/RTL/TEMAC_CORE_aead6cd6dadd.v(260)
HDL-1007 : analyze verilog file al_ip/TEMAC_CORE/RTL/mac_core_aead6cd6dadd.v
HDL-1007 : analyze verilog file al_ip/TEMAC_CORE/TEMAC_CORE.v
HDL-1007 : analyze verilog file al_ip/pll_gen.v
HDL-1007 : undeclared symbol 'pll_gen_open0', assumed default net type 'wire' in al_ip/pll_gen.v(99)
HDL-1007 : undeclared symbol 'pll_gen_open8', assumed default net type 'wire' in al_ip/pll_gen.v(105)
HDL-1007 : undeclared symbol 'pll_gen_open7', assumed default net type 'wire' in al_ip/pll_gen.v(105)
HDL-1007 : undeclared symbol 'pll_gen_open6', assumed default net type 'wire' in al_ip/pll_gen.v(105)
HDL-1007 : undeclared symbol 'pll_gen_open5', assumed default net type 'wire' in al_ip/pll_gen.v(105)
HDL-1007 : undeclared symbol 'pll_gen_open4', assumed default net type 'wire' in al_ip/pll_gen.v(105)
HDL-1007 : undeclared symbol 'pll_gen_open3', assumed default net type 'wire' in al_ip/pll_gen.v(105)
HDL-1007 : undeclared symbol 'pll_gen_open2', assumed default net type 'wire' in al_ip/pll_gen.v(105)
HDL-1007 : undeclared symbol 'pll_gen_open1', assumed default net type 'wire' in al_ip/pll_gen.v(105)
HDL-1007 : analyze verilog file al_ip/sys_pll.v
HDL-1007 : undeclared symbol 'sys_pll_open0', assumed default net type 'wire' in al_ip/sys_pll.v(77)
HDL-1007 : undeclared symbol 'sys_pll_open1', assumed default net type 'wire' in al_ip/sys_pll.v(83)
HDL-1007 : undeclared symbol 'sys_pll_open9', assumed default net type 'wire' in al_ip/sys_pll.v(89)
HDL-1007 : undeclared symbol 'sys_pll_open8', assumed default net type 'wire' in al_ip/sys_pll.v(89)
HDL-1007 : undeclared symbol 'sys_pll_open7', assumed default net type 'wire' in al_ip/sys_pll.v(89)
HDL-1007 : undeclared symbol 'sys_pll_open6', assumed default net type 'wire' in al_ip/sys_pll.v(89)
HDL-1007 : undeclared symbol 'sys_pll_open5', assumed default net type 'wire' in al_ip/sys_pll.v(89)
HDL-1007 : undeclared symbol 'sys_pll_open4', assumed default net type 'wire' in al_ip/sys_pll.v(89)
HDL-1007 : undeclared symbol 'sys_pll_open3', assumed default net type 'wire' in al_ip/sys_pll.v(89)
HDL-1007 : undeclared symbol 'sys_pll_open2', assumed default net type 'wire' in al_ip/sys_pll.v(89)
HDL-1007 : undeclared symbol 'sys_pll_open11', assumed default net type 'wire' in al_ip/sys_pll.v(91)
HDL-1007 : undeclared symbol 'sys_pll_open10', assumed default net type 'wire' in al_ip/sys_pll.v(91)
HDL-1007 : analyze verilog file ../source_code/rtl/sd_card/ax_debounce.v
HDL-1007 : analyze verilog file ../source_code/rtl/sd_card/bmp_read.v
HDL-1007 : analyze verilog file ../source_code/rtl/sd_card/sd_card_bmp.v
HDL-1007 : analyze verilog file ../source_code/rtl/sd_card/sd_card_cmd.v
HDL-1007 : analyze verilog file ../source_code/rtl/sd_card/sd_card_sec_read_write.v
HDL-1007 : analyze verilog file ../source_code/rtl/sd_card/sd_card_top.v
HDL-1007 : analyze verilog file ../source_code/rtl/sd_card/spi_master.v
HDL-1007 : analyze verilog file ../source_code/rtl/sdram/enc_file/global_def.v
HDL-1007 : analyze verilog file ../source_code/rtl/sdram/enc_file/sdr_as_ram.enc.v
HDL-1007 : back to file '../source_code/rtl/sdram/enc_file/sdr_as_ram.enc.v' in ../source_code/rtl/sdram/enc_file/sdr_as_ram.enc.v(54)
HDL-1007 : analyze verilog file ../source_code/rtl/sdram/enc_file/sdr_wrrd.enc.v
HDL-5007 WARNING: concatenation with an unsized literal will be treated as 32 bits in ../source_code/rtl/sdram/enc_file/sdr_wrrd.enc.v(283)
HDL-1007 : back to file '../source_code/rtl/sdram/enc_file/sdr_wrrd.enc.v' in ../source_code/rtl/sdram/enc_file/sdr_wrrd.enc.v(19)
HDL-1007 : analyze verilog file ../source_code/rtl/frame_fifo/afifo_16_32_256.v
HDL-1007 : analyze verilog file ../source_code/rtl/frame_fifo/afifo_32_16_256.v
HDL-1007 : analyze verilog file ../source_code/rtl/frame_fifo/frame_fifo_read.v
HDL-1007 : analyze verilog file ../source_code/rtl/frame_fifo/frame_fifo_write.v
HDL-1007 : analyze verilog file ../source_code/rtl/frame_fifo/frame_read_write.v
HDL-1007 : analyze verilog file ../source_code/rtl/sdram/sdram.v
HDL-1007 : analyze included file ../source_code/rtl/sdram/enc_file/global_def.v in ../source_code/rtl/sdram/sdram.v(10)
HDL-1007 : back to file '../source_code/rtl/sdram/sdram.v' in ../source_code/rtl/sdram/sdram.v(10)
HDL-1007 : undeclared symbol 'SDR_CKE', assumed default net type 'wire' in ../source_code/rtl/sdram/sdram.v(89)
HDL-1007 : analyze verilog file ../source_code/rtl/sdram/enc_file/sdr_init_ref.enc.v
HDL-1007 : analyze included file ../source_code/rtl/sdram/enc_file/global_def.v in ../source_code/rtl/sdram/enc_file/sdr_init_ref.enc.v(11)
HDL-1007 : back to file '../source_code/rtl/sdram/enc_file/sdr_init_ref.enc.v' in ../source_code/rtl/sdram/enc_file/sdr_init_ref.enc.v(11)
HDL-1007 : undeclared symbol '**', assumed default net type '**' in ../source_code/rtl/sdram/enc_file/sdr_init_ref.enc.v(57)
HDL-1007 : back to file '../source_code/rtl/sdram/enc_file/sdr_init_ref.enc.v' in ../source_code/rtl/sdram/enc_file/sdr_init_ref.enc.v(149)
HDL-5007 WARNING: concatenation with an unsized literal will be treated as 32 bits in ../source_code/rtl/sdram/enc_file/sdr_init_ref.enc.v(47)
HDL-1007 : analyze verilog file ../source_code/rtl/video_timing/color_bar.v
HDL-1007 : analyze included file ../source_code/rtl/video_timing/video_define.v in ../source_code/rtl/video_timing/color_bar.v(2)
HDL-1007 : back to file '../source_code/rtl/video_timing/color_bar.v' in ../source_code/rtl/video_timing/color_bar.v(2)
HDL-1007 : analyze verilog file ../source_code/rtl/video_timing/video_delay.v
HDL-1007 : analyze verilog file ../source_code/rtl/video_timing/video_timing_data.v
HDL-1007 : analyze verilog file ../source_code/rtl/another/m_synchronization_header.v
HDL-1007 : analyze verilog file ../source_code/rtl/led.v
HDL-1007 : analyze verilog file ../source_code/rtl/ov5640/cmos_capture_data.v
HDL-1007 : analyze verilog file ../source_code/rtl/ov5640/i2c_dri.v
HDL-1007 : analyze verilog file ../source_code/rtl/ov5640/i2c_ov5640_rgb565_cfg.v
HDL-1007 : analyze verilog file ../source_code/rtl/ov5640/ov5640_delay.v
HDL-1007 : analyze verilog file ../source_code/rtl/ov5640/ov5640_dri.v
HDL-1007 : analyze verilog file ../source_code/rtl/another/fire_detect.v
RUN-1002 : start command "commit_param -step design"
RUN-1001 : Print Global Property
RUN-1001 : --------------------------------------------------------
RUN-1001 :   Parameters   |  Settings  |  Default Values  |  Note  
RUN-1001 : --------------------------------------------------------
RUN-1001 :   enable_seed  |    off     |       off        |        
RUN-1001 :     message    |  standard  |     standard     |        
RUN-1001 :   qor_monitor  |     on     |        on        |        
RUN-1001 :   syn_ip_flow  |    off     |       off        |        
RUN-1001 :     thread     |    auto    |       auto       |        
RUN-1001 : --------------------------------------------------------
RUN-1001 : Print Design Property
RUN-1001 : ----------------------------------------------------------------
RUN-1001 :       Parameters       |  Settings  |  Default Values  |  Note  
RUN-1001 : ----------------------------------------------------------------
RUN-1001 :   default_reg_initial  |    auto    |       auto       |        
RUN-1001 :    hdl_warning_level   |   normal   |      normal      |        
RUN-1001 : ----------------------------------------------------------------
HDL-1007 : analyze verilog file last_attempt.v
HDL-1007 : undeclared symbol 'phy_reset', assumed default net type 'wire' in last_attempt.v(160)
HDL-1007 : undeclared symbol 'tpg_data_done', assumed default net type 'wire' in last_attempt.v(499)
HDL-1007 : undeclared symbol 'full_flag', assumed default net type 'wire' in last_attempt.v(533)
HDL-1007 : undeclared symbol 'input_local_udp_port_num', assumed default net type 'wire' in last_attempt.v(564)
HDL-1007 : undeclared symbol 'input_local_udp_port_num_valid', assumed default net type 'wire' in last_attempt.v(565)
HDL-1007 : undeclared symbol 'input_local_ip_address', assumed default net type 'wire' in last_attempt.v(567)
HDL-1007 : undeclared symbol 'input_local_ip_address_valid', assumed default net type 'wire' in last_attempt.v(568)
HDL-1007 : analyze verilog file ../source_code/rtl/udp/BUFGMUX.v
HDL-1007 : analyze verilog file ../source_code/rtl/udp/IDDR.v
HDL-1007 : analyze verilog file ../source_code/rtl/udp/ODDR.v
HDL-1007 : analyze verilog file ../source_code/rtl/udp/RAMB16_S9_S9.v
HDL-1007 : undeclared symbol 'open', assumed default net type 'wire' in ../source_code/rtl/udp/RAMB16_S9_S9.v(109)
HDL-1007 : analyze verilog file ../source_code/rtl/udp/clk_gen_rst_gen.v
HDL-1007 : analyze verilog file ../source_code/rtl/udp/div_clk_gen.v
HDL-1007 : analyze verilog file ../source_code/rtl/udp/rgmii_interface.v
HDL-1007 : analyze verilog file ../source_code/rtl/udp/rx_client_fifo.v
HDL-5370 WARNING: parameter 'WAIT_s' becomes localparam in 'rx_client_fifo' with formal parameter declaration list in ../source_code/rtl/udp/rx_client_fifo.v(49)
HDL-5370 WARNING: parameter 'QUEUE1_s' becomes localparam in 'rx_client_fifo' with formal parameter declaration list in ../source_code/rtl/udp/rx_client_fifo.v(50)
HDL-5370 WARNING: parameter 'QUEUE2_s' becomes localparam in 'rx_client_fifo' with formal parameter declaration list in ../source_code/rtl/udp/rx_client_fifo.v(51)
HDL-5370 WARNING: parameter 'QUEUE3_s' becomes localparam in 'rx_client_fifo' with formal parameter declaration list in ../source_code/rtl/udp/rx_client_fifo.v(52)
HDL-5370 WARNING: parameter 'QUEUE_SOF_s' becomes localparam in 'rx_client_fifo' with formal parameter declaration list in ../source_code/rtl/udp/rx_client_fifo.v(53)
HDL-5370 WARNING: parameter 'SOF_s' becomes localparam in 'rx_client_fifo' with formal parameter declaration list in ../source_code/rtl/udp/rx_client_fifo.v(54)
HDL-5370 WARNING: parameter 'DATA_s' becomes localparam in 'rx_client_fifo' with formal parameter declaration list in ../source_code/rtl/udp/rx_client_fifo.v(55)
HDL-5370 WARNING: parameter 'EOF_s' becomes localparam in 'rx_client_fifo' with formal parameter declaration list in ../source_code/rtl/udp/rx_client_fifo.v(56)
HDL-5370 WARNING: parameter 'IDLE_s' becomes localparam in 'rx_client_fifo' with formal parameter declaration list in ../source_code/rtl/udp/rx_client_fifo.v(62)
HDL-5370 WARNING: parameter 'FRAME_s' becomes localparam in 'rx_client_fifo' with formal parameter declaration list in ../source_code/rtl/udp/rx_client_fifo.v(63)
HDL-5370 Similar messages will be suppressed.
HDL-1007 : analyze verilog file ../source_code/rtl/udp/temac_block.v
HDL-1007 : analyze verilog file ../source_code/rtl/udp/temac_clk_gen.v
HDL-1007 : analyze verilog file ../source_code/rtl/udp/tx_client_fifo.v
HDL-5370 WARNING: parameter 'IDLE_s' becomes localparam in 'tx_client_fifo' with formal parameter declaration list in ../source_code/rtl/udp/tx_client_fifo.v(53)
HDL-5370 WARNING: parameter 'QUEUE1_s' becomes localparam in 'tx_client_fifo' with formal parameter declaration list in ../source_code/rtl/udp/tx_client_fifo.v(54)
HDL-5370 WARNING: parameter 'QUEUE2_s' becomes localparam in 'tx_client_fifo' with formal parameter declaration list in ../source_code/rtl/udp/tx_client_fifo.v(55)
HDL-5370 WARNING: parameter 'QUEUE3_s' becomes localparam in 'tx_client_fifo' with formal parameter declaration list in ../source_code/rtl/udp/tx_client_fifo.v(56)
HDL-5370 WARNING: parameter 'QUEUE_ACK_s' becomes localparam in 'tx_client_fifo' with formal parameter declaration list in ../source_code/rtl/udp/tx_client_fifo.v(57)
HDL-5370 WARNING: parameter 'WAIT_ACK_s' becomes localparam in 'tx_client_fifo' with formal parameter declaration list in ../source_code/rtl/udp/tx_client_fifo.v(58)
HDL-5370 WARNING: parameter 'FRAME_s' becomes localparam in 'tx_client_fifo' with formal parameter declaration list in ../source_code/rtl/udp/tx_client_fifo.v(59)
HDL-5370 WARNING: parameter 'DROP_s' becomes localparam in 'tx_client_fifo' with formal parameter declaration list in ../source_code/rtl/udp/tx_client_fifo.v(60)
HDL-5370 WARNING: parameter 'RETRANSMIT_s' becomes localparam in 'tx_client_fifo' with formal parameter declaration list in ../source_code/rtl/udp/tx_client_fifo.v(61)
HDL-5370 WARNING: parameter 'WAIT_s' becomes localparam in 'tx_client_fifo' with formal parameter declaration list in ../source_code/rtl/udp/tx_client_fifo.v(67)
HDL-5370 Similar messages will be suppressed.
HDL-1007 : analyze verilog file ../source_code/rtl/udp/tx_clk_en_gen.v
HDL-1007 : analyze verilog file ../source_code/rtl/udp/udp_data_tpg.v
HDL-1007 : analyze verilog file ../source_code/rtl/udp/udp_ip_protocol_stack_merge.enc.v
HDL-1007 : back to file '../source_code/rtl/udp/udp_ip_protocol_stack_merge.enc.v' in ../source_code/rtl/udp/udp_ip_protocol_stack_merge.enc.v(56)
HDL-1007 : undeclared symbol '**', assumed default net type '**' in ../source_code/rtl/udp/udp_ip_protocol_stack_merge.enc.v(2638)
HDL-1007 : back to file '../source_code/rtl/udp/udp_ip_protocol_stack_merge.enc.v' in ../source_code/rtl/udp/udp_ip_protocol_stack_merge.enc.v(420)
HDL-1007 : analyze verilog file ../source_code/rtl/udp/udp_loopback.v
HDL-1007 : analyze verilog file al_ip/TEMAC_CORE/RTL/include/define.v
HDL-1007 : analyze verilog file al_ip/TEMAC_CORE/RTL/TEMAC_CORE_aead6cd6dadd.v
HDL-5007 WARNING: column 1032 exceeds maximum value 1023 in al_ip/TEMAC_CORE/RTL/TEMAC_CORE_aead6cd6dadd.v(30)
HDL-1007 : back to file 'al_ip/TEMAC_CORE/RTL/TEMAC_CORE_aead6cd6dadd.v' in al_ip/TEMAC_CORE/RTL/TEMAC_CORE_aead6cd6dadd.v(86)
HDL-5007 WARNING: event expressions must result in a singular type in al_ip/TEMAC_CORE/RTL/TEMAC_CORE_aead6cd6dadd.v(3001)
HDL-1007 : undeclared symbol '**', assumed default net type '**' in al_ip/TEMAC_CORE/RTL/TEMAC_CORE_aead6cd6dadd.v(5050)
HDL-1007 : undeclared symbol '**', assumed default net type '**' in al_ip/TEMAC_CORE/RTL/TEMAC_CORE_aead6cd6dadd.v(5458)
HDL-5007 WARNING: column 1035 exceeds maximum value 1023 in al_ip/TEMAC_CORE/RTL/TEMAC_CORE_aead6cd6dadd.v(6001)
HDL-1007 : back to file 'al_ip/TEMAC_CORE/RTL/TEMAC_CORE_aead6cd6dadd.v' in al_ip/TEMAC_CORE/RTL/TEMAC_CORE_aead6cd6dadd.v(260)
HDL-1007 : analyze verilog file al_ip/TEMAC_CORE/RTL/mac_core_aead6cd6dadd.v
HDL-1007 : analyze verilog file al_ip/TEMAC_CORE/TEMAC_CORE.v
HDL-1007 : analyze verilog file al_ip/pll_gen.v
HDL-1007 : undeclared symbol 'pll_gen_open0', assumed default net type 'wire' in al_ip/pll_gen.v(99)
HDL-1007 : undeclared symbol 'pll_gen_open8', assumed default net type 'wire' in al_ip/pll_gen.v(105)
HDL-1007 : undeclared symbol 'pll_gen_open7', assumed default net type 'wire' in al_ip/pll_gen.v(105)
HDL-1007 : undeclared symbol 'pll_gen_open6', assumed default net type 'wire' in al_ip/pll_gen.v(105)
HDL-1007 : undeclared symbol 'pll_gen_open5', assumed default net type 'wire' in al_ip/pll_gen.v(105)
HDL-1007 : undeclared symbol 'pll_gen_open4', assumed default net type 'wire' in al_ip/pll_gen.v(105)
HDL-1007 : undeclared symbol 'pll_gen_open3', assumed default net type 'wire' in al_ip/pll_gen.v(105)
HDL-1007 : undeclared symbol 'pll_gen_open2', assumed default net type 'wire' in al_ip/pll_gen.v(105)
HDL-1007 : undeclared symbol 'pll_gen_open1', assumed default net type 'wire' in al_ip/pll_gen.v(105)
HDL-1007 : analyze verilog file al_ip/sys_pll.v
HDL-1007 : undeclared symbol 'sys_pll_open0', assumed default net type 'wire' in al_ip/sys_pll.v(77)
HDL-1007 : undeclared symbol 'sys_pll_open1', assumed default net type 'wire' in al_ip/sys_pll.v(83)
HDL-1007 : undeclared symbol 'sys_pll_open9', assumed default net type 'wire' in al_ip/sys_pll.v(89)
HDL-1007 : undeclared symbol 'sys_pll_open8', assumed default net type 'wire' in al_ip/sys_pll.v(89)
HDL-1007 : undeclared symbol 'sys_pll_open7', assumed default net type 'wire' in al_ip/sys_pll.v(89)
HDL-1007 : undeclared symbol 'sys_pll_open6', assumed default net type 'wire' in al_ip/sys_pll.v(89)
HDL-1007 : undeclared symbol 'sys_pll_open5', assumed default net type 'wire' in al_ip/sys_pll.v(89)
HDL-1007 : undeclared symbol 'sys_pll_open4', assumed default net type 'wire' in al_ip/sys_pll.v(89)
HDL-1007 : undeclared symbol 'sys_pll_open3', assumed default net type 'wire' in al_ip/sys_pll.v(89)
HDL-1007 : undeclared symbol 'sys_pll_open2', assumed default net type 'wire' in al_ip/sys_pll.v(89)
HDL-1007 : undeclared symbol 'sys_pll_open11', assumed default net type 'wire' in al_ip/sys_pll.v(91)
HDL-1007 : undeclared symbol 'sys_pll_open10', assumed default net type 'wire' in al_ip/sys_pll.v(91)
HDL-1007 : analyze verilog file ../source_code/rtl/sd_card/ax_debounce.v
HDL-1007 : analyze verilog file ../source_code/rtl/sd_card/bmp_read.v
HDL-1007 : analyze verilog file ../source_code/rtl/sd_card/sd_card_bmp.v
HDL-1007 : analyze verilog file ../source_code/rtl/sd_card/sd_card_cmd.v
HDL-1007 : analyze verilog file ../source_code/rtl/sd_card/sd_card_sec_read_write.v
HDL-1007 : analyze verilog file ../source_code/rtl/sd_card/sd_card_top.v
HDL-1007 : analyze verilog file ../source_code/rtl/sd_card/spi_master.v
HDL-1007 : analyze verilog file ../source_code/rtl/sdram/enc_file/global_def.v
HDL-1007 : analyze verilog file ../source_code/rtl/sdram/enc_file/sdr_as_ram.enc.v
HDL-1007 : back to file '../source_code/rtl/sdram/enc_file/sdr_as_ram.enc.v' in ../source_code/rtl/sdram/enc_file/sdr_as_ram.enc.v(54)
HDL-1007 : analyze verilog file ../source_code/rtl/sdram/enc_file/sdr_wrrd.enc.v
HDL-5007 WARNING: concatenation with an unsized literal will be treated as 32 bits in ../source_code/rtl/sdram/enc_file/sdr_wrrd.enc.v(283)
HDL-1007 : back to file '../source_code/rtl/sdram/enc_file/sdr_wrrd.enc.v' in ../source_code/rtl/sdram/enc_file/sdr_wrrd.enc.v(19)
HDL-1007 : analyze verilog file ../source_code/rtl/frame_fifo/afifo_16_32_256.v
HDL-1007 : analyze verilog file ../source_code/rtl/frame_fifo/afifo_32_16_256.v
HDL-1007 : analyze verilog file ../source_code/rtl/frame_fifo/frame_fifo_read.v
HDL-1007 : analyze verilog file ../source_code/rtl/frame_fifo/frame_fifo_write.v
HDL-1007 : analyze verilog file ../source_code/rtl/frame_fifo/frame_read_write.v
HDL-1007 : analyze verilog file ../source_code/rtl/sdram/sdram.v
HDL-1007 : analyze included file ../source_code/rtl/sdram/enc_file/global_def.v in ../source_code/rtl/sdram/sdram.v(10)
HDL-1007 : back to file '../source_code/rtl/sdram/sdram.v' in ../source_code/rtl/sdram/sdram.v(10)
HDL-1007 : undeclared symbol 'SDR_CKE', assumed default net type 'wire' in ../source_code/rtl/sdram/sdram.v(89)
HDL-1007 : analyze verilog file ../source_code/rtl/sdram/enc_file/sdr_init_ref.enc.v
HDL-1007 : analyze included file ../source_code/rtl/sdram/enc_file/global_def.v in ../source_code/rtl/sdram/enc_file/sdr_init_ref.enc.v(11)
HDL-1007 : back to file '../source_code/rtl/sdram/enc_file/sdr_init_ref.enc.v' in ../source_code/rtl/sdram/enc_file/sdr_init_ref.enc.v(11)
HDL-1007 : undeclared symbol '**', assumed default net type '**' in ../source_code/rtl/sdram/enc_file/sdr_init_ref.enc.v(57)
HDL-1007 : back to file '../source_code/rtl/sdram/enc_file/sdr_init_ref.enc.v' in ../source_code/rtl/sdram/enc_file/sdr_init_ref.enc.v(149)
HDL-5007 WARNING: concatenation with an unsized literal will be treated as 32 bits in ../source_code/rtl/sdram/enc_file/sdr_init_ref.enc.v(47)
HDL-1007 : analyze verilog file ../source_code/rtl/video_timing/color_bar.v
HDL-1007 : analyze included file ../source_code/rtl/video_timing/video_define.v in ../source_code/rtl/video_timing/color_bar.v(2)
HDL-1007 : back to file '../source_code/rtl/video_timing/color_bar.v' in ../source_code/rtl/video_timing/color_bar.v(2)
HDL-1007 : analyze verilog file ../source_code/rtl/video_timing/video_delay.v
HDL-1007 : analyze verilog file ../source_code/rtl/video_timing/video_timing_data.v
HDL-1007 : analyze verilog file ../source_code/rtl/another/m_synchronization_header.v
HDL-1007 : analyze verilog file ../source_code/rtl/led.v
HDL-1007 : analyze verilog file ../source_code/rtl/ov5640/cmos_capture_data.v
HDL-1007 : analyze verilog file ../source_code/rtl/ov5640/i2c_dri.v
HDL-1007 : analyze verilog file ../source_code/rtl/ov5640/i2c_ov5640_rgb565_cfg.v
HDL-1007 : analyze verilog file ../source_code/rtl/ov5640/ov5640_delay.v
HDL-1007 : analyze verilog file ../source_code/rtl/ov5640/ov5640_dri.v
HDL-1007 : analyze verilog file ../source_code/rtl/another/fire_detect.v
RUN-1002 : start command "commit_param -step design"
RUN-1001 : Print Global Property
RUN-1001 : --------------------------------------------------------
RUN-1001 :   Parameters   |  Settings  |  Default Values  |  Note  
RUN-1001 : --------------------------------------------------------
RUN-1001 :   enable_seed  |    off     |       off        |        
RUN-1001 :     message    |  standard  |     standard     |        
RUN-1001 :   qor_monitor  |     on     |        on        |        
RUN-1001 :   syn_ip_flow  |    off     |       off        |        
RUN-1001 :     thread     |    auto    |       auto       |        
RUN-1001 : --------------------------------------------------------
RUN-1001 : Print Design Property
RUN-1001 : ----------------------------------------------------------------
RUN-1001 :       Parameters       |  Settings  |  Default Values  |  Note  
RUN-1001 : ----------------------------------------------------------------
RUN-1001 :   default_reg_initial  |    auto    |       auto       |        
RUN-1001 :    hdl_warning_level   |   normal   |      normal      |        
RUN-1001 : ----------------------------------------------------------------
HDL-1007 : analyze verilog file last_attempt.v
HDL-1007 : undeclared symbol 'phy_reset', assumed default net type 'wire' in last_attempt.v(160)
HDL-1007 : undeclared symbol 'tpg_data_done', assumed default net type 'wire' in last_attempt.v(499)
HDL-1007 : undeclared symbol 'full_flag', assumed default net type 'wire' in last_attempt.v(533)
HDL-1007 : undeclared symbol 'input_local_udp_port_num', assumed default net type 'wire' in last_attempt.v(564)
HDL-1007 : undeclared symbol 'input_local_udp_port_num_valid', assumed default net type 'wire' in last_attempt.v(565)
HDL-1007 : undeclared symbol 'input_local_ip_address', assumed default net type 'wire' in last_attempt.v(567)
HDL-1007 : undeclared symbol 'input_local_ip_address_valid', assumed default net type 'wire' in last_attempt.v(568)
HDL-1007 : analyze verilog file ../source_code/rtl/udp/BUFGMUX.v
HDL-1007 : analyze verilog file ../source_code/rtl/udp/IDDR.v
HDL-1007 : analyze verilog file ../source_code/rtl/udp/ODDR.v
HDL-1007 : analyze verilog file ../source_code/rtl/udp/RAMB16_S9_S9.v
HDL-1007 : undeclared symbol 'open', assumed default net type 'wire' in ../source_code/rtl/udp/RAMB16_S9_S9.v(109)
HDL-1007 : analyze verilog file ../source_code/rtl/udp/clk_gen_rst_gen.v
HDL-1007 : analyze verilog file ../source_code/rtl/udp/div_clk_gen.v
HDL-1007 : analyze verilog file ../source_code/rtl/udp/rgmii_interface.v
HDL-1007 : analyze verilog file ../source_code/rtl/udp/rx_client_fifo.v
HDL-5370 WARNING: parameter 'WAIT_s' becomes localparam in 'rx_client_fifo' with formal parameter declaration list in ../source_code/rtl/udp/rx_client_fifo.v(49)
HDL-5370 WARNING: parameter 'QUEUE1_s' becomes localparam in 'rx_client_fifo' with formal parameter declaration list in ../source_code/rtl/udp/rx_client_fifo.v(50)
HDL-5370 WARNING: parameter 'QUEUE2_s' becomes localparam in 'rx_client_fifo' with formal parameter declaration list in ../source_code/rtl/udp/rx_client_fifo.v(51)
HDL-5370 WARNING: parameter 'QUEUE3_s' becomes localparam in 'rx_client_fifo' with formal parameter declaration list in ../source_code/rtl/udp/rx_client_fifo.v(52)
HDL-5370 WARNING: parameter 'QUEUE_SOF_s' becomes localparam in 'rx_client_fifo' with formal parameter declaration list in ../source_code/rtl/udp/rx_client_fifo.v(53)
HDL-5370 WARNING: parameter 'SOF_s' becomes localparam in 'rx_client_fifo' with formal parameter declaration list in ../source_code/rtl/udp/rx_client_fifo.v(54)
HDL-5370 WARNING: parameter 'DATA_s' becomes localparam in 'rx_client_fifo' with formal parameter declaration list in ../source_code/rtl/udp/rx_client_fifo.v(55)
HDL-5370 WARNING: parameter 'EOF_s' becomes localparam in 'rx_client_fifo' with formal parameter declaration list in ../source_code/rtl/udp/rx_client_fifo.v(56)
HDL-5370 WARNING: parameter 'IDLE_s' becomes localparam in 'rx_client_fifo' with formal parameter declaration list in ../source_code/rtl/udp/rx_client_fifo.v(62)
HDL-5370 WARNING: parameter 'FRAME_s' becomes localparam in 'rx_client_fifo' with formal parameter declaration list in ../source_code/rtl/udp/rx_client_fifo.v(63)
HDL-5370 Similar messages will be suppressed.
HDL-1007 : analyze verilog file ../source_code/rtl/udp/temac_block.v
HDL-1007 : analyze verilog file ../source_code/rtl/udp/temac_clk_gen.v
HDL-1007 : analyze verilog file ../source_code/rtl/udp/tx_client_fifo.v
HDL-5370 WARNING: parameter 'IDLE_s' becomes localparam in 'tx_client_fifo' with formal parameter declaration list in ../source_code/rtl/udp/tx_client_fifo.v(53)
HDL-5370 WARNING: parameter 'QUEUE1_s' becomes localparam in 'tx_client_fifo' with formal parameter declaration list in ../source_code/rtl/udp/tx_client_fifo.v(54)
HDL-5370 WARNING: parameter 'QUEUE2_s' becomes localparam in 'tx_client_fifo' with formal parameter declaration list in ../source_code/rtl/udp/tx_client_fifo.v(55)
HDL-5370 WARNING: parameter 'QUEUE3_s' becomes localparam in 'tx_client_fifo' with formal parameter declaration list in ../source_code/rtl/udp/tx_client_fifo.v(56)
HDL-5370 WARNING: parameter 'QUEUE_ACK_s' becomes localparam in 'tx_client_fifo' with formal parameter declaration list in ../source_code/rtl/udp/tx_client_fifo.v(57)
HDL-5370 WARNING: parameter 'WAIT_ACK_s' becomes localparam in 'tx_client_fifo' with formal parameter declaration list in ../source_code/rtl/udp/tx_client_fifo.v(58)
HDL-5370 WARNING: parameter 'FRAME_s' becomes localparam in 'tx_client_fifo' with formal parameter declaration list in ../source_code/rtl/udp/tx_client_fifo.v(59)
HDL-5370 WARNING: parameter 'DROP_s' becomes localparam in 'tx_client_fifo' with formal parameter declaration list in ../source_code/rtl/udp/tx_client_fifo.v(60)
HDL-5370 WARNING: parameter 'RETRANSMIT_s' becomes localparam in 'tx_client_fifo' with formal parameter declaration list in ../source_code/rtl/udp/tx_client_fifo.v(61)
HDL-5370 WARNING: parameter 'WAIT_s' becomes localparam in 'tx_client_fifo' with formal parameter declaration list in ../source_code/rtl/udp/tx_client_fifo.v(67)
HDL-5370 Similar messages will be suppressed.
HDL-1007 : analyze verilog file ../source_code/rtl/udp/tx_clk_en_gen.v
HDL-1007 : analyze verilog file ../source_code/rtl/udp/udp_data_tpg.v
HDL-1007 : analyze verilog file ../source_code/rtl/udp/udp_ip_protocol_stack_merge.enc.v
HDL-1007 : back to file '../source_code/rtl/udp/udp_ip_protocol_stack_merge.enc.v' in ../source_code/rtl/udp/udp_ip_protocol_stack_merge.enc.v(56)
HDL-1007 : undeclared symbol '**', assumed default net type '**' in ../source_code/rtl/udp/udp_ip_protocol_stack_merge.enc.v(2638)
HDL-1007 : back to file '../source_code/rtl/udp/udp_ip_protocol_stack_merge.enc.v' in ../source_code/rtl/udp/udp_ip_protocol_stack_merge.enc.v(420)
HDL-1007 : analyze verilog file ../source_code/rtl/udp/udp_loopback.v
HDL-1007 : analyze verilog file al_ip/TEMAC_CORE/RTL/include/define.v
HDL-1007 : analyze verilog file al_ip/TEMAC_CORE/RTL/TEMAC_CORE_aead6cd6dadd.v
HDL-5007 WARNING: column 1032 exceeds maximum value 1023 in al_ip/TEMAC_CORE/RTL/TEMAC_CORE_aead6cd6dadd.v(30)
HDL-1007 : back to file 'al_ip/TEMAC_CORE/RTL/TEMAC_CORE_aead6cd6dadd.v' in al_ip/TEMAC_CORE/RTL/TEMAC_CORE_aead6cd6dadd.v(86)
HDL-5007 WARNING: event expressions must result in a singular type in al_ip/TEMAC_CORE/RTL/TEMAC_CORE_aead6cd6dadd.v(3001)
HDL-1007 : undeclared symbol '**', assumed default net type '**' in al_ip/TEMAC_CORE/RTL/TEMAC_CORE_aead6cd6dadd.v(5050)
HDL-1007 : undeclared symbol '**', assumed default net type '**' in al_ip/TEMAC_CORE/RTL/TEMAC_CORE_aead6cd6dadd.v(5458)
HDL-5007 WARNING: column 1035 exceeds maximum value 1023 in al_ip/TEMAC_CORE/RTL/TEMAC_CORE_aead6cd6dadd.v(6001)
HDL-1007 : back to file 'al_ip/TEMAC_CORE/RTL/TEMAC_CORE_aead6cd6dadd.v' in al_ip/TEMAC_CORE/RTL/TEMAC_CORE_aead6cd6dadd.v(260)
HDL-1007 : analyze verilog file al_ip/TEMAC_CORE/RTL/mac_core_aead6cd6dadd.v
HDL-1007 : analyze verilog file al_ip/TEMAC_CORE/TEMAC_CORE.v
HDL-1007 : analyze verilog file al_ip/pll_gen.v
HDL-1007 : undeclared symbol 'pll_gen_open0', assumed default net type 'wire' in al_ip/pll_gen.v(99)
HDL-1007 : undeclared symbol 'pll_gen_open8', assumed default net type 'wire' in al_ip/pll_gen.v(105)
HDL-1007 : undeclared symbol 'pll_gen_open7', assumed default net type 'wire' in al_ip/pll_gen.v(105)
HDL-1007 : undeclared symbol 'pll_gen_open6', assumed default net type 'wire' in al_ip/pll_gen.v(105)
HDL-1007 : undeclared symbol 'pll_gen_open5', assumed default net type 'wire' in al_ip/pll_gen.v(105)
HDL-1007 : undeclared symbol 'pll_gen_open4', assumed default net type 'wire' in al_ip/pll_gen.v(105)
HDL-1007 : undeclared symbol 'pll_gen_open3', assumed default net type 'wire' in al_ip/pll_gen.v(105)
HDL-1007 : undeclared symbol 'pll_gen_open2', assumed default net type 'wire' in al_ip/pll_gen.v(105)
HDL-1007 : undeclared symbol 'pll_gen_open1', assumed default net type 'wire' in al_ip/pll_gen.v(105)
HDL-1007 : analyze verilog file al_ip/sys_pll.v
HDL-1007 : undeclared symbol 'sys_pll_open0', assumed default net type 'wire' in al_ip/sys_pll.v(77)
HDL-1007 : undeclared symbol 'sys_pll_open1', assumed default net type 'wire' in al_ip/sys_pll.v(83)
HDL-1007 : undeclared symbol 'sys_pll_open9', assumed default net type 'wire' in al_ip/sys_pll.v(89)
HDL-1007 : undeclared symbol 'sys_pll_open8', assumed default net type 'wire' in al_ip/sys_pll.v(89)
HDL-1007 : undeclared symbol 'sys_pll_open7', assumed default net type 'wire' in al_ip/sys_pll.v(89)
HDL-1007 : undeclared symbol 'sys_pll_open6', assumed default net type 'wire' in al_ip/sys_pll.v(89)
HDL-1007 : undeclared symbol 'sys_pll_open5', assumed default net type 'wire' in al_ip/sys_pll.v(89)
HDL-1007 : undeclared symbol 'sys_pll_open4', assumed default net type 'wire' in al_ip/sys_pll.v(89)
HDL-1007 : undeclared symbol 'sys_pll_open3', assumed default net type 'wire' in al_ip/sys_pll.v(89)
HDL-1007 : undeclared symbol 'sys_pll_open2', assumed default net type 'wire' in al_ip/sys_pll.v(89)
HDL-1007 : undeclared symbol 'sys_pll_open11', assumed default net type 'wire' in al_ip/sys_pll.v(91)
HDL-1007 : undeclared symbol 'sys_pll_open10', assumed default net type 'wire' in al_ip/sys_pll.v(91)
HDL-1007 : analyze verilog file ../source_code/rtl/sd_card/ax_debounce.v
HDL-1007 : analyze verilog file ../source_code/rtl/sd_card/bmp_read.v
HDL-1007 : analyze verilog file ../source_code/rtl/sd_card/sd_card_bmp.v
HDL-1007 : analyze verilog file ../source_code/rtl/sd_card/sd_card_cmd.v
HDL-1007 : analyze verilog file ../source_code/rtl/sd_card/sd_card_sec_read_write.v
HDL-1007 : analyze verilog file ../source_code/rtl/sd_card/sd_card_top.v
HDL-1007 : analyze verilog file ../source_code/rtl/sd_card/spi_master.v
HDL-1007 : analyze verilog file ../source_code/rtl/sdram/enc_file/global_def.v
HDL-1007 : analyze verilog file ../source_code/rtl/sdram/enc_file/sdr_as_ram.enc.v
HDL-1007 : back to file '../source_code/rtl/sdram/enc_file/sdr_as_ram.enc.v' in ../source_code/rtl/sdram/enc_file/sdr_as_ram.enc.v(54)
HDL-1007 : analyze verilog file ../source_code/rtl/sdram/enc_file/sdr_wrrd.enc.v
HDL-5007 WARNING: concatenation with an unsized literal will be treated as 32 bits in ../source_code/rtl/sdram/enc_file/sdr_wrrd.enc.v(283)
HDL-1007 : back to file '../source_code/rtl/sdram/enc_file/sdr_wrrd.enc.v' in ../source_code/rtl/sdram/enc_file/sdr_wrrd.enc.v(19)
HDL-1007 : analyze verilog file ../source_code/rtl/frame_fifo/afifo_16_32_256.v
HDL-1007 : analyze verilog file ../source_code/rtl/frame_fifo/afifo_32_16_256.v
HDL-1007 : analyze verilog file ../source_code/rtl/frame_fifo/frame_fifo_read.v
HDL-1007 : analyze verilog file ../source_code/rtl/frame_fifo/frame_fifo_write.v
HDL-1007 : analyze verilog file ../source_code/rtl/frame_fifo/frame_read_write.v
HDL-1007 : analyze verilog file ../source_code/rtl/sdram/sdram.v
HDL-1007 : analyze included file ../source_code/rtl/sdram/enc_file/global_def.v in ../source_code/rtl/sdram/sdram.v(10)
HDL-1007 : back to file '../source_code/rtl/sdram/sdram.v' in ../source_code/rtl/sdram/sdram.v(10)
HDL-1007 : undeclared symbol 'SDR_CKE', assumed default net type 'wire' in ../source_code/rtl/sdram/sdram.v(89)
HDL-1007 : analyze verilog file ../source_code/rtl/sdram/enc_file/sdr_init_ref.enc.v
HDL-1007 : analyze included file ../source_code/rtl/sdram/enc_file/global_def.v in ../source_code/rtl/sdram/enc_file/sdr_init_ref.enc.v(11)
HDL-1007 : back to file '../source_code/rtl/sdram/enc_file/sdr_init_ref.enc.v' in ../source_code/rtl/sdram/enc_file/sdr_init_ref.enc.v(11)
HDL-1007 : undeclared symbol '**', assumed default net type '**' in ../source_code/rtl/sdram/enc_file/sdr_init_ref.enc.v(57)
HDL-1007 : back to file '../source_code/rtl/sdram/enc_file/sdr_init_ref.enc.v' in ../source_code/rtl/sdram/enc_file/sdr_init_ref.enc.v(149)
HDL-5007 WARNING: concatenation with an unsized literal will be treated as 32 bits in ../source_code/rtl/sdram/enc_file/sdr_init_ref.enc.v(47)
HDL-1007 : analyze verilog file ../source_code/rtl/video_timing/color_bar.v
HDL-1007 : analyze included file ../source_code/rtl/video_timing/video_define.v in ../source_code/rtl/video_timing/color_bar.v(2)
HDL-1007 : back to file '../source_code/rtl/video_timing/color_bar.v' in ../source_code/rtl/video_timing/color_bar.v(2)
HDL-1007 : analyze verilog file ../source_code/rtl/video_timing/video_delay.v
HDL-1007 : analyze verilog file ../source_code/rtl/video_timing/video_timing_data.v
HDL-1007 : analyze verilog file ../source_code/rtl/another/m_synchronization_header.v
HDL-1007 : analyze verilog file ../source_code/rtl/led.v
HDL-1007 : analyze verilog file ../source_code/rtl/ov5640/cmos_capture_data.v
HDL-1007 : analyze verilog file ../source_code/rtl/ov5640/i2c_dri.v
HDL-1007 : analyze verilog file ../source_code/rtl/ov5640/i2c_ov5640_rgb565_cfg.v
HDL-1007 : analyze verilog file ../source_code/rtl/ov5640/ov5640_delay.v
HDL-1007 : analyze verilog file ../source_code/rtl/ov5640/ov5640_dri.v
HDL-1007 : analyze verilog file ../source_code/rtl/another/fire_detect.v
RUN-1002 : start command "commit_param -step design"
RUN-1001 : Print Global Property
RUN-1001 : --------------------------------------------------------
RUN-1001 :   Parameters   |  Settings  |  Default Values  |  Note  
RUN-1001 : --------------------------------------------------------
RUN-1001 :   enable_seed  |    off     |       off        |        
RUN-1001 :     message    |  standard  |     standard     |        
RUN-1001 :   qor_monitor  |     on     |        on        |        
RUN-1001 :   syn_ip_flow  |    off     |       off        |        
RUN-1001 :     thread     |    auto    |       auto       |        
RUN-1001 : --------------------------------------------------------
RUN-1001 : Print Design Property
RUN-1001 : ----------------------------------------------------------------
RUN-1001 :       Parameters       |  Settings  |  Default Values  |  Note  
RUN-1001 : ----------------------------------------------------------------
RUN-1001 :   default_reg_initial  |    auto    |       auto       |        
RUN-1001 :    hdl_warning_level   |   normal   |      normal      |        
RUN-1001 : ----------------------------------------------------------------
HDL-1007 : analyze verilog file last_attempt.v
HDL-1007 : undeclared symbol 'phy_reset', assumed default net type 'wire' in last_attempt.v(166)
HDL-1007 : undeclared symbol 'tpg_data_done', assumed default net type 'wire' in last_attempt.v(505)
HDL-1007 : undeclared symbol 'full_flag', assumed default net type 'wire' in last_attempt.v(539)
HDL-1007 : undeclared symbol 'input_local_udp_port_num', assumed default net type 'wire' in last_attempt.v(570)
HDL-1007 : undeclared symbol 'input_local_udp_port_num_valid', assumed default net type 'wire' in last_attempt.v(571)
HDL-1007 : undeclared symbol 'input_local_ip_address', assumed default net type 'wire' in last_attempt.v(573)
HDL-1007 : undeclared symbol 'input_local_ip_address_valid', assumed default net type 'wire' in last_attempt.v(574)
HDL-1007 : analyze verilog file ../source_code/rtl/udp/BUFGMUX.v
HDL-1007 : analyze verilog file ../source_code/rtl/udp/IDDR.v
HDL-1007 : analyze verilog file ../source_code/rtl/udp/ODDR.v
HDL-1007 : analyze verilog file ../source_code/rtl/udp/RAMB16_S9_S9.v
HDL-1007 : undeclared symbol 'open', assumed default net type 'wire' in ../source_code/rtl/udp/RAMB16_S9_S9.v(109)
HDL-1007 : analyze verilog file ../source_code/rtl/udp/clk_gen_rst_gen.v
HDL-1007 : analyze verilog file ../source_code/rtl/udp/div_clk_gen.v
HDL-1007 : analyze verilog file ../source_code/rtl/udp/rgmii_interface.v
HDL-1007 : analyze verilog file ../source_code/rtl/udp/rx_client_fifo.v
HDL-5370 WARNING: parameter 'WAIT_s' becomes localparam in 'rx_client_fifo' with formal parameter declaration list in ../source_code/rtl/udp/rx_client_fifo.v(49)
HDL-5370 WARNING: parameter 'QUEUE1_s' becomes localparam in 'rx_client_fifo' with formal parameter declaration list in ../source_code/rtl/udp/rx_client_fifo.v(50)
HDL-5370 WARNING: parameter 'QUEUE2_s' becomes localparam in 'rx_client_fifo' with formal parameter declaration list in ../source_code/rtl/udp/rx_client_fifo.v(51)
HDL-5370 WARNING: parameter 'QUEUE3_s' becomes localparam in 'rx_client_fifo' with formal parameter declaration list in ../source_code/rtl/udp/rx_client_fifo.v(52)
HDL-5370 WARNING: parameter 'QUEUE_SOF_s' becomes localparam in 'rx_client_fifo' with formal parameter declaration list in ../source_code/rtl/udp/rx_client_fifo.v(53)
HDL-5370 WARNING: parameter 'SOF_s' becomes localparam in 'rx_client_fifo' with formal parameter declaration list in ../source_code/rtl/udp/rx_client_fifo.v(54)
HDL-5370 WARNING: parameter 'DATA_s' becomes localparam in 'rx_client_fifo' with formal parameter declaration list in ../source_code/rtl/udp/rx_client_fifo.v(55)
HDL-5370 WARNING: parameter 'EOF_s' becomes localparam in 'rx_client_fifo' with formal parameter declaration list in ../source_code/rtl/udp/rx_client_fifo.v(56)
HDL-5370 WARNING: parameter 'IDLE_s' becomes localparam in 'rx_client_fifo' with formal parameter declaration list in ../source_code/rtl/udp/rx_client_fifo.v(62)
HDL-5370 WARNING: parameter 'FRAME_s' becomes localparam in 'rx_client_fifo' with formal parameter declaration list in ../source_code/rtl/udp/rx_client_fifo.v(63)
HDL-5370 Similar messages will be suppressed.
HDL-1007 : analyze verilog file ../source_code/rtl/udp/temac_block.v
HDL-1007 : analyze verilog file ../source_code/rtl/udp/temac_clk_gen.v
HDL-1007 : analyze verilog file ../source_code/rtl/udp/tx_client_fifo.v
HDL-5370 WARNING: parameter 'IDLE_s' becomes localparam in 'tx_client_fifo' with formal parameter declaration list in ../source_code/rtl/udp/tx_client_fifo.v(53)
HDL-5370 WARNING: parameter 'QUEUE1_s' becomes localparam in 'tx_client_fifo' with formal parameter declaration list in ../source_code/rtl/udp/tx_client_fifo.v(54)
HDL-5370 WARNING: parameter 'QUEUE2_s' becomes localparam in 'tx_client_fifo' with formal parameter declaration list in ../source_code/rtl/udp/tx_client_fifo.v(55)
HDL-5370 WARNING: parameter 'QUEUE3_s' becomes localparam in 'tx_client_fifo' with formal parameter declaration list in ../source_code/rtl/udp/tx_client_fifo.v(56)
HDL-5370 WARNING: parameter 'QUEUE_ACK_s' becomes localparam in 'tx_client_fifo' with formal parameter declaration list in ../source_code/rtl/udp/tx_client_fifo.v(57)
HDL-5370 WARNING: parameter 'WAIT_ACK_s' becomes localparam in 'tx_client_fifo' with formal parameter declaration list in ../source_code/rtl/udp/tx_client_fifo.v(58)
HDL-5370 WARNING: parameter 'FRAME_s' becomes localparam in 'tx_client_fifo' with formal parameter declaration list in ../source_code/rtl/udp/tx_client_fifo.v(59)
HDL-5370 WARNING: parameter 'DROP_s' becomes localparam in 'tx_client_fifo' with formal parameter declaration list in ../source_code/rtl/udp/tx_client_fifo.v(60)
HDL-5370 WARNING: parameter 'RETRANSMIT_s' becomes localparam in 'tx_client_fifo' with formal parameter declaration list in ../source_code/rtl/udp/tx_client_fifo.v(61)
HDL-5370 WARNING: parameter 'WAIT_s' becomes localparam in 'tx_client_fifo' with formal parameter declaration list in ../source_code/rtl/udp/tx_client_fifo.v(67)
HDL-5370 Similar messages will be suppressed.
HDL-1007 : analyze verilog file ../source_code/rtl/udp/tx_clk_en_gen.v
HDL-1007 : analyze verilog file ../source_code/rtl/udp/udp_data_tpg.v
HDL-1007 : analyze verilog file ../source_code/rtl/udp/udp_ip_protocol_stack_merge.enc.v
HDL-1007 : back to file '../source_code/rtl/udp/udp_ip_protocol_stack_merge.enc.v' in ../source_code/rtl/udp/udp_ip_protocol_stack_merge.enc.v(56)
HDL-1007 : undeclared symbol '**', assumed default net type '**' in ../source_code/rtl/udp/udp_ip_protocol_stack_merge.enc.v(2638)
HDL-1007 : back to file '../source_code/rtl/udp/udp_ip_protocol_stack_merge.enc.v' in ../source_code/rtl/udp/udp_ip_protocol_stack_merge.enc.v(420)
HDL-1007 : analyze verilog file ../source_code/rtl/udp/udp_loopback.v
HDL-1007 : analyze verilog file al_ip/TEMAC_CORE/RTL/include/define.v
HDL-1007 : analyze verilog file al_ip/TEMAC_CORE/RTL/TEMAC_CORE_aead6cd6dadd.v
HDL-5007 WARNING: column 1032 exceeds maximum value 1023 in al_ip/TEMAC_CORE/RTL/TEMAC_CORE_aead6cd6dadd.v(30)
HDL-1007 : back to file 'al_ip/TEMAC_CORE/RTL/TEMAC_CORE_aead6cd6dadd.v' in al_ip/TEMAC_CORE/RTL/TEMAC_CORE_aead6cd6dadd.v(86)
HDL-5007 WARNING: event expressions must result in a singular type in al_ip/TEMAC_CORE/RTL/TEMAC_CORE_aead6cd6dadd.v(3001)
HDL-1007 : undeclared symbol '**', assumed default net type '**' in al_ip/TEMAC_CORE/RTL/TEMAC_CORE_aead6cd6dadd.v(5050)
HDL-1007 : undeclared symbol '**', assumed default net type '**' in al_ip/TEMAC_CORE/RTL/TEMAC_CORE_aead6cd6dadd.v(5458)
HDL-5007 WARNING: column 1035 exceeds maximum value 1023 in al_ip/TEMAC_CORE/RTL/TEMAC_CORE_aead6cd6dadd.v(6001)
HDL-1007 : back to file 'al_ip/TEMAC_CORE/RTL/TEMAC_CORE_aead6cd6dadd.v' in al_ip/TEMAC_CORE/RTL/TEMAC_CORE_aead6cd6dadd.v(260)
HDL-1007 : analyze verilog file al_ip/TEMAC_CORE/RTL/mac_core_aead6cd6dadd.v
HDL-1007 : analyze verilog file al_ip/TEMAC_CORE/TEMAC_CORE.v
HDL-1007 : analyze verilog file al_ip/pll_gen.v
HDL-1007 : undeclared symbol 'pll_gen_open0', assumed default net type 'wire' in al_ip/pll_gen.v(99)
HDL-1007 : undeclared symbol 'pll_gen_open8', assumed default net type 'wire' in al_ip/pll_gen.v(105)
HDL-1007 : undeclared symbol 'pll_gen_open7', assumed default net type 'wire' in al_ip/pll_gen.v(105)
HDL-1007 : undeclared symbol 'pll_gen_open6', assumed default net type 'wire' in al_ip/pll_gen.v(105)
HDL-1007 : undeclared symbol 'pll_gen_open5', assumed default net type 'wire' in al_ip/pll_gen.v(105)
HDL-1007 : undeclared symbol 'pll_gen_open4', assumed default net type 'wire' in al_ip/pll_gen.v(105)
HDL-1007 : undeclared symbol 'pll_gen_open3', assumed default net type 'wire' in al_ip/pll_gen.v(105)
HDL-1007 : undeclared symbol 'pll_gen_open2', assumed default net type 'wire' in al_ip/pll_gen.v(105)
HDL-1007 : undeclared symbol 'pll_gen_open1', assumed default net type 'wire' in al_ip/pll_gen.v(105)
HDL-1007 : analyze verilog file al_ip/sys_pll.v
HDL-1007 : undeclared symbol 'sys_pll_open0', assumed default net type 'wire' in al_ip/sys_pll.v(77)
HDL-1007 : undeclared symbol 'sys_pll_open1', assumed default net type 'wire' in al_ip/sys_pll.v(83)
HDL-1007 : undeclared symbol 'sys_pll_open9', assumed default net type 'wire' in al_ip/sys_pll.v(89)
HDL-1007 : undeclared symbol 'sys_pll_open8', assumed default net type 'wire' in al_ip/sys_pll.v(89)
HDL-1007 : undeclared symbol 'sys_pll_open7', assumed default net type 'wire' in al_ip/sys_pll.v(89)
HDL-1007 : undeclared symbol 'sys_pll_open6', assumed default net type 'wire' in al_ip/sys_pll.v(89)
HDL-1007 : undeclared symbol 'sys_pll_open5', assumed default net type 'wire' in al_ip/sys_pll.v(89)
HDL-1007 : undeclared symbol 'sys_pll_open4', assumed default net type 'wire' in al_ip/sys_pll.v(89)
HDL-1007 : undeclared symbol 'sys_pll_open3', assumed default net type 'wire' in al_ip/sys_pll.v(89)
HDL-1007 : undeclared symbol 'sys_pll_open2', assumed default net type 'wire' in al_ip/sys_pll.v(89)
HDL-1007 : undeclared symbol 'sys_pll_open11', assumed default net type 'wire' in al_ip/sys_pll.v(91)
HDL-1007 : undeclared symbol 'sys_pll_open10', assumed default net type 'wire' in al_ip/sys_pll.v(91)
HDL-1007 : analyze verilog file ../source_code/rtl/sd_card/ax_debounce.v
HDL-1007 : analyze verilog file ../source_code/rtl/sd_card/bmp_read.v
HDL-1007 : analyze verilog file ../source_code/rtl/sd_card/sd_card_bmp.v
HDL-1007 : analyze verilog file ../source_code/rtl/sd_card/sd_card_cmd.v
HDL-1007 : analyze verilog file ../source_code/rtl/sd_card/sd_card_sec_read_write.v
HDL-1007 : analyze verilog file ../source_code/rtl/sd_card/sd_card_top.v
HDL-1007 : analyze verilog file ../source_code/rtl/sd_card/spi_master.v
HDL-1007 : analyze verilog file ../source_code/rtl/sdram/enc_file/global_def.v
HDL-1007 : analyze verilog file ../source_code/rtl/sdram/enc_file/sdr_as_ram.enc.v
HDL-1007 : back to file '../source_code/rtl/sdram/enc_file/sdr_as_ram.enc.v' in ../source_code/rtl/sdram/enc_file/sdr_as_ram.enc.v(54)
HDL-1007 : analyze verilog file ../source_code/rtl/sdram/enc_file/sdr_wrrd.enc.v
HDL-5007 WARNING: concatenation with an unsized literal will be treated as 32 bits in ../source_code/rtl/sdram/enc_file/sdr_wrrd.enc.v(283)
HDL-1007 : back to file '../source_code/rtl/sdram/enc_file/sdr_wrrd.enc.v' in ../source_code/rtl/sdram/enc_file/sdr_wrrd.enc.v(19)
HDL-1007 : analyze verilog file ../source_code/rtl/frame_fifo/afifo_16_32_256.v
HDL-1007 : analyze verilog file ../source_code/rtl/frame_fifo/afifo_32_16_256.v
HDL-1007 : analyze verilog file ../source_code/rtl/frame_fifo/frame_fifo_read.v
HDL-1007 : analyze verilog file ../source_code/rtl/frame_fifo/frame_fifo_write.v
HDL-1007 : analyze verilog file ../source_code/rtl/frame_fifo/frame_read_write.v
HDL-1007 : analyze verilog file ../source_code/rtl/sdram/sdram.v
HDL-1007 : analyze included file ../source_code/rtl/sdram/enc_file/global_def.v in ../source_code/rtl/sdram/sdram.v(10)
HDL-1007 : back to file '../source_code/rtl/sdram/sdram.v' in ../source_code/rtl/sdram/sdram.v(10)
HDL-1007 : undeclared symbol 'SDR_CKE', assumed default net type 'wire' in ../source_code/rtl/sdram/sdram.v(89)
HDL-1007 : analyze verilog file ../source_code/rtl/sdram/enc_file/sdr_init_ref.enc.v
HDL-1007 : analyze included file ../source_code/rtl/sdram/enc_file/global_def.v in ../source_code/rtl/sdram/enc_file/sdr_init_ref.enc.v(11)
HDL-1007 : back to file '../source_code/rtl/sdram/enc_file/sdr_init_ref.enc.v' in ../source_code/rtl/sdram/enc_file/sdr_init_ref.enc.v(11)
HDL-1007 : undeclared symbol '**', assumed default net type '**' in ../source_code/rtl/sdram/enc_file/sdr_init_ref.enc.v(57)
HDL-1007 : back to file '../source_code/rtl/sdram/enc_file/sdr_init_ref.enc.v' in ../source_code/rtl/sdram/enc_file/sdr_init_ref.enc.v(149)
HDL-5007 WARNING: concatenation with an unsized literal will be treated as 32 bits in ../source_code/rtl/sdram/enc_file/sdr_init_ref.enc.v(47)
HDL-1007 : analyze verilog file ../source_code/rtl/video_timing/color_bar.v
HDL-1007 : analyze included file ../source_code/rtl/video_timing/video_define.v in ../source_code/rtl/video_timing/color_bar.v(2)
HDL-1007 : back to file '../source_code/rtl/video_timing/color_bar.v' in ../source_code/rtl/video_timing/color_bar.v(2)
HDL-1007 : analyze verilog file ../source_code/rtl/video_timing/video_delay.v
HDL-1007 : analyze verilog file ../source_code/rtl/video_timing/video_timing_data.v
HDL-1007 : analyze verilog file ../source_code/rtl/another/m_synchronization_header.v
HDL-1007 : analyze verilog file ../source_code/rtl/led.v
HDL-1007 : analyze verilog file ../source_code/rtl/ov5640/cmos_capture_data.v
HDL-1007 : analyze verilog file ../source_code/rtl/ov5640/i2c_dri.v
HDL-1007 : analyze verilog file ../source_code/rtl/ov5640/i2c_ov5640_rgb565_cfg.v
HDL-1007 : analyze verilog file ../source_code/rtl/ov5640/ov5640_delay.v
HDL-1007 : analyze verilog file ../source_code/rtl/ov5640/ov5640_dri.v
HDL-1007 : analyze verilog file ../source_code/rtl/another/fire_detect.v
RUN-1002 : start command "commit_param -step design"
RUN-1001 : Print Global Property
RUN-1001 : --------------------------------------------------------
RUN-1001 :   Parameters   |  Settings  |  Default Values  |  Note  
RUN-1001 : --------------------------------------------------------
RUN-1001 :   enable_seed  |    off     |       off        |        
RUN-1001 :     message    |  standard  |     standard     |        
RUN-1001 :   qor_monitor  |     on     |        on        |        
RUN-1001 :   syn_ip_flow  |    off     |       off        |        
RUN-1001 :     thread     |    auto    |       auto       |        
RUN-1001 : --------------------------------------------------------
RUN-1001 : Print Design Property
RUN-1001 : ----------------------------------------------------------------
RUN-1001 :       Parameters       |  Settings  |  Default Values  |  Note  
RUN-1001 : ----------------------------------------------------------------
RUN-1001 :   default_reg_initial  |    auto    |       auto       |        
RUN-1001 :    hdl_warning_level   |   normal   |      normal      |        
RUN-1001 : ----------------------------------------------------------------
HDL-1007 : analyze verilog file last_attempt.v
HDL-1007 : undeclared symbol 'phy_reset', assumed default net type 'wire' in last_attempt.v(166)
HDL-1007 : undeclared symbol 'tpg_data_done', assumed default net type 'wire' in last_attempt.v(505)
HDL-1007 : undeclared symbol 'full_flag', assumed default net type 'wire' in last_attempt.v(539)
HDL-1007 : undeclared symbol 'input_local_udp_port_num', assumed default net type 'wire' in last_attempt.v(570)
HDL-1007 : undeclared symbol 'input_local_udp_port_num_valid', assumed default net type 'wire' in last_attempt.v(571)
HDL-1007 : undeclared symbol 'input_local_ip_address', assumed default net type 'wire' in last_attempt.v(573)
HDL-1007 : undeclared symbol 'input_local_ip_address_valid', assumed default net type 'wire' in last_attempt.v(574)
HDL-1007 : analyze verilog file ../source_code/rtl/udp/BUFGMUX.v
HDL-1007 : analyze verilog file ../source_code/rtl/udp/IDDR.v
HDL-1007 : analyze verilog file ../source_code/rtl/udp/ODDR.v
HDL-1007 : analyze verilog file ../source_code/rtl/udp/RAMB16_S9_S9.v
HDL-1007 : undeclared symbol 'open', assumed default net type 'wire' in ../source_code/rtl/udp/RAMB16_S9_S9.v(109)
HDL-1007 : analyze verilog file ../source_code/rtl/udp/clk_gen_rst_gen.v
HDL-1007 : analyze verilog file ../source_code/rtl/udp/div_clk_gen.v
HDL-1007 : analyze verilog file ../source_code/rtl/udp/rgmii_interface.v
HDL-1007 : analyze verilog file ../source_code/rtl/udp/rx_client_fifo.v
HDL-5370 WARNING: parameter 'WAIT_s' becomes localparam in 'rx_client_fifo' with formal parameter declaration list in ../source_code/rtl/udp/rx_client_fifo.v(49)
HDL-5370 WARNING: parameter 'QUEUE1_s' becomes localparam in 'rx_client_fifo' with formal parameter declaration list in ../source_code/rtl/udp/rx_client_fifo.v(50)
HDL-5370 WARNING: parameter 'QUEUE2_s' becomes localparam in 'rx_client_fifo' with formal parameter declaration list in ../source_code/rtl/udp/rx_client_fifo.v(51)
HDL-5370 WARNING: parameter 'QUEUE3_s' becomes localparam in 'rx_client_fifo' with formal parameter declaration list in ../source_code/rtl/udp/rx_client_fifo.v(52)
HDL-5370 WARNING: parameter 'QUEUE_SOF_s' becomes localparam in 'rx_client_fifo' with formal parameter declaration list in ../source_code/rtl/udp/rx_client_fifo.v(53)
HDL-5370 WARNING: parameter 'SOF_s' becomes localparam in 'rx_client_fifo' with formal parameter declaration list in ../source_code/rtl/udp/rx_client_fifo.v(54)
HDL-5370 WARNING: parameter 'DATA_s' becomes localparam in 'rx_client_fifo' with formal parameter declaration list in ../source_code/rtl/udp/rx_client_fifo.v(55)
HDL-5370 WARNING: parameter 'EOF_s' becomes localparam in 'rx_client_fifo' with formal parameter declaration list in ../source_code/rtl/udp/rx_client_fifo.v(56)
HDL-5370 WARNING: parameter 'IDLE_s' becomes localparam in 'rx_client_fifo' with formal parameter declaration list in ../source_code/rtl/udp/rx_client_fifo.v(62)
HDL-5370 WARNING: parameter 'FRAME_s' becomes localparam in 'rx_client_fifo' with formal parameter declaration list in ../source_code/rtl/udp/rx_client_fifo.v(63)
HDL-5370 Similar messages will be suppressed.
HDL-1007 : analyze verilog file ../source_code/rtl/udp/temac_block.v
HDL-1007 : analyze verilog file ../source_code/rtl/udp/temac_clk_gen.v
HDL-1007 : analyze verilog file ../source_code/rtl/udp/tx_client_fifo.v
HDL-5370 WARNING: parameter 'IDLE_s' becomes localparam in 'tx_client_fifo' with formal parameter declaration list in ../source_code/rtl/udp/tx_client_fifo.v(53)
HDL-5370 WARNING: parameter 'QUEUE1_s' becomes localparam in 'tx_client_fifo' with formal parameter declaration list in ../source_code/rtl/udp/tx_client_fifo.v(54)
HDL-5370 WARNING: parameter 'QUEUE2_s' becomes localparam in 'tx_client_fifo' with formal parameter declaration list in ../source_code/rtl/udp/tx_client_fifo.v(55)
HDL-5370 WARNING: parameter 'QUEUE3_s' becomes localparam in 'tx_client_fifo' with formal parameter declaration list in ../source_code/rtl/udp/tx_client_fifo.v(56)
HDL-5370 WARNING: parameter 'QUEUE_ACK_s' becomes localparam in 'tx_client_fifo' with formal parameter declaration list in ../source_code/rtl/udp/tx_client_fifo.v(57)
HDL-5370 WARNING: parameter 'WAIT_ACK_s' becomes localparam in 'tx_client_fifo' with formal parameter declaration list in ../source_code/rtl/udp/tx_client_fifo.v(58)
HDL-5370 WARNING: parameter 'FRAME_s' becomes localparam in 'tx_client_fifo' with formal parameter declaration list in ../source_code/rtl/udp/tx_client_fifo.v(59)
HDL-5370 WARNING: parameter 'DROP_s' becomes localparam in 'tx_client_fifo' with formal parameter declaration list in ../source_code/rtl/udp/tx_client_fifo.v(60)
HDL-5370 WARNING: parameter 'RETRANSMIT_s' becomes localparam in 'tx_client_fifo' with formal parameter declaration list in ../source_code/rtl/udp/tx_client_fifo.v(61)
HDL-5370 WARNING: parameter 'WAIT_s' becomes localparam in 'tx_client_fifo' with formal parameter declaration list in ../source_code/rtl/udp/tx_client_fifo.v(67)
HDL-5370 Similar messages will be suppressed.
HDL-1007 : analyze verilog file ../source_code/rtl/udp/tx_clk_en_gen.v
HDL-1007 : analyze verilog file ../source_code/rtl/udp/udp_data_tpg.v
HDL-1007 : analyze verilog file ../source_code/rtl/udp/udp_ip_protocol_stack_merge.enc.v
HDL-1007 : back to file '../source_code/rtl/udp/udp_ip_protocol_stack_merge.enc.v' in ../source_code/rtl/udp/udp_ip_protocol_stack_merge.enc.v(56)
HDL-1007 : undeclared symbol '**', assumed default net type '**' in ../source_code/rtl/udp/udp_ip_protocol_stack_merge.enc.v(2638)
HDL-1007 : back to file '../source_code/rtl/udp/udp_ip_protocol_stack_merge.enc.v' in ../source_code/rtl/udp/udp_ip_protocol_stack_merge.enc.v(420)
HDL-1007 : analyze verilog file ../source_code/rtl/udp/udp_loopback.v
HDL-1007 : analyze verilog file al_ip/TEMAC_CORE/RTL/include/define.v
HDL-1007 : analyze verilog file al_ip/TEMAC_CORE/RTL/TEMAC_CORE_aead6cd6dadd.v
HDL-5007 WARNING: column 1032 exceeds maximum value 1023 in al_ip/TEMAC_CORE/RTL/TEMAC_CORE_aead6cd6dadd.v(30)
HDL-1007 : back to file 'al_ip/TEMAC_CORE/RTL/TEMAC_CORE_aead6cd6dadd.v' in al_ip/TEMAC_CORE/RTL/TEMAC_CORE_aead6cd6dadd.v(86)
HDL-5007 WARNING: event expressions must result in a singular type in al_ip/TEMAC_CORE/RTL/TEMAC_CORE_aead6cd6dadd.v(3001)
HDL-1007 : undeclared symbol '**', assumed default net type '**' in al_ip/TEMAC_CORE/RTL/TEMAC_CORE_aead6cd6dadd.v(5050)
HDL-1007 : undeclared symbol '**', assumed default net type '**' in al_ip/TEMAC_CORE/RTL/TEMAC_CORE_aead6cd6dadd.v(5458)
HDL-5007 WARNING: column 1035 exceeds maximum value 1023 in al_ip/TEMAC_CORE/RTL/TEMAC_CORE_aead6cd6dadd.v(6001)
HDL-1007 : back to file 'al_ip/TEMAC_CORE/RTL/TEMAC_CORE_aead6cd6dadd.v' in al_ip/TEMAC_CORE/RTL/TEMAC_CORE_aead6cd6dadd.v(260)
HDL-1007 : analyze verilog file al_ip/TEMAC_CORE/RTL/mac_core_aead6cd6dadd.v
HDL-1007 : analyze verilog file al_ip/TEMAC_CORE/TEMAC_CORE.v
HDL-1007 : analyze verilog file al_ip/pll_gen.v
HDL-1007 : undeclared symbol 'pll_gen_open0', assumed default net type 'wire' in al_ip/pll_gen.v(99)
HDL-1007 : undeclared symbol 'pll_gen_open8', assumed default net type 'wire' in al_ip/pll_gen.v(105)
HDL-1007 : undeclared symbol 'pll_gen_open7', assumed default net type 'wire' in al_ip/pll_gen.v(105)
HDL-1007 : undeclared symbol 'pll_gen_open6', assumed default net type 'wire' in al_ip/pll_gen.v(105)
HDL-1007 : undeclared symbol 'pll_gen_open5', assumed default net type 'wire' in al_ip/pll_gen.v(105)
HDL-1007 : undeclared symbol 'pll_gen_open4', assumed default net type 'wire' in al_ip/pll_gen.v(105)
HDL-1007 : undeclared symbol 'pll_gen_open3', assumed default net type 'wire' in al_ip/pll_gen.v(105)
HDL-1007 : undeclared symbol 'pll_gen_open2', assumed default net type 'wire' in al_ip/pll_gen.v(105)
HDL-1007 : undeclared symbol 'pll_gen_open1', assumed default net type 'wire' in al_ip/pll_gen.v(105)
HDL-1007 : analyze verilog file al_ip/sys_pll.v
HDL-1007 : undeclared symbol 'sys_pll_open0', assumed default net type 'wire' in al_ip/sys_pll.v(77)
HDL-1007 : undeclared symbol 'sys_pll_open1', assumed default net type 'wire' in al_ip/sys_pll.v(83)
HDL-1007 : undeclared symbol 'sys_pll_open9', assumed default net type 'wire' in al_ip/sys_pll.v(89)
HDL-1007 : undeclared symbol 'sys_pll_open8', assumed default net type 'wire' in al_ip/sys_pll.v(89)
HDL-1007 : undeclared symbol 'sys_pll_open7', assumed default net type 'wire' in al_ip/sys_pll.v(89)
HDL-1007 : undeclared symbol 'sys_pll_open6', assumed default net type 'wire' in al_ip/sys_pll.v(89)
HDL-1007 : undeclared symbol 'sys_pll_open5', assumed default net type 'wire' in al_ip/sys_pll.v(89)
HDL-1007 : undeclared symbol 'sys_pll_open4', assumed default net type 'wire' in al_ip/sys_pll.v(89)
HDL-1007 : undeclared symbol 'sys_pll_open3', assumed default net type 'wire' in al_ip/sys_pll.v(89)
HDL-1007 : undeclared symbol 'sys_pll_open2', assumed default net type 'wire' in al_ip/sys_pll.v(89)
HDL-1007 : undeclared symbol 'sys_pll_open11', assumed default net type 'wire' in al_ip/sys_pll.v(91)
HDL-1007 : undeclared symbol 'sys_pll_open10', assumed default net type 'wire' in al_ip/sys_pll.v(91)
HDL-1007 : analyze verilog file ../source_code/rtl/sd_card/ax_debounce.v
HDL-1007 : analyze verilog file ../source_code/rtl/sd_card/bmp_read.v
HDL-1007 : analyze verilog file ../source_code/rtl/sd_card/sd_card_bmp.v
HDL-1007 : analyze verilog file ../source_code/rtl/sd_card/sd_card_cmd.v
HDL-1007 : analyze verilog file ../source_code/rtl/sd_card/sd_card_sec_read_write.v
HDL-1007 : analyze verilog file ../source_code/rtl/sd_card/sd_card_top.v
HDL-1007 : analyze verilog file ../source_code/rtl/sd_card/spi_master.v
HDL-1007 : analyze verilog file ../source_code/rtl/sdram/enc_file/global_def.v
HDL-1007 : analyze verilog file ../source_code/rtl/sdram/enc_file/sdr_as_ram.enc.v
HDL-1007 : back to file '../source_code/rtl/sdram/enc_file/sdr_as_ram.enc.v' in ../source_code/rtl/sdram/enc_file/sdr_as_ram.enc.v(54)
HDL-1007 : analyze verilog file ../source_code/rtl/sdram/enc_file/sdr_wrrd.enc.v
HDL-5007 WARNING: concatenation with an unsized literal will be treated as 32 bits in ../source_code/rtl/sdram/enc_file/sdr_wrrd.enc.v(283)
HDL-1007 : back to file '../source_code/rtl/sdram/enc_file/sdr_wrrd.enc.v' in ../source_code/rtl/sdram/enc_file/sdr_wrrd.enc.v(19)
HDL-1007 : analyze verilog file ../source_code/rtl/frame_fifo/afifo_16_32_256.v
HDL-1007 : analyze verilog file ../source_code/rtl/frame_fifo/afifo_32_16_256.v
HDL-1007 : analyze verilog file ../source_code/rtl/frame_fifo/frame_fifo_read.v
HDL-1007 : analyze verilog file ../source_code/rtl/frame_fifo/frame_fifo_write.v
HDL-1007 : analyze verilog file ../source_code/rtl/frame_fifo/frame_read_write.v
HDL-1007 : analyze verilog file ../source_code/rtl/sdram/sdram.v
HDL-1007 : analyze included file ../source_code/rtl/sdram/enc_file/global_def.v in ../source_code/rtl/sdram/sdram.v(10)
HDL-1007 : back to file '../source_code/rtl/sdram/sdram.v' in ../source_code/rtl/sdram/sdram.v(10)
HDL-1007 : undeclared symbol 'SDR_CKE', assumed default net type 'wire' in ../source_code/rtl/sdram/sdram.v(89)
HDL-1007 : analyze verilog file ../source_code/rtl/sdram/enc_file/sdr_init_ref.enc.v
HDL-1007 : analyze included file ../source_code/rtl/sdram/enc_file/global_def.v in ../source_code/rtl/sdram/enc_file/sdr_init_ref.enc.v(11)
HDL-1007 : back to file '../source_code/rtl/sdram/enc_file/sdr_init_ref.enc.v' in ../source_code/rtl/sdram/enc_file/sdr_init_ref.enc.v(11)
HDL-1007 : undeclared symbol '**', assumed default net type '**' in ../source_code/rtl/sdram/enc_file/sdr_init_ref.enc.v(57)
HDL-1007 : back to file '../source_code/rtl/sdram/enc_file/sdr_init_ref.enc.v' in ../source_code/rtl/sdram/enc_file/sdr_init_ref.enc.v(149)
HDL-5007 WARNING: concatenation with an unsized literal will be treated as 32 bits in ../source_code/rtl/sdram/enc_file/sdr_init_ref.enc.v(47)
HDL-1007 : analyze verilog file ../source_code/rtl/video_timing/color_bar.v
HDL-1007 : analyze included file ../source_code/rtl/video_timing/video_define.v in ../source_code/rtl/video_timing/color_bar.v(2)
HDL-1007 : back to file '../source_code/rtl/video_timing/color_bar.v' in ../source_code/rtl/video_timing/color_bar.v(2)
HDL-1007 : analyze verilog file ../source_code/rtl/video_timing/video_delay.v
HDL-1007 : analyze verilog file ../source_code/rtl/video_timing/video_timing_data.v
HDL-1007 : analyze verilog file ../source_code/rtl/another/m_synchronization_header.v
HDL-1007 : analyze verilog file ../source_code/rtl/led.v
HDL-1007 : analyze verilog file ../source_code/rtl/ov5640/cmos_capture_data.v
HDL-1007 : analyze verilog file ../source_code/rtl/ov5640/i2c_dri.v
HDL-1007 : analyze verilog file ../source_code/rtl/ov5640/i2c_ov5640_rgb565_cfg.v
HDL-1007 : analyze verilog file ../source_code/rtl/ov5640/ov5640_delay.v
HDL-1007 : analyze verilog file ../source_code/rtl/ov5640/ov5640_dri.v
HDL-1007 : analyze verilog file ../source_code/rtl/another/fire_detect.v
RUN-1002 : start command "commit_param -step design"
RUN-1001 : Print Global Property
RUN-1001 : --------------------------------------------------------
RUN-1001 :   Parameters   |  Settings  |  Default Values  |  Note  
RUN-1001 : --------------------------------------------------------
RUN-1001 :   enable_seed  |    off     |       off        |        
RUN-1001 :     message    |  standard  |     standard     |        
RUN-1001 :   qor_monitor  |     on     |        on        |        
RUN-1001 :   syn_ip_flow  |    off     |       off        |        
RUN-1001 :     thread     |    auto    |       auto       |        
RUN-1001 : --------------------------------------------------------
RUN-1001 : Print Design Property
RUN-1001 : ----------------------------------------------------------------
RUN-1001 :       Parameters       |  Settings  |  Default Values  |  Note  
RUN-1001 : ----------------------------------------------------------------
RUN-1001 :   default_reg_initial  |    auto    |       auto       |        
RUN-1001 :    hdl_warning_level   |   normal   |      normal      |        
RUN-1001 : ----------------------------------------------------------------
HDL-1007 : analyze verilog file last_attempt.v
HDL-1007 : undeclared symbol 'phy_reset', assumed default net type 'wire' in last_attempt.v(166)
HDL-1007 : undeclared symbol 'Sdr_init_done', assumed default net type 'wire' in last_attempt.v(351)
HDL-7225 CRITICAL-WARNING: 'Sdr_init_done' is already implicitly declared on line 351 in last_attempt.v(394)
HDL-1007 : undeclared symbol 'tpg_data_done', assumed default net type 'wire' in last_attempt.v(557)
HDL-1007 : undeclared symbol 'full_flag', assumed default net type 'wire' in last_attempt.v(591)
HDL-1007 : undeclared symbol 'input_local_udp_port_num', assumed default net type 'wire' in last_attempt.v(622)
HDL-1007 : undeclared symbol 'input_local_udp_port_num_valid', assumed default net type 'wire' in last_attempt.v(623)
HDL-1007 : undeclared symbol 'input_local_ip_address', assumed default net type 'wire' in last_attempt.v(625)
HDL-1007 : undeclared symbol 'input_local_ip_address_valid', assumed default net type 'wire' in last_attempt.v(626)
HDL-1007 : analyze verilog file ../source_code/rtl/udp/BUFGMUX.v
HDL-1007 : analyze verilog file ../source_code/rtl/udp/IDDR.v
HDL-1007 : analyze verilog file ../source_code/rtl/udp/ODDR.v
HDL-1007 : analyze verilog file ../source_code/rtl/udp/RAMB16_S9_S9.v
HDL-1007 : undeclared symbol 'open', assumed default net type 'wire' in ../source_code/rtl/udp/RAMB16_S9_S9.v(109)
HDL-1007 : analyze verilog file ../source_code/rtl/udp/clk_gen_rst_gen.v
HDL-1007 : analyze verilog file ../source_code/rtl/udp/div_clk_gen.v
HDL-1007 : analyze verilog file ../source_code/rtl/udp/rgmii_interface.v
HDL-1007 : analyze verilog file ../source_code/rtl/udp/rx_client_fifo.v
HDL-5370 WARNING: parameter 'WAIT_s' becomes localparam in 'rx_client_fifo' with formal parameter declaration list in ../source_code/rtl/udp/rx_client_fifo.v(49)
HDL-5370 WARNING: parameter 'QUEUE1_s' becomes localparam in 'rx_client_fifo' with formal parameter declaration list in ../source_code/rtl/udp/rx_client_fifo.v(50)
HDL-5370 WARNING: parameter 'QUEUE2_s' becomes localparam in 'rx_client_fifo' with formal parameter declaration list in ../source_code/rtl/udp/rx_client_fifo.v(51)
HDL-5370 WARNING: parameter 'QUEUE3_s' becomes localparam in 'rx_client_fifo' with formal parameter declaration list in ../source_code/rtl/udp/rx_client_fifo.v(52)
HDL-5370 WARNING: parameter 'QUEUE_SOF_s' becomes localparam in 'rx_client_fifo' with formal parameter declaration list in ../source_code/rtl/udp/rx_client_fifo.v(53)
HDL-5370 WARNING: parameter 'SOF_s' becomes localparam in 'rx_client_fifo' with formal parameter declaration list in ../source_code/rtl/udp/rx_client_fifo.v(54)
HDL-5370 WARNING: parameter 'DATA_s' becomes localparam in 'rx_client_fifo' with formal parameter declaration list in ../source_code/rtl/udp/rx_client_fifo.v(55)
HDL-5370 WARNING: parameter 'EOF_s' becomes localparam in 'rx_client_fifo' with formal parameter declaration list in ../source_code/rtl/udp/rx_client_fifo.v(56)
HDL-5370 WARNING: parameter 'IDLE_s' becomes localparam in 'rx_client_fifo' with formal parameter declaration list in ../source_code/rtl/udp/rx_client_fifo.v(62)
HDL-5370 WARNING: parameter 'FRAME_s' becomes localparam in 'rx_client_fifo' with formal parameter declaration list in ../source_code/rtl/udp/rx_client_fifo.v(63)
HDL-5370 Similar messages will be suppressed.
HDL-1007 : analyze verilog file ../source_code/rtl/udp/temac_block.v
HDL-1007 : analyze verilog file ../source_code/rtl/udp/temac_clk_gen.v
HDL-1007 : analyze verilog file ../source_code/rtl/udp/tx_client_fifo.v
HDL-5370 WARNING: parameter 'IDLE_s' becomes localparam in 'tx_client_fifo' with formal parameter declaration list in ../source_code/rtl/udp/tx_client_fifo.v(53)
HDL-5370 WARNING: parameter 'QUEUE1_s' becomes localparam in 'tx_client_fifo' with formal parameter declaration list in ../source_code/rtl/udp/tx_client_fifo.v(54)
HDL-5370 WARNING: parameter 'QUEUE2_s' becomes localparam in 'tx_client_fifo' with formal parameter declaration list in ../source_code/rtl/udp/tx_client_fifo.v(55)
HDL-5370 WARNING: parameter 'QUEUE3_s' becomes localparam in 'tx_client_fifo' with formal parameter declaration list in ../source_code/rtl/udp/tx_client_fifo.v(56)
HDL-5370 WARNING: parameter 'QUEUE_ACK_s' becomes localparam in 'tx_client_fifo' with formal parameter declaration list in ../source_code/rtl/udp/tx_client_fifo.v(57)
HDL-5370 WARNING: parameter 'WAIT_ACK_s' becomes localparam in 'tx_client_fifo' with formal parameter declaration list in ../source_code/rtl/udp/tx_client_fifo.v(58)
HDL-5370 WARNING: parameter 'FRAME_s' becomes localparam in 'tx_client_fifo' with formal parameter declaration list in ../source_code/rtl/udp/tx_client_fifo.v(59)
HDL-5370 WARNING: parameter 'DROP_s' becomes localparam in 'tx_client_fifo' with formal parameter declaration list in ../source_code/rtl/udp/tx_client_fifo.v(60)
HDL-5370 WARNING: parameter 'RETRANSMIT_s' becomes localparam in 'tx_client_fifo' with formal parameter declaration list in ../source_code/rtl/udp/tx_client_fifo.v(61)
HDL-5370 WARNING: parameter 'WAIT_s' becomes localparam in 'tx_client_fifo' with formal parameter declaration list in ../source_code/rtl/udp/tx_client_fifo.v(67)
HDL-5370 Similar messages will be suppressed.
HDL-1007 : analyze verilog file ../source_code/rtl/udp/tx_clk_en_gen.v
HDL-1007 : analyze verilog file ../source_code/rtl/udp/udp_data_tpg.v
HDL-1007 : analyze verilog file ../source_code/rtl/udp/udp_ip_protocol_stack_merge.enc.v
HDL-1007 : back to file '../source_code/rtl/udp/udp_ip_protocol_stack_merge.enc.v' in ../source_code/rtl/udp/udp_ip_protocol_stack_merge.enc.v(56)
HDL-1007 : undeclared symbol '**', assumed default net type '**' in ../source_code/rtl/udp/udp_ip_protocol_stack_merge.enc.v(2638)
HDL-1007 : back to file '../source_code/rtl/udp/udp_ip_protocol_stack_merge.enc.v' in ../source_code/rtl/udp/udp_ip_protocol_stack_merge.enc.v(420)
HDL-1007 : analyze verilog file ../source_code/rtl/udp/udp_loopback.v
HDL-1007 : analyze verilog file al_ip/TEMAC_CORE/RTL/include/define.v
HDL-1007 : analyze verilog file al_ip/TEMAC_CORE/RTL/TEMAC_CORE_aead6cd6dadd.v
HDL-5007 WARNING: column 1032 exceeds maximum value 1023 in al_ip/TEMAC_CORE/RTL/TEMAC_CORE_aead6cd6dadd.v(30)
HDL-1007 : back to file 'al_ip/TEMAC_CORE/RTL/TEMAC_CORE_aead6cd6dadd.v' in al_ip/TEMAC_CORE/RTL/TEMAC_CORE_aead6cd6dadd.v(86)
HDL-5007 WARNING: event expressions must result in a singular type in al_ip/TEMAC_CORE/RTL/TEMAC_CORE_aead6cd6dadd.v(3001)
HDL-1007 : undeclared symbol '**', assumed default net type '**' in al_ip/TEMAC_CORE/RTL/TEMAC_CORE_aead6cd6dadd.v(5050)
HDL-1007 : undeclared symbol '**', assumed default net type '**' in al_ip/TEMAC_CORE/RTL/TEMAC_CORE_aead6cd6dadd.v(5458)
HDL-5007 WARNING: column 1035 exceeds maximum value 1023 in al_ip/TEMAC_CORE/RTL/TEMAC_CORE_aead6cd6dadd.v(6001)
HDL-1007 : back to file 'al_ip/TEMAC_CORE/RTL/TEMAC_CORE_aead6cd6dadd.v' in al_ip/TEMAC_CORE/RTL/TEMAC_CORE_aead6cd6dadd.v(260)
HDL-1007 : analyze verilog file al_ip/TEMAC_CORE/RTL/mac_core_aead6cd6dadd.v
HDL-1007 : analyze verilog file al_ip/TEMAC_CORE/TEMAC_CORE.v
HDL-1007 : analyze verilog file al_ip/pll_gen.v
HDL-1007 : undeclared symbol 'pll_gen_open0', assumed default net type 'wire' in al_ip/pll_gen.v(99)
HDL-1007 : undeclared symbol 'pll_gen_open8', assumed default net type 'wire' in al_ip/pll_gen.v(105)
HDL-1007 : undeclared symbol 'pll_gen_open7', assumed default net type 'wire' in al_ip/pll_gen.v(105)
HDL-1007 : undeclared symbol 'pll_gen_open6', assumed default net type 'wire' in al_ip/pll_gen.v(105)
HDL-1007 : undeclared symbol 'pll_gen_open5', assumed default net type 'wire' in al_ip/pll_gen.v(105)
HDL-1007 : undeclared symbol 'pll_gen_open4', assumed default net type 'wire' in al_ip/pll_gen.v(105)
HDL-1007 : undeclared symbol 'pll_gen_open3', assumed default net type 'wire' in al_ip/pll_gen.v(105)
HDL-1007 : undeclared symbol 'pll_gen_open2', assumed default net type 'wire' in al_ip/pll_gen.v(105)
HDL-1007 : undeclared symbol 'pll_gen_open1', assumed default net type 'wire' in al_ip/pll_gen.v(105)
HDL-1007 : analyze verilog file al_ip/sys_pll.v
HDL-1007 : undeclared symbol 'sys_pll_open0', assumed default net type 'wire' in al_ip/sys_pll.v(77)
HDL-1007 : undeclared symbol 'sys_pll_open1', assumed default net type 'wire' in al_ip/sys_pll.v(83)
HDL-1007 : undeclared symbol 'sys_pll_open9', assumed default net type 'wire' in al_ip/sys_pll.v(89)
HDL-1007 : undeclared symbol 'sys_pll_open8', assumed default net type 'wire' in al_ip/sys_pll.v(89)
HDL-1007 : undeclared symbol 'sys_pll_open7', assumed default net type 'wire' in al_ip/sys_pll.v(89)
HDL-1007 : undeclared symbol 'sys_pll_open6', assumed default net type 'wire' in al_ip/sys_pll.v(89)
HDL-1007 : undeclared symbol 'sys_pll_open5', assumed default net type 'wire' in al_ip/sys_pll.v(89)
HDL-1007 : undeclared symbol 'sys_pll_open4', assumed default net type 'wire' in al_ip/sys_pll.v(89)
HDL-1007 : undeclared symbol 'sys_pll_open3', assumed default net type 'wire' in al_ip/sys_pll.v(89)
HDL-1007 : undeclared symbol 'sys_pll_open2', assumed default net type 'wire' in al_ip/sys_pll.v(89)
HDL-1007 : undeclared symbol 'sys_pll_open11', assumed default net type 'wire' in al_ip/sys_pll.v(91)
HDL-1007 : undeclared symbol 'sys_pll_open10', assumed default net type 'wire' in al_ip/sys_pll.v(91)
HDL-1007 : analyze verilog file ../source_code/rtl/sd_card/ax_debounce.v
HDL-1007 : analyze verilog file ../source_code/rtl/sd_card/bmp_read.v
HDL-1007 : analyze verilog file ../source_code/rtl/sd_card/sd_card_bmp.v
HDL-1007 : analyze verilog file ../source_code/rtl/sd_card/sd_card_cmd.v
HDL-1007 : analyze verilog file ../source_code/rtl/sd_card/sd_card_sec_read_write.v
HDL-1007 : analyze verilog file ../source_code/rtl/sd_card/sd_card_top.v
HDL-1007 : analyze verilog file ../source_code/rtl/sd_card/spi_master.v
HDL-1007 : analyze verilog file ../source_code/rtl/sdram/enc_file/global_def.v
HDL-1007 : analyze verilog file ../source_code/rtl/sdram/enc_file/sdr_as_ram.enc.v
HDL-1007 : back to file '../source_code/rtl/sdram/enc_file/sdr_as_ram.enc.v' in ../source_code/rtl/sdram/enc_file/sdr_as_ram.enc.v(54)
HDL-1007 : analyze verilog file ../source_code/rtl/sdram/enc_file/sdr_wrrd.enc.v
HDL-5007 WARNING: concatenation with an unsized literal will be treated as 32 bits in ../source_code/rtl/sdram/enc_file/sdr_wrrd.enc.v(283)
HDL-1007 : back to file '../source_code/rtl/sdram/enc_file/sdr_wrrd.enc.v' in ../source_code/rtl/sdram/enc_file/sdr_wrrd.enc.v(19)
HDL-1007 : analyze verilog file ../source_code/rtl/frame_fifo/afifo_16_32_256.v
HDL-1007 : analyze verilog file ../source_code/rtl/frame_fifo/afifo_32_16_256.v
HDL-1007 : analyze verilog file ../source_code/rtl/frame_fifo/frame_fifo_read.v
HDL-1007 : analyze verilog file ../source_code/rtl/frame_fifo/frame_fifo_write.v
HDL-1007 : analyze verilog file ../source_code/rtl/frame_fifo/frame_read_write.v
HDL-1007 : analyze verilog file ../source_code/rtl/sdram/sdram.v
HDL-1007 : analyze included file ../source_code/rtl/sdram/enc_file/global_def.v in ../source_code/rtl/sdram/sdram.v(10)
HDL-1007 : back to file '../source_code/rtl/sdram/sdram.v' in ../source_code/rtl/sdram/sdram.v(10)
HDL-1007 : undeclared symbol 'SDR_CKE', assumed default net type 'wire' in ../source_code/rtl/sdram/sdram.v(89)
HDL-1007 : analyze verilog file ../source_code/rtl/sdram/enc_file/sdr_init_ref.enc.v
HDL-1007 : analyze included file ../source_code/rtl/sdram/enc_file/global_def.v in ../source_code/rtl/sdram/enc_file/sdr_init_ref.enc.v(11)
HDL-1007 : back to file '../source_code/rtl/sdram/enc_file/sdr_init_ref.enc.v' in ../source_code/rtl/sdram/enc_file/sdr_init_ref.enc.v(11)
HDL-1007 : undeclared symbol '**', assumed default net type '**' in ../source_code/rtl/sdram/enc_file/sdr_init_ref.enc.v(57)
HDL-1007 : back to file '../source_code/rtl/sdram/enc_file/sdr_init_ref.enc.v' in ../source_code/rtl/sdram/enc_file/sdr_init_ref.enc.v(149)
HDL-5007 WARNING: concatenation with an unsized literal will be treated as 32 bits in ../source_code/rtl/sdram/enc_file/sdr_init_ref.enc.v(47)
HDL-1007 : analyze verilog file ../source_code/rtl/video_timing/color_bar.v
HDL-1007 : analyze included file ../source_code/rtl/video_timing/video_define.v in ../source_code/rtl/video_timing/color_bar.v(2)
HDL-1007 : back to file '../source_code/rtl/video_timing/color_bar.v' in ../source_code/rtl/video_timing/color_bar.v(2)
HDL-1007 : analyze verilog file ../source_code/rtl/video_timing/video_delay.v
HDL-1007 : analyze verilog file ../source_code/rtl/video_timing/video_timing_data.v
HDL-1007 : analyze verilog file ../source_code/rtl/another/m_synchronization_header.v
HDL-1007 : analyze verilog file ../source_code/rtl/led.v
HDL-1007 : analyze verilog file ../source_code/rtl/ov5640/cmos_capture_data.v
HDL-1007 : analyze verilog file ../source_code/rtl/ov5640/i2c_dri.v
HDL-1007 : analyze verilog file ../source_code/rtl/ov5640/i2c_ov5640_rgb565_cfg.v
HDL-1007 : analyze verilog file ../source_code/rtl/ov5640/ov5640_delay.v
HDL-1007 : analyze verilog file ../source_code/rtl/ov5640/ov5640_dri.v
HDL-1007 : analyze verilog file ../source_code/rtl/another/fire_detect.v
RUN-1002 : start command "commit_param -step design"
RUN-1001 : Print Global Property
RUN-1001 : --------------------------------------------------------
RUN-1001 :   Parameters   |  Settings  |  Default Values  |  Note  
RUN-1001 : --------------------------------------------------------
RUN-1001 :   enable_seed  |    off     |       off        |        
RUN-1001 :     message    |  standard  |     standard     |        
RUN-1001 :   qor_monitor  |     on     |        on        |        
RUN-1001 :   syn_ip_flow  |    off     |       off        |        
RUN-1001 :     thread     |    auto    |       auto       |        
RUN-1001 : --------------------------------------------------------
RUN-1001 : Print Design Property
RUN-1001 : ----------------------------------------------------------------
RUN-1001 :       Parameters       |  Settings  |  Default Values  |  Note  
RUN-1001 : ----------------------------------------------------------------
RUN-1001 :   default_reg_initial  |    auto    |       auto       |        
RUN-1001 :    hdl_warning_level   |   normal   |      normal      |        
RUN-1001 : ----------------------------------------------------------------
HDL-1007 : analyze verilog file last_attempt.v
HDL-1007 : undeclared symbol 'phy_reset', assumed default net type 'wire' in last_attempt.v(166)
HDL-1007 : undeclared symbol 'Sdr_init_done', assumed default net type 'wire' in last_attempt.v(344)
HDL-7225 CRITICAL-WARNING: 'Sdr_init_done' is already implicitly declared on line 344 in last_attempt.v(387)
HDL-1007 : undeclared symbol 'tpg_data_done', assumed default net type 'wire' in last_attempt.v(550)
HDL-1007 : undeclared symbol 'full_flag', assumed default net type 'wire' in last_attempt.v(584)
HDL-1007 : undeclared symbol 'input_local_udp_port_num', assumed default net type 'wire' in last_attempt.v(615)
HDL-1007 : undeclared symbol 'input_local_udp_port_num_valid', assumed default net type 'wire' in last_attempt.v(616)
HDL-1007 : undeclared symbol 'input_local_ip_address', assumed default net type 'wire' in last_attempt.v(618)
HDL-1007 : undeclared symbol 'input_local_ip_address_valid', assumed default net type 'wire' in last_attempt.v(619)
HDL-1007 : analyze verilog file ../source_code/rtl/udp/BUFGMUX.v
HDL-1007 : analyze verilog file ../source_code/rtl/udp/IDDR.v
HDL-1007 : analyze verilog file ../source_code/rtl/udp/ODDR.v
HDL-1007 : analyze verilog file ../source_code/rtl/udp/RAMB16_S9_S9.v
HDL-1007 : undeclared symbol 'open', assumed default net type 'wire' in ../source_code/rtl/udp/RAMB16_S9_S9.v(109)
HDL-1007 : analyze verilog file ../source_code/rtl/udp/clk_gen_rst_gen.v
HDL-1007 : analyze verilog file ../source_code/rtl/udp/div_clk_gen.v
HDL-1007 : analyze verilog file ../source_code/rtl/udp/rgmii_interface.v
HDL-1007 : analyze verilog file ../source_code/rtl/udp/rx_client_fifo.v
HDL-5370 WARNING: parameter 'WAIT_s' becomes localparam in 'rx_client_fifo' with formal parameter declaration list in ../source_code/rtl/udp/rx_client_fifo.v(49)
HDL-5370 WARNING: parameter 'QUEUE1_s' becomes localparam in 'rx_client_fifo' with formal parameter declaration list in ../source_code/rtl/udp/rx_client_fifo.v(50)
HDL-5370 WARNING: parameter 'QUEUE2_s' becomes localparam in 'rx_client_fifo' with formal parameter declaration list in ../source_code/rtl/udp/rx_client_fifo.v(51)
HDL-5370 WARNING: parameter 'QUEUE3_s' becomes localparam in 'rx_client_fifo' with formal parameter declaration list in ../source_code/rtl/udp/rx_client_fifo.v(52)
HDL-5370 WARNING: parameter 'QUEUE_SOF_s' becomes localparam in 'rx_client_fifo' with formal parameter declaration list in ../source_code/rtl/udp/rx_client_fifo.v(53)
HDL-5370 WARNING: parameter 'SOF_s' becomes localparam in 'rx_client_fifo' with formal parameter declaration list in ../source_code/rtl/udp/rx_client_fifo.v(54)
HDL-5370 WARNING: parameter 'DATA_s' becomes localparam in 'rx_client_fifo' with formal parameter declaration list in ../source_code/rtl/udp/rx_client_fifo.v(55)
HDL-5370 WARNING: parameter 'EOF_s' becomes localparam in 'rx_client_fifo' with formal parameter declaration list in ../source_code/rtl/udp/rx_client_fifo.v(56)
HDL-5370 WARNING: parameter 'IDLE_s' becomes localparam in 'rx_client_fifo' with formal parameter declaration list in ../source_code/rtl/udp/rx_client_fifo.v(62)
HDL-5370 WARNING: parameter 'FRAME_s' becomes localparam in 'rx_client_fifo' with formal parameter declaration list in ../source_code/rtl/udp/rx_client_fifo.v(63)
HDL-5370 Similar messages will be suppressed.
HDL-1007 : analyze verilog file ../source_code/rtl/udp/temac_block.v
HDL-1007 : analyze verilog file ../source_code/rtl/udp/temac_clk_gen.v
HDL-1007 : analyze verilog file ../source_code/rtl/udp/tx_client_fifo.v
HDL-5370 WARNING: parameter 'IDLE_s' becomes localparam in 'tx_client_fifo' with formal parameter declaration list in ../source_code/rtl/udp/tx_client_fifo.v(53)
HDL-5370 WARNING: parameter 'QUEUE1_s' becomes localparam in 'tx_client_fifo' with formal parameter declaration list in ../source_code/rtl/udp/tx_client_fifo.v(54)
HDL-5370 WARNING: parameter 'QUEUE2_s' becomes localparam in 'tx_client_fifo' with formal parameter declaration list in ../source_code/rtl/udp/tx_client_fifo.v(55)
HDL-5370 WARNING: parameter 'QUEUE3_s' becomes localparam in 'tx_client_fifo' with formal parameter declaration list in ../source_code/rtl/udp/tx_client_fifo.v(56)
HDL-5370 WARNING: parameter 'QUEUE_ACK_s' becomes localparam in 'tx_client_fifo' with formal parameter declaration list in ../source_code/rtl/udp/tx_client_fifo.v(57)
HDL-5370 WARNING: parameter 'WAIT_ACK_s' becomes localparam in 'tx_client_fifo' with formal parameter declaration list in ../source_code/rtl/udp/tx_client_fifo.v(58)
HDL-5370 WARNING: parameter 'FRAME_s' becomes localparam in 'tx_client_fifo' with formal parameter declaration list in ../source_code/rtl/udp/tx_client_fifo.v(59)
HDL-5370 WARNING: parameter 'DROP_s' becomes localparam in 'tx_client_fifo' with formal parameter declaration list in ../source_code/rtl/udp/tx_client_fifo.v(60)
HDL-5370 WARNING: parameter 'RETRANSMIT_s' becomes localparam in 'tx_client_fifo' with formal parameter declaration list in ../source_code/rtl/udp/tx_client_fifo.v(61)
HDL-5370 WARNING: parameter 'WAIT_s' becomes localparam in 'tx_client_fifo' with formal parameter declaration list in ../source_code/rtl/udp/tx_client_fifo.v(67)
HDL-5370 Similar messages will be suppressed.
HDL-1007 : analyze verilog file ../source_code/rtl/udp/tx_clk_en_gen.v
HDL-1007 : analyze verilog file ../source_code/rtl/udp/udp_data_tpg.v
HDL-1007 : analyze verilog file ../source_code/rtl/udp/udp_ip_protocol_stack_merge.enc.v
HDL-1007 : back to file '../source_code/rtl/udp/udp_ip_protocol_stack_merge.enc.v' in ../source_code/rtl/udp/udp_ip_protocol_stack_merge.enc.v(56)
HDL-1007 : undeclared symbol '**', assumed default net type '**' in ../source_code/rtl/udp/udp_ip_protocol_stack_merge.enc.v(2638)
HDL-1007 : back to file '../source_code/rtl/udp/udp_ip_protocol_stack_merge.enc.v' in ../source_code/rtl/udp/udp_ip_protocol_stack_merge.enc.v(420)
HDL-1007 : analyze verilog file ../source_code/rtl/udp/udp_loopback.v
HDL-1007 : analyze verilog file al_ip/TEMAC_CORE/RTL/include/define.v
HDL-1007 : analyze verilog file al_ip/TEMAC_CORE/RTL/TEMAC_CORE_aead6cd6dadd.v
HDL-5007 WARNING: column 1032 exceeds maximum value 1023 in al_ip/TEMAC_CORE/RTL/TEMAC_CORE_aead6cd6dadd.v(30)
HDL-1007 : back to file 'al_ip/TEMAC_CORE/RTL/TEMAC_CORE_aead6cd6dadd.v' in al_ip/TEMAC_CORE/RTL/TEMAC_CORE_aead6cd6dadd.v(86)
HDL-5007 WARNING: event expressions must result in a singular type in al_ip/TEMAC_CORE/RTL/TEMAC_CORE_aead6cd6dadd.v(3001)
HDL-1007 : undeclared symbol '**', assumed default net type '**' in al_ip/TEMAC_CORE/RTL/TEMAC_CORE_aead6cd6dadd.v(5050)
HDL-1007 : undeclared symbol '**', assumed default net type '**' in al_ip/TEMAC_CORE/RTL/TEMAC_CORE_aead6cd6dadd.v(5458)
HDL-5007 WARNING: column 1035 exceeds maximum value 1023 in al_ip/TEMAC_CORE/RTL/TEMAC_CORE_aead6cd6dadd.v(6001)
HDL-1007 : back to file 'al_ip/TEMAC_CORE/RTL/TEMAC_CORE_aead6cd6dadd.v' in al_ip/TEMAC_CORE/RTL/TEMAC_CORE_aead6cd6dadd.v(260)
HDL-1007 : analyze verilog file al_ip/TEMAC_CORE/RTL/mac_core_aead6cd6dadd.v
HDL-1007 : analyze verilog file al_ip/TEMAC_CORE/TEMAC_CORE.v
HDL-1007 : analyze verilog file al_ip/pll_gen.v
HDL-1007 : undeclared symbol 'pll_gen_open0', assumed default net type 'wire' in al_ip/pll_gen.v(99)
HDL-1007 : undeclared symbol 'pll_gen_open8', assumed default net type 'wire' in al_ip/pll_gen.v(105)
HDL-1007 : undeclared symbol 'pll_gen_open7', assumed default net type 'wire' in al_ip/pll_gen.v(105)
HDL-1007 : undeclared symbol 'pll_gen_open6', assumed default net type 'wire' in al_ip/pll_gen.v(105)
HDL-1007 : undeclared symbol 'pll_gen_open5', assumed default net type 'wire' in al_ip/pll_gen.v(105)
HDL-1007 : undeclared symbol 'pll_gen_open4', assumed default net type 'wire' in al_ip/pll_gen.v(105)
HDL-1007 : undeclared symbol 'pll_gen_open3', assumed default net type 'wire' in al_ip/pll_gen.v(105)
HDL-1007 : undeclared symbol 'pll_gen_open2', assumed default net type 'wire' in al_ip/pll_gen.v(105)
HDL-1007 : undeclared symbol 'pll_gen_open1', assumed default net type 'wire' in al_ip/pll_gen.v(105)
HDL-1007 : analyze verilog file al_ip/sys_pll.v
HDL-1007 : undeclared symbol 'sys_pll_open0', assumed default net type 'wire' in al_ip/sys_pll.v(77)
HDL-1007 : undeclared symbol 'sys_pll_open1', assumed default net type 'wire' in al_ip/sys_pll.v(83)
HDL-1007 : undeclared symbol 'sys_pll_open9', assumed default net type 'wire' in al_ip/sys_pll.v(89)
HDL-1007 : undeclared symbol 'sys_pll_open8', assumed default net type 'wire' in al_ip/sys_pll.v(89)
HDL-1007 : undeclared symbol 'sys_pll_open7', assumed default net type 'wire' in al_ip/sys_pll.v(89)
HDL-1007 : undeclared symbol 'sys_pll_open6', assumed default net type 'wire' in al_ip/sys_pll.v(89)
HDL-1007 : undeclared symbol 'sys_pll_open5', assumed default net type 'wire' in al_ip/sys_pll.v(89)
HDL-1007 : undeclared symbol 'sys_pll_open4', assumed default net type 'wire' in al_ip/sys_pll.v(89)
HDL-1007 : undeclared symbol 'sys_pll_open3', assumed default net type 'wire' in al_ip/sys_pll.v(89)
HDL-1007 : undeclared symbol 'sys_pll_open2', assumed default net type 'wire' in al_ip/sys_pll.v(89)
HDL-1007 : undeclared symbol 'sys_pll_open11', assumed default net type 'wire' in al_ip/sys_pll.v(91)
HDL-1007 : undeclared symbol 'sys_pll_open10', assumed default net type 'wire' in al_ip/sys_pll.v(91)
HDL-1007 : analyze verilog file ../source_code/rtl/sd_card/ax_debounce.v
HDL-1007 : analyze verilog file ../source_code/rtl/sd_card/bmp_read.v
HDL-1007 : analyze verilog file ../source_code/rtl/sd_card/sd_card_bmp.v
HDL-1007 : analyze verilog file ../source_code/rtl/sd_card/sd_card_cmd.v
HDL-1007 : analyze verilog file ../source_code/rtl/sd_card/sd_card_sec_read_write.v
HDL-1007 : analyze verilog file ../source_code/rtl/sd_card/sd_card_top.v
HDL-1007 : analyze verilog file ../source_code/rtl/sd_card/spi_master.v
HDL-1007 : analyze verilog file ../source_code/rtl/sdram/enc_file/global_def.v
HDL-1007 : analyze verilog file ../source_code/rtl/sdram/enc_file/sdr_as_ram.enc.v
HDL-1007 : back to file '../source_code/rtl/sdram/enc_file/sdr_as_ram.enc.v' in ../source_code/rtl/sdram/enc_file/sdr_as_ram.enc.v(54)
HDL-1007 : analyze verilog file ../source_code/rtl/sdram/enc_file/sdr_wrrd.enc.v
HDL-5007 WARNING: concatenation with an unsized literal will be treated as 32 bits in ../source_code/rtl/sdram/enc_file/sdr_wrrd.enc.v(283)
HDL-1007 : back to file '../source_code/rtl/sdram/enc_file/sdr_wrrd.enc.v' in ../source_code/rtl/sdram/enc_file/sdr_wrrd.enc.v(19)
HDL-1007 : analyze verilog file ../source_code/rtl/frame_fifo/afifo_16_32_256.v
HDL-1007 : analyze verilog file ../source_code/rtl/frame_fifo/afifo_32_16_256.v
HDL-1007 : analyze verilog file ../source_code/rtl/frame_fifo/frame_fifo_read.v
HDL-1007 : analyze verilog file ../source_code/rtl/frame_fifo/frame_fifo_write.v
HDL-1007 : analyze verilog file ../source_code/rtl/frame_fifo/frame_read_write.v
HDL-1007 : analyze verilog file ../source_code/rtl/sdram/sdram.v
HDL-1007 : analyze included file ../source_code/rtl/sdram/enc_file/global_def.v in ../source_code/rtl/sdram/sdram.v(10)
HDL-1007 : back to file '../source_code/rtl/sdram/sdram.v' in ../source_code/rtl/sdram/sdram.v(10)
HDL-1007 : undeclared symbol 'SDR_CKE', assumed default net type 'wire' in ../source_code/rtl/sdram/sdram.v(89)
HDL-1007 : analyze verilog file ../source_code/rtl/sdram/enc_file/sdr_init_ref.enc.v
HDL-1007 : analyze included file ../source_code/rtl/sdram/enc_file/global_def.v in ../source_code/rtl/sdram/enc_file/sdr_init_ref.enc.v(11)
HDL-1007 : back to file '../source_code/rtl/sdram/enc_file/sdr_init_ref.enc.v' in ../source_code/rtl/sdram/enc_file/sdr_init_ref.enc.v(11)
HDL-1007 : undeclared symbol '**', assumed default net type '**' in ../source_code/rtl/sdram/enc_file/sdr_init_ref.enc.v(57)
HDL-1007 : back to file '../source_code/rtl/sdram/enc_file/sdr_init_ref.enc.v' in ../source_code/rtl/sdram/enc_file/sdr_init_ref.enc.v(149)
HDL-5007 WARNING: concatenation with an unsized literal will be treated as 32 bits in ../source_code/rtl/sdram/enc_file/sdr_init_ref.enc.v(47)
HDL-1007 : analyze verilog file ../source_code/rtl/video_timing/color_bar.v
HDL-1007 : analyze included file ../source_code/rtl/video_timing/video_define.v in ../source_code/rtl/video_timing/color_bar.v(2)
HDL-1007 : back to file '../source_code/rtl/video_timing/color_bar.v' in ../source_code/rtl/video_timing/color_bar.v(2)
HDL-1007 : analyze verilog file ../source_code/rtl/video_timing/video_delay.v
HDL-1007 : analyze verilog file ../source_code/rtl/video_timing/video_timing_data.v
HDL-1007 : analyze verilog file ../source_code/rtl/another/m_synchronization_header.v
HDL-1007 : analyze verilog file ../source_code/rtl/led.v
HDL-1007 : analyze verilog file ../source_code/rtl/ov5640/cmos_capture_data.v
HDL-1007 : analyze verilog file ../source_code/rtl/ov5640/i2c_dri.v
HDL-1007 : analyze verilog file ../source_code/rtl/ov5640/i2c_ov5640_rgb565_cfg.v
HDL-1007 : analyze verilog file ../source_code/rtl/ov5640/ov5640_delay.v
HDL-1007 : analyze verilog file ../source_code/rtl/ov5640/ov5640_dri.v
HDL-1007 : analyze verilog file ../source_code/rtl/another/fire_detect.v
RUN-1002 : start command "commit_param -step design"
RUN-1001 : Print Global Property
RUN-1001 : --------------------------------------------------------
RUN-1001 :   Parameters   |  Settings  |  Default Values  |  Note  
RUN-1001 : --------------------------------------------------------
RUN-1001 :   enable_seed  |    off     |       off        |        
RUN-1001 :     message    |  standard  |     standard     |        
RUN-1001 :   qor_monitor  |     on     |        on        |        
RUN-1001 :   syn_ip_flow  |    off     |       off        |        
RUN-1001 :     thread     |    auto    |       auto       |        
RUN-1001 : --------------------------------------------------------
RUN-1001 : Print Design Property
RUN-1001 : ----------------------------------------------------------------
RUN-1001 :       Parameters       |  Settings  |  Default Values  |  Note  
RUN-1001 : ----------------------------------------------------------------
RUN-1001 :   default_reg_initial  |    auto    |       auto       |        
RUN-1001 :    hdl_warning_level   |   normal   |      normal      |        
RUN-1001 : ----------------------------------------------------------------
HDL-1007 : analyze verilog file last_attempt.v
HDL-1007 : undeclared symbol 'phy_reset', assumed default net type 'wire' in last_attempt.v(166)
HDL-1007 : undeclared symbol 'Sdr_init_done', assumed default net type 'wire' in last_attempt.v(349)
HDL-7225 CRITICAL-WARNING: 'Sdr_init_done' is already implicitly declared on line 349 in last_attempt.v(392)
HDL-1007 : undeclared symbol 'tpg_data_done', assumed default net type 'wire' in last_attempt.v(555)
HDL-1007 : undeclared symbol 'full_flag', assumed default net type 'wire' in last_attempt.v(589)
HDL-1007 : undeclared symbol 'input_local_udp_port_num', assumed default net type 'wire' in last_attempt.v(620)
HDL-1007 : undeclared symbol 'input_local_udp_port_num_valid', assumed default net type 'wire' in last_attempt.v(621)
HDL-1007 : undeclared symbol 'input_local_ip_address', assumed default net type 'wire' in last_attempt.v(623)
HDL-1007 : undeclared symbol 'input_local_ip_address_valid', assumed default net type 'wire' in last_attempt.v(624)
HDL-1007 : analyze verilog file ../source_code/rtl/udp/BUFGMUX.v
HDL-1007 : analyze verilog file ../source_code/rtl/udp/IDDR.v
HDL-1007 : analyze verilog file ../source_code/rtl/udp/ODDR.v
HDL-1007 : analyze verilog file ../source_code/rtl/udp/RAMB16_S9_S9.v
HDL-1007 : undeclared symbol 'open', assumed default net type 'wire' in ../source_code/rtl/udp/RAMB16_S9_S9.v(109)
HDL-1007 : analyze verilog file ../source_code/rtl/udp/clk_gen_rst_gen.v
HDL-1007 : analyze verilog file ../source_code/rtl/udp/div_clk_gen.v
HDL-1007 : analyze verilog file ../source_code/rtl/udp/rgmii_interface.v
HDL-1007 : analyze verilog file ../source_code/rtl/udp/rx_client_fifo.v
HDL-5370 WARNING: parameter 'WAIT_s' becomes localparam in 'rx_client_fifo' with formal parameter declaration list in ../source_code/rtl/udp/rx_client_fifo.v(49)
HDL-5370 WARNING: parameter 'QUEUE1_s' becomes localparam in 'rx_client_fifo' with formal parameter declaration list in ../source_code/rtl/udp/rx_client_fifo.v(50)
HDL-5370 WARNING: parameter 'QUEUE2_s' becomes localparam in 'rx_client_fifo' with formal parameter declaration list in ../source_code/rtl/udp/rx_client_fifo.v(51)
HDL-5370 WARNING: parameter 'QUEUE3_s' becomes localparam in 'rx_client_fifo' with formal parameter declaration list in ../source_code/rtl/udp/rx_client_fifo.v(52)
HDL-5370 WARNING: parameter 'QUEUE_SOF_s' becomes localparam in 'rx_client_fifo' with formal parameter declaration list in ../source_code/rtl/udp/rx_client_fifo.v(53)
HDL-5370 WARNING: parameter 'SOF_s' becomes localparam in 'rx_client_fifo' with formal parameter declaration list in ../source_code/rtl/udp/rx_client_fifo.v(54)
HDL-5370 WARNING: parameter 'DATA_s' becomes localparam in 'rx_client_fifo' with formal parameter declaration list in ../source_code/rtl/udp/rx_client_fifo.v(55)
HDL-5370 WARNING: parameter 'EOF_s' becomes localparam in 'rx_client_fifo' with formal parameter declaration list in ../source_code/rtl/udp/rx_client_fifo.v(56)
HDL-5370 WARNING: parameter 'IDLE_s' becomes localparam in 'rx_client_fifo' with formal parameter declaration list in ../source_code/rtl/udp/rx_client_fifo.v(62)
HDL-5370 WARNING: parameter 'FRAME_s' becomes localparam in 'rx_client_fifo' with formal parameter declaration list in ../source_code/rtl/udp/rx_client_fifo.v(63)
HDL-5370 Similar messages will be suppressed.
HDL-1007 : analyze verilog file ../source_code/rtl/udp/temac_block.v
HDL-1007 : analyze verilog file ../source_code/rtl/udp/temac_clk_gen.v
HDL-1007 : analyze verilog file ../source_code/rtl/udp/tx_client_fifo.v
HDL-5370 WARNING: parameter 'IDLE_s' becomes localparam in 'tx_client_fifo' with formal parameter declaration list in ../source_code/rtl/udp/tx_client_fifo.v(53)
HDL-5370 WARNING: parameter 'QUEUE1_s' becomes localparam in 'tx_client_fifo' with formal parameter declaration list in ../source_code/rtl/udp/tx_client_fifo.v(54)
HDL-5370 WARNING: parameter 'QUEUE2_s' becomes localparam in 'tx_client_fifo' with formal parameter declaration list in ../source_code/rtl/udp/tx_client_fifo.v(55)
HDL-5370 WARNING: parameter 'QUEUE3_s' becomes localparam in 'tx_client_fifo' with formal parameter declaration list in ../source_code/rtl/udp/tx_client_fifo.v(56)
HDL-5370 WARNING: parameter 'QUEUE_ACK_s' becomes localparam in 'tx_client_fifo' with formal parameter declaration list in ../source_code/rtl/udp/tx_client_fifo.v(57)
HDL-5370 WARNING: parameter 'WAIT_ACK_s' becomes localparam in 'tx_client_fifo' with formal parameter declaration list in ../source_code/rtl/udp/tx_client_fifo.v(58)
HDL-5370 WARNING: parameter 'FRAME_s' becomes localparam in 'tx_client_fifo' with formal parameter declaration list in ../source_code/rtl/udp/tx_client_fifo.v(59)
HDL-5370 WARNING: parameter 'DROP_s' becomes localparam in 'tx_client_fifo' with formal parameter declaration list in ../source_code/rtl/udp/tx_client_fifo.v(60)
HDL-5370 WARNING: parameter 'RETRANSMIT_s' becomes localparam in 'tx_client_fifo' with formal parameter declaration list in ../source_code/rtl/udp/tx_client_fifo.v(61)
HDL-5370 WARNING: parameter 'WAIT_s' becomes localparam in 'tx_client_fifo' with formal parameter declaration list in ../source_code/rtl/udp/tx_client_fifo.v(67)
HDL-5370 Similar messages will be suppressed.
HDL-1007 : analyze verilog file ../source_code/rtl/udp/tx_clk_en_gen.v
HDL-1007 : analyze verilog file ../source_code/rtl/udp/udp_data_tpg.v
HDL-1007 : analyze verilog file ../source_code/rtl/udp/udp_ip_protocol_stack_merge.enc.v
HDL-1007 : back to file '../source_code/rtl/udp/udp_ip_protocol_stack_merge.enc.v' in ../source_code/rtl/udp/udp_ip_protocol_stack_merge.enc.v(56)
HDL-1007 : undeclared symbol '**', assumed default net type '**' in ../source_code/rtl/udp/udp_ip_protocol_stack_merge.enc.v(2638)
HDL-1007 : back to file '../source_code/rtl/udp/udp_ip_protocol_stack_merge.enc.v' in ../source_code/rtl/udp/udp_ip_protocol_stack_merge.enc.v(420)
HDL-1007 : analyze verilog file ../source_code/rtl/udp/udp_loopback.v
HDL-1007 : analyze verilog file al_ip/TEMAC_CORE/RTL/include/define.v
HDL-1007 : analyze verilog file al_ip/TEMAC_CORE/RTL/TEMAC_CORE_aead6cd6dadd.v
HDL-5007 WARNING: column 1032 exceeds maximum value 1023 in al_ip/TEMAC_CORE/RTL/TEMAC_CORE_aead6cd6dadd.v(30)
HDL-1007 : back to file 'al_ip/TEMAC_CORE/RTL/TEMAC_CORE_aead6cd6dadd.v' in al_ip/TEMAC_CORE/RTL/TEMAC_CORE_aead6cd6dadd.v(86)
HDL-5007 WARNING: event expressions must result in a singular type in al_ip/TEMAC_CORE/RTL/TEMAC_CORE_aead6cd6dadd.v(3001)
HDL-1007 : undeclared symbol '**', assumed default net type '**' in al_ip/TEMAC_CORE/RTL/TEMAC_CORE_aead6cd6dadd.v(5050)
HDL-1007 : undeclared symbol '**', assumed default net type '**' in al_ip/TEMAC_CORE/RTL/TEMAC_CORE_aead6cd6dadd.v(5458)
HDL-5007 WARNING: column 1035 exceeds maximum value 1023 in al_ip/TEMAC_CORE/RTL/TEMAC_CORE_aead6cd6dadd.v(6001)
HDL-1007 : back to file 'al_ip/TEMAC_CORE/RTL/TEMAC_CORE_aead6cd6dadd.v' in al_ip/TEMAC_CORE/RTL/TEMAC_CORE_aead6cd6dadd.v(260)
HDL-1007 : analyze verilog file al_ip/TEMAC_CORE/RTL/mac_core_aead6cd6dadd.v
HDL-1007 : analyze verilog file al_ip/TEMAC_CORE/TEMAC_CORE.v
HDL-1007 : analyze verilog file al_ip/pll_gen.v
HDL-1007 : undeclared symbol 'pll_gen_open0', assumed default net type 'wire' in al_ip/pll_gen.v(99)
HDL-1007 : undeclared symbol 'pll_gen_open8', assumed default net type 'wire' in al_ip/pll_gen.v(105)
HDL-1007 : undeclared symbol 'pll_gen_open7', assumed default net type 'wire' in al_ip/pll_gen.v(105)
HDL-1007 : undeclared symbol 'pll_gen_open6', assumed default net type 'wire' in al_ip/pll_gen.v(105)
HDL-1007 : undeclared symbol 'pll_gen_open5', assumed default net type 'wire' in al_ip/pll_gen.v(105)
HDL-1007 : undeclared symbol 'pll_gen_open4', assumed default net type 'wire' in al_ip/pll_gen.v(105)
HDL-1007 : undeclared symbol 'pll_gen_open3', assumed default net type 'wire' in al_ip/pll_gen.v(105)
HDL-1007 : undeclared symbol 'pll_gen_open2', assumed default net type 'wire' in al_ip/pll_gen.v(105)
HDL-1007 : undeclared symbol 'pll_gen_open1', assumed default net type 'wire' in al_ip/pll_gen.v(105)
HDL-1007 : analyze verilog file al_ip/sys_pll.v
HDL-1007 : undeclared symbol 'sys_pll_open0', assumed default net type 'wire' in al_ip/sys_pll.v(77)
HDL-1007 : undeclared symbol 'sys_pll_open1', assumed default net type 'wire' in al_ip/sys_pll.v(83)
HDL-1007 : undeclared symbol 'sys_pll_open9', assumed default net type 'wire' in al_ip/sys_pll.v(89)
HDL-1007 : undeclared symbol 'sys_pll_open8', assumed default net type 'wire' in al_ip/sys_pll.v(89)
HDL-1007 : undeclared symbol 'sys_pll_open7', assumed default net type 'wire' in al_ip/sys_pll.v(89)
HDL-1007 : undeclared symbol 'sys_pll_open6', assumed default net type 'wire' in al_ip/sys_pll.v(89)
HDL-1007 : undeclared symbol 'sys_pll_open5', assumed default net type 'wire' in al_ip/sys_pll.v(89)
HDL-1007 : undeclared symbol 'sys_pll_open4', assumed default net type 'wire' in al_ip/sys_pll.v(89)
HDL-1007 : undeclared symbol 'sys_pll_open3', assumed default net type 'wire' in al_ip/sys_pll.v(89)
HDL-1007 : undeclared symbol 'sys_pll_open2', assumed default net type 'wire' in al_ip/sys_pll.v(89)
HDL-1007 : undeclared symbol 'sys_pll_open11', assumed default net type 'wire' in al_ip/sys_pll.v(91)
HDL-1007 : undeclared symbol 'sys_pll_open10', assumed default net type 'wire' in al_ip/sys_pll.v(91)
HDL-1007 : analyze verilog file ../source_code/rtl/sd_card/ax_debounce.v
HDL-1007 : analyze verilog file ../source_code/rtl/sd_card/bmp_read.v
HDL-1007 : analyze verilog file ../source_code/rtl/sd_card/sd_card_bmp.v
HDL-1007 : analyze verilog file ../source_code/rtl/sd_card/sd_card_cmd.v
HDL-1007 : analyze verilog file ../source_code/rtl/sd_card/sd_card_sec_read_write.v
HDL-1007 : analyze verilog file ../source_code/rtl/sd_card/sd_card_top.v
HDL-1007 : analyze verilog file ../source_code/rtl/sd_card/spi_master.v
HDL-1007 : analyze verilog file ../source_code/rtl/sdram/enc_file/global_def.v
HDL-1007 : analyze verilog file ../source_code/rtl/sdram/enc_file/sdr_as_ram.enc.v
HDL-1007 : back to file '../source_code/rtl/sdram/enc_file/sdr_as_ram.enc.v' in ../source_code/rtl/sdram/enc_file/sdr_as_ram.enc.v(54)
HDL-1007 : analyze verilog file ../source_code/rtl/sdram/enc_file/sdr_wrrd.enc.v
HDL-5007 WARNING: concatenation with an unsized literal will be treated as 32 bits in ../source_code/rtl/sdram/enc_file/sdr_wrrd.enc.v(283)
HDL-1007 : back to file '../source_code/rtl/sdram/enc_file/sdr_wrrd.enc.v' in ../source_code/rtl/sdram/enc_file/sdr_wrrd.enc.v(19)
HDL-1007 : analyze verilog file ../source_code/rtl/frame_fifo/afifo_16_32_256.v
HDL-1007 : analyze verilog file ../source_code/rtl/frame_fifo/afifo_32_16_256.v
HDL-1007 : analyze verilog file ../source_code/rtl/frame_fifo/frame_fifo_read.v
HDL-1007 : analyze verilog file ../source_code/rtl/frame_fifo/frame_fifo_write.v
HDL-1007 : analyze verilog file ../source_code/rtl/frame_fifo/frame_read_write.v
HDL-1007 : analyze verilog file ../source_code/rtl/sdram/sdram.v
HDL-1007 : analyze included file ../source_code/rtl/sdram/enc_file/global_def.v in ../source_code/rtl/sdram/sdram.v(10)
HDL-1007 : back to file '../source_code/rtl/sdram/sdram.v' in ../source_code/rtl/sdram/sdram.v(10)
HDL-1007 : undeclared symbol 'SDR_CKE', assumed default net type 'wire' in ../source_code/rtl/sdram/sdram.v(89)
HDL-1007 : analyze verilog file ../source_code/rtl/sdram/enc_file/sdr_init_ref.enc.v
HDL-1007 : analyze included file ../source_code/rtl/sdram/enc_file/global_def.v in ../source_code/rtl/sdram/enc_file/sdr_init_ref.enc.v(11)
HDL-1007 : back to file '../source_code/rtl/sdram/enc_file/sdr_init_ref.enc.v' in ../source_code/rtl/sdram/enc_file/sdr_init_ref.enc.v(11)
HDL-1007 : undeclared symbol '**', assumed default net type '**' in ../source_code/rtl/sdram/enc_file/sdr_init_ref.enc.v(57)
HDL-1007 : back to file '../source_code/rtl/sdram/enc_file/sdr_init_ref.enc.v' in ../source_code/rtl/sdram/enc_file/sdr_init_ref.enc.v(149)
HDL-5007 WARNING: concatenation with an unsized literal will be treated as 32 bits in ../source_code/rtl/sdram/enc_file/sdr_init_ref.enc.v(47)
HDL-1007 : analyze verilog file ../source_code/rtl/video_timing/color_bar.v
HDL-1007 : analyze included file ../source_code/rtl/video_timing/video_define.v in ../source_code/rtl/video_timing/color_bar.v(2)
HDL-1007 : back to file '../source_code/rtl/video_timing/color_bar.v' in ../source_code/rtl/video_timing/color_bar.v(2)
HDL-1007 : analyze verilog file ../source_code/rtl/video_timing/video_delay.v
HDL-1007 : analyze verilog file ../source_code/rtl/video_timing/video_timing_data.v
HDL-1007 : analyze verilog file ../source_code/rtl/another/m_synchronization_header.v
HDL-1007 : analyze verilog file ../source_code/rtl/led.v
HDL-1007 : analyze verilog file ../source_code/rtl/ov5640/cmos_capture_data.v
HDL-1007 : analyze verilog file ../source_code/rtl/ov5640/i2c_dri.v
HDL-1007 : analyze verilog file ../source_code/rtl/ov5640/i2c_ov5640_rgb565_cfg.v
HDL-1007 : analyze verilog file ../source_code/rtl/ov5640/ov5640_delay.v
HDL-1007 : analyze verilog file ../source_code/rtl/ov5640/ov5640_dri.v
HDL-1007 : analyze verilog file ../source_code/rtl/another/fire_detect.v
RUN-1002 : start command "commit_param -step design"
RUN-1001 : Print Global Property
RUN-1001 : --------------------------------------------------------
RUN-1001 :   Parameters   |  Settings  |  Default Values  |  Note  
RUN-1001 : --------------------------------------------------------
RUN-1001 :   enable_seed  |    off     |       off        |        
RUN-1001 :     message    |  standard  |     standard     |        
RUN-1001 :   qor_monitor  |     on     |        on        |        
RUN-1001 :   syn_ip_flow  |    off     |       off        |        
RUN-1001 :     thread     |    auto    |       auto       |        
RUN-1001 : --------------------------------------------------------
RUN-1001 : Print Design Property
RUN-1001 : ----------------------------------------------------------------
RUN-1001 :       Parameters       |  Settings  |  Default Values  |  Note  
RUN-1001 : ----------------------------------------------------------------
RUN-1001 :   default_reg_initial  |    auto    |       auto       |        
RUN-1001 :    hdl_warning_level   |   normal   |      normal      |        
RUN-1001 : ----------------------------------------------------------------
HDL-1007 : analyze verilog file last_attempt.v
HDL-1007 : undeclared symbol 'phy_reset', assumed default net type 'wire' in last_attempt.v(166)
HDL-1007 : undeclared symbol 'Sdr_init_done', assumed default net type 'wire' in last_attempt.v(349)
HDL-7225 CRITICAL-WARNING: 'Sdr_init_done' is already implicitly declared on line 349 in last_attempt.v(392)
HDL-1007 : undeclared symbol 'frame_read_write_req_ack', assumed default net type 'wire' in last_attempt.v(433)
HDL-1007 : undeclared symbol 'tpg_data_done', assumed default net type 'wire' in last_attempt.v(555)
HDL-1007 : undeclared symbol 'full_flag', assumed default net type 'wire' in last_attempt.v(589)
HDL-1007 : undeclared symbol 'input_local_udp_port_num', assumed default net type 'wire' in last_attempt.v(620)
HDL-1007 : undeclared symbol 'input_local_udp_port_num_valid', assumed default net type 'wire' in last_attempt.v(621)
HDL-1007 : undeclared symbol 'input_local_ip_address', assumed default net type 'wire' in last_attempt.v(623)
HDL-1007 : undeclared symbol 'input_local_ip_address_valid', assumed default net type 'wire' in last_attempt.v(624)
HDL-1007 : analyze verilog file ../source_code/rtl/udp/BUFGMUX.v
HDL-1007 : analyze verilog file ../source_code/rtl/udp/IDDR.v
HDL-1007 : analyze verilog file ../source_code/rtl/udp/ODDR.v
HDL-1007 : analyze verilog file ../source_code/rtl/udp/RAMB16_S9_S9.v
HDL-1007 : undeclared symbol 'open', assumed default net type 'wire' in ../source_code/rtl/udp/RAMB16_S9_S9.v(109)
HDL-1007 : analyze verilog file ../source_code/rtl/udp/clk_gen_rst_gen.v
HDL-1007 : analyze verilog file ../source_code/rtl/udp/div_clk_gen.v
HDL-1007 : analyze verilog file ../source_code/rtl/udp/rgmii_interface.v
HDL-1007 : analyze verilog file ../source_code/rtl/udp/rx_client_fifo.v
HDL-5370 WARNING: parameter 'WAIT_s' becomes localparam in 'rx_client_fifo' with formal parameter declaration list in ../source_code/rtl/udp/rx_client_fifo.v(49)
HDL-5370 WARNING: parameter 'QUEUE1_s' becomes localparam in 'rx_client_fifo' with formal parameter declaration list in ../source_code/rtl/udp/rx_client_fifo.v(50)
HDL-5370 WARNING: parameter 'QUEUE2_s' becomes localparam in 'rx_client_fifo' with formal parameter declaration list in ../source_code/rtl/udp/rx_client_fifo.v(51)
HDL-5370 WARNING: parameter 'QUEUE3_s' becomes localparam in 'rx_client_fifo' with formal parameter declaration list in ../source_code/rtl/udp/rx_client_fifo.v(52)
HDL-5370 WARNING: parameter 'QUEUE_SOF_s' becomes localparam in 'rx_client_fifo' with formal parameter declaration list in ../source_code/rtl/udp/rx_client_fifo.v(53)
HDL-5370 WARNING: parameter 'SOF_s' becomes localparam in 'rx_client_fifo' with formal parameter declaration list in ../source_code/rtl/udp/rx_client_fifo.v(54)
HDL-5370 WARNING: parameter 'DATA_s' becomes localparam in 'rx_client_fifo' with formal parameter declaration list in ../source_code/rtl/udp/rx_client_fifo.v(55)
HDL-5370 WARNING: parameter 'EOF_s' becomes localparam in 'rx_client_fifo' with formal parameter declaration list in ../source_code/rtl/udp/rx_client_fifo.v(56)
HDL-5370 WARNING: parameter 'IDLE_s' becomes localparam in 'rx_client_fifo' with formal parameter declaration list in ../source_code/rtl/udp/rx_client_fifo.v(62)
HDL-5370 WARNING: parameter 'FRAME_s' becomes localparam in 'rx_client_fifo' with formal parameter declaration list in ../source_code/rtl/udp/rx_client_fifo.v(63)
HDL-5370 Similar messages will be suppressed.
HDL-1007 : analyze verilog file ../source_code/rtl/udp/temac_block.v
HDL-1007 : analyze verilog file ../source_code/rtl/udp/temac_clk_gen.v
HDL-1007 : analyze verilog file ../source_code/rtl/udp/tx_client_fifo.v
HDL-5370 WARNING: parameter 'IDLE_s' becomes localparam in 'tx_client_fifo' with formal parameter declaration list in ../source_code/rtl/udp/tx_client_fifo.v(53)
HDL-5370 WARNING: parameter 'QUEUE1_s' becomes localparam in 'tx_client_fifo' with formal parameter declaration list in ../source_code/rtl/udp/tx_client_fifo.v(54)
HDL-5370 WARNING: parameter 'QUEUE2_s' becomes localparam in 'tx_client_fifo' with formal parameter declaration list in ../source_code/rtl/udp/tx_client_fifo.v(55)
HDL-5370 WARNING: parameter 'QUEUE3_s' becomes localparam in 'tx_client_fifo' with formal parameter declaration list in ../source_code/rtl/udp/tx_client_fifo.v(56)
HDL-5370 WARNING: parameter 'QUEUE_ACK_s' becomes localparam in 'tx_client_fifo' with formal parameter declaration list in ../source_code/rtl/udp/tx_client_fifo.v(57)
HDL-5370 WARNING: parameter 'WAIT_ACK_s' becomes localparam in 'tx_client_fifo' with formal parameter declaration list in ../source_code/rtl/udp/tx_client_fifo.v(58)
HDL-5370 WARNING: parameter 'FRAME_s' becomes localparam in 'tx_client_fifo' with formal parameter declaration list in ../source_code/rtl/udp/tx_client_fifo.v(59)
HDL-5370 WARNING: parameter 'DROP_s' becomes localparam in 'tx_client_fifo' with formal parameter declaration list in ../source_code/rtl/udp/tx_client_fifo.v(60)
HDL-5370 WARNING: parameter 'RETRANSMIT_s' becomes localparam in 'tx_client_fifo' with formal parameter declaration list in ../source_code/rtl/udp/tx_client_fifo.v(61)
HDL-5370 WARNING: parameter 'WAIT_s' becomes localparam in 'tx_client_fifo' with formal parameter declaration list in ../source_code/rtl/udp/tx_client_fifo.v(67)
HDL-5370 Similar messages will be suppressed.
HDL-1007 : analyze verilog file ../source_code/rtl/udp/tx_clk_en_gen.v
HDL-1007 : analyze verilog file ../source_code/rtl/udp/udp_data_tpg.v
HDL-1007 : analyze verilog file ../source_code/rtl/udp/udp_ip_protocol_stack_merge.enc.v
HDL-1007 : back to file '../source_code/rtl/udp/udp_ip_protocol_stack_merge.enc.v' in ../source_code/rtl/udp/udp_ip_protocol_stack_merge.enc.v(56)
HDL-1007 : undeclared symbol '**', assumed default net type '**' in ../source_code/rtl/udp/udp_ip_protocol_stack_merge.enc.v(2638)
HDL-1007 : back to file '../source_code/rtl/udp/udp_ip_protocol_stack_merge.enc.v' in ../source_code/rtl/udp/udp_ip_protocol_stack_merge.enc.v(420)
HDL-1007 : analyze verilog file ../source_code/rtl/udp/udp_loopback.v
HDL-1007 : analyze verilog file al_ip/TEMAC_CORE/RTL/include/define.v
HDL-1007 : analyze verilog file al_ip/TEMAC_CORE/RTL/TEMAC_CORE_aead6cd6dadd.v
HDL-5007 WARNING: column 1032 exceeds maximum value 1023 in al_ip/TEMAC_CORE/RTL/TEMAC_CORE_aead6cd6dadd.v(30)
HDL-1007 : back to file 'al_ip/TEMAC_CORE/RTL/TEMAC_CORE_aead6cd6dadd.v' in al_ip/TEMAC_CORE/RTL/TEMAC_CORE_aead6cd6dadd.v(86)
HDL-5007 WARNING: event expressions must result in a singular type in al_ip/TEMAC_CORE/RTL/TEMAC_CORE_aead6cd6dadd.v(3001)
HDL-1007 : undeclared symbol '**', assumed default net type '**' in al_ip/TEMAC_CORE/RTL/TEMAC_CORE_aead6cd6dadd.v(5050)
HDL-1007 : undeclared symbol '**', assumed default net type '**' in al_ip/TEMAC_CORE/RTL/TEMAC_CORE_aead6cd6dadd.v(5458)
HDL-5007 WARNING: column 1035 exceeds maximum value 1023 in al_ip/TEMAC_CORE/RTL/TEMAC_CORE_aead6cd6dadd.v(6001)
HDL-1007 : back to file 'al_ip/TEMAC_CORE/RTL/TEMAC_CORE_aead6cd6dadd.v' in al_ip/TEMAC_CORE/RTL/TEMAC_CORE_aead6cd6dadd.v(260)
HDL-1007 : analyze verilog file al_ip/TEMAC_CORE/RTL/mac_core_aead6cd6dadd.v
HDL-1007 : analyze verilog file al_ip/TEMAC_CORE/TEMAC_CORE.v
HDL-1007 : analyze verilog file al_ip/pll_gen.v
HDL-1007 : undeclared symbol 'pll_gen_open0', assumed default net type 'wire' in al_ip/pll_gen.v(99)
HDL-1007 : undeclared symbol 'pll_gen_open8', assumed default net type 'wire' in al_ip/pll_gen.v(105)
HDL-1007 : undeclared symbol 'pll_gen_open7', assumed default net type 'wire' in al_ip/pll_gen.v(105)
HDL-1007 : undeclared symbol 'pll_gen_open6', assumed default net type 'wire' in al_ip/pll_gen.v(105)
HDL-1007 : undeclared symbol 'pll_gen_open5', assumed default net type 'wire' in al_ip/pll_gen.v(105)
HDL-1007 : undeclared symbol 'pll_gen_open4', assumed default net type 'wire' in al_ip/pll_gen.v(105)
HDL-1007 : undeclared symbol 'pll_gen_open3', assumed default net type 'wire' in al_ip/pll_gen.v(105)
HDL-1007 : undeclared symbol 'pll_gen_open2', assumed default net type 'wire' in al_ip/pll_gen.v(105)
HDL-1007 : undeclared symbol 'pll_gen_open1', assumed default net type 'wire' in al_ip/pll_gen.v(105)
HDL-1007 : analyze verilog file al_ip/sys_pll.v
HDL-1007 : undeclared symbol 'sys_pll_open0', assumed default net type 'wire' in al_ip/sys_pll.v(77)
HDL-1007 : undeclared symbol 'sys_pll_open1', assumed default net type 'wire' in al_ip/sys_pll.v(83)
HDL-1007 : undeclared symbol 'sys_pll_open9', assumed default net type 'wire' in al_ip/sys_pll.v(89)
HDL-1007 : undeclared symbol 'sys_pll_open8', assumed default net type 'wire' in al_ip/sys_pll.v(89)
HDL-1007 : undeclared symbol 'sys_pll_open7', assumed default net type 'wire' in al_ip/sys_pll.v(89)
HDL-1007 : undeclared symbol 'sys_pll_open6', assumed default net type 'wire' in al_ip/sys_pll.v(89)
HDL-1007 : undeclared symbol 'sys_pll_open5', assumed default net type 'wire' in al_ip/sys_pll.v(89)
HDL-1007 : undeclared symbol 'sys_pll_open4', assumed default net type 'wire' in al_ip/sys_pll.v(89)
HDL-1007 : undeclared symbol 'sys_pll_open3', assumed default net type 'wire' in al_ip/sys_pll.v(89)
HDL-1007 : undeclared symbol 'sys_pll_open2', assumed default net type 'wire' in al_ip/sys_pll.v(89)
HDL-1007 : undeclared symbol 'sys_pll_open11', assumed default net type 'wire' in al_ip/sys_pll.v(91)
HDL-1007 : undeclared symbol 'sys_pll_open10', assumed default net type 'wire' in al_ip/sys_pll.v(91)
HDL-1007 : analyze verilog file ../source_code/rtl/sd_card/ax_debounce.v
HDL-1007 : analyze verilog file ../source_code/rtl/sd_card/bmp_read.v
HDL-1007 : analyze verilog file ../source_code/rtl/sd_card/sd_card_bmp.v
HDL-1007 : analyze verilog file ../source_code/rtl/sd_card/sd_card_cmd.v
HDL-1007 : analyze verilog file ../source_code/rtl/sd_card/sd_card_sec_read_write.v
HDL-1007 : analyze verilog file ../source_code/rtl/sd_card/sd_card_top.v
HDL-1007 : analyze verilog file ../source_code/rtl/sd_card/spi_master.v
HDL-1007 : analyze verilog file ../source_code/rtl/sdram/enc_file/global_def.v
HDL-1007 : analyze verilog file ../source_code/rtl/sdram/enc_file/sdr_as_ram.enc.v
HDL-1007 : back to file '../source_code/rtl/sdram/enc_file/sdr_as_ram.enc.v' in ../source_code/rtl/sdram/enc_file/sdr_as_ram.enc.v(54)
HDL-1007 : analyze verilog file ../source_code/rtl/sdram/enc_file/sdr_wrrd.enc.v
HDL-5007 WARNING: concatenation with an unsized literal will be treated as 32 bits in ../source_code/rtl/sdram/enc_file/sdr_wrrd.enc.v(283)
HDL-1007 : back to file '../source_code/rtl/sdram/enc_file/sdr_wrrd.enc.v' in ../source_code/rtl/sdram/enc_file/sdr_wrrd.enc.v(19)
HDL-1007 : analyze verilog file ../source_code/rtl/frame_fifo/afifo_16_32_256.v
HDL-1007 : analyze verilog file ../source_code/rtl/frame_fifo/afifo_32_16_256.v
HDL-1007 : analyze verilog file ../source_code/rtl/frame_fifo/frame_fifo_read.v
HDL-1007 : analyze verilog file ../source_code/rtl/frame_fifo/frame_fifo_write.v
HDL-1007 : analyze verilog file ../source_code/rtl/frame_fifo/frame_read_write.v
HDL-1007 : analyze verilog file ../source_code/rtl/sdram/sdram.v
HDL-1007 : analyze included file ../source_code/rtl/sdram/enc_file/global_def.v in ../source_code/rtl/sdram/sdram.v(10)
HDL-1007 : back to file '../source_code/rtl/sdram/sdram.v' in ../source_code/rtl/sdram/sdram.v(10)
HDL-1007 : undeclared symbol 'SDR_CKE', assumed default net type 'wire' in ../source_code/rtl/sdram/sdram.v(89)
HDL-1007 : analyze verilog file ../source_code/rtl/sdram/enc_file/sdr_init_ref.enc.v
HDL-1007 : analyze included file ../source_code/rtl/sdram/enc_file/global_def.v in ../source_code/rtl/sdram/enc_file/sdr_init_ref.enc.v(11)
HDL-1007 : back to file '../source_code/rtl/sdram/enc_file/sdr_init_ref.enc.v' in ../source_code/rtl/sdram/enc_file/sdr_init_ref.enc.v(11)
HDL-1007 : undeclared symbol '**', assumed default net type '**' in ../source_code/rtl/sdram/enc_file/sdr_init_ref.enc.v(57)
HDL-1007 : back to file '../source_code/rtl/sdram/enc_file/sdr_init_ref.enc.v' in ../source_code/rtl/sdram/enc_file/sdr_init_ref.enc.v(149)
HDL-5007 WARNING: concatenation with an unsized literal will be treated as 32 bits in ../source_code/rtl/sdram/enc_file/sdr_init_ref.enc.v(47)
HDL-1007 : analyze verilog file ../source_code/rtl/video_timing/color_bar.v
HDL-1007 : analyze included file ../source_code/rtl/video_timing/video_define.v in ../source_code/rtl/video_timing/color_bar.v(2)
HDL-1007 : back to file '../source_code/rtl/video_timing/color_bar.v' in ../source_code/rtl/video_timing/color_bar.v(2)
HDL-1007 : analyze verilog file ../source_code/rtl/video_timing/video_delay.v
HDL-1007 : analyze verilog file ../source_code/rtl/video_timing/video_timing_data.v
HDL-1007 : analyze verilog file ../source_code/rtl/another/m_synchronization_header.v
HDL-1007 : analyze verilog file ../source_code/rtl/led.v
HDL-1007 : analyze verilog file ../source_code/rtl/ov5640/cmos_capture_data.v
HDL-1007 : analyze verilog file ../source_code/rtl/ov5640/i2c_dri.v
HDL-1007 : analyze verilog file ../source_code/rtl/ov5640/i2c_ov5640_rgb565_cfg.v
HDL-1007 : analyze verilog file ../source_code/rtl/ov5640/ov5640_delay.v
HDL-1007 : analyze verilog file ../source_code/rtl/ov5640/ov5640_dri.v
HDL-1007 : analyze verilog file ../source_code/rtl/another/fire_detect.v
PRJ-1412 : reset_run syn_1 phy_1.
PRJ-1409 : launch_runs syn_1 phy_1  -jobs 6.
PRJ-1410 : Run syn_1 success.
PRJ-1410 : Run phy_1 success.
RUN-1002 : start command "save_best_bits"
PRJ-1424 : The implemented result of phy_1 is saved as best result.
RUN-1002 : start command "import_db D:/FPGA/workplace6_2_1/last/prj/last_attempt_Runs/phy_1/last_attempt_pr.db"
RUN-1001 : Importing database generated by Tang Dynasty, V6.2.168116.
RUN-1001 : Database version number 46207
RUN-1001 : Import flow parameters
RUN-1001 : Import netlist
PHY-1001 : Generate detailed routing grids ...
PHY-1001 : End build routing graph; 0.464777s wall, 0.406250s user + 0.093750s system = 0.500000s CPU (107.6%)

PHY-1001 : Build lut bridge;  0.051710s wall, 0.046875s user + 0.000000s system = 0.046875s CPU (90.6%)

PHY-1001 : Generate nets ...
PHY-1001 : net clk_50_dup_1 will be routed on clock mesh
PHY-1001 : clock net temac_clk will be merged with clock u_clk_gen/u_pll_0/clk0_buf
PHY-1001 : net udp_clk will be routed on clock mesh
PHY-1001 : net U3/u2_ram/SDRAM_CLK will be routed on clock mesh
PHY-1001 : net U3/u2_ram/u1_init_ref/Sdr_clk will be routed on clock mesh
PHY-1001 : clock net u_ov5640_dri/u_i2c_dr/dri_clk_syn_4 will be merged with clock u_ov5640_dri/u_i2c_dr/dri_clk
PHY-1001 : clock net u2_udp_loopback/app_tx_data_read_syn_4 will be merged with clock u2_udp_loopback/app_tx_data_read
PHY-1001 : clock net frame_read_write_m0/write_buf/clkw_syn_2 will be merged with clock frame_read_write_m0/write_buf/clkw
PHY-1001 : clock net sd_card_bmp_m0/bmp_read_m0/clk will be merged with clock tf0_sys_pll/clk0_buf
PHY-1001 : net u4_trimac_block/u1_rgmii_interface/rgmii_txc_ddr/clk will be routed on clock mesh
PHY-1001 : clock net u4_trimac_block/rx_clk will be merged with clock phy1_rgmii_rx_clk_dup_1
PHY-1001 : eco open net = 0
PHY-1001 : 187 feed throughs used by 160 nets
RUN-1001 : Import phy database
RUN-1001 : Import timing constraints
RUN-1001 : Import IO constraints
RUN-1001 : Import Inst constraints
RUN-1001 : Import ChipWatcher
RUN-1001 : Import design success TD_VERSION=6.2.168116 , DB_VERSION=46207
RUN-1003 : finish command "import_db D:/FPGA/workplace6_2_1/last/prj/last_attempt_Runs/phy_1/last_attempt_pr.db" in  2.767349s wall, 2.484375s user + 0.296875s system = 2.781250s CPU (100.5%)

RUN-1004 : used memory is 746 MB, reserved memory is 675 MB, peak memory is 814 MB
RUN-1002 : start command "commit_param -step design"
RUN-1001 : Print Global Property
RUN-1001 : --------------------------------------------------------
RUN-1001 :   Parameters   |  Settings  |  Default Values  |  Note  
RUN-1001 : --------------------------------------------------------
RUN-1001 :   enable_seed  |    off     |       off        |        
RUN-1001 :     message    |  standard  |     standard     |        
RUN-1001 :   qor_monitor  |     on     |        on        |        
RUN-1001 :   syn_ip_flow  |    off     |       off        |        
RUN-1001 :     thread     |    auto    |       auto       |        
RUN-1001 : --------------------------------------------------------
RUN-1001 : Print Design Property
RUN-1001 : ----------------------------------------------------------------
RUN-1001 :       Parameters       |  Settings  |  Default Values  |  Note  
RUN-1001 : ----------------------------------------------------------------
RUN-1001 :   default_reg_initial  |    auto    |       auto       |        
RUN-1001 :    hdl_warning_level   |   normal   |      normal      |        
RUN-1001 : ----------------------------------------------------------------
HDL-1007 : analyze verilog file last_attempt.v
HDL-1007 : undeclared symbol 'phy_reset', assumed default net type 'wire' in last_attempt.v(166)
HDL-1007 : undeclared symbol 'Sdr_init_done', assumed default net type 'wire' in last_attempt.v(349)
HDL-7225 CRITICAL-WARNING: 'Sdr_init_done' is already implicitly declared on line 349 in last_attempt.v(392)
HDL-1007 : undeclared symbol 'tpg_data_done', assumed default net type 'wire' in last_attempt.v(555)
HDL-1007 : undeclared symbol 'full_flag', assumed default net type 'wire' in last_attempt.v(589)
HDL-1007 : undeclared symbol 'input_local_udp_port_num', assumed default net type 'wire' in last_attempt.v(620)
HDL-1007 : undeclared symbol 'input_local_udp_port_num_valid', assumed default net type 'wire' in last_attempt.v(621)
HDL-1007 : undeclared symbol 'input_local_ip_address', assumed default net type 'wire' in last_attempt.v(623)
HDL-1007 : undeclared symbol 'input_local_ip_address_valid', assumed default net type 'wire' in last_attempt.v(624)
HDL-1007 : analyze verilog file ../source_code/rtl/udp/BUFGMUX.v
HDL-1007 : analyze verilog file ../source_code/rtl/udp/IDDR.v
HDL-1007 : analyze verilog file ../source_code/rtl/udp/ODDR.v
HDL-1007 : analyze verilog file ../source_code/rtl/udp/RAMB16_S9_S9.v
HDL-1007 : undeclared symbol 'open', assumed default net type 'wire' in ../source_code/rtl/udp/RAMB16_S9_S9.v(109)
HDL-1007 : analyze verilog file ../source_code/rtl/udp/clk_gen_rst_gen.v
HDL-1007 : analyze verilog file ../source_code/rtl/udp/div_clk_gen.v
HDL-1007 : analyze verilog file ../source_code/rtl/udp/rgmii_interface.v
HDL-1007 : analyze verilog file ../source_code/rtl/udp/rx_client_fifo.v
HDL-5370 WARNING: parameter 'WAIT_s' becomes localparam in 'rx_client_fifo' with formal parameter declaration list in ../source_code/rtl/udp/rx_client_fifo.v(49)
HDL-5370 WARNING: parameter 'QUEUE1_s' becomes localparam in 'rx_client_fifo' with formal parameter declaration list in ../source_code/rtl/udp/rx_client_fifo.v(50)
HDL-5370 WARNING: parameter 'QUEUE2_s' becomes localparam in 'rx_client_fifo' with formal parameter declaration list in ../source_code/rtl/udp/rx_client_fifo.v(51)
HDL-5370 WARNING: parameter 'QUEUE3_s' becomes localparam in 'rx_client_fifo' with formal parameter declaration list in ../source_code/rtl/udp/rx_client_fifo.v(52)
HDL-5370 WARNING: parameter 'QUEUE_SOF_s' becomes localparam in 'rx_client_fifo' with formal parameter declaration list in ../source_code/rtl/udp/rx_client_fifo.v(53)
HDL-5370 WARNING: parameter 'SOF_s' becomes localparam in 'rx_client_fifo' with formal parameter declaration list in ../source_code/rtl/udp/rx_client_fifo.v(54)
HDL-5370 WARNING: parameter 'DATA_s' becomes localparam in 'rx_client_fifo' with formal parameter declaration list in ../source_code/rtl/udp/rx_client_fifo.v(55)
HDL-5370 WARNING: parameter 'EOF_s' becomes localparam in 'rx_client_fifo' with formal parameter declaration list in ../source_code/rtl/udp/rx_client_fifo.v(56)
HDL-5370 WARNING: parameter 'IDLE_s' becomes localparam in 'rx_client_fifo' with formal parameter declaration list in ../source_code/rtl/udp/rx_client_fifo.v(62)
HDL-5370 WARNING: parameter 'FRAME_s' becomes localparam in 'rx_client_fifo' with formal parameter declaration list in ../source_code/rtl/udp/rx_client_fifo.v(63)
HDL-5370 Similar messages will be suppressed.
HDL-1007 : analyze verilog file ../source_code/rtl/udp/temac_block.v
HDL-1007 : analyze verilog file ../source_code/rtl/udp/temac_clk_gen.v
HDL-1007 : analyze verilog file ../source_code/rtl/udp/tx_client_fifo.v
HDL-5370 WARNING: parameter 'IDLE_s' becomes localparam in 'tx_client_fifo' with formal parameter declaration list in ../source_code/rtl/udp/tx_client_fifo.v(53)
HDL-5370 WARNING: parameter 'QUEUE1_s' becomes localparam in 'tx_client_fifo' with formal parameter declaration list in ../source_code/rtl/udp/tx_client_fifo.v(54)
HDL-5370 WARNING: parameter 'QUEUE2_s' becomes localparam in 'tx_client_fifo' with formal parameter declaration list in ../source_code/rtl/udp/tx_client_fifo.v(55)
HDL-5370 WARNING: parameter 'QUEUE3_s' becomes localparam in 'tx_client_fifo' with formal parameter declaration list in ../source_code/rtl/udp/tx_client_fifo.v(56)
HDL-5370 WARNING: parameter 'QUEUE_ACK_s' becomes localparam in 'tx_client_fifo' with formal parameter declaration list in ../source_code/rtl/udp/tx_client_fifo.v(57)
HDL-5370 WARNING: parameter 'WAIT_ACK_s' becomes localparam in 'tx_client_fifo' with formal parameter declaration list in ../source_code/rtl/udp/tx_client_fifo.v(58)
HDL-5370 WARNING: parameter 'FRAME_s' becomes localparam in 'tx_client_fifo' with formal parameter declaration list in ../source_code/rtl/udp/tx_client_fifo.v(59)
HDL-5370 WARNING: parameter 'DROP_s' becomes localparam in 'tx_client_fifo' with formal parameter declaration list in ../source_code/rtl/udp/tx_client_fifo.v(60)
HDL-5370 WARNING: parameter 'RETRANSMIT_s' becomes localparam in 'tx_client_fifo' with formal parameter declaration list in ../source_code/rtl/udp/tx_client_fifo.v(61)
HDL-5370 WARNING: parameter 'WAIT_s' becomes localparam in 'tx_client_fifo' with formal parameter declaration list in ../source_code/rtl/udp/tx_client_fifo.v(67)
HDL-5370 Similar messages will be suppressed.
HDL-1007 : analyze verilog file ../source_code/rtl/udp/tx_clk_en_gen.v
HDL-1007 : analyze verilog file ../source_code/rtl/udp/udp_data_tpg.v
HDL-1007 : analyze verilog file ../source_code/rtl/udp/udp_ip_protocol_stack_merge.enc.v
HDL-1007 : back to file '../source_code/rtl/udp/udp_ip_protocol_stack_merge.enc.v' in ../source_code/rtl/udp/udp_ip_protocol_stack_merge.enc.v(56)
HDL-1007 : undeclared symbol '**', assumed default net type '**' in ../source_code/rtl/udp/udp_ip_protocol_stack_merge.enc.v(2638)
HDL-1007 : back to file '../source_code/rtl/udp/udp_ip_protocol_stack_merge.enc.v' in ../source_code/rtl/udp/udp_ip_protocol_stack_merge.enc.v(420)
HDL-1007 : analyze verilog file ../source_code/rtl/udp/udp_loopback.v
HDL-1007 : analyze verilog file al_ip/TEMAC_CORE/RTL/include/define.v
HDL-1007 : analyze verilog file al_ip/TEMAC_CORE/RTL/TEMAC_CORE_aead6cd6dadd.v
HDL-5007 WARNING: column 1032 exceeds maximum value 1023 in al_ip/TEMAC_CORE/RTL/TEMAC_CORE_aead6cd6dadd.v(30)
HDL-1007 : back to file 'al_ip/TEMAC_CORE/RTL/TEMAC_CORE_aead6cd6dadd.v' in al_ip/TEMAC_CORE/RTL/TEMAC_CORE_aead6cd6dadd.v(86)
HDL-5007 WARNING: event expressions must result in a singular type in al_ip/TEMAC_CORE/RTL/TEMAC_CORE_aead6cd6dadd.v(3001)
HDL-1007 : undeclared symbol '**', assumed default net type '**' in al_ip/TEMAC_CORE/RTL/TEMAC_CORE_aead6cd6dadd.v(5050)
HDL-1007 : undeclared symbol '**', assumed default net type '**' in al_ip/TEMAC_CORE/RTL/TEMAC_CORE_aead6cd6dadd.v(5458)
HDL-5007 WARNING: column 1035 exceeds maximum value 1023 in al_ip/TEMAC_CORE/RTL/TEMAC_CORE_aead6cd6dadd.v(6001)
HDL-1007 : back to file 'al_ip/TEMAC_CORE/RTL/TEMAC_CORE_aead6cd6dadd.v' in al_ip/TEMAC_CORE/RTL/TEMAC_CORE_aead6cd6dadd.v(260)
HDL-1007 : analyze verilog file al_ip/TEMAC_CORE/RTL/mac_core_aead6cd6dadd.v
HDL-1007 : analyze verilog file al_ip/TEMAC_CORE/TEMAC_CORE.v
HDL-1007 : analyze verilog file al_ip/pll_gen.v
HDL-1007 : undeclared symbol 'pll_gen_open0', assumed default net type 'wire' in al_ip/pll_gen.v(99)
HDL-1007 : undeclared symbol 'pll_gen_open8', assumed default net type 'wire' in al_ip/pll_gen.v(105)
HDL-1007 : undeclared symbol 'pll_gen_open7', assumed default net type 'wire' in al_ip/pll_gen.v(105)
HDL-1007 : undeclared symbol 'pll_gen_open6', assumed default net type 'wire' in al_ip/pll_gen.v(105)
HDL-1007 : undeclared symbol 'pll_gen_open5', assumed default net type 'wire' in al_ip/pll_gen.v(105)
HDL-1007 : undeclared symbol 'pll_gen_open4', assumed default net type 'wire' in al_ip/pll_gen.v(105)
HDL-1007 : undeclared symbol 'pll_gen_open3', assumed default net type 'wire' in al_ip/pll_gen.v(105)
HDL-1007 : undeclared symbol 'pll_gen_open2', assumed default net type 'wire' in al_ip/pll_gen.v(105)
HDL-1007 : undeclared symbol 'pll_gen_open1', assumed default net type 'wire' in al_ip/pll_gen.v(105)
HDL-1007 : analyze verilog file al_ip/sys_pll.v
HDL-1007 : undeclared symbol 'sys_pll_open0', assumed default net type 'wire' in al_ip/sys_pll.v(77)
HDL-1007 : undeclared symbol 'sys_pll_open1', assumed default net type 'wire' in al_ip/sys_pll.v(83)
HDL-1007 : undeclared symbol 'sys_pll_open9', assumed default net type 'wire' in al_ip/sys_pll.v(89)
HDL-1007 : undeclared symbol 'sys_pll_open8', assumed default net type 'wire' in al_ip/sys_pll.v(89)
HDL-1007 : undeclared symbol 'sys_pll_open7', assumed default net type 'wire' in al_ip/sys_pll.v(89)
HDL-1007 : undeclared symbol 'sys_pll_open6', assumed default net type 'wire' in al_ip/sys_pll.v(89)
HDL-1007 : undeclared symbol 'sys_pll_open5', assumed default net type 'wire' in al_ip/sys_pll.v(89)
HDL-1007 : undeclared symbol 'sys_pll_open4', assumed default net type 'wire' in al_ip/sys_pll.v(89)
HDL-1007 : undeclared symbol 'sys_pll_open3', assumed default net type 'wire' in al_ip/sys_pll.v(89)
HDL-1007 : undeclared symbol 'sys_pll_open2', assumed default net type 'wire' in al_ip/sys_pll.v(89)
HDL-1007 : undeclared symbol 'sys_pll_open11', assumed default net type 'wire' in al_ip/sys_pll.v(91)
HDL-1007 : undeclared symbol 'sys_pll_open10', assumed default net type 'wire' in al_ip/sys_pll.v(91)
HDL-1007 : analyze verilog file ../source_code/rtl/sd_card/ax_debounce.v
HDL-1007 : analyze verilog file ../source_code/rtl/sd_card/bmp_read.v
HDL-1007 : analyze verilog file ../source_code/rtl/sd_card/sd_card_bmp.v
HDL-1007 : analyze verilog file ../source_code/rtl/sd_card/sd_card_cmd.v
HDL-1007 : analyze verilog file ../source_code/rtl/sd_card/sd_card_sec_read_write.v
HDL-1007 : analyze verilog file ../source_code/rtl/sd_card/sd_card_top.v
HDL-1007 : analyze verilog file ../source_code/rtl/sd_card/spi_master.v
HDL-1007 : analyze verilog file ../source_code/rtl/sdram/enc_file/global_def.v
HDL-1007 : analyze verilog file ../source_code/rtl/sdram/enc_file/sdr_as_ram.enc.v
HDL-1007 : back to file '../source_code/rtl/sdram/enc_file/sdr_as_ram.enc.v' in ../source_code/rtl/sdram/enc_file/sdr_as_ram.enc.v(54)
HDL-1007 : analyze verilog file ../source_code/rtl/sdram/enc_file/sdr_wrrd.enc.v
HDL-5007 WARNING: concatenation with an unsized literal will be treated as 32 bits in ../source_code/rtl/sdram/enc_file/sdr_wrrd.enc.v(283)
HDL-1007 : back to file '../source_code/rtl/sdram/enc_file/sdr_wrrd.enc.v' in ../source_code/rtl/sdram/enc_file/sdr_wrrd.enc.v(19)
HDL-1007 : analyze verilog file ../source_code/rtl/frame_fifo/afifo_16_32_256.v
HDL-1007 : analyze verilog file ../source_code/rtl/frame_fifo/afifo_32_16_256.v
HDL-1007 : analyze verilog file ../source_code/rtl/frame_fifo/frame_fifo_read.v
HDL-1007 : analyze verilog file ../source_code/rtl/frame_fifo/frame_fifo_write.v
HDL-1007 : analyze verilog file ../source_code/rtl/frame_fifo/frame_read_write.v
HDL-1007 : analyze verilog file ../source_code/rtl/sdram/sdram.v
HDL-1007 : analyze included file ../source_code/rtl/sdram/enc_file/global_def.v in ../source_code/rtl/sdram/sdram.v(10)
HDL-1007 : back to file '../source_code/rtl/sdram/sdram.v' in ../source_code/rtl/sdram/sdram.v(10)
HDL-1007 : undeclared symbol 'SDR_CKE', assumed default net type 'wire' in ../source_code/rtl/sdram/sdram.v(89)
HDL-1007 : analyze verilog file ../source_code/rtl/sdram/enc_file/sdr_init_ref.enc.v
HDL-1007 : analyze included file ../source_code/rtl/sdram/enc_file/global_def.v in ../source_code/rtl/sdram/enc_file/sdr_init_ref.enc.v(11)
HDL-1007 : back to file '../source_code/rtl/sdram/enc_file/sdr_init_ref.enc.v' in ../source_code/rtl/sdram/enc_file/sdr_init_ref.enc.v(11)
HDL-1007 : undeclared symbol '**', assumed default net type '**' in ../source_code/rtl/sdram/enc_file/sdr_init_ref.enc.v(57)
HDL-1007 : back to file '../source_code/rtl/sdram/enc_file/sdr_init_ref.enc.v' in ../source_code/rtl/sdram/enc_file/sdr_init_ref.enc.v(149)
HDL-5007 WARNING: concatenation with an unsized literal will be treated as 32 bits in ../source_code/rtl/sdram/enc_file/sdr_init_ref.enc.v(47)
HDL-1007 : analyze verilog file ../source_code/rtl/video_timing/color_bar.v
HDL-1007 : analyze included file ../source_code/rtl/video_timing/video_define.v in ../source_code/rtl/video_timing/color_bar.v(2)
HDL-1007 : back to file '../source_code/rtl/video_timing/color_bar.v' in ../source_code/rtl/video_timing/color_bar.v(2)
HDL-1007 : analyze verilog file ../source_code/rtl/video_timing/video_delay.v
HDL-1007 : analyze verilog file ../source_code/rtl/video_timing/video_timing_data.v
HDL-1007 : analyze verilog file ../source_code/rtl/another/m_synchronization_header.v
HDL-1007 : analyze verilog file ../source_code/rtl/led.v
HDL-1007 : analyze verilog file ../source_code/rtl/ov5640/cmos_capture_data.v
HDL-1007 : analyze verilog file ../source_code/rtl/ov5640/i2c_dri.v
HDL-1007 : analyze verilog file ../source_code/rtl/ov5640/i2c_ov5640_rgb565_cfg.v
HDL-1007 : analyze verilog file ../source_code/rtl/ov5640/ov5640_delay.v
HDL-1007 : analyze verilog file ../source_code/rtl/ov5640/ov5640_dri.v
HDL-1007 : analyze verilog file ../source_code/rtl/another/fire_detect.v
PRJ-1412 : reset_run syn_1 phy_1.
PRJ-1409 : launch_runs syn_1 phy_1  -jobs 6.
PRJ-1410 : Run syn_1 success.
PRJ-1410 : Run phy_1 success.
RUN-1002 : start command "save_best_bits"
PRJ-1424 : The implemented result of phy_1 is saved as best result.
RUN-1002 : start command "import_db D:/FPGA/workplace6_2_1/last/prj/last_attempt_Runs/phy_1/last_attempt_pr.db"
RUN-1001 : Importing database generated by Tang Dynasty, V6.2.168116.
RUN-1001 : Database version number 46207
RUN-1001 : Import flow parameters
RUN-1001 : Import netlist
PHY-1001 : Generate detailed routing grids ...
PHY-1001 : End build routing graph; 0.469119s wall, 0.421875s user + 0.062500s system = 0.484375s CPU (103.3%)

PHY-1001 : Build lut bridge;  0.052893s wall, 0.046875s user + 0.015625s system = 0.062500s CPU (118.2%)

PHY-1001 : Generate nets ...
PHY-1001 : net clk_50_dup_1 will be routed on clock mesh
PHY-1001 : clock net temac_clk will be merged with clock u_clk_gen/u_pll_0/clk0_buf
PHY-1001 : net udp_clk will be routed on clock mesh
PHY-1001 : net U3/u2_ram/SDRAM_CLK will be routed on clock mesh
PHY-1001 : net U3/u2_ram/u1_init_ref/Sdr_clk will be routed on clock mesh
PHY-1001 : clock net u_ov5640_dri/u_i2c_dr/dri_clk_syn_4 will be merged with clock u_ov5640_dri/u_i2c_dr/dri_clk
PHY-1001 : clock net u2_udp_loopback/app_tx_data_read_syn_4 will be merged with clock u2_udp_loopback/app_tx_data_read
PHY-1001 : clock net frame_read_write_m0/write_buf/clkw_syn_2 will be merged with clock frame_read_write_m0/write_buf/clkw
PHY-1001 : clock net sd_card_bmp_m0/bmp_read_m0/clk will be merged with clock tf0_sys_pll/clk0_buf
PHY-1001 : net u4_trimac_block/u1_rgmii_interface/rgmii_txc_ddr/clk will be routed on clock mesh
PHY-1001 : clock net u4_trimac_block/rx_clk will be merged with clock phy1_rgmii_rx_clk_dup_1
PHY-1001 : eco open net = 0
PHY-1001 : 187 feed throughs used by 160 nets
RUN-1001 : Import phy database
RUN-1001 : Import timing constraints
RUN-1001 : Import IO constraints
RUN-1001 : Import Inst constraints
RUN-1001 : Import ChipWatcher
RUN-1001 : Import design success TD_VERSION=6.2.168116 , DB_VERSION=46207
RUN-1003 : finish command "import_db D:/FPGA/workplace6_2_1/last/prj/last_attempt_Runs/phy_1/last_attempt_pr.db" in  2.824152s wall, 2.546875s user + 0.312500s system = 2.859375s CPU (101.2%)

RUN-1004 : used memory is 752 MB, reserved memory is 683 MB, peak memory is 819 MB
PRJ-1412 : reset_run phy_1.
PRJ-1411 : launch_runs phy_1 -step bitgen.
PRJ-1416 : stop_run syn_1.
PRJ-1416 : stop_run phy_1.
RUN-1002 : start command "save_best_bits"
PRJ-1410 : Run phy_1 success.
RUN-1002 : start command "import_db D:/FPGA/workplace6_2_1/last/prj/last_attempt_Runs/syn_1/last_attempt_gate.db"
RUN-1001 : Importing database generated by Tang Dynasty, V6.2.168116.
RUN-1001 : Database version number 46207
RUN-1001 : Import flow parameters
RUN-1001 : Import netlist
RUN-1001 : Import timing constraints
RUN-1001 : Import IO constraints
RUN-1001 : Import Inst constraints
RUN-1001 : Import ChipWatcher
RUN-1001 : Import design success TD_VERSION=6.2.168116 , DB_VERSION=46207
PRJ-1412 : reset_run syn_1 phy_1.
PRJ-1409 : launch_runs syn_1 phy_1  -jobs 6.
PRJ-1410 : Run syn_1 success.
PRJ-1410 : Run phy_1 success.
RUN-1002 : start command "save_best_bits"
PRJ-1424 : The implemented result of phy_1 is saved as best result.
RUN-1002 : start command "import_db D:/FPGA/workplace6_2_1/last/prj/last_attempt_Runs/phy_1/last_attempt_pr.db"
RUN-1001 : Importing database generated by Tang Dynasty, V6.2.168116.
RUN-1001 : Database version number 46207
RUN-1001 : Import flow parameters
RUN-1001 : Import netlist
PHY-1001 : Generate detailed routing grids ...
PHY-1001 : End build routing graph; 0.476428s wall, 0.468750s user + 0.000000s system = 0.468750s CPU (98.4%)

PHY-1001 : Build lut bridge;  0.055831s wall, 0.062500s user + 0.015625s system = 0.078125s CPU (139.9%)

PHY-1001 : Generate nets ...
PHY-1001 : net clk_50_dup_1 will be routed on clock mesh
PHY-1001 : clock net temac_clk will be merged with clock u_clk_gen/u_pll_0/clk0_buf
PHY-1001 : net udp_clk will be routed on clock mesh
PHY-1001 : net U3/u2_ram/SDRAM_CLK will be routed on clock mesh
PHY-1001 : net U3/u2_ram/u1_init_ref/Sdr_clk will be routed on clock mesh
PHY-1001 : clock net u_ov5640_dri/u_i2c_dr/dri_clk_syn_4 will be merged with clock u_ov5640_dri/u_i2c_dr/dri_clk
PHY-1001 : clock net u2_udp_loopback/app_tx_data_read_syn_4 will be merged with clock u2_udp_loopback/app_tx_data_read
PHY-1001 : clock net frame_read_write_m0/write_buf/clkw_syn_2 will be merged with clock frame_read_write_m0/write_buf/clkw
PHY-1001 : clock net sd_card_bmp_m0/bmp_read_m0/clk will be merged with clock tf0_sys_pll/clk0_buf
PHY-1001 : net u4_trimac_block/u1_rgmii_interface/rgmii_txc_ddr/clk will be routed on clock mesh
PHY-1001 : clock net u4_trimac_block/rx_clk will be merged with clock phy1_rgmii_rx_clk_dup_1
PHY-1001 : eco open net = 0
PHY-1001 : 187 feed throughs used by 160 nets
RUN-1001 : Import phy database
RUN-1001 : Import timing constraints
RUN-1001 : Import IO constraints
RUN-1001 : Import Inst constraints
RUN-1001 : Import ChipWatcher
RUN-1001 : Import design success TD_VERSION=6.2.168116 , DB_VERSION=46207
RUN-1003 : finish command "import_db D:/FPGA/workplace6_2_1/last/prj/last_attempt_Runs/phy_1/last_attempt_pr.db" in  2.696669s wall, 2.421875s user + 0.328125s system = 2.750000s CPU (102.0%)

RUN-1004 : used memory is 799 MB, reserved memory is 740 MB, peak memory is 834 MB
RUN-1002 : start command "commit_param -step design"
RUN-1001 : Print Global Property
RUN-1001 : --------------------------------------------------------
RUN-1001 :   Parameters   |  Settings  |  Default Values  |  Note  
RUN-1001 : --------------------------------------------------------
RUN-1001 :   enable_seed  |    off     |       off        |        
RUN-1001 :     message    |  standard  |     standard     |        
RUN-1001 :   qor_monitor  |     on     |        on        |        
RUN-1001 :   syn_ip_flow  |    off     |       off        |        
RUN-1001 :     thread     |    auto    |       auto       |        
RUN-1001 : --------------------------------------------------------
RUN-1001 : Print Design Property
RUN-1001 : ----------------------------------------------------------------
RUN-1001 :       Parameters       |  Settings  |  Default Values  |  Note  
RUN-1001 : ----------------------------------------------------------------
RUN-1001 :   default_reg_initial  |    auto    |       auto       |        
RUN-1001 :    hdl_warning_level   |   normal   |      normal      |        
RUN-1001 : ----------------------------------------------------------------
HDL-1007 : analyze verilog file last_attempt.v
HDL-1007 : undeclared symbol 'phy_reset', assumed default net type 'wire' in last_attempt.v(166)
HDL-1007 : undeclared symbol 'tpg_data_done', assumed default net type 'wire' in last_attempt.v(556)
HDL-1007 : undeclared symbol 'full_flag', assumed default net type 'wire' in last_attempt.v(590)
HDL-1007 : undeclared symbol 'input_local_udp_port_num', assumed default net type 'wire' in last_attempt.v(621)
HDL-1007 : undeclared symbol 'input_local_udp_port_num_valid', assumed default net type 'wire' in last_attempt.v(622)
HDL-1007 : undeclared symbol 'input_local_ip_address', assumed default net type 'wire' in last_attempt.v(624)
HDL-1007 : undeclared symbol 'input_local_ip_address_valid', assumed default net type 'wire' in last_attempt.v(625)
HDL-1007 : analyze verilog file ../source_code/rtl/udp/BUFGMUX.v
HDL-1007 : analyze verilog file ../source_code/rtl/udp/IDDR.v
HDL-1007 : analyze verilog file ../source_code/rtl/udp/ODDR.v
HDL-1007 : analyze verilog file ../source_code/rtl/udp/RAMB16_S9_S9.v
HDL-1007 : undeclared symbol 'open', assumed default net type 'wire' in ../source_code/rtl/udp/RAMB16_S9_S9.v(109)
HDL-1007 : analyze verilog file ../source_code/rtl/udp/clk_gen_rst_gen.v
HDL-1007 : analyze verilog file ../source_code/rtl/udp/div_clk_gen.v
HDL-1007 : analyze verilog file ../source_code/rtl/udp/rgmii_interface.v
HDL-1007 : analyze verilog file ../source_code/rtl/udp/rx_client_fifo.v
HDL-5370 WARNING: parameter 'WAIT_s' becomes localparam in 'rx_client_fifo' with formal parameter declaration list in ../source_code/rtl/udp/rx_client_fifo.v(49)
HDL-5370 WARNING: parameter 'QUEUE1_s' becomes localparam in 'rx_client_fifo' with formal parameter declaration list in ../source_code/rtl/udp/rx_client_fifo.v(50)
HDL-5370 WARNING: parameter 'QUEUE2_s' becomes localparam in 'rx_client_fifo' with formal parameter declaration list in ../source_code/rtl/udp/rx_client_fifo.v(51)
HDL-5370 WARNING: parameter 'QUEUE3_s' becomes localparam in 'rx_client_fifo' with formal parameter declaration list in ../source_code/rtl/udp/rx_client_fifo.v(52)
HDL-5370 WARNING: parameter 'QUEUE_SOF_s' becomes localparam in 'rx_client_fifo' with formal parameter declaration list in ../source_code/rtl/udp/rx_client_fifo.v(53)
HDL-5370 WARNING: parameter 'SOF_s' becomes localparam in 'rx_client_fifo' with formal parameter declaration list in ../source_code/rtl/udp/rx_client_fifo.v(54)
HDL-5370 WARNING: parameter 'DATA_s' becomes localparam in 'rx_client_fifo' with formal parameter declaration list in ../source_code/rtl/udp/rx_client_fifo.v(55)
HDL-5370 WARNING: parameter 'EOF_s' becomes localparam in 'rx_client_fifo' with formal parameter declaration list in ../source_code/rtl/udp/rx_client_fifo.v(56)
HDL-5370 WARNING: parameter 'IDLE_s' becomes localparam in 'rx_client_fifo' with formal parameter declaration list in ../source_code/rtl/udp/rx_client_fifo.v(62)
HDL-5370 WARNING: parameter 'FRAME_s' becomes localparam in 'rx_client_fifo' with formal parameter declaration list in ../source_code/rtl/udp/rx_client_fifo.v(63)
HDL-5370 Similar messages will be suppressed.
HDL-1007 : analyze verilog file ../source_code/rtl/udp/temac_block.v
HDL-1007 : analyze verilog file ../source_code/rtl/udp/temac_clk_gen.v
HDL-1007 : analyze verilog file ../source_code/rtl/udp/tx_client_fifo.v
HDL-5370 WARNING: parameter 'IDLE_s' becomes localparam in 'tx_client_fifo' with formal parameter declaration list in ../source_code/rtl/udp/tx_client_fifo.v(53)
HDL-5370 WARNING: parameter 'QUEUE1_s' becomes localparam in 'tx_client_fifo' with formal parameter declaration list in ../source_code/rtl/udp/tx_client_fifo.v(54)
HDL-5370 WARNING: parameter 'QUEUE2_s' becomes localparam in 'tx_client_fifo' with formal parameter declaration list in ../source_code/rtl/udp/tx_client_fifo.v(55)
HDL-5370 WARNING: parameter 'QUEUE3_s' becomes localparam in 'tx_client_fifo' with formal parameter declaration list in ../source_code/rtl/udp/tx_client_fifo.v(56)
HDL-5370 WARNING: parameter 'QUEUE_ACK_s' becomes localparam in 'tx_client_fifo' with formal parameter declaration list in ../source_code/rtl/udp/tx_client_fifo.v(57)
HDL-5370 WARNING: parameter 'WAIT_ACK_s' becomes localparam in 'tx_client_fifo' with formal parameter declaration list in ../source_code/rtl/udp/tx_client_fifo.v(58)
HDL-5370 WARNING: parameter 'FRAME_s' becomes localparam in 'tx_client_fifo' with formal parameter declaration list in ../source_code/rtl/udp/tx_client_fifo.v(59)
HDL-5370 WARNING: parameter 'DROP_s' becomes localparam in 'tx_client_fifo' with formal parameter declaration list in ../source_code/rtl/udp/tx_client_fifo.v(60)
HDL-5370 WARNING: parameter 'RETRANSMIT_s' becomes localparam in 'tx_client_fifo' with formal parameter declaration list in ../source_code/rtl/udp/tx_client_fifo.v(61)
HDL-5370 WARNING: parameter 'WAIT_s' becomes localparam in 'tx_client_fifo' with formal parameter declaration list in ../source_code/rtl/udp/tx_client_fifo.v(67)
HDL-5370 Similar messages will be suppressed.
HDL-1007 : analyze verilog file ../source_code/rtl/udp/tx_clk_en_gen.v
HDL-1007 : analyze verilog file ../source_code/rtl/udp/udp_data_tpg.v
HDL-1007 : analyze verilog file ../source_code/rtl/udp/udp_ip_protocol_stack_merge.enc.v
HDL-1007 : back to file '../source_code/rtl/udp/udp_ip_protocol_stack_merge.enc.v' in ../source_code/rtl/udp/udp_ip_protocol_stack_merge.enc.v(56)
HDL-1007 : undeclared symbol '**', assumed default net type '**' in ../source_code/rtl/udp/udp_ip_protocol_stack_merge.enc.v(2638)
HDL-1007 : back to file '../source_code/rtl/udp/udp_ip_protocol_stack_merge.enc.v' in ../source_code/rtl/udp/udp_ip_protocol_stack_merge.enc.v(420)
HDL-1007 : analyze verilog file ../source_code/rtl/udp/udp_loopback.v
HDL-1007 : analyze verilog file al_ip/TEMAC_CORE/RTL/include/define.v
HDL-1007 : analyze verilog file al_ip/TEMAC_CORE/RTL/TEMAC_CORE_aead6cd6dadd.v
HDL-5007 WARNING: column 1032 exceeds maximum value 1023 in al_ip/TEMAC_CORE/RTL/TEMAC_CORE_aead6cd6dadd.v(30)
HDL-1007 : back to file 'al_ip/TEMAC_CORE/RTL/TEMAC_CORE_aead6cd6dadd.v' in al_ip/TEMAC_CORE/RTL/TEMAC_CORE_aead6cd6dadd.v(86)
HDL-5007 WARNING: event expressions must result in a singular type in al_ip/TEMAC_CORE/RTL/TEMAC_CORE_aead6cd6dadd.v(3001)
HDL-1007 : undeclared symbol '**', assumed default net type '**' in al_ip/TEMAC_CORE/RTL/TEMAC_CORE_aead6cd6dadd.v(5050)
HDL-1007 : undeclared symbol '**', assumed default net type '**' in al_ip/TEMAC_CORE/RTL/TEMAC_CORE_aead6cd6dadd.v(5458)
HDL-5007 WARNING: column 1035 exceeds maximum value 1023 in al_ip/TEMAC_CORE/RTL/TEMAC_CORE_aead6cd6dadd.v(6001)
HDL-1007 : back to file 'al_ip/TEMAC_CORE/RTL/TEMAC_CORE_aead6cd6dadd.v' in al_ip/TEMAC_CORE/RTL/TEMAC_CORE_aead6cd6dadd.v(260)
HDL-1007 : analyze verilog file al_ip/TEMAC_CORE/RTL/mac_core_aead6cd6dadd.v
HDL-1007 : analyze verilog file al_ip/TEMAC_CORE/TEMAC_CORE.v
HDL-1007 : analyze verilog file al_ip/pll_gen.v
HDL-1007 : undeclared symbol 'pll_gen_open0', assumed default net type 'wire' in al_ip/pll_gen.v(99)
HDL-1007 : undeclared symbol 'pll_gen_open8', assumed default net type 'wire' in al_ip/pll_gen.v(105)
HDL-1007 : undeclared symbol 'pll_gen_open7', assumed default net type 'wire' in al_ip/pll_gen.v(105)
HDL-1007 : undeclared symbol 'pll_gen_open6', assumed default net type 'wire' in al_ip/pll_gen.v(105)
HDL-1007 : undeclared symbol 'pll_gen_open5', assumed default net type 'wire' in al_ip/pll_gen.v(105)
HDL-1007 : undeclared symbol 'pll_gen_open4', assumed default net type 'wire' in al_ip/pll_gen.v(105)
HDL-1007 : undeclared symbol 'pll_gen_open3', assumed default net type 'wire' in al_ip/pll_gen.v(105)
HDL-1007 : undeclared symbol 'pll_gen_open2', assumed default net type 'wire' in al_ip/pll_gen.v(105)
HDL-1007 : undeclared symbol 'pll_gen_open1', assumed default net type 'wire' in al_ip/pll_gen.v(105)
HDL-1007 : analyze verilog file al_ip/sys_pll.v
HDL-1007 : undeclared symbol 'sys_pll_open0', assumed default net type 'wire' in al_ip/sys_pll.v(77)
HDL-1007 : undeclared symbol 'sys_pll_open1', assumed default net type 'wire' in al_ip/sys_pll.v(83)
HDL-1007 : undeclared symbol 'sys_pll_open9', assumed default net type 'wire' in al_ip/sys_pll.v(89)
HDL-1007 : undeclared symbol 'sys_pll_open8', assumed default net type 'wire' in al_ip/sys_pll.v(89)
HDL-1007 : undeclared symbol 'sys_pll_open7', assumed default net type 'wire' in al_ip/sys_pll.v(89)
HDL-1007 : undeclared symbol 'sys_pll_open6', assumed default net type 'wire' in al_ip/sys_pll.v(89)
HDL-1007 : undeclared symbol 'sys_pll_open5', assumed default net type 'wire' in al_ip/sys_pll.v(89)
HDL-1007 : undeclared symbol 'sys_pll_open4', assumed default net type 'wire' in al_ip/sys_pll.v(89)
HDL-1007 : undeclared symbol 'sys_pll_open3', assumed default net type 'wire' in al_ip/sys_pll.v(89)
HDL-1007 : undeclared symbol 'sys_pll_open2', assumed default net type 'wire' in al_ip/sys_pll.v(89)
HDL-1007 : undeclared symbol 'sys_pll_open11', assumed default net type 'wire' in al_ip/sys_pll.v(91)
HDL-1007 : undeclared symbol 'sys_pll_open10', assumed default net type 'wire' in al_ip/sys_pll.v(91)
HDL-1007 : analyze verilog file ../source_code/rtl/sd_card/ax_debounce.v
HDL-1007 : analyze verilog file ../source_code/rtl/sd_card/bmp_read.v
HDL-1007 : analyze verilog file ../source_code/rtl/sd_card/sd_card_bmp.v
HDL-1007 : analyze verilog file ../source_code/rtl/sd_card/sd_card_cmd.v
HDL-1007 : analyze verilog file ../source_code/rtl/sd_card/sd_card_sec_read_write.v
HDL-1007 : analyze verilog file ../source_code/rtl/sd_card/sd_card_top.v
HDL-1007 : analyze verilog file ../source_code/rtl/sd_card/spi_master.v
HDL-1007 : analyze verilog file ../source_code/rtl/sdram/enc_file/global_def.v
HDL-1007 : analyze verilog file ../source_code/rtl/sdram/enc_file/sdr_as_ram.enc.v
HDL-1007 : back to file '../source_code/rtl/sdram/enc_file/sdr_as_ram.enc.v' in ../source_code/rtl/sdram/enc_file/sdr_as_ram.enc.v(54)
HDL-1007 : analyze verilog file ../source_code/rtl/sdram/enc_file/sdr_wrrd.enc.v
HDL-5007 WARNING: concatenation with an unsized literal will be treated as 32 bits in ../source_code/rtl/sdram/enc_file/sdr_wrrd.enc.v(283)
HDL-1007 : back to file '../source_code/rtl/sdram/enc_file/sdr_wrrd.enc.v' in ../source_code/rtl/sdram/enc_file/sdr_wrrd.enc.v(19)
HDL-1007 : analyze verilog file ../source_code/rtl/frame_fifo/afifo_16_32_256.v
HDL-1007 : analyze verilog file ../source_code/rtl/frame_fifo/afifo_32_16_256.v
HDL-1007 : analyze verilog file ../source_code/rtl/frame_fifo/frame_fifo_read.v
HDL-1007 : analyze verilog file ../source_code/rtl/frame_fifo/frame_fifo_write.v
HDL-1007 : analyze verilog file ../source_code/rtl/frame_fifo/frame_read_write.v
HDL-1007 : analyze verilog file ../source_code/rtl/sdram/sdram.v
HDL-1007 : analyze included file ../source_code/rtl/sdram/enc_file/global_def.v in ../source_code/rtl/sdram/sdram.v(10)
HDL-1007 : back to file '../source_code/rtl/sdram/sdram.v' in ../source_code/rtl/sdram/sdram.v(10)
HDL-1007 : undeclared symbol 'SDR_CKE', assumed default net type 'wire' in ../source_code/rtl/sdram/sdram.v(89)
HDL-1007 : analyze verilog file ../source_code/rtl/sdram/enc_file/sdr_init_ref.enc.v
HDL-1007 : analyze included file ../source_code/rtl/sdram/enc_file/global_def.v in ../source_code/rtl/sdram/enc_file/sdr_init_ref.enc.v(11)
HDL-1007 : back to file '../source_code/rtl/sdram/enc_file/sdr_init_ref.enc.v' in ../source_code/rtl/sdram/enc_file/sdr_init_ref.enc.v(11)
HDL-1007 : undeclared symbol '**', assumed default net type '**' in ../source_code/rtl/sdram/enc_file/sdr_init_ref.enc.v(57)
HDL-1007 : back to file '../source_code/rtl/sdram/enc_file/sdr_init_ref.enc.v' in ../source_code/rtl/sdram/enc_file/sdr_init_ref.enc.v(149)
HDL-5007 WARNING: concatenation with an unsized literal will be treated as 32 bits in ../source_code/rtl/sdram/enc_file/sdr_init_ref.enc.v(47)
HDL-1007 : analyze verilog file ../source_code/rtl/video_timing/color_bar.v
HDL-1007 : analyze included file ../source_code/rtl/video_timing/video_define.v in ../source_code/rtl/video_timing/color_bar.v(2)
HDL-1007 : back to file '../source_code/rtl/video_timing/color_bar.v' in ../source_code/rtl/video_timing/color_bar.v(2)
HDL-1007 : analyze verilog file ../source_code/rtl/video_timing/video_delay.v
HDL-1007 : analyze verilog file ../source_code/rtl/video_timing/video_timing_data.v
HDL-1007 : analyze verilog file ../source_code/rtl/another/m_synchronization_header.v
HDL-1007 : analyze verilog file ../source_code/rtl/led.v
HDL-1007 : analyze verilog file ../source_code/rtl/ov5640/cmos_capture_data.v
HDL-1007 : analyze verilog file ../source_code/rtl/ov5640/i2c_dri.v
HDL-1007 : analyze verilog file ../source_code/rtl/ov5640/i2c_ov5640_rgb565_cfg.v
HDL-1007 : analyze verilog file ../source_code/rtl/ov5640/ov5640_delay.v
HDL-1007 : analyze verilog file ../source_code/rtl/ov5640/ov5640_dri.v
HDL-1007 : analyze verilog file ../source_code/rtl/another/fire_detect.v
RUN-1002 : start command "commit_param -step design"
RUN-1001 : Print Global Property
RUN-1001 : --------------------------------------------------------
RUN-1001 :   Parameters   |  Settings  |  Default Values  |  Note  
RUN-1001 : --------------------------------------------------------
RUN-1001 :   enable_seed  |    off     |       off        |        
RUN-1001 :     message    |  standard  |     standard     |        
RUN-1001 :   qor_monitor  |     on     |        on        |        
RUN-1001 :   syn_ip_flow  |    off     |       off        |        
RUN-1001 :     thread     |    auto    |       auto       |        
RUN-1001 : --------------------------------------------------------
RUN-1001 : Print Design Property
RUN-1001 : ----------------------------------------------------------------
RUN-1001 :       Parameters       |  Settings  |  Default Values  |  Note  
RUN-1001 : ----------------------------------------------------------------
RUN-1001 :   default_reg_initial  |    auto    |       auto       |        
RUN-1001 :    hdl_warning_level   |   normal   |      normal      |        
RUN-1001 : ----------------------------------------------------------------
HDL-1007 : analyze verilog file last_attempt.v
HDL-1007 : undeclared symbol 'phy_reset', assumed default net type 'wire' in last_attempt.v(166)
HDL-1007 : undeclared symbol 'tpg_data_done', assumed default net type 'wire' in last_attempt.v(556)
HDL-1007 : undeclared symbol 'full_flag', assumed default net type 'wire' in last_attempt.v(590)
HDL-1007 : undeclared symbol 'input_local_udp_port_num', assumed default net type 'wire' in last_attempt.v(621)
HDL-1007 : undeclared symbol 'input_local_udp_port_num_valid', assumed default net type 'wire' in last_attempt.v(622)
HDL-1007 : undeclared symbol 'input_local_ip_address', assumed default net type 'wire' in last_attempt.v(624)
HDL-1007 : undeclared symbol 'input_local_ip_address_valid', assumed default net type 'wire' in last_attempt.v(625)
HDL-1007 : analyze verilog file ../source_code/rtl/udp/BUFGMUX.v
HDL-1007 : analyze verilog file ../source_code/rtl/udp/IDDR.v
HDL-1007 : analyze verilog file ../source_code/rtl/udp/ODDR.v
HDL-1007 : analyze verilog file ../source_code/rtl/udp/RAMB16_S9_S9.v
HDL-1007 : undeclared symbol 'open', assumed default net type 'wire' in ../source_code/rtl/udp/RAMB16_S9_S9.v(109)
HDL-1007 : analyze verilog file ../source_code/rtl/udp/clk_gen_rst_gen.v
HDL-1007 : analyze verilog file ../source_code/rtl/udp/div_clk_gen.v
HDL-1007 : analyze verilog file ../source_code/rtl/udp/rgmii_interface.v
HDL-1007 : analyze verilog file ../source_code/rtl/udp/rx_client_fifo.v
HDL-5370 WARNING: parameter 'WAIT_s' becomes localparam in 'rx_client_fifo' with formal parameter declaration list in ../source_code/rtl/udp/rx_client_fifo.v(49)
HDL-5370 WARNING: parameter 'QUEUE1_s' becomes localparam in 'rx_client_fifo' with formal parameter declaration list in ../source_code/rtl/udp/rx_client_fifo.v(50)
HDL-5370 WARNING: parameter 'QUEUE2_s' becomes localparam in 'rx_client_fifo' with formal parameter declaration list in ../source_code/rtl/udp/rx_client_fifo.v(51)
HDL-5370 WARNING: parameter 'QUEUE3_s' becomes localparam in 'rx_client_fifo' with formal parameter declaration list in ../source_code/rtl/udp/rx_client_fifo.v(52)
HDL-5370 WARNING: parameter 'QUEUE_SOF_s' becomes localparam in 'rx_client_fifo' with formal parameter declaration list in ../source_code/rtl/udp/rx_client_fifo.v(53)
HDL-5370 WARNING: parameter 'SOF_s' becomes localparam in 'rx_client_fifo' with formal parameter declaration list in ../source_code/rtl/udp/rx_client_fifo.v(54)
HDL-5370 WARNING: parameter 'DATA_s' becomes localparam in 'rx_client_fifo' with formal parameter declaration list in ../source_code/rtl/udp/rx_client_fifo.v(55)
HDL-5370 WARNING: parameter 'EOF_s' becomes localparam in 'rx_client_fifo' with formal parameter declaration list in ../source_code/rtl/udp/rx_client_fifo.v(56)
HDL-5370 WARNING: parameter 'IDLE_s' becomes localparam in 'rx_client_fifo' with formal parameter declaration list in ../source_code/rtl/udp/rx_client_fifo.v(62)
HDL-5370 WARNING: parameter 'FRAME_s' becomes localparam in 'rx_client_fifo' with formal parameter declaration list in ../source_code/rtl/udp/rx_client_fifo.v(63)
HDL-5370 Similar messages will be suppressed.
HDL-1007 : analyze verilog file ../source_code/rtl/udp/temac_block.v
HDL-1007 : analyze verilog file ../source_code/rtl/udp/temac_clk_gen.v
HDL-1007 : analyze verilog file ../source_code/rtl/udp/tx_client_fifo.v
HDL-5370 WARNING: parameter 'IDLE_s' becomes localparam in 'tx_client_fifo' with formal parameter declaration list in ../source_code/rtl/udp/tx_client_fifo.v(53)
HDL-5370 WARNING: parameter 'QUEUE1_s' becomes localparam in 'tx_client_fifo' with formal parameter declaration list in ../source_code/rtl/udp/tx_client_fifo.v(54)
HDL-5370 WARNING: parameter 'QUEUE2_s' becomes localparam in 'tx_client_fifo' with formal parameter declaration list in ../source_code/rtl/udp/tx_client_fifo.v(55)
HDL-5370 WARNING: parameter 'QUEUE3_s' becomes localparam in 'tx_client_fifo' with formal parameter declaration list in ../source_code/rtl/udp/tx_client_fifo.v(56)
HDL-5370 WARNING: parameter 'QUEUE_ACK_s' becomes localparam in 'tx_client_fifo' with formal parameter declaration list in ../source_code/rtl/udp/tx_client_fifo.v(57)
HDL-5370 WARNING: parameter 'WAIT_ACK_s' becomes localparam in 'tx_client_fifo' with formal parameter declaration list in ../source_code/rtl/udp/tx_client_fifo.v(58)
HDL-5370 WARNING: parameter 'FRAME_s' becomes localparam in 'tx_client_fifo' with formal parameter declaration list in ../source_code/rtl/udp/tx_client_fifo.v(59)
HDL-5370 WARNING: parameter 'DROP_s' becomes localparam in 'tx_client_fifo' with formal parameter declaration list in ../source_code/rtl/udp/tx_client_fifo.v(60)
HDL-5370 WARNING: parameter 'RETRANSMIT_s' becomes localparam in 'tx_client_fifo' with formal parameter declaration list in ../source_code/rtl/udp/tx_client_fifo.v(61)
HDL-5370 WARNING: parameter 'WAIT_s' becomes localparam in 'tx_client_fifo' with formal parameter declaration list in ../source_code/rtl/udp/tx_client_fifo.v(67)
HDL-5370 Similar messages will be suppressed.
HDL-1007 : analyze verilog file ../source_code/rtl/udp/tx_clk_en_gen.v
HDL-1007 : analyze verilog file ../source_code/rtl/udp/udp_data_tpg.v
HDL-1007 : analyze verilog file ../source_code/rtl/udp/udp_ip_protocol_stack_merge.enc.v
HDL-1007 : back to file '../source_code/rtl/udp/udp_ip_protocol_stack_merge.enc.v' in ../source_code/rtl/udp/udp_ip_protocol_stack_merge.enc.v(56)
HDL-1007 : undeclared symbol '**', assumed default net type '**' in ../source_code/rtl/udp/udp_ip_protocol_stack_merge.enc.v(2638)
HDL-1007 : back to file '../source_code/rtl/udp/udp_ip_protocol_stack_merge.enc.v' in ../source_code/rtl/udp/udp_ip_protocol_stack_merge.enc.v(420)
HDL-1007 : analyze verilog file ../source_code/rtl/udp/udp_loopback.v
HDL-1007 : analyze verilog file al_ip/TEMAC_CORE/RTL/include/define.v
HDL-1007 : analyze verilog file al_ip/TEMAC_CORE/RTL/TEMAC_CORE_aead6cd6dadd.v
HDL-5007 WARNING: column 1032 exceeds maximum value 1023 in al_ip/TEMAC_CORE/RTL/TEMAC_CORE_aead6cd6dadd.v(30)
HDL-1007 : back to file 'al_ip/TEMAC_CORE/RTL/TEMAC_CORE_aead6cd6dadd.v' in al_ip/TEMAC_CORE/RTL/TEMAC_CORE_aead6cd6dadd.v(86)
HDL-5007 WARNING: event expressions must result in a singular type in al_ip/TEMAC_CORE/RTL/TEMAC_CORE_aead6cd6dadd.v(3001)
HDL-1007 : undeclared symbol '**', assumed default net type '**' in al_ip/TEMAC_CORE/RTL/TEMAC_CORE_aead6cd6dadd.v(5050)
HDL-1007 : undeclared symbol '**', assumed default net type '**' in al_ip/TEMAC_CORE/RTL/TEMAC_CORE_aead6cd6dadd.v(5458)
HDL-5007 WARNING: column 1035 exceeds maximum value 1023 in al_ip/TEMAC_CORE/RTL/TEMAC_CORE_aead6cd6dadd.v(6001)
HDL-1007 : back to file 'al_ip/TEMAC_CORE/RTL/TEMAC_CORE_aead6cd6dadd.v' in al_ip/TEMAC_CORE/RTL/TEMAC_CORE_aead6cd6dadd.v(260)
HDL-1007 : analyze verilog file al_ip/TEMAC_CORE/RTL/mac_core_aead6cd6dadd.v
HDL-1007 : analyze verilog file al_ip/TEMAC_CORE/TEMAC_CORE.v
HDL-1007 : analyze verilog file al_ip/pll_gen.v
HDL-1007 : undeclared symbol 'pll_gen_open0', assumed default net type 'wire' in al_ip/pll_gen.v(99)
HDL-1007 : undeclared symbol 'pll_gen_open8', assumed default net type 'wire' in al_ip/pll_gen.v(105)
HDL-1007 : undeclared symbol 'pll_gen_open7', assumed default net type 'wire' in al_ip/pll_gen.v(105)
HDL-1007 : undeclared symbol 'pll_gen_open6', assumed default net type 'wire' in al_ip/pll_gen.v(105)
HDL-1007 : undeclared symbol 'pll_gen_open5', assumed default net type 'wire' in al_ip/pll_gen.v(105)
HDL-1007 : undeclared symbol 'pll_gen_open4', assumed default net type 'wire' in al_ip/pll_gen.v(105)
HDL-1007 : undeclared symbol 'pll_gen_open3', assumed default net type 'wire' in al_ip/pll_gen.v(105)
HDL-1007 : undeclared symbol 'pll_gen_open2', assumed default net type 'wire' in al_ip/pll_gen.v(105)
HDL-1007 : undeclared symbol 'pll_gen_open1', assumed default net type 'wire' in al_ip/pll_gen.v(105)
HDL-1007 : analyze verilog file al_ip/sys_pll.v
HDL-1007 : undeclared symbol 'sys_pll_open0', assumed default net type 'wire' in al_ip/sys_pll.v(77)
HDL-1007 : undeclared symbol 'sys_pll_open1', assumed default net type 'wire' in al_ip/sys_pll.v(83)
HDL-1007 : undeclared symbol 'sys_pll_open9', assumed default net type 'wire' in al_ip/sys_pll.v(89)
HDL-1007 : undeclared symbol 'sys_pll_open8', assumed default net type 'wire' in al_ip/sys_pll.v(89)
HDL-1007 : undeclared symbol 'sys_pll_open7', assumed default net type 'wire' in al_ip/sys_pll.v(89)
HDL-1007 : undeclared symbol 'sys_pll_open6', assumed default net type 'wire' in al_ip/sys_pll.v(89)
HDL-1007 : undeclared symbol 'sys_pll_open5', assumed default net type 'wire' in al_ip/sys_pll.v(89)
HDL-1007 : undeclared symbol 'sys_pll_open4', assumed default net type 'wire' in al_ip/sys_pll.v(89)
HDL-1007 : undeclared symbol 'sys_pll_open3', assumed default net type 'wire' in al_ip/sys_pll.v(89)
HDL-1007 : undeclared symbol 'sys_pll_open2', assumed default net type 'wire' in al_ip/sys_pll.v(89)
HDL-1007 : undeclared symbol 'sys_pll_open11', assumed default net type 'wire' in al_ip/sys_pll.v(91)
HDL-1007 : undeclared symbol 'sys_pll_open10', assumed default net type 'wire' in al_ip/sys_pll.v(91)
HDL-1007 : analyze verilog file ../source_code/rtl/sd_card/ax_debounce.v
HDL-1007 : analyze verilog file ../source_code/rtl/sd_card/bmp_read.v
HDL-1007 : analyze verilog file ../source_code/rtl/sd_card/sd_card_bmp.v
HDL-1007 : analyze verilog file ../source_code/rtl/sd_card/sd_card_cmd.v
HDL-1007 : analyze verilog file ../source_code/rtl/sd_card/sd_card_sec_read_write.v
HDL-1007 : analyze verilog file ../source_code/rtl/sd_card/sd_card_top.v
HDL-1007 : analyze verilog file ../source_code/rtl/sd_card/spi_master.v
HDL-1007 : analyze verilog file ../source_code/rtl/sdram/enc_file/global_def.v
HDL-1007 : analyze verilog file ../source_code/rtl/sdram/enc_file/sdr_as_ram.enc.v
HDL-1007 : back to file '../source_code/rtl/sdram/enc_file/sdr_as_ram.enc.v' in ../source_code/rtl/sdram/enc_file/sdr_as_ram.enc.v(54)
HDL-1007 : analyze verilog file ../source_code/rtl/sdram/enc_file/sdr_wrrd.enc.v
HDL-5007 WARNING: concatenation with an unsized literal will be treated as 32 bits in ../source_code/rtl/sdram/enc_file/sdr_wrrd.enc.v(283)
HDL-1007 : back to file '../source_code/rtl/sdram/enc_file/sdr_wrrd.enc.v' in ../source_code/rtl/sdram/enc_file/sdr_wrrd.enc.v(19)
HDL-1007 : analyze verilog file ../source_code/rtl/frame_fifo/afifo_16_32_256.v
HDL-1007 : analyze verilog file ../source_code/rtl/frame_fifo/afifo_32_16_256.v
HDL-1007 : analyze verilog file ../source_code/rtl/frame_fifo/frame_fifo_read.v
HDL-1007 : analyze verilog file ../source_code/rtl/frame_fifo/frame_fifo_write.v
HDL-1007 : analyze verilog file ../source_code/rtl/frame_fifo/frame_read_write.v
HDL-1007 : analyze verilog file ../source_code/rtl/sdram/sdram.v
HDL-1007 : analyze included file ../source_code/rtl/sdram/enc_file/global_def.v in ../source_code/rtl/sdram/sdram.v(10)
HDL-1007 : back to file '../source_code/rtl/sdram/sdram.v' in ../source_code/rtl/sdram/sdram.v(10)
HDL-1007 : undeclared symbol 'SDR_CKE', assumed default net type 'wire' in ../source_code/rtl/sdram/sdram.v(89)
HDL-1007 : analyze verilog file ../source_code/rtl/sdram/enc_file/sdr_init_ref.enc.v
HDL-1007 : analyze included file ../source_code/rtl/sdram/enc_file/global_def.v in ../source_code/rtl/sdram/enc_file/sdr_init_ref.enc.v(11)
HDL-1007 : back to file '../source_code/rtl/sdram/enc_file/sdr_init_ref.enc.v' in ../source_code/rtl/sdram/enc_file/sdr_init_ref.enc.v(11)
HDL-1007 : undeclared symbol '**', assumed default net type '**' in ../source_code/rtl/sdram/enc_file/sdr_init_ref.enc.v(57)
HDL-1007 : back to file '../source_code/rtl/sdram/enc_file/sdr_init_ref.enc.v' in ../source_code/rtl/sdram/enc_file/sdr_init_ref.enc.v(149)
HDL-5007 WARNING: concatenation with an unsized literal will be treated as 32 bits in ../source_code/rtl/sdram/enc_file/sdr_init_ref.enc.v(47)
HDL-1007 : analyze verilog file ../source_code/rtl/video_timing/color_bar.v
HDL-1007 : analyze included file ../source_code/rtl/video_timing/video_define.v in ../source_code/rtl/video_timing/color_bar.v(2)
HDL-1007 : back to file '../source_code/rtl/video_timing/color_bar.v' in ../source_code/rtl/video_timing/color_bar.v(2)
HDL-1007 : analyze verilog file ../source_code/rtl/video_timing/video_delay.v
HDL-1007 : analyze verilog file ../source_code/rtl/video_timing/video_timing_data.v
HDL-1007 : analyze verilog file ../source_code/rtl/another/m_synchronization_header.v
HDL-1007 : analyze verilog file ../source_code/rtl/led.v
HDL-1007 : analyze verilog file ../source_code/rtl/ov5640/cmos_capture_data.v
HDL-1007 : analyze verilog file ../source_code/rtl/ov5640/i2c_dri.v
HDL-1007 : analyze verilog file ../source_code/rtl/ov5640/i2c_ov5640_rgb565_cfg.v
HDL-1007 : analyze verilog file ../source_code/rtl/ov5640/ov5640_delay.v
HDL-1007 : analyze verilog file ../source_code/rtl/ov5640/ov5640_dri.v
HDL-1007 : analyze verilog file ../source_code/rtl/another/fire_detect.v
PRJ-1412 : reset_run syn_1 phy_1.
PRJ-1409 : launch_runs syn_1 phy_1  -jobs 6.
PRJ-1410 : Run syn_1 success.
PRJ-1416 : stop_run syn_1.
PRJ-1416 : stop_run phy_1.
RUN-1002 : start command "save_best_bits"
PRJ-1410 : Run phy_1 success.
RUN-1002 : start command "import_db D:/FPGA/workplace6_2_1/last/prj/last_attempt_Runs/syn_1/last_attempt_gate.db"
RUN-1001 : Importing database generated by Tang Dynasty, V6.2.168116.
RUN-1001 : Database version number 46207
RUN-1001 : Import flow parameters
RUN-1001 : Import netlist
RUN-1001 : Import timing constraints
RUN-1001 : Import IO constraints
RUN-1001 : Import Inst constraints
RUN-1001 : Import ChipWatcher
RUN-1001 : Import design success TD_VERSION=6.2.168116 , DB_VERSION=46207
RUN-1002 : start command "config_chipwatcher"
RUN-1002 : start command "update_timing"
RUN-1002 : start command "start_timer"
USR-1002 : Derived clock:  create_generated_clock -name {tf0_sys_pll/pll_inst.clkc[0]} -source [get_ports {clk_50}] -master_clock {clk_in} -multiply_by 2.0000 -duty_cycle 50.0000 [get_pins {tf0_sys_pll/pll_inst.clkc[0]}]
USR-1002 : Derived clock:  create_generated_clock -name {tf0_sys_pll/pll_inst.clkc[1]} -source [get_ports {clk_50}] -master_clock {clk_in} -multiply_by 2.5000 -duty_cycle 50.0000 [get_pins {tf0_sys_pll/pll_inst.clkc[1]}]
USR-1002 : Derived clock:  create_generated_clock -name {tf0_sys_pll/pll_inst.clkc[2]} -source [get_ports {clk_50}] -master_clock {clk_in} -multiply_by 2.5000 -phase 180 -duty_cycle 50.0000 [get_pins {tf0_sys_pll/pll_inst.clkc[2]}]
USR-1002 : Derived clock:  create_generated_clock -name {u_clk_gen/u_pll_0/pll_inst.clkc[0]} -source [get_ports {clk_50}] -master_clock {clk_in} -multiply_by 2.5000 -duty_cycle 50.0000 [get_pins {u_clk_gen/u_pll_0/pll_inst.clkc[0]}]
USR-1002 : Derived clock:  create_generated_clock -name {u_clk_gen/u_pll_0/pll_inst.clkc[1]} -source [get_ports {clk_50}] -master_clock {clk_in} -multiply_by 2.5000 -duty_cycle 50.0000 [get_pins {u_clk_gen/u_pll_0/pll_inst.clkc[1]}]
USR-1002 : Derived clock:  create_generated_clock -name {u_clk_gen/u_pll_0/pll_inst.clkc[4]} -source [get_ports {clk_50}] -master_clock {clk_in} -multiply_by 2.5000 -phase 90 -duty_cycle 50.0000 [get_pins {u_clk_gen/u_pll_0/pll_inst.clkc[4]}]
USR-8130 CRITICAL-WARNING: No clock match the pattern: u_clk_gen/u_pll_0/pll_inst.clkc\[3\].
USR-8124 CRITICAL-WARNING: Rename_clock: please specify object list.
USR-8159 CRITICAL-WARNING: Command rename_clock -name {pll_inst_25M} [get_clocks {u_clk_gen/u_pll_0/pll_inst.clkc[3]}] in D:/FPGA/workplace6_2_1/last/source_code/constraints/UDP.sdc(8) fails.
TMR-2502 : Net delay update with mode: Synthesized
RUN-1003 : finish command "update_timing" in  1.622373s wall, 1.656250s user + 0.093750s system = 1.750000s CPU (107.9%)

RUN-1004 : used memory is 695 MB, reserved memory is 636 MB, peak memory is 834 MB
RUN-1003 : finish command "config_chipwatcher" in  1.686371s wall, 1.718750s user + 0.093750s system = 1.812500s CPU (107.5%)

RUN-1004 : used memory is 701 MB, reserved memory is 642 MB, peak memory is 834 MB
GUI-1001 : Config chip watcher succeed!
GUI-1001 : User opens ChipWatcher ...
PRJ-1412 : reset_run phy_1.
PRJ-1411 : launch_runs phy_1 -step bitgen.
RUN-1002 : start command "save_best_bits"
PRJ-1424 : The implemented result of phy_1 is saved as best result.
PRJ-1410 : Run phy_1 success.
RUN-1002 : start command "import_db D:/FPGA/workplace6_2_1/last/prj/last_attempt_Runs/phy_1/last_attempt_pr.db"
RUN-1001 : Importing database generated by Tang Dynasty, V6.2.168116.
RUN-1001 : Database version number 46207
RUN-1001 : Import flow parameters
RUN-1001 : Import netlist
PHY-1001 : Generate detailed routing grids ...
PHY-1001 : End build routing graph; 0.472508s wall, 0.437500s user + 0.078125s system = 0.515625s CPU (109.1%)

PHY-1001 : Build lut bridge;  0.055108s wall, 0.062500s user + 0.000000s system = 0.062500s CPU (113.4%)

PHY-1001 : Generate nets ...
PHY-1001 : net clk_50_dup_1 will be routed on clock mesh
PHY-1001 : clock net temac_clk will be merged with clock u_clk_gen/u_pll_0/clk0_buf
PHY-1001 : net udp_clk will be routed on clock mesh
PHY-1001 : net U3/u2_ram/SDRAM_CLK will be routed on clock mesh
PHY-1001 : net U3/u2_ram/u1_init_ref/Sdr_clk will be routed on clock mesh
PHY-1001 : clock net u_ov5640_dri/u_i2c_dr/dri_clk_syn_4 will be merged with clock u_ov5640_dri/u_i2c_dr/dri_clk
PHY-1001 : clock net u2_udp_loopback/app_tx_data_read_syn_4 will be merged with clock u2_udp_loopback/app_tx_data_read
PHY-1001 : clock net frame_read_write_m0/write_buf/clkw_syn_2 will be merged with clock frame_read_write_m0/write_buf/clkw
PHY-1001 : clock net sd_card_bmp_m0/bmp_read_m0/clk will be merged with clock tf0_sys_pll/clk0_buf
PHY-1001 : net u4_trimac_block/u1_rgmii_interface/rgmii_txc_ddr/clk will be routed on clock mesh
PHY-1001 : clock net u4_trimac_block/rx_clk will be merged with clock phy1_rgmii_rx_clk_dup_1
PHY-1001 : eco open net = 0
PHY-1001 : 187 feed throughs used by 160 nets
RUN-1001 : Import phy database
RUN-1001 : Import timing constraints
RUN-1001 : Import IO constraints
RUN-1001 : Import Inst constraints
RUN-1001 : Import ChipWatcher
RUN-1001 : Import design success TD_VERSION=6.2.168116 , DB_VERSION=46207
RUN-1003 : finish command "import_db D:/FPGA/workplace6_2_1/last/prj/last_attempt_Runs/phy_1/last_attempt_pr.db" in  2.846211s wall, 2.593750s user + 0.281250s system = 2.875000s CPU (101.0%)

RUN-1004 : used memory is 822 MB, reserved memory is 768 MB, peak memory is 857 MB
RUN-1002 : start command "commit_param -step design"
RUN-1001 : Print Global Property
RUN-1001 : --------------------------------------------------------
RUN-1001 :   Parameters   |  Settings  |  Default Values  |  Note  
RUN-1001 : --------------------------------------------------------
RUN-1001 :   enable_seed  |    off     |       off        |        
RUN-1001 :     message    |  standard  |     standard     |        
RUN-1001 :   qor_monitor  |     on     |        on        |        
RUN-1001 :   syn_ip_flow  |    off     |       off        |        
RUN-1001 :     thread     |    auto    |       auto       |        
RUN-1001 : --------------------------------------------------------
RUN-1001 : Print Design Property
RUN-1001 : ----------------------------------------------------------------
RUN-1001 :       Parameters       |  Settings  |  Default Values  |  Note  
RUN-1001 : ----------------------------------------------------------------
RUN-1001 :   default_reg_initial  |    auto    |       auto       |        
RUN-1001 :    hdl_warning_level   |   normal   |      normal      |        
RUN-1001 : ----------------------------------------------------------------
HDL-1007 : analyze verilog file last_attempt.v
HDL-1007 : undeclared symbol 'phy_reset', assumed default net type 'wire' in last_attempt.v(166)
HDL-1007 : undeclared symbol 'tpg_data_done', assumed default net type 'wire' in last_attempt.v(562)
HDL-1007 : undeclared symbol 'full_flag', assumed default net type 'wire' in last_attempt.v(596)
HDL-1007 : undeclared symbol 'input_local_udp_port_num', assumed default net type 'wire' in last_attempt.v(627)
HDL-1007 : undeclared symbol 'input_local_udp_port_num_valid', assumed default net type 'wire' in last_attempt.v(628)
HDL-1007 : undeclared symbol 'input_local_ip_address', assumed default net type 'wire' in last_attempt.v(630)
HDL-1007 : undeclared symbol 'input_local_ip_address_valid', assumed default net type 'wire' in last_attempt.v(631)
HDL-8007 ERROR: 'sd_card_pclk' is not declared in last_attempt.v(276)
HDL-8007 ERROR: ignore module module due to previous errors in last_attempt.v(6)
HDL-5007 WARNING: could not find top-level module/unit; aborting hierarchy tree creation
HDL-5007 WARNING: The file last_attempt.v will not be compiled since it is not included by any other files. Set it as 'global include' if it should be compiled.
RUN-1002 : start command "commit_param -step design"
RUN-1001 : Print Global Property
RUN-1001 : --------------------------------------------------------
RUN-1001 :   Parameters   |  Settings  |  Default Values  |  Note  
RUN-1001 : --------------------------------------------------------
RUN-1001 :   enable_seed  |    off     |       off        |        
RUN-1001 :     message    |  standard  |     standard     |        
RUN-1001 :   qor_monitor  |     on     |        on        |        
RUN-1001 :   syn_ip_flow  |    off     |       off        |        
RUN-1001 :     thread     |    auto    |       auto       |        
RUN-1001 : --------------------------------------------------------
RUN-1001 : Print Design Property
RUN-1001 : ----------------------------------------------------------------
RUN-1001 :       Parameters       |  Settings  |  Default Values  |  Note  
RUN-1001 : ----------------------------------------------------------------
RUN-1001 :   default_reg_initial  |    auto    |       auto       |        
RUN-1001 :    hdl_warning_level   |   normal   |      normal      |        
RUN-1001 : ----------------------------------------------------------------
HDL-1007 : analyze verilog file last_attempt.v
HDL-1007 : undeclared symbol 'phy_reset', assumed default net type 'wire' in last_attempt.v(166)
HDL-1007 : undeclared symbol 'tpg_data_done', assumed default net type 'wire' in last_attempt.v(562)
HDL-1007 : undeclared symbol 'full_flag', assumed default net type 'wire' in last_attempt.v(596)
HDL-1007 : undeclared symbol 'input_local_udp_port_num', assumed default net type 'wire' in last_attempt.v(627)
HDL-1007 : undeclared symbol 'input_local_udp_port_num_valid', assumed default net type 'wire' in last_attempt.v(628)
HDL-1007 : undeclared symbol 'input_local_ip_address', assumed default net type 'wire' in last_attempt.v(630)
HDL-1007 : undeclared symbol 'input_local_ip_address_valid', assumed default net type 'wire' in last_attempt.v(631)
HDL-1007 : analyze verilog file ../source_code/rtl/udp/BUFGMUX.v
HDL-1007 : analyze verilog file ../source_code/rtl/udp/IDDR.v
HDL-1007 : analyze verilog file ../source_code/rtl/udp/ODDR.v
HDL-1007 : analyze verilog file ../source_code/rtl/udp/RAMB16_S9_S9.v
HDL-1007 : undeclared symbol 'open', assumed default net type 'wire' in ../source_code/rtl/udp/RAMB16_S9_S9.v(109)
HDL-1007 : analyze verilog file ../source_code/rtl/udp/clk_gen_rst_gen.v
HDL-1007 : analyze verilog file ../source_code/rtl/udp/div_clk_gen.v
HDL-1007 : analyze verilog file ../source_code/rtl/udp/rgmii_interface.v
HDL-1007 : analyze verilog file ../source_code/rtl/udp/rx_client_fifo.v
HDL-5370 WARNING: parameter 'WAIT_s' becomes localparam in 'rx_client_fifo' with formal parameter declaration list in ../source_code/rtl/udp/rx_client_fifo.v(49)
HDL-5370 WARNING: parameter 'QUEUE1_s' becomes localparam in 'rx_client_fifo' with formal parameter declaration list in ../source_code/rtl/udp/rx_client_fifo.v(50)
HDL-5370 WARNING: parameter 'QUEUE2_s' becomes localparam in 'rx_client_fifo' with formal parameter declaration list in ../source_code/rtl/udp/rx_client_fifo.v(51)
HDL-5370 WARNING: parameter 'QUEUE3_s' becomes localparam in 'rx_client_fifo' with formal parameter declaration list in ../source_code/rtl/udp/rx_client_fifo.v(52)
HDL-5370 WARNING: parameter 'QUEUE_SOF_s' becomes localparam in 'rx_client_fifo' with formal parameter declaration list in ../source_code/rtl/udp/rx_client_fifo.v(53)
HDL-5370 WARNING: parameter 'SOF_s' becomes localparam in 'rx_client_fifo' with formal parameter declaration list in ../source_code/rtl/udp/rx_client_fifo.v(54)
HDL-5370 WARNING: parameter 'DATA_s' becomes localparam in 'rx_client_fifo' with formal parameter declaration list in ../source_code/rtl/udp/rx_client_fifo.v(55)
HDL-5370 WARNING: parameter 'EOF_s' becomes localparam in 'rx_client_fifo' with formal parameter declaration list in ../source_code/rtl/udp/rx_client_fifo.v(56)
HDL-5370 WARNING: parameter 'IDLE_s' becomes localparam in 'rx_client_fifo' with formal parameter declaration list in ../source_code/rtl/udp/rx_client_fifo.v(62)
HDL-5370 WARNING: parameter 'FRAME_s' becomes localparam in 'rx_client_fifo' with formal parameter declaration list in ../source_code/rtl/udp/rx_client_fifo.v(63)
HDL-5370 Similar messages will be suppressed.
HDL-1007 : analyze verilog file ../source_code/rtl/udp/temac_block.v
HDL-1007 : analyze verilog file ../source_code/rtl/udp/temac_clk_gen.v
HDL-1007 : analyze verilog file ../source_code/rtl/udp/tx_client_fifo.v
HDL-5370 WARNING: parameter 'IDLE_s' becomes localparam in 'tx_client_fifo' with formal parameter declaration list in ../source_code/rtl/udp/tx_client_fifo.v(53)
HDL-5370 WARNING: parameter 'QUEUE1_s' becomes localparam in 'tx_client_fifo' with formal parameter declaration list in ../source_code/rtl/udp/tx_client_fifo.v(54)
HDL-5370 WARNING: parameter 'QUEUE2_s' becomes localparam in 'tx_client_fifo' with formal parameter declaration list in ../source_code/rtl/udp/tx_client_fifo.v(55)
HDL-5370 WARNING: parameter 'QUEUE3_s' becomes localparam in 'tx_client_fifo' with formal parameter declaration list in ../source_code/rtl/udp/tx_client_fifo.v(56)
HDL-5370 WARNING: parameter 'QUEUE_ACK_s' becomes localparam in 'tx_client_fifo' with formal parameter declaration list in ../source_code/rtl/udp/tx_client_fifo.v(57)
HDL-5370 WARNING: parameter 'WAIT_ACK_s' becomes localparam in 'tx_client_fifo' with formal parameter declaration list in ../source_code/rtl/udp/tx_client_fifo.v(58)
HDL-5370 WARNING: parameter 'FRAME_s' becomes localparam in 'tx_client_fifo' with formal parameter declaration list in ../source_code/rtl/udp/tx_client_fifo.v(59)
HDL-5370 WARNING: parameter 'DROP_s' becomes localparam in 'tx_client_fifo' with formal parameter declaration list in ../source_code/rtl/udp/tx_client_fifo.v(60)
HDL-5370 WARNING: parameter 'RETRANSMIT_s' becomes localparam in 'tx_client_fifo' with formal parameter declaration list in ../source_code/rtl/udp/tx_client_fifo.v(61)
HDL-5370 WARNING: parameter 'WAIT_s' becomes localparam in 'tx_client_fifo' with formal parameter declaration list in ../source_code/rtl/udp/tx_client_fifo.v(67)
HDL-5370 Similar messages will be suppressed.
HDL-1007 : analyze verilog file ../source_code/rtl/udp/tx_clk_en_gen.v
HDL-1007 : analyze verilog file ../source_code/rtl/udp/udp_data_tpg.v
HDL-1007 : analyze verilog file ../source_code/rtl/udp/udp_ip_protocol_stack_merge.enc.v
HDL-1007 : back to file '../source_code/rtl/udp/udp_ip_protocol_stack_merge.enc.v' in ../source_code/rtl/udp/udp_ip_protocol_stack_merge.enc.v(56)
HDL-1007 : undeclared symbol '**', assumed default net type '**' in ../source_code/rtl/udp/udp_ip_protocol_stack_merge.enc.v(2638)
HDL-1007 : back to file '../source_code/rtl/udp/udp_ip_protocol_stack_merge.enc.v' in ../source_code/rtl/udp/udp_ip_protocol_stack_merge.enc.v(420)
HDL-1007 : analyze verilog file ../source_code/rtl/udp/udp_loopback.v
HDL-1007 : analyze verilog file al_ip/TEMAC_CORE/RTL/include/define.v
HDL-1007 : analyze verilog file al_ip/TEMAC_CORE/RTL/TEMAC_CORE_aead6cd6dadd.v
HDL-5007 WARNING: column 1032 exceeds maximum value 1023 in al_ip/TEMAC_CORE/RTL/TEMAC_CORE_aead6cd6dadd.v(30)
HDL-1007 : back to file 'al_ip/TEMAC_CORE/RTL/TEMAC_CORE_aead6cd6dadd.v' in al_ip/TEMAC_CORE/RTL/TEMAC_CORE_aead6cd6dadd.v(86)
HDL-5007 WARNING: event expressions must result in a singular type in al_ip/TEMAC_CORE/RTL/TEMAC_CORE_aead6cd6dadd.v(3001)
HDL-1007 : undeclared symbol '**', assumed default net type '**' in al_ip/TEMAC_CORE/RTL/TEMAC_CORE_aead6cd6dadd.v(5050)
HDL-1007 : undeclared symbol '**', assumed default net type '**' in al_ip/TEMAC_CORE/RTL/TEMAC_CORE_aead6cd6dadd.v(5458)
HDL-5007 WARNING: column 1035 exceeds maximum value 1023 in al_ip/TEMAC_CORE/RTL/TEMAC_CORE_aead6cd6dadd.v(6001)
HDL-1007 : back to file 'al_ip/TEMAC_CORE/RTL/TEMAC_CORE_aead6cd6dadd.v' in al_ip/TEMAC_CORE/RTL/TEMAC_CORE_aead6cd6dadd.v(260)
HDL-1007 : analyze verilog file al_ip/TEMAC_CORE/RTL/mac_core_aead6cd6dadd.v
HDL-1007 : analyze verilog file al_ip/TEMAC_CORE/TEMAC_CORE.v
HDL-1007 : analyze verilog file al_ip/pll_gen.v
HDL-1007 : undeclared symbol 'pll_gen_open0', assumed default net type 'wire' in al_ip/pll_gen.v(99)
HDL-1007 : undeclared symbol 'pll_gen_open8', assumed default net type 'wire' in al_ip/pll_gen.v(105)
HDL-1007 : undeclared symbol 'pll_gen_open7', assumed default net type 'wire' in al_ip/pll_gen.v(105)
HDL-1007 : undeclared symbol 'pll_gen_open6', assumed default net type 'wire' in al_ip/pll_gen.v(105)
HDL-1007 : undeclared symbol 'pll_gen_open5', assumed default net type 'wire' in al_ip/pll_gen.v(105)
HDL-1007 : undeclared symbol 'pll_gen_open4', assumed default net type 'wire' in al_ip/pll_gen.v(105)
HDL-1007 : undeclared symbol 'pll_gen_open3', assumed default net type 'wire' in al_ip/pll_gen.v(105)
HDL-1007 : undeclared symbol 'pll_gen_open2', assumed default net type 'wire' in al_ip/pll_gen.v(105)
HDL-1007 : undeclared symbol 'pll_gen_open1', assumed default net type 'wire' in al_ip/pll_gen.v(105)
HDL-1007 : analyze verilog file al_ip/sys_pll.v
HDL-1007 : undeclared symbol 'sys_pll_open0', assumed default net type 'wire' in al_ip/sys_pll.v(77)
HDL-1007 : undeclared symbol 'sys_pll_open1', assumed default net type 'wire' in al_ip/sys_pll.v(83)
HDL-1007 : undeclared symbol 'sys_pll_open9', assumed default net type 'wire' in al_ip/sys_pll.v(89)
HDL-1007 : undeclared symbol 'sys_pll_open8', assumed default net type 'wire' in al_ip/sys_pll.v(89)
HDL-1007 : undeclared symbol 'sys_pll_open7', assumed default net type 'wire' in al_ip/sys_pll.v(89)
HDL-1007 : undeclared symbol 'sys_pll_open6', assumed default net type 'wire' in al_ip/sys_pll.v(89)
HDL-1007 : undeclared symbol 'sys_pll_open5', assumed default net type 'wire' in al_ip/sys_pll.v(89)
HDL-1007 : undeclared symbol 'sys_pll_open4', assumed default net type 'wire' in al_ip/sys_pll.v(89)
HDL-1007 : undeclared symbol 'sys_pll_open3', assumed default net type 'wire' in al_ip/sys_pll.v(89)
HDL-1007 : undeclared symbol 'sys_pll_open2', assumed default net type 'wire' in al_ip/sys_pll.v(89)
HDL-1007 : undeclared symbol 'sys_pll_open11', assumed default net type 'wire' in al_ip/sys_pll.v(91)
HDL-1007 : undeclared symbol 'sys_pll_open10', assumed default net type 'wire' in al_ip/sys_pll.v(91)
HDL-1007 : analyze verilog file ../source_code/rtl/sd_card/ax_debounce.v
HDL-1007 : analyze verilog file ../source_code/rtl/sd_card/bmp_read.v
HDL-1007 : analyze verilog file ../source_code/rtl/sd_card/sd_card_bmp.v
HDL-1007 : analyze verilog file ../source_code/rtl/sd_card/sd_card_cmd.v
HDL-1007 : analyze verilog file ../source_code/rtl/sd_card/sd_card_sec_read_write.v
HDL-1007 : analyze verilog file ../source_code/rtl/sd_card/sd_card_top.v
HDL-1007 : analyze verilog file ../source_code/rtl/sd_card/spi_master.v
HDL-1007 : analyze verilog file ../source_code/rtl/sdram/enc_file/global_def.v
HDL-1007 : analyze verilog file ../source_code/rtl/sdram/enc_file/sdr_as_ram.enc.v
HDL-1007 : back to file '../source_code/rtl/sdram/enc_file/sdr_as_ram.enc.v' in ../source_code/rtl/sdram/enc_file/sdr_as_ram.enc.v(54)
HDL-1007 : analyze verilog file ../source_code/rtl/sdram/enc_file/sdr_wrrd.enc.v
HDL-5007 WARNING: concatenation with an unsized literal will be treated as 32 bits in ../source_code/rtl/sdram/enc_file/sdr_wrrd.enc.v(283)
HDL-1007 : back to file '../source_code/rtl/sdram/enc_file/sdr_wrrd.enc.v' in ../source_code/rtl/sdram/enc_file/sdr_wrrd.enc.v(19)
HDL-1007 : analyze verilog file ../source_code/rtl/frame_fifo/afifo_16_32_256.v
HDL-1007 : analyze verilog file ../source_code/rtl/frame_fifo/afifo_32_16_256.v
HDL-1007 : analyze verilog file ../source_code/rtl/frame_fifo/frame_fifo_read.v
HDL-1007 : analyze verilog file ../source_code/rtl/frame_fifo/frame_fifo_write.v
HDL-1007 : analyze verilog file ../source_code/rtl/frame_fifo/frame_read_write.v
HDL-1007 : analyze verilog file ../source_code/rtl/sdram/sdram.v
HDL-1007 : analyze included file ../source_code/rtl/sdram/enc_file/global_def.v in ../source_code/rtl/sdram/sdram.v(10)
HDL-1007 : back to file '../source_code/rtl/sdram/sdram.v' in ../source_code/rtl/sdram/sdram.v(10)
HDL-1007 : undeclared symbol 'SDR_CKE', assumed default net type 'wire' in ../source_code/rtl/sdram/sdram.v(89)
HDL-1007 : analyze verilog file ../source_code/rtl/sdram/enc_file/sdr_init_ref.enc.v
HDL-1007 : analyze included file ../source_code/rtl/sdram/enc_file/global_def.v in ../source_code/rtl/sdram/enc_file/sdr_init_ref.enc.v(11)
HDL-1007 : back to file '../source_code/rtl/sdram/enc_file/sdr_init_ref.enc.v' in ../source_code/rtl/sdram/enc_file/sdr_init_ref.enc.v(11)
HDL-1007 : undeclared symbol '**', assumed default net type '**' in ../source_code/rtl/sdram/enc_file/sdr_init_ref.enc.v(57)
HDL-1007 : back to file '../source_code/rtl/sdram/enc_file/sdr_init_ref.enc.v' in ../source_code/rtl/sdram/enc_file/sdr_init_ref.enc.v(149)
HDL-5007 WARNING: concatenation with an unsized literal will be treated as 32 bits in ../source_code/rtl/sdram/enc_file/sdr_init_ref.enc.v(47)
HDL-1007 : analyze verilog file ../source_code/rtl/video_timing/color_bar.v
HDL-1007 : analyze included file ../source_code/rtl/video_timing/video_define.v in ../source_code/rtl/video_timing/color_bar.v(2)
HDL-1007 : back to file '../source_code/rtl/video_timing/color_bar.v' in ../source_code/rtl/video_timing/color_bar.v(2)
HDL-1007 : analyze verilog file ../source_code/rtl/video_timing/video_delay.v
HDL-1007 : analyze verilog file ../source_code/rtl/video_timing/video_timing_data.v
HDL-1007 : analyze verilog file ../source_code/rtl/another/m_synchronization_header.v
HDL-1007 : analyze verilog file ../source_code/rtl/led.v
HDL-1007 : analyze verilog file ../source_code/rtl/ov5640/cmos_capture_data.v
HDL-1007 : analyze verilog file ../source_code/rtl/ov5640/i2c_dri.v
HDL-1007 : analyze verilog file ../source_code/rtl/ov5640/i2c_ov5640_rgb565_cfg.v
HDL-1007 : analyze verilog file ../source_code/rtl/ov5640/ov5640_delay.v
HDL-1007 : analyze verilog file ../source_code/rtl/ov5640/ov5640_dri.v
HDL-1007 : analyze verilog file ../source_code/rtl/another/fire_detect.v
RUN-1002 : start command "commit_param -step design"
RUN-1001 : Print Global Property
RUN-1001 : --------------------------------------------------------
RUN-1001 :   Parameters   |  Settings  |  Default Values  |  Note  
RUN-1001 : --------------------------------------------------------
RUN-1001 :   enable_seed  |    off     |       off        |        
RUN-1001 :     message    |  standard  |     standard     |        
RUN-1001 :   qor_monitor  |     on     |        on        |        
RUN-1001 :   syn_ip_flow  |    off     |       off        |        
RUN-1001 :     thread     |    auto    |       auto       |        
RUN-1001 : --------------------------------------------------------
RUN-1001 : Print Design Property
RUN-1001 : ----------------------------------------------------------------
RUN-1001 :       Parameters       |  Settings  |  Default Values  |  Note  
RUN-1001 : ----------------------------------------------------------------
RUN-1001 :   default_reg_initial  |    auto    |       auto       |        
RUN-1001 :    hdl_warning_level   |   normal   |      normal      |        
RUN-1001 : ----------------------------------------------------------------
HDL-1007 : analyze verilog file last_attempt.v
HDL-1007 : undeclared symbol 'phy_reset', assumed default net type 'wire' in last_attempt.v(166)
HDL-1007 : undeclared symbol 'tpg_data_done', assumed default net type 'wire' in last_attempt.v(562)
HDL-1007 : undeclared symbol 'full_flag', assumed default net type 'wire' in last_attempt.v(596)
HDL-1007 : undeclared symbol 'input_local_udp_port_num', assumed default net type 'wire' in last_attempt.v(627)
HDL-1007 : undeclared symbol 'input_local_udp_port_num_valid', assumed default net type 'wire' in last_attempt.v(628)
HDL-1007 : undeclared symbol 'input_local_ip_address', assumed default net type 'wire' in last_attempt.v(630)
HDL-1007 : undeclared symbol 'input_local_ip_address_valid', assumed default net type 'wire' in last_attempt.v(631)
HDL-8007 ERROR: 'cam_clk' is not declared in last_attempt.v(270)
HDL-8007 ERROR: ignore module module due to previous errors in last_attempt.v(6)
HDL-5007 WARNING: could not find top-level module/unit; aborting hierarchy tree creation
HDL-5007 WARNING: The file last_attempt.v will not be compiled since it is not included by any other files. Set it as 'global include' if it should be compiled.
RUN-1002 : start command "commit_param -step design"
RUN-1001 : Print Global Property
RUN-1001 : --------------------------------------------------------
RUN-1001 :   Parameters   |  Settings  |  Default Values  |  Note  
RUN-1001 : --------------------------------------------------------
RUN-1001 :   enable_seed  |    off     |       off        |        
RUN-1001 :     message    |  standard  |     standard     |        
RUN-1001 :   qor_monitor  |     on     |        on        |        
RUN-1001 :   syn_ip_flow  |    off     |       off        |        
RUN-1001 :     thread     |    auto    |       auto       |        
RUN-1001 : --------------------------------------------------------
RUN-1001 : Print Design Property
RUN-1001 : ----------------------------------------------------------------
RUN-1001 :       Parameters       |  Settings  |  Default Values  |  Note  
RUN-1001 : ----------------------------------------------------------------
RUN-1001 :   default_reg_initial  |    auto    |       auto       |        
RUN-1001 :    hdl_warning_level   |   normal   |      normal      |        
RUN-1001 : ----------------------------------------------------------------
HDL-1007 : analyze verilog file last_attempt.v
HDL-1007 : undeclared symbol 'phy_reset', assumed default net type 'wire' in last_attempt.v(166)
HDL-1007 : undeclared symbol 'tpg_data_done', assumed default net type 'wire' in last_attempt.v(562)
HDL-1007 : undeclared symbol 'full_flag', assumed default net type 'wire' in last_attempt.v(596)
HDL-1007 : undeclared symbol 'input_local_udp_port_num', assumed default net type 'wire' in last_attempt.v(627)
HDL-1007 : undeclared symbol 'input_local_udp_port_num_valid', assumed default net type 'wire' in last_attempt.v(628)
HDL-1007 : undeclared symbol 'input_local_ip_address', assumed default net type 'wire' in last_attempt.v(630)
HDL-1007 : undeclared symbol 'input_local_ip_address_valid', assumed default net type 'wire' in last_attempt.v(631)
HDL-1007 : analyze verilog file ../source_code/rtl/udp/BUFGMUX.v
HDL-1007 : analyze verilog file ../source_code/rtl/udp/IDDR.v
HDL-1007 : analyze verilog file ../source_code/rtl/udp/ODDR.v
HDL-1007 : analyze verilog file ../source_code/rtl/udp/RAMB16_S9_S9.v
HDL-1007 : undeclared symbol 'open', assumed default net type 'wire' in ../source_code/rtl/udp/RAMB16_S9_S9.v(109)
HDL-1007 : analyze verilog file ../source_code/rtl/udp/clk_gen_rst_gen.v
HDL-1007 : analyze verilog file ../source_code/rtl/udp/div_clk_gen.v
HDL-1007 : analyze verilog file ../source_code/rtl/udp/rgmii_interface.v
HDL-1007 : analyze verilog file ../source_code/rtl/udp/rx_client_fifo.v
HDL-5370 WARNING: parameter 'WAIT_s' becomes localparam in 'rx_client_fifo' with formal parameter declaration list in ../source_code/rtl/udp/rx_client_fifo.v(49)
HDL-5370 WARNING: parameter 'QUEUE1_s' becomes localparam in 'rx_client_fifo' with formal parameter declaration list in ../source_code/rtl/udp/rx_client_fifo.v(50)
HDL-5370 WARNING: parameter 'QUEUE2_s' becomes localparam in 'rx_client_fifo' with formal parameter declaration list in ../source_code/rtl/udp/rx_client_fifo.v(51)
HDL-5370 WARNING: parameter 'QUEUE3_s' becomes localparam in 'rx_client_fifo' with formal parameter declaration list in ../source_code/rtl/udp/rx_client_fifo.v(52)
HDL-5370 WARNING: parameter 'QUEUE_SOF_s' becomes localparam in 'rx_client_fifo' with formal parameter declaration list in ../source_code/rtl/udp/rx_client_fifo.v(53)
HDL-5370 WARNING: parameter 'SOF_s' becomes localparam in 'rx_client_fifo' with formal parameter declaration list in ../source_code/rtl/udp/rx_client_fifo.v(54)
HDL-5370 WARNING: parameter 'DATA_s' becomes localparam in 'rx_client_fifo' with formal parameter declaration list in ../source_code/rtl/udp/rx_client_fifo.v(55)
HDL-5370 WARNING: parameter 'EOF_s' becomes localparam in 'rx_client_fifo' with formal parameter declaration list in ../source_code/rtl/udp/rx_client_fifo.v(56)
HDL-5370 WARNING: parameter 'IDLE_s' becomes localparam in 'rx_client_fifo' with formal parameter declaration list in ../source_code/rtl/udp/rx_client_fifo.v(62)
HDL-5370 WARNING: parameter 'FRAME_s' becomes localparam in 'rx_client_fifo' with formal parameter declaration list in ../source_code/rtl/udp/rx_client_fifo.v(63)
HDL-5370 Similar messages will be suppressed.
HDL-1007 : analyze verilog file ../source_code/rtl/udp/temac_block.v
HDL-1007 : analyze verilog file ../source_code/rtl/udp/temac_clk_gen.v
HDL-1007 : analyze verilog file ../source_code/rtl/udp/tx_client_fifo.v
HDL-5370 WARNING: parameter 'IDLE_s' becomes localparam in 'tx_client_fifo' with formal parameter declaration list in ../source_code/rtl/udp/tx_client_fifo.v(53)
HDL-5370 WARNING: parameter 'QUEUE1_s' becomes localparam in 'tx_client_fifo' with formal parameter declaration list in ../source_code/rtl/udp/tx_client_fifo.v(54)
HDL-5370 WARNING: parameter 'QUEUE2_s' becomes localparam in 'tx_client_fifo' with formal parameter declaration list in ../source_code/rtl/udp/tx_client_fifo.v(55)
HDL-5370 WARNING: parameter 'QUEUE3_s' becomes localparam in 'tx_client_fifo' with formal parameter declaration list in ../source_code/rtl/udp/tx_client_fifo.v(56)
HDL-5370 WARNING: parameter 'QUEUE_ACK_s' becomes localparam in 'tx_client_fifo' with formal parameter declaration list in ../source_code/rtl/udp/tx_client_fifo.v(57)
HDL-5370 WARNING: parameter 'WAIT_ACK_s' becomes localparam in 'tx_client_fifo' with formal parameter declaration list in ../source_code/rtl/udp/tx_client_fifo.v(58)
HDL-5370 WARNING: parameter 'FRAME_s' becomes localparam in 'tx_client_fifo' with formal parameter declaration list in ../source_code/rtl/udp/tx_client_fifo.v(59)
HDL-5370 WARNING: parameter 'DROP_s' becomes localparam in 'tx_client_fifo' with formal parameter declaration list in ../source_code/rtl/udp/tx_client_fifo.v(60)
HDL-5370 WARNING: parameter 'RETRANSMIT_s' becomes localparam in 'tx_client_fifo' with formal parameter declaration list in ../source_code/rtl/udp/tx_client_fifo.v(61)
HDL-5370 WARNING: parameter 'WAIT_s' becomes localparam in 'tx_client_fifo' with formal parameter declaration list in ../source_code/rtl/udp/tx_client_fifo.v(67)
HDL-5370 Similar messages will be suppressed.
HDL-1007 : analyze verilog file ../source_code/rtl/udp/tx_clk_en_gen.v
HDL-1007 : analyze verilog file ../source_code/rtl/udp/udp_data_tpg.v
HDL-1007 : analyze verilog file ../source_code/rtl/udp/udp_ip_protocol_stack_merge.enc.v
HDL-1007 : back to file '../source_code/rtl/udp/udp_ip_protocol_stack_merge.enc.v' in ../source_code/rtl/udp/udp_ip_protocol_stack_merge.enc.v(56)
HDL-1007 : undeclared symbol '**', assumed default net type '**' in ../source_code/rtl/udp/udp_ip_protocol_stack_merge.enc.v(2638)
HDL-1007 : back to file '../source_code/rtl/udp/udp_ip_protocol_stack_merge.enc.v' in ../source_code/rtl/udp/udp_ip_protocol_stack_merge.enc.v(420)
HDL-1007 : analyze verilog file ../source_code/rtl/udp/udp_loopback.v
HDL-1007 : analyze verilog file al_ip/TEMAC_CORE/RTL/include/define.v
HDL-1007 : analyze verilog file al_ip/TEMAC_CORE/RTL/TEMAC_CORE_aead6cd6dadd.v
HDL-5007 WARNING: column 1032 exceeds maximum value 1023 in al_ip/TEMAC_CORE/RTL/TEMAC_CORE_aead6cd6dadd.v(30)
HDL-1007 : back to file 'al_ip/TEMAC_CORE/RTL/TEMAC_CORE_aead6cd6dadd.v' in al_ip/TEMAC_CORE/RTL/TEMAC_CORE_aead6cd6dadd.v(86)
HDL-5007 WARNING: event expressions must result in a singular type in al_ip/TEMAC_CORE/RTL/TEMAC_CORE_aead6cd6dadd.v(3001)
HDL-1007 : undeclared symbol '**', assumed default net type '**' in al_ip/TEMAC_CORE/RTL/TEMAC_CORE_aead6cd6dadd.v(5050)
HDL-1007 : undeclared symbol '**', assumed default net type '**' in al_ip/TEMAC_CORE/RTL/TEMAC_CORE_aead6cd6dadd.v(5458)
HDL-5007 WARNING: column 1035 exceeds maximum value 1023 in al_ip/TEMAC_CORE/RTL/TEMAC_CORE_aead6cd6dadd.v(6001)
HDL-1007 : back to file 'al_ip/TEMAC_CORE/RTL/TEMAC_CORE_aead6cd6dadd.v' in al_ip/TEMAC_CORE/RTL/TEMAC_CORE_aead6cd6dadd.v(260)
HDL-1007 : analyze verilog file al_ip/TEMAC_CORE/RTL/mac_core_aead6cd6dadd.v
HDL-1007 : analyze verilog file al_ip/TEMAC_CORE/TEMAC_CORE.v
HDL-1007 : analyze verilog file al_ip/pll_gen.v
HDL-1007 : undeclared symbol 'pll_gen_open0', assumed default net type 'wire' in al_ip/pll_gen.v(99)
HDL-1007 : undeclared symbol 'pll_gen_open8', assumed default net type 'wire' in al_ip/pll_gen.v(105)
HDL-1007 : undeclared symbol 'pll_gen_open7', assumed default net type 'wire' in al_ip/pll_gen.v(105)
HDL-1007 : undeclared symbol 'pll_gen_open6', assumed default net type 'wire' in al_ip/pll_gen.v(105)
HDL-1007 : undeclared symbol 'pll_gen_open5', assumed default net type 'wire' in al_ip/pll_gen.v(105)
HDL-1007 : undeclared symbol 'pll_gen_open4', assumed default net type 'wire' in al_ip/pll_gen.v(105)
HDL-1007 : undeclared symbol 'pll_gen_open3', assumed default net type 'wire' in al_ip/pll_gen.v(105)
HDL-1007 : undeclared symbol 'pll_gen_open2', assumed default net type 'wire' in al_ip/pll_gen.v(105)
HDL-1007 : undeclared symbol 'pll_gen_open1', assumed default net type 'wire' in al_ip/pll_gen.v(105)
HDL-1007 : analyze verilog file al_ip/sys_pll.v
HDL-1007 : undeclared symbol 'sys_pll_open0', assumed default net type 'wire' in al_ip/sys_pll.v(77)
HDL-1007 : undeclared symbol 'sys_pll_open1', assumed default net type 'wire' in al_ip/sys_pll.v(83)
HDL-1007 : undeclared symbol 'sys_pll_open9', assumed default net type 'wire' in al_ip/sys_pll.v(89)
HDL-1007 : undeclared symbol 'sys_pll_open8', assumed default net type 'wire' in al_ip/sys_pll.v(89)
HDL-1007 : undeclared symbol 'sys_pll_open7', assumed default net type 'wire' in al_ip/sys_pll.v(89)
HDL-1007 : undeclared symbol 'sys_pll_open6', assumed default net type 'wire' in al_ip/sys_pll.v(89)
HDL-1007 : undeclared symbol 'sys_pll_open5', assumed default net type 'wire' in al_ip/sys_pll.v(89)
HDL-1007 : undeclared symbol 'sys_pll_open4', assumed default net type 'wire' in al_ip/sys_pll.v(89)
HDL-1007 : undeclared symbol 'sys_pll_open3', assumed default net type 'wire' in al_ip/sys_pll.v(89)
HDL-1007 : undeclared symbol 'sys_pll_open2', assumed default net type 'wire' in al_ip/sys_pll.v(89)
HDL-1007 : undeclared symbol 'sys_pll_open11', assumed default net type 'wire' in al_ip/sys_pll.v(91)
HDL-1007 : undeclared symbol 'sys_pll_open10', assumed default net type 'wire' in al_ip/sys_pll.v(91)
HDL-1007 : analyze verilog file ../source_code/rtl/sd_card/ax_debounce.v
HDL-1007 : analyze verilog file ../source_code/rtl/sd_card/bmp_read.v
HDL-1007 : analyze verilog file ../source_code/rtl/sd_card/sd_card_bmp.v
HDL-1007 : analyze verilog file ../source_code/rtl/sd_card/sd_card_cmd.v
HDL-1007 : analyze verilog file ../source_code/rtl/sd_card/sd_card_sec_read_write.v
HDL-1007 : analyze verilog file ../source_code/rtl/sd_card/sd_card_top.v
HDL-1007 : analyze verilog file ../source_code/rtl/sd_card/spi_master.v
HDL-1007 : analyze verilog file ../source_code/rtl/sdram/enc_file/global_def.v
HDL-1007 : analyze verilog file ../source_code/rtl/sdram/enc_file/sdr_as_ram.enc.v
HDL-1007 : back to file '../source_code/rtl/sdram/enc_file/sdr_as_ram.enc.v' in ../source_code/rtl/sdram/enc_file/sdr_as_ram.enc.v(54)
HDL-1007 : analyze verilog file ../source_code/rtl/sdram/enc_file/sdr_wrrd.enc.v
HDL-5007 WARNING: concatenation with an unsized literal will be treated as 32 bits in ../source_code/rtl/sdram/enc_file/sdr_wrrd.enc.v(283)
HDL-1007 : back to file '../source_code/rtl/sdram/enc_file/sdr_wrrd.enc.v' in ../source_code/rtl/sdram/enc_file/sdr_wrrd.enc.v(19)
HDL-1007 : analyze verilog file ../source_code/rtl/frame_fifo/afifo_16_32_256.v
HDL-1007 : analyze verilog file ../source_code/rtl/frame_fifo/afifo_32_16_256.v
HDL-1007 : analyze verilog file ../source_code/rtl/frame_fifo/frame_fifo_read.v
HDL-1007 : analyze verilog file ../source_code/rtl/frame_fifo/frame_fifo_write.v
HDL-1007 : analyze verilog file ../source_code/rtl/frame_fifo/frame_read_write.v
HDL-1007 : analyze verilog file ../source_code/rtl/sdram/sdram.v
HDL-1007 : analyze included file ../source_code/rtl/sdram/enc_file/global_def.v in ../source_code/rtl/sdram/sdram.v(10)
HDL-1007 : back to file '../source_code/rtl/sdram/sdram.v' in ../source_code/rtl/sdram/sdram.v(10)
HDL-1007 : undeclared symbol 'SDR_CKE', assumed default net type 'wire' in ../source_code/rtl/sdram/sdram.v(89)
HDL-1007 : analyze verilog file ../source_code/rtl/sdram/enc_file/sdr_init_ref.enc.v
HDL-1007 : analyze included file ../source_code/rtl/sdram/enc_file/global_def.v in ../source_code/rtl/sdram/enc_file/sdr_init_ref.enc.v(11)
HDL-1007 : back to file '../source_code/rtl/sdram/enc_file/sdr_init_ref.enc.v' in ../source_code/rtl/sdram/enc_file/sdr_init_ref.enc.v(11)
HDL-1007 : undeclared symbol '**', assumed default net type '**' in ../source_code/rtl/sdram/enc_file/sdr_init_ref.enc.v(57)
HDL-1007 : back to file '../source_code/rtl/sdram/enc_file/sdr_init_ref.enc.v' in ../source_code/rtl/sdram/enc_file/sdr_init_ref.enc.v(149)
HDL-5007 WARNING: concatenation with an unsized literal will be treated as 32 bits in ../source_code/rtl/sdram/enc_file/sdr_init_ref.enc.v(47)
HDL-1007 : analyze verilog file ../source_code/rtl/video_timing/color_bar.v
HDL-1007 : analyze included file ../source_code/rtl/video_timing/video_define.v in ../source_code/rtl/video_timing/color_bar.v(2)
HDL-1007 : back to file '../source_code/rtl/video_timing/color_bar.v' in ../source_code/rtl/video_timing/color_bar.v(2)
HDL-1007 : analyze verilog file ../source_code/rtl/video_timing/video_delay.v
HDL-1007 : analyze verilog file ../source_code/rtl/video_timing/video_timing_data.v
HDL-1007 : analyze verilog file ../source_code/rtl/another/m_synchronization_header.v
HDL-1007 : analyze verilog file ../source_code/rtl/led.v
HDL-1007 : analyze verilog file ../source_code/rtl/ov5640/cmos_capture_data.v
HDL-1007 : analyze verilog file ../source_code/rtl/ov5640/i2c_dri.v
HDL-1007 : analyze verilog file ../source_code/rtl/ov5640/i2c_ov5640_rgb565_cfg.v
HDL-1007 : analyze verilog file ../source_code/rtl/ov5640/ov5640_delay.v
HDL-1007 : analyze verilog file ../source_code/rtl/ov5640/ov5640_dri.v
HDL-1007 : analyze verilog file ../source_code/rtl/another/fire_detect.v
RUN-1002 : start command "commit_param -step design"
RUN-1001 : Print Global Property
RUN-1001 : --------------------------------------------------------
RUN-1001 :   Parameters   |  Settings  |  Default Values  |  Note  
RUN-1001 : --------------------------------------------------------
RUN-1001 :   enable_seed  |    off     |       off        |        
RUN-1001 :     message    |  standard  |     standard     |        
RUN-1001 :   qor_monitor  |     on     |        on        |        
RUN-1001 :   syn_ip_flow  |    off     |       off        |        
RUN-1001 :     thread     |    auto    |       auto       |        
RUN-1001 : --------------------------------------------------------
RUN-1001 : Print Design Property
RUN-1001 : ----------------------------------------------------------------
RUN-1001 :       Parameters       |  Settings  |  Default Values  |  Note  
RUN-1001 : ----------------------------------------------------------------
RUN-1001 :   default_reg_initial  |    auto    |       auto       |        
RUN-1001 :    hdl_warning_level   |   normal   |      normal      |        
RUN-1001 : ----------------------------------------------------------------
HDL-1007 : analyze verilog file last_attempt.v
HDL-1007 : undeclared symbol 'phy_reset', assumed default net type 'wire' in last_attempt.v(166)
HDL-1007 : undeclared symbol 'tpg_data_done', assumed default net type 'wire' in last_attempt.v(562)
HDL-1007 : undeclared symbol 'full_flag', assumed default net type 'wire' in last_attempt.v(596)
HDL-1007 : undeclared symbol 'input_local_udp_port_num', assumed default net type 'wire' in last_attempt.v(627)
HDL-1007 : undeclared symbol 'input_local_udp_port_num_valid', assumed default net type 'wire' in last_attempt.v(628)
HDL-1007 : undeclared symbol 'input_local_ip_address', assumed default net type 'wire' in last_attempt.v(630)
HDL-1007 : undeclared symbol 'input_local_ip_address_valid', assumed default net type 'wire' in last_attempt.v(631)
HDL-1007 : analyze verilog file ../source_code/rtl/udp/BUFGMUX.v
HDL-1007 : analyze verilog file ../source_code/rtl/udp/IDDR.v
HDL-1007 : analyze verilog file ../source_code/rtl/udp/ODDR.v
HDL-1007 : analyze verilog file ../source_code/rtl/udp/RAMB16_S9_S9.v
HDL-1007 : undeclared symbol 'open', assumed default net type 'wire' in ../source_code/rtl/udp/RAMB16_S9_S9.v(109)
HDL-1007 : analyze verilog file ../source_code/rtl/udp/clk_gen_rst_gen.v
HDL-1007 : analyze verilog file ../source_code/rtl/udp/div_clk_gen.v
HDL-1007 : analyze verilog file ../source_code/rtl/udp/rgmii_interface.v
HDL-1007 : analyze verilog file ../source_code/rtl/udp/rx_client_fifo.v
HDL-5370 WARNING: parameter 'WAIT_s' becomes localparam in 'rx_client_fifo' with formal parameter declaration list in ../source_code/rtl/udp/rx_client_fifo.v(49)
HDL-5370 WARNING: parameter 'QUEUE1_s' becomes localparam in 'rx_client_fifo' with formal parameter declaration list in ../source_code/rtl/udp/rx_client_fifo.v(50)
HDL-5370 WARNING: parameter 'QUEUE2_s' becomes localparam in 'rx_client_fifo' with formal parameter declaration list in ../source_code/rtl/udp/rx_client_fifo.v(51)
HDL-5370 WARNING: parameter 'QUEUE3_s' becomes localparam in 'rx_client_fifo' with formal parameter declaration list in ../source_code/rtl/udp/rx_client_fifo.v(52)
HDL-5370 WARNING: parameter 'QUEUE_SOF_s' becomes localparam in 'rx_client_fifo' with formal parameter declaration list in ../source_code/rtl/udp/rx_client_fifo.v(53)
HDL-5370 WARNING: parameter 'SOF_s' becomes localparam in 'rx_client_fifo' with formal parameter declaration list in ../source_code/rtl/udp/rx_client_fifo.v(54)
HDL-5370 WARNING: parameter 'DATA_s' becomes localparam in 'rx_client_fifo' with formal parameter declaration list in ../source_code/rtl/udp/rx_client_fifo.v(55)
HDL-5370 WARNING: parameter 'EOF_s' becomes localparam in 'rx_client_fifo' with formal parameter declaration list in ../source_code/rtl/udp/rx_client_fifo.v(56)
HDL-5370 WARNING: parameter 'IDLE_s' becomes localparam in 'rx_client_fifo' with formal parameter declaration list in ../source_code/rtl/udp/rx_client_fifo.v(62)
HDL-5370 WARNING: parameter 'FRAME_s' becomes localparam in 'rx_client_fifo' with formal parameter declaration list in ../source_code/rtl/udp/rx_client_fifo.v(63)
HDL-5370 Similar messages will be suppressed.
HDL-1007 : analyze verilog file ../source_code/rtl/udp/temac_block.v
HDL-1007 : analyze verilog file ../source_code/rtl/udp/temac_clk_gen.v
HDL-1007 : analyze verilog file ../source_code/rtl/udp/tx_client_fifo.v
HDL-5370 WARNING: parameter 'IDLE_s' becomes localparam in 'tx_client_fifo' with formal parameter declaration list in ../source_code/rtl/udp/tx_client_fifo.v(53)
HDL-5370 WARNING: parameter 'QUEUE1_s' becomes localparam in 'tx_client_fifo' with formal parameter declaration list in ../source_code/rtl/udp/tx_client_fifo.v(54)
HDL-5370 WARNING: parameter 'QUEUE2_s' becomes localparam in 'tx_client_fifo' with formal parameter declaration list in ../source_code/rtl/udp/tx_client_fifo.v(55)
HDL-5370 WARNING: parameter 'QUEUE3_s' becomes localparam in 'tx_client_fifo' with formal parameter declaration list in ../source_code/rtl/udp/tx_client_fifo.v(56)
HDL-5370 WARNING: parameter 'QUEUE_ACK_s' becomes localparam in 'tx_client_fifo' with formal parameter declaration list in ../source_code/rtl/udp/tx_client_fifo.v(57)
HDL-5370 WARNING: parameter 'WAIT_ACK_s' becomes localparam in 'tx_client_fifo' with formal parameter declaration list in ../source_code/rtl/udp/tx_client_fifo.v(58)
HDL-5370 WARNING: parameter 'FRAME_s' becomes localparam in 'tx_client_fifo' with formal parameter declaration list in ../source_code/rtl/udp/tx_client_fifo.v(59)
HDL-5370 WARNING: parameter 'DROP_s' becomes localparam in 'tx_client_fifo' with formal parameter declaration list in ../source_code/rtl/udp/tx_client_fifo.v(60)
HDL-5370 WARNING: parameter 'RETRANSMIT_s' becomes localparam in 'tx_client_fifo' with formal parameter declaration list in ../source_code/rtl/udp/tx_client_fifo.v(61)
HDL-5370 WARNING: parameter 'WAIT_s' becomes localparam in 'tx_client_fifo' with formal parameter declaration list in ../source_code/rtl/udp/tx_client_fifo.v(67)
HDL-5370 Similar messages will be suppressed.
HDL-1007 : analyze verilog file ../source_code/rtl/udp/tx_clk_en_gen.v
HDL-1007 : analyze verilog file ../source_code/rtl/udp/udp_data_tpg.v
HDL-1007 : analyze verilog file ../source_code/rtl/udp/udp_ip_protocol_stack_merge.enc.v
HDL-1007 : back to file '../source_code/rtl/udp/udp_ip_protocol_stack_merge.enc.v' in ../source_code/rtl/udp/udp_ip_protocol_stack_merge.enc.v(56)
HDL-1007 : undeclared symbol '**', assumed default net type '**' in ../source_code/rtl/udp/udp_ip_protocol_stack_merge.enc.v(2638)
HDL-1007 : back to file '../source_code/rtl/udp/udp_ip_protocol_stack_merge.enc.v' in ../source_code/rtl/udp/udp_ip_protocol_stack_merge.enc.v(420)
HDL-1007 : analyze verilog file ../source_code/rtl/udp/udp_loopback.v
HDL-1007 : analyze verilog file al_ip/TEMAC_CORE/RTL/include/define.v
HDL-1007 : analyze verilog file al_ip/TEMAC_CORE/RTL/TEMAC_CORE_aead6cd6dadd.v
HDL-5007 WARNING: column 1032 exceeds maximum value 1023 in al_ip/TEMAC_CORE/RTL/TEMAC_CORE_aead6cd6dadd.v(30)
HDL-1007 : back to file 'al_ip/TEMAC_CORE/RTL/TEMAC_CORE_aead6cd6dadd.v' in al_ip/TEMAC_CORE/RTL/TEMAC_CORE_aead6cd6dadd.v(86)
HDL-5007 WARNING: event expressions must result in a singular type in al_ip/TEMAC_CORE/RTL/TEMAC_CORE_aead6cd6dadd.v(3001)
HDL-1007 : undeclared symbol '**', assumed default net type '**' in al_ip/TEMAC_CORE/RTL/TEMAC_CORE_aead6cd6dadd.v(5050)
HDL-1007 : undeclared symbol '**', assumed default net type '**' in al_ip/TEMAC_CORE/RTL/TEMAC_CORE_aead6cd6dadd.v(5458)
HDL-5007 WARNING: column 1035 exceeds maximum value 1023 in al_ip/TEMAC_CORE/RTL/TEMAC_CORE_aead6cd6dadd.v(6001)
HDL-1007 : back to file 'al_ip/TEMAC_CORE/RTL/TEMAC_CORE_aead6cd6dadd.v' in al_ip/TEMAC_CORE/RTL/TEMAC_CORE_aead6cd6dadd.v(260)
HDL-1007 : analyze verilog file al_ip/TEMAC_CORE/RTL/mac_core_aead6cd6dadd.v
HDL-1007 : analyze verilog file al_ip/TEMAC_CORE/TEMAC_CORE.v
HDL-1007 : analyze verilog file al_ip/pll_gen.v
HDL-1007 : undeclared symbol 'pll_gen_open0', assumed default net type 'wire' in al_ip/pll_gen.v(99)
HDL-1007 : undeclared symbol 'pll_gen_open8', assumed default net type 'wire' in al_ip/pll_gen.v(105)
HDL-1007 : undeclared symbol 'pll_gen_open7', assumed default net type 'wire' in al_ip/pll_gen.v(105)
HDL-1007 : undeclared symbol 'pll_gen_open6', assumed default net type 'wire' in al_ip/pll_gen.v(105)
HDL-1007 : undeclared symbol 'pll_gen_open5', assumed default net type 'wire' in al_ip/pll_gen.v(105)
HDL-1007 : undeclared symbol 'pll_gen_open4', assumed default net type 'wire' in al_ip/pll_gen.v(105)
HDL-1007 : undeclared symbol 'pll_gen_open3', assumed default net type 'wire' in al_ip/pll_gen.v(105)
HDL-1007 : undeclared symbol 'pll_gen_open2', assumed default net type 'wire' in al_ip/pll_gen.v(105)
HDL-1007 : undeclared symbol 'pll_gen_open1', assumed default net type 'wire' in al_ip/pll_gen.v(105)
HDL-1007 : analyze verilog file al_ip/sys_pll.v
HDL-1007 : undeclared symbol 'sys_pll_open0', assumed default net type 'wire' in al_ip/sys_pll.v(77)
HDL-1007 : undeclared symbol 'sys_pll_open1', assumed default net type 'wire' in al_ip/sys_pll.v(83)
HDL-1007 : undeclared symbol 'sys_pll_open9', assumed default net type 'wire' in al_ip/sys_pll.v(89)
HDL-1007 : undeclared symbol 'sys_pll_open8', assumed default net type 'wire' in al_ip/sys_pll.v(89)
HDL-1007 : undeclared symbol 'sys_pll_open7', assumed default net type 'wire' in al_ip/sys_pll.v(89)
HDL-1007 : undeclared symbol 'sys_pll_open6', assumed default net type 'wire' in al_ip/sys_pll.v(89)
HDL-1007 : undeclared symbol 'sys_pll_open5', assumed default net type 'wire' in al_ip/sys_pll.v(89)
HDL-1007 : undeclared symbol 'sys_pll_open4', assumed default net type 'wire' in al_ip/sys_pll.v(89)
HDL-1007 : undeclared symbol 'sys_pll_open3', assumed default net type 'wire' in al_ip/sys_pll.v(89)
HDL-1007 : undeclared symbol 'sys_pll_open2', assumed default net type 'wire' in al_ip/sys_pll.v(89)
HDL-1007 : undeclared symbol 'sys_pll_open11', assumed default net type 'wire' in al_ip/sys_pll.v(91)
HDL-1007 : undeclared symbol 'sys_pll_open10', assumed default net type 'wire' in al_ip/sys_pll.v(91)
HDL-1007 : analyze verilog file ../source_code/rtl/sd_card/ax_debounce.v
HDL-1007 : analyze verilog file ../source_code/rtl/sd_card/bmp_read.v
HDL-1007 : analyze verilog file ../source_code/rtl/sd_card/sd_card_bmp.v
HDL-1007 : analyze verilog file ../source_code/rtl/sd_card/sd_card_cmd.v
HDL-1007 : analyze verilog file ../source_code/rtl/sd_card/sd_card_sec_read_write.v
HDL-1007 : analyze verilog file ../source_code/rtl/sd_card/sd_card_top.v
HDL-1007 : analyze verilog file ../source_code/rtl/sd_card/spi_master.v
HDL-1007 : analyze verilog file ../source_code/rtl/sdram/enc_file/global_def.v
HDL-1007 : analyze verilog file ../source_code/rtl/sdram/enc_file/sdr_as_ram.enc.v
HDL-1007 : back to file '../source_code/rtl/sdram/enc_file/sdr_as_ram.enc.v' in ../source_code/rtl/sdram/enc_file/sdr_as_ram.enc.v(54)
HDL-1007 : analyze verilog file ../source_code/rtl/sdram/enc_file/sdr_wrrd.enc.v
HDL-5007 WARNING: concatenation with an unsized literal will be treated as 32 bits in ../source_code/rtl/sdram/enc_file/sdr_wrrd.enc.v(283)
HDL-1007 : back to file '../source_code/rtl/sdram/enc_file/sdr_wrrd.enc.v' in ../source_code/rtl/sdram/enc_file/sdr_wrrd.enc.v(19)
HDL-1007 : analyze verilog file ../source_code/rtl/frame_fifo/afifo_16_32_256.v
HDL-1007 : analyze verilog file ../source_code/rtl/frame_fifo/afifo_32_16_256.v
HDL-1007 : analyze verilog file ../source_code/rtl/frame_fifo/frame_fifo_read.v
HDL-1007 : analyze verilog file ../source_code/rtl/frame_fifo/frame_fifo_write.v
HDL-1007 : analyze verilog file ../source_code/rtl/frame_fifo/frame_read_write.v
HDL-1007 : analyze verilog file ../source_code/rtl/sdram/sdram.v
HDL-1007 : analyze included file ../source_code/rtl/sdram/enc_file/global_def.v in ../source_code/rtl/sdram/sdram.v(10)
HDL-1007 : back to file '../source_code/rtl/sdram/sdram.v' in ../source_code/rtl/sdram/sdram.v(10)
HDL-1007 : undeclared symbol 'SDR_CKE', assumed default net type 'wire' in ../source_code/rtl/sdram/sdram.v(89)
HDL-1007 : analyze verilog file ../source_code/rtl/sdram/enc_file/sdr_init_ref.enc.v
HDL-1007 : analyze included file ../source_code/rtl/sdram/enc_file/global_def.v in ../source_code/rtl/sdram/enc_file/sdr_init_ref.enc.v(11)
HDL-1007 : back to file '../source_code/rtl/sdram/enc_file/sdr_init_ref.enc.v' in ../source_code/rtl/sdram/enc_file/sdr_init_ref.enc.v(11)
HDL-1007 : undeclared symbol '**', assumed default net type '**' in ../source_code/rtl/sdram/enc_file/sdr_init_ref.enc.v(57)
HDL-1007 : back to file '../source_code/rtl/sdram/enc_file/sdr_init_ref.enc.v' in ../source_code/rtl/sdram/enc_file/sdr_init_ref.enc.v(149)
HDL-5007 WARNING: concatenation with an unsized literal will be treated as 32 bits in ../source_code/rtl/sdram/enc_file/sdr_init_ref.enc.v(47)
HDL-1007 : analyze verilog file ../source_code/rtl/video_timing/color_bar.v
HDL-1007 : analyze included file ../source_code/rtl/video_timing/video_define.v in ../source_code/rtl/video_timing/color_bar.v(2)
HDL-1007 : back to file '../source_code/rtl/video_timing/color_bar.v' in ../source_code/rtl/video_timing/color_bar.v(2)
HDL-1007 : analyze verilog file ../source_code/rtl/video_timing/video_delay.v
HDL-1007 : analyze verilog file ../source_code/rtl/video_timing/video_timing_data.v
HDL-1007 : analyze verilog file ../source_code/rtl/another/m_synchronization_header.v
HDL-1007 : analyze verilog file ../source_code/rtl/led.v
HDL-1007 : analyze verilog file ../source_code/rtl/ov5640/cmos_capture_data.v
HDL-1007 : analyze verilog file ../source_code/rtl/ov5640/i2c_dri.v
HDL-1007 : analyze verilog file ../source_code/rtl/ov5640/i2c_ov5640_rgb565_cfg.v
HDL-1007 : analyze verilog file ../source_code/rtl/ov5640/ov5640_delay.v
HDL-1007 : analyze verilog file ../source_code/rtl/ov5640/ov5640_dri.v
HDL-1007 : analyze verilog file ../source_code/rtl/another/fire_detect.v
PRJ-1412 : reset_run syn_1 phy_1.
PRJ-1409 : launch_runs syn_1 phy_1  -jobs 6.
PRJ-1410 : Run syn_1 success.
PRJ-1410 : Run phy_1 success.
RUN-1002 : start command "save_best_bits"
PRJ-1424 : The implemented result of phy_1 is saved as best result.
RUN-1002 : start command "import_db D:/FPGA/workplace6_2_1/last/prj/last_attempt_Runs/phy_1/last_attempt_pr.db"
RUN-1001 : Importing database generated by Tang Dynasty, V6.2.168116.
RUN-1001 : Database version number 46207
RUN-1001 : Import flow parameters
RUN-1001 : Import netlist
PHY-1001 : Generate detailed routing grids ...
PHY-1001 : End build routing graph; 0.470146s wall, 0.437500s user + 0.046875s system = 0.484375s CPU (103.0%)

PHY-1001 : Build lut bridge;  0.061584s wall, 0.062500s user + 0.000000s system = 0.062500s CPU (101.5%)

PHY-1001 : Generate nets ...
PHY-1001 : net clk_50_dup_1 will be routed on clock mesh
PHY-1001 : clock net temac_clk will be merged with clock u_clk_gen/u_pll_0/clk0_buf
PHY-1001 : net udp_clk will be routed on clock mesh
PHY-1001 : net U3/u2_ram/SDRAM_CLK will be routed on clock mesh
PHY-1001 : net U3/u2_ram/u1_init_ref/Sdr_clk will be routed on clock mesh
PHY-1001 : clock net u_ov5640_dri/u_i2c_dr/dri_clk_syn_4 will be merged with clock u_ov5640_dri/u_i2c_dr/dri_clk
PHY-1001 : clock net u2_udp_loopback/app_tx_data_read_syn_4 will be merged with clock u2_udp_loopback/app_tx_data_read
PHY-1001 : clock net sd_card_bmp_m0/bmp_read_m0/clk will be merged with clock tf0_sys_pll/clk0_buf
PHY-1001 : net u4_trimac_block/u1_rgmii_interface/rgmii_txc_ddr/clk will be routed on clock mesh
PHY-1001 : clock net u4_trimac_block/rx_clk will be merged with clock phy1_rgmii_rx_clk_dup_1
PHY-1001 : eco open net = 0
PHY-1001 : 189 feed throughs used by 161 nets
RUN-1001 : Import phy database
RUN-1001 : Import timing constraints
RUN-1001 : Import IO constraints
RUN-1001 : Import Inst constraints
RUN-1001 : Import ChipWatcher
RUN-1001 : Import design success TD_VERSION=6.2.168116 , DB_VERSION=46207
RUN-1003 : finish command "import_db D:/FPGA/workplace6_2_1/last/prj/last_attempt_Runs/phy_1/last_attempt_pr.db" in  2.804428s wall, 2.515625s user + 0.234375s system = 2.750000s CPU (98.1%)

RUN-1004 : used memory is 833 MB, reserved memory is 780 MB, peak memory is 868 MB
RUN-1002 : start command "commit_param -step design"
RUN-1001 : Print Global Property
RUN-1001 : --------------------------------------------------------
RUN-1001 :   Parameters   |  Settings  |  Default Values  |  Note  
RUN-1001 : --------------------------------------------------------
RUN-1001 :   enable_seed  |    off     |       off        |        
RUN-1001 :     message    |  standard  |     standard     |        
RUN-1001 :   qor_monitor  |     on     |        on        |        
RUN-1001 :   syn_ip_flow  |    off     |       off        |        
RUN-1001 :     thread     |    auto    |       auto       |        
RUN-1001 : --------------------------------------------------------
RUN-1001 : Print Design Property
RUN-1001 : ----------------------------------------------------------------
RUN-1001 :       Parameters       |  Settings  |  Default Values  |  Note  
RUN-1001 : ----------------------------------------------------------------
RUN-1001 :   default_reg_initial  |    auto    |       auto       |        
RUN-1001 :    hdl_warning_level   |   normal   |      normal      |        
RUN-1001 : ----------------------------------------------------------------
HDL-1007 : analyze verilog file last_attempt.v
HDL-1007 : undeclared symbol 'phy_reset', assumed default net type 'wire' in last_attempt.v(166)
HDL-1007 : undeclared symbol 'tpg_data_done', assumed default net type 'wire' in last_attempt.v(565)
HDL-1007 : undeclared symbol 'full_flag', assumed default net type 'wire' in last_attempt.v(599)
HDL-1007 : undeclared symbol 'input_local_udp_port_num', assumed default net type 'wire' in last_attempt.v(630)
HDL-1007 : undeclared symbol 'input_local_udp_port_num_valid', assumed default net type 'wire' in last_attempt.v(631)
HDL-1007 : undeclared symbol 'input_local_ip_address', assumed default net type 'wire' in last_attempt.v(633)
HDL-1007 : undeclared symbol 'input_local_ip_address_valid', assumed default net type 'wire' in last_attempt.v(634)
HDL-1007 : analyze verilog file ../source_code/rtl/udp/BUFGMUX.v
HDL-1007 : analyze verilog file ../source_code/rtl/udp/IDDR.v
HDL-1007 : analyze verilog file ../source_code/rtl/udp/ODDR.v
HDL-1007 : analyze verilog file ../source_code/rtl/udp/RAMB16_S9_S9.v
HDL-1007 : undeclared symbol 'open', assumed default net type 'wire' in ../source_code/rtl/udp/RAMB16_S9_S9.v(109)
HDL-1007 : analyze verilog file ../source_code/rtl/udp/clk_gen_rst_gen.v
HDL-1007 : analyze verilog file ../source_code/rtl/udp/div_clk_gen.v
HDL-1007 : analyze verilog file ../source_code/rtl/udp/rgmii_interface.v
HDL-1007 : analyze verilog file ../source_code/rtl/udp/rx_client_fifo.v
HDL-5370 WARNING: parameter 'WAIT_s' becomes localparam in 'rx_client_fifo' with formal parameter declaration list in ../source_code/rtl/udp/rx_client_fifo.v(49)
HDL-5370 WARNING: parameter 'QUEUE1_s' becomes localparam in 'rx_client_fifo' with formal parameter declaration list in ../source_code/rtl/udp/rx_client_fifo.v(50)
HDL-5370 WARNING: parameter 'QUEUE2_s' becomes localparam in 'rx_client_fifo' with formal parameter declaration list in ../source_code/rtl/udp/rx_client_fifo.v(51)
HDL-5370 WARNING: parameter 'QUEUE3_s' becomes localparam in 'rx_client_fifo' with formal parameter declaration list in ../source_code/rtl/udp/rx_client_fifo.v(52)
HDL-5370 WARNING: parameter 'QUEUE_SOF_s' becomes localparam in 'rx_client_fifo' with formal parameter declaration list in ../source_code/rtl/udp/rx_client_fifo.v(53)
HDL-5370 WARNING: parameter 'SOF_s' becomes localparam in 'rx_client_fifo' with formal parameter declaration list in ../source_code/rtl/udp/rx_client_fifo.v(54)
HDL-5370 WARNING: parameter 'DATA_s' becomes localparam in 'rx_client_fifo' with formal parameter declaration list in ../source_code/rtl/udp/rx_client_fifo.v(55)
HDL-5370 WARNING: parameter 'EOF_s' becomes localparam in 'rx_client_fifo' with formal parameter declaration list in ../source_code/rtl/udp/rx_client_fifo.v(56)
HDL-5370 WARNING: parameter 'IDLE_s' becomes localparam in 'rx_client_fifo' with formal parameter declaration list in ../source_code/rtl/udp/rx_client_fifo.v(62)
HDL-5370 WARNING: parameter 'FRAME_s' becomes localparam in 'rx_client_fifo' with formal parameter declaration list in ../source_code/rtl/udp/rx_client_fifo.v(63)
HDL-5370 Similar messages will be suppressed.
HDL-1007 : analyze verilog file ../source_code/rtl/udp/temac_block.v
HDL-1007 : analyze verilog file ../source_code/rtl/udp/temac_clk_gen.v
HDL-1007 : analyze verilog file ../source_code/rtl/udp/tx_client_fifo.v
HDL-5370 WARNING: parameter 'IDLE_s' becomes localparam in 'tx_client_fifo' with formal parameter declaration list in ../source_code/rtl/udp/tx_client_fifo.v(53)
HDL-5370 WARNING: parameter 'QUEUE1_s' becomes localparam in 'tx_client_fifo' with formal parameter declaration list in ../source_code/rtl/udp/tx_client_fifo.v(54)
HDL-5370 WARNING: parameter 'QUEUE2_s' becomes localparam in 'tx_client_fifo' with formal parameter declaration list in ../source_code/rtl/udp/tx_client_fifo.v(55)
HDL-5370 WARNING: parameter 'QUEUE3_s' becomes localparam in 'tx_client_fifo' with formal parameter declaration list in ../source_code/rtl/udp/tx_client_fifo.v(56)
HDL-5370 WARNING: parameter 'QUEUE_ACK_s' becomes localparam in 'tx_client_fifo' with formal parameter declaration list in ../source_code/rtl/udp/tx_client_fifo.v(57)
HDL-5370 WARNING: parameter 'WAIT_ACK_s' becomes localparam in 'tx_client_fifo' with formal parameter declaration list in ../source_code/rtl/udp/tx_client_fifo.v(58)
HDL-5370 WARNING: parameter 'FRAME_s' becomes localparam in 'tx_client_fifo' with formal parameter declaration list in ../source_code/rtl/udp/tx_client_fifo.v(59)
HDL-5370 WARNING: parameter 'DROP_s' becomes localparam in 'tx_client_fifo' with formal parameter declaration list in ../source_code/rtl/udp/tx_client_fifo.v(60)
HDL-5370 WARNING: parameter 'RETRANSMIT_s' becomes localparam in 'tx_client_fifo' with formal parameter declaration list in ../source_code/rtl/udp/tx_client_fifo.v(61)
HDL-5370 WARNING: parameter 'WAIT_s' becomes localparam in 'tx_client_fifo' with formal parameter declaration list in ../source_code/rtl/udp/tx_client_fifo.v(67)
HDL-5370 Similar messages will be suppressed.
HDL-1007 : analyze verilog file ../source_code/rtl/udp/tx_clk_en_gen.v
HDL-1007 : analyze verilog file ../source_code/rtl/udp/udp_data_tpg.v
HDL-1007 : analyze verilog file ../source_code/rtl/udp/udp_ip_protocol_stack_merge.enc.v
HDL-1007 : back to file '../source_code/rtl/udp/udp_ip_protocol_stack_merge.enc.v' in ../source_code/rtl/udp/udp_ip_protocol_stack_merge.enc.v(56)
HDL-1007 : undeclared symbol '**', assumed default net type '**' in ../source_code/rtl/udp/udp_ip_protocol_stack_merge.enc.v(2638)
HDL-1007 : back to file '../source_code/rtl/udp/udp_ip_protocol_stack_merge.enc.v' in ../source_code/rtl/udp/udp_ip_protocol_stack_merge.enc.v(420)
HDL-1007 : analyze verilog file ../source_code/rtl/udp/udp_loopback.v
HDL-1007 : analyze verilog file al_ip/TEMAC_CORE/RTL/include/define.v
HDL-1007 : analyze verilog file al_ip/TEMAC_CORE/RTL/TEMAC_CORE_aead6cd6dadd.v
HDL-5007 WARNING: column 1032 exceeds maximum value 1023 in al_ip/TEMAC_CORE/RTL/TEMAC_CORE_aead6cd6dadd.v(30)
HDL-1007 : back to file 'al_ip/TEMAC_CORE/RTL/TEMAC_CORE_aead6cd6dadd.v' in al_ip/TEMAC_CORE/RTL/TEMAC_CORE_aead6cd6dadd.v(86)
HDL-5007 WARNING: event expressions must result in a singular type in al_ip/TEMAC_CORE/RTL/TEMAC_CORE_aead6cd6dadd.v(3001)
HDL-1007 : undeclared symbol '**', assumed default net type '**' in al_ip/TEMAC_CORE/RTL/TEMAC_CORE_aead6cd6dadd.v(5050)
HDL-1007 : undeclared symbol '**', assumed default net type '**' in al_ip/TEMAC_CORE/RTL/TEMAC_CORE_aead6cd6dadd.v(5458)
HDL-5007 WARNING: column 1035 exceeds maximum value 1023 in al_ip/TEMAC_CORE/RTL/TEMAC_CORE_aead6cd6dadd.v(6001)
HDL-1007 : back to file 'al_ip/TEMAC_CORE/RTL/TEMAC_CORE_aead6cd6dadd.v' in al_ip/TEMAC_CORE/RTL/TEMAC_CORE_aead6cd6dadd.v(260)
HDL-1007 : analyze verilog file al_ip/TEMAC_CORE/RTL/mac_core_aead6cd6dadd.v
HDL-1007 : analyze verilog file al_ip/TEMAC_CORE/TEMAC_CORE.v
HDL-1007 : analyze verilog file al_ip/pll_gen.v
HDL-1007 : undeclared symbol 'pll_gen_open0', assumed default net type 'wire' in al_ip/pll_gen.v(99)
HDL-1007 : undeclared symbol 'pll_gen_open8', assumed default net type 'wire' in al_ip/pll_gen.v(105)
HDL-1007 : undeclared symbol 'pll_gen_open7', assumed default net type 'wire' in al_ip/pll_gen.v(105)
HDL-1007 : undeclared symbol 'pll_gen_open6', assumed default net type 'wire' in al_ip/pll_gen.v(105)
HDL-1007 : undeclared symbol 'pll_gen_open5', assumed default net type 'wire' in al_ip/pll_gen.v(105)
HDL-1007 : undeclared symbol 'pll_gen_open4', assumed default net type 'wire' in al_ip/pll_gen.v(105)
HDL-1007 : undeclared symbol 'pll_gen_open3', assumed default net type 'wire' in al_ip/pll_gen.v(105)
HDL-1007 : undeclared symbol 'pll_gen_open2', assumed default net type 'wire' in al_ip/pll_gen.v(105)
HDL-1007 : undeclared symbol 'pll_gen_open1', assumed default net type 'wire' in al_ip/pll_gen.v(105)
HDL-1007 : analyze verilog file al_ip/sys_pll.v
HDL-1007 : undeclared symbol 'sys_pll_open0', assumed default net type 'wire' in al_ip/sys_pll.v(77)
HDL-1007 : undeclared symbol 'sys_pll_open1', assumed default net type 'wire' in al_ip/sys_pll.v(83)
HDL-1007 : undeclared symbol 'sys_pll_open9', assumed default net type 'wire' in al_ip/sys_pll.v(89)
HDL-1007 : undeclared symbol 'sys_pll_open8', assumed default net type 'wire' in al_ip/sys_pll.v(89)
HDL-1007 : undeclared symbol 'sys_pll_open7', assumed default net type 'wire' in al_ip/sys_pll.v(89)
HDL-1007 : undeclared symbol 'sys_pll_open6', assumed default net type 'wire' in al_ip/sys_pll.v(89)
HDL-1007 : undeclared symbol 'sys_pll_open5', assumed default net type 'wire' in al_ip/sys_pll.v(89)
HDL-1007 : undeclared symbol 'sys_pll_open4', assumed default net type 'wire' in al_ip/sys_pll.v(89)
HDL-1007 : undeclared symbol 'sys_pll_open3', assumed default net type 'wire' in al_ip/sys_pll.v(89)
HDL-1007 : undeclared symbol 'sys_pll_open2', assumed default net type 'wire' in al_ip/sys_pll.v(89)
HDL-1007 : undeclared symbol 'sys_pll_open11', assumed default net type 'wire' in al_ip/sys_pll.v(91)
HDL-1007 : undeclared symbol 'sys_pll_open10', assumed default net type 'wire' in al_ip/sys_pll.v(91)
HDL-1007 : analyze verilog file ../source_code/rtl/sd_card/ax_debounce.v
HDL-1007 : analyze verilog file ../source_code/rtl/sd_card/bmp_read.v
HDL-1007 : analyze verilog file ../source_code/rtl/sd_card/sd_card_bmp.v
HDL-1007 : analyze verilog file ../source_code/rtl/sd_card/sd_card_cmd.v
HDL-1007 : analyze verilog file ../source_code/rtl/sd_card/sd_card_sec_read_write.v
HDL-1007 : analyze verilog file ../source_code/rtl/sd_card/sd_card_top.v
HDL-1007 : analyze verilog file ../source_code/rtl/sd_card/spi_master.v
HDL-1007 : analyze verilog file ../source_code/rtl/sdram/enc_file/global_def.v
HDL-1007 : analyze verilog file ../source_code/rtl/sdram/enc_file/sdr_as_ram.enc.v
HDL-1007 : back to file '../source_code/rtl/sdram/enc_file/sdr_as_ram.enc.v' in ../source_code/rtl/sdram/enc_file/sdr_as_ram.enc.v(54)
HDL-1007 : analyze verilog file ../source_code/rtl/sdram/enc_file/sdr_wrrd.enc.v
HDL-5007 WARNING: concatenation with an unsized literal will be treated as 32 bits in ../source_code/rtl/sdram/enc_file/sdr_wrrd.enc.v(283)
HDL-1007 : back to file '../source_code/rtl/sdram/enc_file/sdr_wrrd.enc.v' in ../source_code/rtl/sdram/enc_file/sdr_wrrd.enc.v(19)
HDL-1007 : analyze verilog file ../source_code/rtl/frame_fifo/afifo_16_32_256.v
HDL-1007 : analyze verilog file ../source_code/rtl/frame_fifo/afifo_32_16_256.v
HDL-1007 : analyze verilog file ../source_code/rtl/frame_fifo/frame_fifo_read.v
HDL-1007 : analyze verilog file ../source_code/rtl/frame_fifo/frame_fifo_write.v
HDL-1007 : analyze verilog file ../source_code/rtl/frame_fifo/frame_read_write.v
HDL-1007 : analyze verilog file ../source_code/rtl/sdram/sdram.v
HDL-1007 : analyze included file ../source_code/rtl/sdram/enc_file/global_def.v in ../source_code/rtl/sdram/sdram.v(10)
HDL-1007 : back to file '../source_code/rtl/sdram/sdram.v' in ../source_code/rtl/sdram/sdram.v(10)
HDL-1007 : undeclared symbol 'SDR_CKE', assumed default net type 'wire' in ../source_code/rtl/sdram/sdram.v(89)
HDL-1007 : analyze verilog file ../source_code/rtl/sdram/enc_file/sdr_init_ref.enc.v
HDL-1007 : analyze included file ../source_code/rtl/sdram/enc_file/global_def.v in ../source_code/rtl/sdram/enc_file/sdr_init_ref.enc.v(11)
HDL-1007 : back to file '../source_code/rtl/sdram/enc_file/sdr_init_ref.enc.v' in ../source_code/rtl/sdram/enc_file/sdr_init_ref.enc.v(11)
HDL-1007 : undeclared symbol '**', assumed default net type '**' in ../source_code/rtl/sdram/enc_file/sdr_init_ref.enc.v(57)
HDL-1007 : back to file '../source_code/rtl/sdram/enc_file/sdr_init_ref.enc.v' in ../source_code/rtl/sdram/enc_file/sdr_init_ref.enc.v(149)
HDL-5007 WARNING: concatenation with an unsized literal will be treated as 32 bits in ../source_code/rtl/sdram/enc_file/sdr_init_ref.enc.v(47)
HDL-1007 : analyze verilog file ../source_code/rtl/video_timing/color_bar.v
HDL-1007 : analyze included file ../source_code/rtl/video_timing/video_define.v in ../source_code/rtl/video_timing/color_bar.v(2)
HDL-1007 : back to file '../source_code/rtl/video_timing/color_bar.v' in ../source_code/rtl/video_timing/color_bar.v(2)
HDL-1007 : analyze verilog file ../source_code/rtl/video_timing/video_delay.v
HDL-1007 : analyze verilog file ../source_code/rtl/video_timing/video_timing_data.v
HDL-1007 : analyze verilog file ../source_code/rtl/another/m_synchronization_header.v
HDL-1007 : analyze verilog file ../source_code/rtl/led.v
HDL-1007 : analyze verilog file ../source_code/rtl/ov5640/cmos_capture_data.v
HDL-1007 : analyze verilog file ../source_code/rtl/ov5640/i2c_dri.v
HDL-1007 : analyze verilog file ../source_code/rtl/ov5640/i2c_ov5640_rgb565_cfg.v
HDL-1007 : analyze verilog file ../source_code/rtl/ov5640/ov5640_delay.v
HDL-1007 : analyze verilog file ../source_code/rtl/ov5640/ov5640_dri.v
HDL-1007 : analyze verilog file ../source_code/rtl/another/fire_detect.v
PRJ-1412 : reset_run syn_1 phy_1.
PRJ-1409 : launch_runs syn_1 phy_1  -jobs 6.
PRJ-1410 : Run syn_1 success.
PRJ-1410 : Run phy_1 success.
RUN-1002 : start command "save_best_bits"
PRJ-1424 : The implemented result of phy_1 is saved as best result.
RUN-1002 : start command "import_db D:/FPGA/workplace6_2_1/last/prj/last_attempt_Runs/phy_1/last_attempt_pr.db"
RUN-1001 : Importing database generated by Tang Dynasty, V6.2.168116.
RUN-1001 : Database version number 46207
RUN-1001 : Import flow parameters
RUN-1001 : Import netlist
PHY-1001 : Generate detailed routing grids ...
PHY-1001 : End build routing graph; 0.459751s wall, 0.406250s user + 0.093750s system = 0.500000s CPU (108.8%)

PHY-1001 : Build lut bridge;  0.060350s wall, 0.046875s user + 0.000000s system = 0.046875s CPU (77.7%)

PHY-1001 : Generate nets ...
PHY-1001 : net clk_50_dup_1 will be routed on clock mesh
PHY-1001 : clock net temac_clk will be merged with clock u_clk_gen/u_pll_0/clk0_buf
PHY-1001 : net udp_clk will be routed on clock mesh
PHY-1001 : net U3/u2_ram/SDRAM_CLK will be routed on clock mesh
PHY-1001 : net U3/u2_ram/u1_init_ref/Sdr_clk will be routed on clock mesh
PHY-1001 : clock net u_ov5640_dri/u_i2c_dr/dri_clk_syn_4 will be merged with clock u_ov5640_dri/u_i2c_dr/dri_clk
PHY-1001 : clock net u2_udp_loopback/app_tx_data_read_syn_4 will be merged with clock u2_udp_loopback/app_tx_data_read
PHY-1001 : clock net sd_card_bmp_m0/bmp_read_m0/clk will be merged with clock tf0_sys_pll/clk0_buf
PHY-1001 : net u4_trimac_block/u1_rgmii_interface/rgmii_txc_ddr/clk will be routed on clock mesh
PHY-1001 : clock net u4_trimac_block/rx_clk will be merged with clock phy1_rgmii_rx_clk_dup_1
PHY-1001 : eco open net = 0
PHY-1001 : 189 feed throughs used by 161 nets
RUN-1001 : Import phy database
RUN-1001 : Import timing constraints
RUN-1001 : Import IO constraints
RUN-1001 : Import Inst constraints
RUN-1001 : Import ChipWatcher
RUN-1001 : Import design success TD_VERSION=6.2.168116 , DB_VERSION=46207
RUN-1003 : finish command "import_db D:/FPGA/workplace6_2_1/last/prj/last_attempt_Runs/phy_1/last_attempt_pr.db" in  2.709215s wall, 2.406250s user + 0.328125s system = 2.734375s CPU (100.9%)

RUN-1004 : used memory is 832 MB, reserved memory is 779 MB, peak memory is 868 MB
RUN-1002 : start command "commit_param -step design"
RUN-1001 : Print Global Property
RUN-1001 : --------------------------------------------------------
RUN-1001 :   Parameters   |  Settings  |  Default Values  |  Note  
RUN-1001 : --------------------------------------------------------
RUN-1001 :   enable_seed  |    off     |       off        |        
RUN-1001 :     message    |  standard  |     standard     |        
RUN-1001 :   qor_monitor  |     on     |        on        |        
RUN-1001 :   syn_ip_flow  |    off     |       off        |        
RUN-1001 :     thread     |    auto    |       auto       |        
RUN-1001 : --------------------------------------------------------
RUN-1001 : Print Design Property
RUN-1001 : ----------------------------------------------------------------
RUN-1001 :       Parameters       |  Settings  |  Default Values  |  Note  
RUN-1001 : ----------------------------------------------------------------
RUN-1001 :   default_reg_initial  |    auto    |       auto       |        
RUN-1001 :    hdl_warning_level   |   normal   |      normal      |        
RUN-1001 : ----------------------------------------------------------------
HDL-1007 : analyze verilog file last_attempt.v
HDL-1007 : undeclared symbol 'phy_reset', assumed default net type 'wire' in last_attempt.v(166)
HDL-1007 : undeclared symbol 'tpg_data_done', assumed default net type 'wire' in last_attempt.v(566)
HDL-1007 : undeclared symbol 'full_flag', assumed default net type 'wire' in last_attempt.v(600)
HDL-1007 : undeclared symbol 'input_local_udp_port_num', assumed default net type 'wire' in last_attempt.v(631)
HDL-1007 : undeclared symbol 'input_local_udp_port_num_valid', assumed default net type 'wire' in last_attempt.v(632)
HDL-1007 : undeclared symbol 'input_local_ip_address', assumed default net type 'wire' in last_attempt.v(634)
HDL-1007 : undeclared symbol 'input_local_ip_address_valid', assumed default net type 'wire' in last_attempt.v(635)
HDL-1007 : analyze verilog file ../source_code/rtl/udp/BUFGMUX.v
HDL-1007 : analyze verilog file ../source_code/rtl/udp/IDDR.v
HDL-1007 : analyze verilog file ../source_code/rtl/udp/ODDR.v
HDL-1007 : analyze verilog file ../source_code/rtl/udp/RAMB16_S9_S9.v
HDL-1007 : undeclared symbol 'open', assumed default net type 'wire' in ../source_code/rtl/udp/RAMB16_S9_S9.v(109)
HDL-1007 : analyze verilog file ../source_code/rtl/udp/clk_gen_rst_gen.v
HDL-1007 : analyze verilog file ../source_code/rtl/udp/div_clk_gen.v
HDL-1007 : analyze verilog file ../source_code/rtl/udp/rgmii_interface.v
HDL-1007 : analyze verilog file ../source_code/rtl/udp/rx_client_fifo.v
HDL-5370 WARNING: parameter 'WAIT_s' becomes localparam in 'rx_client_fifo' with formal parameter declaration list in ../source_code/rtl/udp/rx_client_fifo.v(49)
HDL-5370 WARNING: parameter 'QUEUE1_s' becomes localparam in 'rx_client_fifo' with formal parameter declaration list in ../source_code/rtl/udp/rx_client_fifo.v(50)
HDL-5370 WARNING: parameter 'QUEUE2_s' becomes localparam in 'rx_client_fifo' with formal parameter declaration list in ../source_code/rtl/udp/rx_client_fifo.v(51)
HDL-5370 WARNING: parameter 'QUEUE3_s' becomes localparam in 'rx_client_fifo' with formal parameter declaration list in ../source_code/rtl/udp/rx_client_fifo.v(52)
HDL-5370 WARNING: parameter 'QUEUE_SOF_s' becomes localparam in 'rx_client_fifo' with formal parameter declaration list in ../source_code/rtl/udp/rx_client_fifo.v(53)
HDL-5370 WARNING: parameter 'SOF_s' becomes localparam in 'rx_client_fifo' with formal parameter declaration list in ../source_code/rtl/udp/rx_client_fifo.v(54)
HDL-5370 WARNING: parameter 'DATA_s' becomes localparam in 'rx_client_fifo' with formal parameter declaration list in ../source_code/rtl/udp/rx_client_fifo.v(55)
HDL-5370 WARNING: parameter 'EOF_s' becomes localparam in 'rx_client_fifo' with formal parameter declaration list in ../source_code/rtl/udp/rx_client_fifo.v(56)
HDL-5370 WARNING: parameter 'IDLE_s' becomes localparam in 'rx_client_fifo' with formal parameter declaration list in ../source_code/rtl/udp/rx_client_fifo.v(62)
HDL-5370 WARNING: parameter 'FRAME_s' becomes localparam in 'rx_client_fifo' with formal parameter declaration list in ../source_code/rtl/udp/rx_client_fifo.v(63)
HDL-5370 Similar messages will be suppressed.
HDL-1007 : analyze verilog file ../source_code/rtl/udp/temac_block.v
HDL-1007 : analyze verilog file ../source_code/rtl/udp/temac_clk_gen.v
HDL-1007 : analyze verilog file ../source_code/rtl/udp/tx_client_fifo.v
HDL-5370 WARNING: parameter 'IDLE_s' becomes localparam in 'tx_client_fifo' with formal parameter declaration list in ../source_code/rtl/udp/tx_client_fifo.v(53)
HDL-5370 WARNING: parameter 'QUEUE1_s' becomes localparam in 'tx_client_fifo' with formal parameter declaration list in ../source_code/rtl/udp/tx_client_fifo.v(54)
HDL-5370 WARNING: parameter 'QUEUE2_s' becomes localparam in 'tx_client_fifo' with formal parameter declaration list in ../source_code/rtl/udp/tx_client_fifo.v(55)
HDL-5370 WARNING: parameter 'QUEUE3_s' becomes localparam in 'tx_client_fifo' with formal parameter declaration list in ../source_code/rtl/udp/tx_client_fifo.v(56)
HDL-5370 WARNING: parameter 'QUEUE_ACK_s' becomes localparam in 'tx_client_fifo' with formal parameter declaration list in ../source_code/rtl/udp/tx_client_fifo.v(57)
HDL-5370 WARNING: parameter 'WAIT_ACK_s' becomes localparam in 'tx_client_fifo' with formal parameter declaration list in ../source_code/rtl/udp/tx_client_fifo.v(58)
HDL-5370 WARNING: parameter 'FRAME_s' becomes localparam in 'tx_client_fifo' with formal parameter declaration list in ../source_code/rtl/udp/tx_client_fifo.v(59)
HDL-5370 WARNING: parameter 'DROP_s' becomes localparam in 'tx_client_fifo' with formal parameter declaration list in ../source_code/rtl/udp/tx_client_fifo.v(60)
HDL-5370 WARNING: parameter 'RETRANSMIT_s' becomes localparam in 'tx_client_fifo' with formal parameter declaration list in ../source_code/rtl/udp/tx_client_fifo.v(61)
HDL-5370 WARNING: parameter 'WAIT_s' becomes localparam in 'tx_client_fifo' with formal parameter declaration list in ../source_code/rtl/udp/tx_client_fifo.v(67)
HDL-5370 Similar messages will be suppressed.
HDL-1007 : analyze verilog file ../source_code/rtl/udp/tx_clk_en_gen.v
HDL-1007 : analyze verilog file ../source_code/rtl/udp/udp_data_tpg.v
HDL-1007 : analyze verilog file ../source_code/rtl/udp/udp_ip_protocol_stack_merge.enc.v
HDL-1007 : back to file '../source_code/rtl/udp/udp_ip_protocol_stack_merge.enc.v' in ../source_code/rtl/udp/udp_ip_protocol_stack_merge.enc.v(56)
HDL-1007 : undeclared symbol '**', assumed default net type '**' in ../source_code/rtl/udp/udp_ip_protocol_stack_merge.enc.v(2638)
HDL-1007 : back to file '../source_code/rtl/udp/udp_ip_protocol_stack_merge.enc.v' in ../source_code/rtl/udp/udp_ip_protocol_stack_merge.enc.v(420)
HDL-1007 : analyze verilog file ../source_code/rtl/udp/udp_loopback.v
HDL-1007 : analyze verilog file al_ip/TEMAC_CORE/RTL/include/define.v
HDL-1007 : analyze verilog file al_ip/TEMAC_CORE/RTL/TEMAC_CORE_aead6cd6dadd.v
HDL-5007 WARNING: column 1032 exceeds maximum value 1023 in al_ip/TEMAC_CORE/RTL/TEMAC_CORE_aead6cd6dadd.v(30)
HDL-1007 : back to file 'al_ip/TEMAC_CORE/RTL/TEMAC_CORE_aead6cd6dadd.v' in al_ip/TEMAC_CORE/RTL/TEMAC_CORE_aead6cd6dadd.v(86)
HDL-5007 WARNING: event expressions must result in a singular type in al_ip/TEMAC_CORE/RTL/TEMAC_CORE_aead6cd6dadd.v(3001)
HDL-1007 : undeclared symbol '**', assumed default net type '**' in al_ip/TEMAC_CORE/RTL/TEMAC_CORE_aead6cd6dadd.v(5050)
HDL-1007 : undeclared symbol '**', assumed default net type '**' in al_ip/TEMAC_CORE/RTL/TEMAC_CORE_aead6cd6dadd.v(5458)
HDL-5007 WARNING: column 1035 exceeds maximum value 1023 in al_ip/TEMAC_CORE/RTL/TEMAC_CORE_aead6cd6dadd.v(6001)
HDL-1007 : back to file 'al_ip/TEMAC_CORE/RTL/TEMAC_CORE_aead6cd6dadd.v' in al_ip/TEMAC_CORE/RTL/TEMAC_CORE_aead6cd6dadd.v(260)
HDL-1007 : analyze verilog file al_ip/TEMAC_CORE/RTL/mac_core_aead6cd6dadd.v
HDL-1007 : analyze verilog file al_ip/TEMAC_CORE/TEMAC_CORE.v
HDL-1007 : analyze verilog file al_ip/pll_gen.v
HDL-1007 : undeclared symbol 'pll_gen_open0', assumed default net type 'wire' in al_ip/pll_gen.v(99)
HDL-1007 : undeclared symbol 'pll_gen_open8', assumed default net type 'wire' in al_ip/pll_gen.v(105)
HDL-1007 : undeclared symbol 'pll_gen_open7', assumed default net type 'wire' in al_ip/pll_gen.v(105)
HDL-1007 : undeclared symbol 'pll_gen_open6', assumed default net type 'wire' in al_ip/pll_gen.v(105)
HDL-1007 : undeclared symbol 'pll_gen_open5', assumed default net type 'wire' in al_ip/pll_gen.v(105)
HDL-1007 : undeclared symbol 'pll_gen_open4', assumed default net type 'wire' in al_ip/pll_gen.v(105)
HDL-1007 : undeclared symbol 'pll_gen_open3', assumed default net type 'wire' in al_ip/pll_gen.v(105)
HDL-1007 : undeclared symbol 'pll_gen_open2', assumed default net type 'wire' in al_ip/pll_gen.v(105)
HDL-1007 : undeclared symbol 'pll_gen_open1', assumed default net type 'wire' in al_ip/pll_gen.v(105)
HDL-1007 : analyze verilog file al_ip/sys_pll.v
HDL-1007 : undeclared symbol 'sys_pll_open0', assumed default net type 'wire' in al_ip/sys_pll.v(77)
HDL-1007 : undeclared symbol 'sys_pll_open1', assumed default net type 'wire' in al_ip/sys_pll.v(83)
HDL-1007 : undeclared symbol 'sys_pll_open9', assumed default net type 'wire' in al_ip/sys_pll.v(89)
HDL-1007 : undeclared symbol 'sys_pll_open8', assumed default net type 'wire' in al_ip/sys_pll.v(89)
HDL-1007 : undeclared symbol 'sys_pll_open7', assumed default net type 'wire' in al_ip/sys_pll.v(89)
HDL-1007 : undeclared symbol 'sys_pll_open6', assumed default net type 'wire' in al_ip/sys_pll.v(89)
HDL-1007 : undeclared symbol 'sys_pll_open5', assumed default net type 'wire' in al_ip/sys_pll.v(89)
HDL-1007 : undeclared symbol 'sys_pll_open4', assumed default net type 'wire' in al_ip/sys_pll.v(89)
HDL-1007 : undeclared symbol 'sys_pll_open3', assumed default net type 'wire' in al_ip/sys_pll.v(89)
HDL-1007 : undeclared symbol 'sys_pll_open2', assumed default net type 'wire' in al_ip/sys_pll.v(89)
HDL-1007 : undeclared symbol 'sys_pll_open11', assumed default net type 'wire' in al_ip/sys_pll.v(91)
HDL-1007 : undeclared symbol 'sys_pll_open10', assumed default net type 'wire' in al_ip/sys_pll.v(91)
HDL-1007 : analyze verilog file ../source_code/rtl/sd_card/ax_debounce.v
HDL-1007 : analyze verilog file ../source_code/rtl/sd_card/bmp_read.v
HDL-1007 : analyze verilog file ../source_code/rtl/sd_card/sd_card_bmp.v
HDL-1007 : analyze verilog file ../source_code/rtl/sd_card/sd_card_cmd.v
HDL-1007 : analyze verilog file ../source_code/rtl/sd_card/sd_card_sec_read_write.v
HDL-1007 : analyze verilog file ../source_code/rtl/sd_card/sd_card_top.v
HDL-1007 : analyze verilog file ../source_code/rtl/sd_card/spi_master.v
HDL-1007 : analyze verilog file ../source_code/rtl/sdram/enc_file/global_def.v
HDL-1007 : analyze verilog file ../source_code/rtl/sdram/enc_file/sdr_as_ram.enc.v
HDL-1007 : back to file '../source_code/rtl/sdram/enc_file/sdr_as_ram.enc.v' in ../source_code/rtl/sdram/enc_file/sdr_as_ram.enc.v(54)
HDL-1007 : analyze verilog file ../source_code/rtl/sdram/enc_file/sdr_wrrd.enc.v
HDL-5007 WARNING: concatenation with an unsized literal will be treated as 32 bits in ../source_code/rtl/sdram/enc_file/sdr_wrrd.enc.v(283)
HDL-1007 : back to file '../source_code/rtl/sdram/enc_file/sdr_wrrd.enc.v' in ../source_code/rtl/sdram/enc_file/sdr_wrrd.enc.v(19)
HDL-1007 : analyze verilog file ../source_code/rtl/frame_fifo/afifo_16_32_256.v
HDL-1007 : analyze verilog file ../source_code/rtl/frame_fifo/afifo_32_16_256.v
HDL-1007 : analyze verilog file ../source_code/rtl/frame_fifo/frame_fifo_read.v
HDL-1007 : analyze verilog file ../source_code/rtl/frame_fifo/frame_fifo_write.v
HDL-1007 : analyze verilog file ../source_code/rtl/frame_fifo/frame_read_write.v
HDL-1007 : analyze verilog file ../source_code/rtl/sdram/sdram.v
HDL-1007 : analyze included file ../source_code/rtl/sdram/enc_file/global_def.v in ../source_code/rtl/sdram/sdram.v(10)
HDL-1007 : back to file '../source_code/rtl/sdram/sdram.v' in ../source_code/rtl/sdram/sdram.v(10)
HDL-1007 : undeclared symbol 'SDR_CKE', assumed default net type 'wire' in ../source_code/rtl/sdram/sdram.v(89)
HDL-1007 : analyze verilog file ../source_code/rtl/sdram/enc_file/sdr_init_ref.enc.v
HDL-1007 : analyze included file ../source_code/rtl/sdram/enc_file/global_def.v in ../source_code/rtl/sdram/enc_file/sdr_init_ref.enc.v(11)
HDL-1007 : back to file '../source_code/rtl/sdram/enc_file/sdr_init_ref.enc.v' in ../source_code/rtl/sdram/enc_file/sdr_init_ref.enc.v(11)
HDL-1007 : undeclared symbol '**', assumed default net type '**' in ../source_code/rtl/sdram/enc_file/sdr_init_ref.enc.v(57)
HDL-1007 : back to file '../source_code/rtl/sdram/enc_file/sdr_init_ref.enc.v' in ../source_code/rtl/sdram/enc_file/sdr_init_ref.enc.v(149)
HDL-5007 WARNING: concatenation with an unsized literal will be treated as 32 bits in ../source_code/rtl/sdram/enc_file/sdr_init_ref.enc.v(47)
HDL-1007 : analyze verilog file ../source_code/rtl/video_timing/color_bar.v
HDL-1007 : analyze included file ../source_code/rtl/video_timing/video_define.v in ../source_code/rtl/video_timing/color_bar.v(2)
HDL-1007 : back to file '../source_code/rtl/video_timing/color_bar.v' in ../source_code/rtl/video_timing/color_bar.v(2)
HDL-1007 : analyze verilog file ../source_code/rtl/video_timing/video_delay.v
HDL-1007 : analyze verilog file ../source_code/rtl/video_timing/video_timing_data.v
HDL-1007 : analyze verilog file ../source_code/rtl/another/m_synchronization_header.v
HDL-1007 : analyze verilog file ../source_code/rtl/led.v
HDL-1007 : analyze verilog file ../source_code/rtl/ov5640/cmos_capture_data.v
HDL-1007 : analyze verilog file ../source_code/rtl/ov5640/i2c_dri.v
HDL-1007 : analyze verilog file ../source_code/rtl/ov5640/i2c_ov5640_rgb565_cfg.v
HDL-1007 : analyze verilog file ../source_code/rtl/ov5640/ov5640_delay.v
HDL-1007 : analyze verilog file ../source_code/rtl/ov5640/ov5640_dri.v
HDL-1007 : analyze verilog file ../source_code/rtl/another/fire_detect.v
PRJ-1412 : reset_run syn_1 phy_1.
PRJ-1409 : launch_runs syn_1 phy_1  -jobs 6.
PRJ-1416 : stop_run syn_1.
PRJ-1416 : stop_run phy_1.
PRJ-1410 : Run syn_1 success.
RUN-1002 : start command "save_best_bits"
RUN-1002 : start command "import_db D:/FPGA/workplace6_2_1/last/prj/last_attempt_Runs/syn_1/last_attempt_rtl.db"
RUN-1001 : Importing database generated by Tang Dynasty, V6.2.168116.
RUN-1001 : Database version number 46207
RUN-1001 : Import flow parameters
RUN-1001 : Import netlist
RUN-1001 : Import timing constraints
RUN-1001 : Import IO constraints
RUN-1001 : Import Inst constraints
RUN-1001 : Import ChipWatcher
RUN-1001 : Import design success TD_VERSION=6.2.168116 , DB_VERSION=46207
RUN-1002 : start command "commit_param -step design"
RUN-1001 : Print Global Property
RUN-1001 : --------------------------------------------------------
RUN-1001 :   Parameters   |  Settings  |  Default Values  |  Note  
RUN-1001 : --------------------------------------------------------
RUN-1001 :   enable_seed  |    off     |       off        |        
RUN-1001 :     message    |  standard  |     standard     |        
RUN-1001 :   qor_monitor  |     on     |        on        |        
RUN-1001 :   syn_ip_flow  |    off     |       off        |        
RUN-1001 :     thread     |    auto    |       auto       |        
RUN-1001 : --------------------------------------------------------
RUN-1001 : Print Design Property
RUN-1001 : ----------------------------------------------------------------
RUN-1001 :       Parameters       |  Settings  |  Default Values  |  Note  
RUN-1001 : ----------------------------------------------------------------
RUN-1001 :   default_reg_initial  |    auto    |       auto       |        
RUN-1001 :    hdl_warning_level   |   normal   |      normal      |        
RUN-1001 : ----------------------------------------------------------------
HDL-1007 : analyze verilog file last_attempt.v
HDL-1007 : undeclared symbol 'phy_reset', assumed default net type 'wire' in last_attempt.v(166)
HDL-1007 : undeclared symbol 'cam_write_req_ack', assumed default net type 'wire' in last_attempt.v(275)
HDL-7225 CRITICAL-WARNING: 'cam_write_req_ack' is already implicitly declared on line 275 in last_attempt.v(373)
HDL-1007 : undeclared symbol 'tpg_data_done', assumed default net type 'wire' in last_attempt.v(566)
HDL-1007 : undeclared symbol 'full_flag', assumed default net type 'wire' in last_attempt.v(600)
HDL-1007 : undeclared symbol 'input_local_udp_port_num', assumed default net type 'wire' in last_attempt.v(631)
HDL-1007 : undeclared symbol 'input_local_udp_port_num_valid', assumed default net type 'wire' in last_attempt.v(632)
HDL-1007 : undeclared symbol 'input_local_ip_address', assumed default net type 'wire' in last_attempt.v(634)
HDL-1007 : undeclared symbol 'input_local_ip_address_valid', assumed default net type 'wire' in last_attempt.v(635)
HDL-1007 : analyze verilog file ../source_code/rtl/udp/BUFGMUX.v
HDL-1007 : analyze verilog file ../source_code/rtl/udp/IDDR.v
HDL-1007 : analyze verilog file ../source_code/rtl/udp/ODDR.v
HDL-1007 : analyze verilog file ../source_code/rtl/udp/RAMB16_S9_S9.v
HDL-1007 : undeclared symbol 'open', assumed default net type 'wire' in ../source_code/rtl/udp/RAMB16_S9_S9.v(109)
HDL-1007 : analyze verilog file ../source_code/rtl/udp/clk_gen_rst_gen.v
HDL-1007 : analyze verilog file ../source_code/rtl/udp/div_clk_gen.v
HDL-1007 : analyze verilog file ../source_code/rtl/udp/rgmii_interface.v
HDL-1007 : analyze verilog file ../source_code/rtl/udp/rx_client_fifo.v
HDL-5370 WARNING: parameter 'WAIT_s' becomes localparam in 'rx_client_fifo' with formal parameter declaration list in ../source_code/rtl/udp/rx_client_fifo.v(49)
HDL-5370 WARNING: parameter 'QUEUE1_s' becomes localparam in 'rx_client_fifo' with formal parameter declaration list in ../source_code/rtl/udp/rx_client_fifo.v(50)
HDL-5370 WARNING: parameter 'QUEUE2_s' becomes localparam in 'rx_client_fifo' with formal parameter declaration list in ../source_code/rtl/udp/rx_client_fifo.v(51)
HDL-5370 WARNING: parameter 'QUEUE3_s' becomes localparam in 'rx_client_fifo' with formal parameter declaration list in ../source_code/rtl/udp/rx_client_fifo.v(52)
HDL-5370 WARNING: parameter 'QUEUE_SOF_s' becomes localparam in 'rx_client_fifo' with formal parameter declaration list in ../source_code/rtl/udp/rx_client_fifo.v(53)
HDL-5370 WARNING: parameter 'SOF_s' becomes localparam in 'rx_client_fifo' with formal parameter declaration list in ../source_code/rtl/udp/rx_client_fifo.v(54)
HDL-5370 WARNING: parameter 'DATA_s' becomes localparam in 'rx_client_fifo' with formal parameter declaration list in ../source_code/rtl/udp/rx_client_fifo.v(55)
HDL-5370 WARNING: parameter 'EOF_s' becomes localparam in 'rx_client_fifo' with formal parameter declaration list in ../source_code/rtl/udp/rx_client_fifo.v(56)
HDL-5370 WARNING: parameter 'IDLE_s' becomes localparam in 'rx_client_fifo' with formal parameter declaration list in ../source_code/rtl/udp/rx_client_fifo.v(62)
HDL-5370 WARNING: parameter 'FRAME_s' becomes localparam in 'rx_client_fifo' with formal parameter declaration list in ../source_code/rtl/udp/rx_client_fifo.v(63)
HDL-5370 Similar messages will be suppressed.
HDL-1007 : analyze verilog file ../source_code/rtl/udp/temac_block.v
HDL-1007 : analyze verilog file ../source_code/rtl/udp/temac_clk_gen.v
HDL-1007 : analyze verilog file ../source_code/rtl/udp/tx_client_fifo.v
HDL-5370 WARNING: parameter 'IDLE_s' becomes localparam in 'tx_client_fifo' with formal parameter declaration list in ../source_code/rtl/udp/tx_client_fifo.v(53)
HDL-5370 WARNING: parameter 'QUEUE1_s' becomes localparam in 'tx_client_fifo' with formal parameter declaration list in ../source_code/rtl/udp/tx_client_fifo.v(54)
HDL-5370 WARNING: parameter 'QUEUE2_s' becomes localparam in 'tx_client_fifo' with formal parameter declaration list in ../source_code/rtl/udp/tx_client_fifo.v(55)
HDL-5370 WARNING: parameter 'QUEUE3_s' becomes localparam in 'tx_client_fifo' with formal parameter declaration list in ../source_code/rtl/udp/tx_client_fifo.v(56)
HDL-5370 WARNING: parameter 'QUEUE_ACK_s' becomes localparam in 'tx_client_fifo' with formal parameter declaration list in ../source_code/rtl/udp/tx_client_fifo.v(57)
HDL-5370 WARNING: parameter 'WAIT_ACK_s' becomes localparam in 'tx_client_fifo' with formal parameter declaration list in ../source_code/rtl/udp/tx_client_fifo.v(58)
HDL-5370 WARNING: parameter 'FRAME_s' becomes localparam in 'tx_client_fifo' with formal parameter declaration list in ../source_code/rtl/udp/tx_client_fifo.v(59)
HDL-5370 WARNING: parameter 'DROP_s' becomes localparam in 'tx_client_fifo' with formal parameter declaration list in ../source_code/rtl/udp/tx_client_fifo.v(60)
HDL-5370 WARNING: parameter 'RETRANSMIT_s' becomes localparam in 'tx_client_fifo' with formal parameter declaration list in ../source_code/rtl/udp/tx_client_fifo.v(61)
HDL-5370 WARNING: parameter 'WAIT_s' becomes localparam in 'tx_client_fifo' with formal parameter declaration list in ../source_code/rtl/udp/tx_client_fifo.v(67)
HDL-5370 Similar messages will be suppressed.
HDL-1007 : analyze verilog file ../source_code/rtl/udp/tx_clk_en_gen.v
HDL-1007 : analyze verilog file ../source_code/rtl/udp/udp_data_tpg.v
HDL-1007 : analyze verilog file ../source_code/rtl/udp/udp_ip_protocol_stack_merge.enc.v
HDL-1007 : back to file '../source_code/rtl/udp/udp_ip_protocol_stack_merge.enc.v' in ../source_code/rtl/udp/udp_ip_protocol_stack_merge.enc.v(56)
HDL-1007 : undeclared symbol '**', assumed default net type '**' in ../source_code/rtl/udp/udp_ip_protocol_stack_merge.enc.v(2638)
HDL-1007 : back to file '../source_code/rtl/udp/udp_ip_protocol_stack_merge.enc.v' in ../source_code/rtl/udp/udp_ip_protocol_stack_merge.enc.v(420)
HDL-1007 : analyze verilog file ../source_code/rtl/udp/udp_loopback.v
HDL-1007 : analyze verilog file al_ip/TEMAC_CORE/RTL/include/define.v
HDL-1007 : analyze verilog file al_ip/TEMAC_CORE/RTL/TEMAC_CORE_aead6cd6dadd.v
HDL-5007 WARNING: column 1032 exceeds maximum value 1023 in al_ip/TEMAC_CORE/RTL/TEMAC_CORE_aead6cd6dadd.v(30)
HDL-1007 : back to file 'al_ip/TEMAC_CORE/RTL/TEMAC_CORE_aead6cd6dadd.v' in al_ip/TEMAC_CORE/RTL/TEMAC_CORE_aead6cd6dadd.v(86)
HDL-5007 WARNING: event expressions must result in a singular type in al_ip/TEMAC_CORE/RTL/TEMAC_CORE_aead6cd6dadd.v(3001)
HDL-1007 : undeclared symbol '**', assumed default net type '**' in al_ip/TEMAC_CORE/RTL/TEMAC_CORE_aead6cd6dadd.v(5050)
HDL-1007 : undeclared symbol '**', assumed default net type '**' in al_ip/TEMAC_CORE/RTL/TEMAC_CORE_aead6cd6dadd.v(5458)
HDL-5007 WARNING: column 1035 exceeds maximum value 1023 in al_ip/TEMAC_CORE/RTL/TEMAC_CORE_aead6cd6dadd.v(6001)
HDL-1007 : back to file 'al_ip/TEMAC_CORE/RTL/TEMAC_CORE_aead6cd6dadd.v' in al_ip/TEMAC_CORE/RTL/TEMAC_CORE_aead6cd6dadd.v(260)
HDL-1007 : analyze verilog file al_ip/TEMAC_CORE/RTL/mac_core_aead6cd6dadd.v
HDL-1007 : analyze verilog file al_ip/TEMAC_CORE/TEMAC_CORE.v
HDL-1007 : analyze verilog file al_ip/pll_gen.v
HDL-1007 : undeclared symbol 'pll_gen_open0', assumed default net type 'wire' in al_ip/pll_gen.v(99)
HDL-1007 : undeclared symbol 'pll_gen_open8', assumed default net type 'wire' in al_ip/pll_gen.v(105)
HDL-1007 : undeclared symbol 'pll_gen_open7', assumed default net type 'wire' in al_ip/pll_gen.v(105)
HDL-1007 : undeclared symbol 'pll_gen_open6', assumed default net type 'wire' in al_ip/pll_gen.v(105)
HDL-1007 : undeclared symbol 'pll_gen_open5', assumed default net type 'wire' in al_ip/pll_gen.v(105)
HDL-1007 : undeclared symbol 'pll_gen_open4', assumed default net type 'wire' in al_ip/pll_gen.v(105)
HDL-1007 : undeclared symbol 'pll_gen_open3', assumed default net type 'wire' in al_ip/pll_gen.v(105)
HDL-1007 : undeclared symbol 'pll_gen_open2', assumed default net type 'wire' in al_ip/pll_gen.v(105)
HDL-1007 : undeclared symbol 'pll_gen_open1', assumed default net type 'wire' in al_ip/pll_gen.v(105)
HDL-1007 : analyze verilog file al_ip/sys_pll.v
HDL-1007 : undeclared symbol 'sys_pll_open0', assumed default net type 'wire' in al_ip/sys_pll.v(77)
HDL-1007 : undeclared symbol 'sys_pll_open1', assumed default net type 'wire' in al_ip/sys_pll.v(83)
HDL-1007 : undeclared symbol 'sys_pll_open9', assumed default net type 'wire' in al_ip/sys_pll.v(89)
HDL-1007 : undeclared symbol 'sys_pll_open8', assumed default net type 'wire' in al_ip/sys_pll.v(89)
HDL-1007 : undeclared symbol 'sys_pll_open7', assumed default net type 'wire' in al_ip/sys_pll.v(89)
HDL-1007 : undeclared symbol 'sys_pll_open6', assumed default net type 'wire' in al_ip/sys_pll.v(89)
HDL-1007 : undeclared symbol 'sys_pll_open5', assumed default net type 'wire' in al_ip/sys_pll.v(89)
HDL-1007 : undeclared symbol 'sys_pll_open4', assumed default net type 'wire' in al_ip/sys_pll.v(89)
HDL-1007 : undeclared symbol 'sys_pll_open3', assumed default net type 'wire' in al_ip/sys_pll.v(89)
HDL-1007 : undeclared symbol 'sys_pll_open2', assumed default net type 'wire' in al_ip/sys_pll.v(89)
HDL-1007 : undeclared symbol 'sys_pll_open11', assumed default net type 'wire' in al_ip/sys_pll.v(91)
HDL-1007 : undeclared symbol 'sys_pll_open10', assumed default net type 'wire' in al_ip/sys_pll.v(91)
HDL-1007 : analyze verilog file ../source_code/rtl/sd_card/ax_debounce.v
HDL-1007 : analyze verilog file ../source_code/rtl/sd_card/bmp_read.v
HDL-1007 : analyze verilog file ../source_code/rtl/sd_card/sd_card_bmp.v
HDL-1007 : analyze verilog file ../source_code/rtl/sd_card/sd_card_cmd.v
HDL-1007 : analyze verilog file ../source_code/rtl/sd_card/sd_card_sec_read_write.v
HDL-1007 : analyze verilog file ../source_code/rtl/sd_card/sd_card_top.v
HDL-1007 : analyze verilog file ../source_code/rtl/sd_card/spi_master.v
HDL-1007 : analyze verilog file ../source_code/rtl/sdram/enc_file/global_def.v
HDL-1007 : analyze verilog file ../source_code/rtl/sdram/enc_file/sdr_as_ram.enc.v
HDL-1007 : back to file '../source_code/rtl/sdram/enc_file/sdr_as_ram.enc.v' in ../source_code/rtl/sdram/enc_file/sdr_as_ram.enc.v(54)
HDL-1007 : analyze verilog file ../source_code/rtl/sdram/enc_file/sdr_wrrd.enc.v
HDL-5007 WARNING: concatenation with an unsized literal will be treated as 32 bits in ../source_code/rtl/sdram/enc_file/sdr_wrrd.enc.v(283)
HDL-1007 : back to file '../source_code/rtl/sdram/enc_file/sdr_wrrd.enc.v' in ../source_code/rtl/sdram/enc_file/sdr_wrrd.enc.v(19)
HDL-1007 : analyze verilog file ../source_code/rtl/frame_fifo/afifo_16_32_256.v
HDL-1007 : analyze verilog file ../source_code/rtl/frame_fifo/afifo_32_16_256.v
HDL-1007 : analyze verilog file ../source_code/rtl/frame_fifo/frame_fifo_read.v
HDL-1007 : analyze verilog file ../source_code/rtl/frame_fifo/frame_fifo_write.v
HDL-1007 : analyze verilog file ../source_code/rtl/frame_fifo/frame_read_write.v
HDL-1007 : analyze verilog file ../source_code/rtl/sdram/sdram.v
HDL-1007 : analyze included file ../source_code/rtl/sdram/enc_file/global_def.v in ../source_code/rtl/sdram/sdram.v(10)
HDL-1007 : back to file '../source_code/rtl/sdram/sdram.v' in ../source_code/rtl/sdram/sdram.v(10)
HDL-1007 : undeclared symbol 'SDR_CKE', assumed default net type 'wire' in ../source_code/rtl/sdram/sdram.v(89)
HDL-1007 : analyze verilog file ../source_code/rtl/sdram/enc_file/sdr_init_ref.enc.v
HDL-1007 : analyze included file ../source_code/rtl/sdram/enc_file/global_def.v in ../source_code/rtl/sdram/enc_file/sdr_init_ref.enc.v(11)
HDL-1007 : back to file '../source_code/rtl/sdram/enc_file/sdr_init_ref.enc.v' in ../source_code/rtl/sdram/enc_file/sdr_init_ref.enc.v(11)
HDL-1007 : undeclared symbol '**', assumed default net type '**' in ../source_code/rtl/sdram/enc_file/sdr_init_ref.enc.v(57)
HDL-1007 : back to file '../source_code/rtl/sdram/enc_file/sdr_init_ref.enc.v' in ../source_code/rtl/sdram/enc_file/sdr_init_ref.enc.v(149)
HDL-5007 WARNING: concatenation with an unsized literal will be treated as 32 bits in ../source_code/rtl/sdram/enc_file/sdr_init_ref.enc.v(47)
HDL-1007 : analyze verilog file ../source_code/rtl/video_timing/color_bar.v
HDL-1007 : analyze included file ../source_code/rtl/video_timing/video_define.v in ../source_code/rtl/video_timing/color_bar.v(2)
HDL-1007 : back to file '../source_code/rtl/video_timing/color_bar.v' in ../source_code/rtl/video_timing/color_bar.v(2)
HDL-1007 : analyze verilog file ../source_code/rtl/video_timing/video_delay.v
HDL-1007 : analyze verilog file ../source_code/rtl/video_timing/video_timing_data.v
HDL-1007 : analyze verilog file ../source_code/rtl/another/m_synchronization_header.v
HDL-1007 : analyze verilog file ../source_code/rtl/led.v
HDL-1007 : analyze verilog file ../source_code/rtl/ov5640/cmos_capture_data.v
HDL-1007 : analyze verilog file ../source_code/rtl/ov5640/i2c_dri.v
HDL-1007 : analyze verilog file ../source_code/rtl/ov5640/i2c_ov5640_rgb565_cfg.v
HDL-1007 : analyze verilog file ../source_code/rtl/ov5640/ov5640_delay.v
HDL-1007 : analyze verilog file ../source_code/rtl/ov5640/ov5640_dri.v
HDL-1007 : analyze verilog file ../source_code/rtl/another/fire_detect.v
PRJ-1412 : reset_run syn_1 phy_1.
PRJ-1409 : launch_runs syn_1 phy_1  -jobs 6.
PRJ-1410 : Run syn_1 success.
PRJ-1410 : Run phy_1 success.
RUN-1002 : start command "save_best_bits"
PRJ-1424 : The implemented result of phy_1 is saved as best result.
RUN-1002 : start command "import_db D:/FPGA/workplace6_2_1/last/prj/last_attempt_Runs/phy_1/last_attempt_pr.db"
RUN-1001 : Importing database generated by Tang Dynasty, V6.2.168116.
RUN-1001 : Database version number 46207
RUN-1001 : Import flow parameters
RUN-1001 : Import netlist
PHY-1001 : Generate detailed routing grids ...
PHY-1001 : End build routing graph; 0.475290s wall, 0.437500s user + 0.078125s system = 0.515625s CPU (108.5%)

PHY-1001 : Build lut bridge;  0.061736s wall, 0.062500s user + 0.000000s system = 0.062500s CPU (101.2%)

PHY-1001 : Generate nets ...
PHY-1001 : net clk_50_dup_1 will be routed on clock mesh
PHY-1001 : clock net temac_clk will be merged with clock u_clk_gen/u_pll_0/clk0_buf
PHY-1001 : net udp_clk will be routed on clock mesh
PHY-1001 : net U3/u2_ram/SDRAM_CLK will be routed on clock mesh
PHY-1001 : net U3/u2_ram/u1_init_ref/Sdr_clk will be routed on clock mesh
PHY-1001 : clock net u_ov5640_dri/u_i2c_dr/dri_clk_syn_4 will be merged with clock u_ov5640_dri/u_i2c_dr/dri_clk
PHY-1001 : clock net u2_udp_loopback/app_tx_data_read_syn_4 will be merged with clock u2_udp_loopback/app_tx_data_read
PHY-1001 : clock net frame_read_write_m0/write_buf/clkw_syn_2 will be merged with clock frame_read_write_m0/write_buf/clkw
PHY-1001 : clock net sd_card_bmp_m0/bmp_read_m0/clk will be merged with clock tf0_sys_pll/clk0_buf
PHY-1001 : net u4_trimac_block/u1_rgmii_interface/rgmii_txc_ddr/clk will be routed on clock mesh
PHY-1001 : clock net u4_trimac_block/rx_clk will be merged with clock phy1_rgmii_rx_clk_dup_1
PHY-1001 : eco open net = 0
PHY-1001 : 200 feed throughs used by 175 nets
RUN-1001 : Import phy database
RUN-1001 : Import timing constraints
RUN-1001 : Import IO constraints
RUN-1001 : Import Inst constraints
RUN-1001 : Import ChipWatcher
RUN-1001 : Import design success TD_VERSION=6.2.168116 , DB_VERSION=46207
RUN-1003 : finish command "import_db D:/FPGA/workplace6_2_1/last/prj/last_attempt_Runs/phy_1/last_attempt_pr.db" in  2.723125s wall, 2.437500s user + 0.281250s system = 2.718750s CPU (99.8%)

RUN-1004 : used memory is 845 MB, reserved memory is 793 MB, peak memory is 880 MB
RUN-1002 : start command "commit_param -step design"
RUN-1001 : Print Global Property
RUN-1001 : --------------------------------------------------------
RUN-1001 :   Parameters   |  Settings  |  Default Values  |  Note  
RUN-1001 : --------------------------------------------------------
RUN-1001 :   enable_seed  |    off     |       off        |        
RUN-1001 :     message    |  standard  |     standard     |        
RUN-1001 :   qor_monitor  |     on     |        on        |        
RUN-1001 :   syn_ip_flow  |    off     |       off        |        
RUN-1001 :     thread     |    auto    |       auto       |        
RUN-1001 : --------------------------------------------------------
RUN-1001 : Print Design Property
RUN-1001 : ----------------------------------------------------------------
RUN-1001 :       Parameters       |  Settings  |  Default Values  |  Note  
RUN-1001 : ----------------------------------------------------------------
RUN-1001 :   default_reg_initial  |    auto    |       auto       |        
RUN-1001 :    hdl_warning_level   |   normal   |      normal      |        
RUN-1001 : ----------------------------------------------------------------
HDL-1007 : analyze verilog file last_attempt.v
HDL-1007 : undeclared symbol 'phy_reset', assumed default net type 'wire' in last_attempt.v(166)
HDL-1007 : undeclared symbol 'cam_write_req_ack', assumed default net type 'wire' in last_attempt.v(275)
HDL-7225 CRITICAL-WARNING: 'cam_write_req_ack' is already implicitly declared on line 275 in last_attempt.v(373)
HDL-1007 : undeclared symbol 'tpg_data_done', assumed default net type 'wire' in last_attempt.v(566)
HDL-1007 : undeclared symbol 'full_flag', assumed default net type 'wire' in last_attempt.v(600)
HDL-1007 : undeclared symbol 'input_local_udp_port_num', assumed default net type 'wire' in last_attempt.v(631)
HDL-1007 : undeclared symbol 'input_local_udp_port_num_valid', assumed default net type 'wire' in last_attempt.v(632)
HDL-1007 : undeclared symbol 'input_local_ip_address', assumed default net type 'wire' in last_attempt.v(634)
HDL-1007 : undeclared symbol 'input_local_ip_address_valid', assumed default net type 'wire' in last_attempt.v(635)
HDL-1007 : analyze verilog file ../source_code/rtl/udp/BUFGMUX.v
HDL-1007 : analyze verilog file ../source_code/rtl/udp/IDDR.v
HDL-1007 : analyze verilog file ../source_code/rtl/udp/ODDR.v
HDL-1007 : analyze verilog file ../source_code/rtl/udp/RAMB16_S9_S9.v
HDL-1007 : undeclared symbol 'open', assumed default net type 'wire' in ../source_code/rtl/udp/RAMB16_S9_S9.v(109)
HDL-1007 : analyze verilog file ../source_code/rtl/udp/clk_gen_rst_gen.v
HDL-1007 : analyze verilog file ../source_code/rtl/udp/div_clk_gen.v
HDL-1007 : analyze verilog file ../source_code/rtl/udp/rgmii_interface.v
HDL-1007 : analyze verilog file ../source_code/rtl/udp/rx_client_fifo.v
HDL-5370 WARNING: parameter 'WAIT_s' becomes localparam in 'rx_client_fifo' with formal parameter declaration list in ../source_code/rtl/udp/rx_client_fifo.v(49)
HDL-5370 WARNING: parameter 'QUEUE1_s' becomes localparam in 'rx_client_fifo' with formal parameter declaration list in ../source_code/rtl/udp/rx_client_fifo.v(50)
HDL-5370 WARNING: parameter 'QUEUE2_s' becomes localparam in 'rx_client_fifo' with formal parameter declaration list in ../source_code/rtl/udp/rx_client_fifo.v(51)
HDL-5370 WARNING: parameter 'QUEUE3_s' becomes localparam in 'rx_client_fifo' with formal parameter declaration list in ../source_code/rtl/udp/rx_client_fifo.v(52)
HDL-5370 WARNING: parameter 'QUEUE_SOF_s' becomes localparam in 'rx_client_fifo' with formal parameter declaration list in ../source_code/rtl/udp/rx_client_fifo.v(53)
HDL-5370 WARNING: parameter 'SOF_s' becomes localparam in 'rx_client_fifo' with formal parameter declaration list in ../source_code/rtl/udp/rx_client_fifo.v(54)
HDL-5370 WARNING: parameter 'DATA_s' becomes localparam in 'rx_client_fifo' with formal parameter declaration list in ../source_code/rtl/udp/rx_client_fifo.v(55)
HDL-5370 WARNING: parameter 'EOF_s' becomes localparam in 'rx_client_fifo' with formal parameter declaration list in ../source_code/rtl/udp/rx_client_fifo.v(56)
HDL-5370 WARNING: parameter 'IDLE_s' becomes localparam in 'rx_client_fifo' with formal parameter declaration list in ../source_code/rtl/udp/rx_client_fifo.v(62)
HDL-5370 WARNING: parameter 'FRAME_s' becomes localparam in 'rx_client_fifo' with formal parameter declaration list in ../source_code/rtl/udp/rx_client_fifo.v(63)
HDL-5370 Similar messages will be suppressed.
HDL-1007 : analyze verilog file ../source_code/rtl/udp/temac_block.v
HDL-1007 : analyze verilog file ../source_code/rtl/udp/temac_clk_gen.v
HDL-1007 : analyze verilog file ../source_code/rtl/udp/tx_client_fifo.v
HDL-5370 WARNING: parameter 'IDLE_s' becomes localparam in 'tx_client_fifo' with formal parameter declaration list in ../source_code/rtl/udp/tx_client_fifo.v(53)
HDL-5370 WARNING: parameter 'QUEUE1_s' becomes localparam in 'tx_client_fifo' with formal parameter declaration list in ../source_code/rtl/udp/tx_client_fifo.v(54)
HDL-5370 WARNING: parameter 'QUEUE2_s' becomes localparam in 'tx_client_fifo' with formal parameter declaration list in ../source_code/rtl/udp/tx_client_fifo.v(55)
HDL-5370 WARNING: parameter 'QUEUE3_s' becomes localparam in 'tx_client_fifo' with formal parameter declaration list in ../source_code/rtl/udp/tx_client_fifo.v(56)
HDL-5370 WARNING: parameter 'QUEUE_ACK_s' becomes localparam in 'tx_client_fifo' with formal parameter declaration list in ../source_code/rtl/udp/tx_client_fifo.v(57)
HDL-5370 WARNING: parameter 'WAIT_ACK_s' becomes localparam in 'tx_client_fifo' with formal parameter declaration list in ../source_code/rtl/udp/tx_client_fifo.v(58)
HDL-5370 WARNING: parameter 'FRAME_s' becomes localparam in 'tx_client_fifo' with formal parameter declaration list in ../source_code/rtl/udp/tx_client_fifo.v(59)
HDL-5370 WARNING: parameter 'DROP_s' becomes localparam in 'tx_client_fifo' with formal parameter declaration list in ../source_code/rtl/udp/tx_client_fifo.v(60)
HDL-5370 WARNING: parameter 'RETRANSMIT_s' becomes localparam in 'tx_client_fifo' with formal parameter declaration list in ../source_code/rtl/udp/tx_client_fifo.v(61)
HDL-5370 WARNING: parameter 'WAIT_s' becomes localparam in 'tx_client_fifo' with formal parameter declaration list in ../source_code/rtl/udp/tx_client_fifo.v(67)
HDL-5370 Similar messages will be suppressed.
HDL-1007 : analyze verilog file ../source_code/rtl/udp/tx_clk_en_gen.v
HDL-1007 : analyze verilog file ../source_code/rtl/udp/udp_data_tpg.v
HDL-1007 : analyze verilog file ../source_code/rtl/udp/udp_ip_protocol_stack_merge.enc.v
HDL-1007 : back to file '../source_code/rtl/udp/udp_ip_protocol_stack_merge.enc.v' in ../source_code/rtl/udp/udp_ip_protocol_stack_merge.enc.v(56)
HDL-1007 : undeclared symbol '**', assumed default net type '**' in ../source_code/rtl/udp/udp_ip_protocol_stack_merge.enc.v(2638)
HDL-1007 : back to file '../source_code/rtl/udp/udp_ip_protocol_stack_merge.enc.v' in ../source_code/rtl/udp/udp_ip_protocol_stack_merge.enc.v(420)
HDL-1007 : analyze verilog file ../source_code/rtl/udp/udp_loopback.v
HDL-1007 : analyze verilog file al_ip/TEMAC_CORE/RTL/include/define.v
HDL-1007 : analyze verilog file al_ip/TEMAC_CORE/RTL/TEMAC_CORE_aead6cd6dadd.v
HDL-5007 WARNING: column 1032 exceeds maximum value 1023 in al_ip/TEMAC_CORE/RTL/TEMAC_CORE_aead6cd6dadd.v(30)
HDL-1007 : back to file 'al_ip/TEMAC_CORE/RTL/TEMAC_CORE_aead6cd6dadd.v' in al_ip/TEMAC_CORE/RTL/TEMAC_CORE_aead6cd6dadd.v(86)
HDL-5007 WARNING: event expressions must result in a singular type in al_ip/TEMAC_CORE/RTL/TEMAC_CORE_aead6cd6dadd.v(3001)
HDL-1007 : undeclared symbol '**', assumed default net type '**' in al_ip/TEMAC_CORE/RTL/TEMAC_CORE_aead6cd6dadd.v(5050)
HDL-1007 : undeclared symbol '**', assumed default net type '**' in al_ip/TEMAC_CORE/RTL/TEMAC_CORE_aead6cd6dadd.v(5458)
HDL-5007 WARNING: column 1035 exceeds maximum value 1023 in al_ip/TEMAC_CORE/RTL/TEMAC_CORE_aead6cd6dadd.v(6001)
HDL-1007 : back to file 'al_ip/TEMAC_CORE/RTL/TEMAC_CORE_aead6cd6dadd.v' in al_ip/TEMAC_CORE/RTL/TEMAC_CORE_aead6cd6dadd.v(260)
HDL-1007 : analyze verilog file al_ip/TEMAC_CORE/RTL/mac_core_aead6cd6dadd.v
HDL-1007 : analyze verilog file al_ip/TEMAC_CORE/TEMAC_CORE.v
HDL-1007 : analyze verilog file al_ip/pll_gen.v
HDL-1007 : undeclared symbol 'pll_gen_open0', assumed default net type 'wire' in al_ip/pll_gen.v(99)
HDL-1007 : undeclared symbol 'pll_gen_open8', assumed default net type 'wire' in al_ip/pll_gen.v(105)
HDL-1007 : undeclared symbol 'pll_gen_open7', assumed default net type 'wire' in al_ip/pll_gen.v(105)
HDL-1007 : undeclared symbol 'pll_gen_open6', assumed default net type 'wire' in al_ip/pll_gen.v(105)
HDL-1007 : undeclared symbol 'pll_gen_open5', assumed default net type 'wire' in al_ip/pll_gen.v(105)
HDL-1007 : undeclared symbol 'pll_gen_open4', assumed default net type 'wire' in al_ip/pll_gen.v(105)
HDL-1007 : undeclared symbol 'pll_gen_open3', assumed default net type 'wire' in al_ip/pll_gen.v(105)
HDL-1007 : undeclared symbol 'pll_gen_open2', assumed default net type 'wire' in al_ip/pll_gen.v(105)
HDL-1007 : undeclared symbol 'pll_gen_open1', assumed default net type 'wire' in al_ip/pll_gen.v(105)
HDL-1007 : analyze verilog file al_ip/sys_pll.v
HDL-1007 : undeclared symbol 'sys_pll_open0', assumed default net type 'wire' in al_ip/sys_pll.v(77)
HDL-1007 : undeclared symbol 'sys_pll_open1', assumed default net type 'wire' in al_ip/sys_pll.v(83)
HDL-1007 : undeclared symbol 'sys_pll_open9', assumed default net type 'wire' in al_ip/sys_pll.v(89)
HDL-1007 : undeclared symbol 'sys_pll_open8', assumed default net type 'wire' in al_ip/sys_pll.v(89)
HDL-1007 : undeclared symbol 'sys_pll_open7', assumed default net type 'wire' in al_ip/sys_pll.v(89)
HDL-1007 : undeclared symbol 'sys_pll_open6', assumed default net type 'wire' in al_ip/sys_pll.v(89)
HDL-1007 : undeclared symbol 'sys_pll_open5', assumed default net type 'wire' in al_ip/sys_pll.v(89)
HDL-1007 : undeclared symbol 'sys_pll_open4', assumed default net type 'wire' in al_ip/sys_pll.v(89)
HDL-1007 : undeclared symbol 'sys_pll_open3', assumed default net type 'wire' in al_ip/sys_pll.v(89)
HDL-1007 : undeclared symbol 'sys_pll_open2', assumed default net type 'wire' in al_ip/sys_pll.v(89)
HDL-1007 : undeclared symbol 'sys_pll_open11', assumed default net type 'wire' in al_ip/sys_pll.v(91)
HDL-1007 : undeclared symbol 'sys_pll_open10', assumed default net type 'wire' in al_ip/sys_pll.v(91)
HDL-1007 : analyze verilog file ../source_code/rtl/sd_card/ax_debounce.v
HDL-1007 : analyze verilog file ../source_code/rtl/sd_card/bmp_read.v
HDL-1007 : analyze verilog file ../source_code/rtl/sd_card/sd_card_bmp.v
HDL-1007 : analyze verilog file ../source_code/rtl/sd_card/sd_card_cmd.v
HDL-1007 : analyze verilog file ../source_code/rtl/sd_card/sd_card_sec_read_write.v
HDL-1007 : analyze verilog file ../source_code/rtl/sd_card/sd_card_top.v
HDL-1007 : analyze verilog file ../source_code/rtl/sd_card/spi_master.v
HDL-1007 : analyze verilog file ../source_code/rtl/sdram/enc_file/global_def.v
HDL-1007 : analyze verilog file ../source_code/rtl/sdram/enc_file/sdr_as_ram.enc.v
HDL-1007 : back to file '../source_code/rtl/sdram/enc_file/sdr_as_ram.enc.v' in ../source_code/rtl/sdram/enc_file/sdr_as_ram.enc.v(54)
HDL-1007 : analyze verilog file ../source_code/rtl/sdram/enc_file/sdr_wrrd.enc.v
HDL-5007 WARNING: concatenation with an unsized literal will be treated as 32 bits in ../source_code/rtl/sdram/enc_file/sdr_wrrd.enc.v(283)
HDL-1007 : back to file '../source_code/rtl/sdram/enc_file/sdr_wrrd.enc.v' in ../source_code/rtl/sdram/enc_file/sdr_wrrd.enc.v(19)
HDL-1007 : analyze verilog file ../source_code/rtl/frame_fifo/afifo_16_32_256.v
HDL-1007 : analyze verilog file ../source_code/rtl/frame_fifo/afifo_32_16_256.v
HDL-1007 : analyze verilog file ../source_code/rtl/frame_fifo/frame_fifo_read.v
HDL-1007 : analyze verilog file ../source_code/rtl/frame_fifo/frame_fifo_write.v
HDL-1007 : analyze verilog file ../source_code/rtl/frame_fifo/frame_read_write.v
HDL-1007 : analyze verilog file ../source_code/rtl/sdram/sdram.v
HDL-1007 : analyze included file ../source_code/rtl/sdram/enc_file/global_def.v in ../source_code/rtl/sdram/sdram.v(10)
HDL-1007 : back to file '../source_code/rtl/sdram/sdram.v' in ../source_code/rtl/sdram/sdram.v(10)
HDL-1007 : undeclared symbol 'SDR_CKE', assumed default net type 'wire' in ../source_code/rtl/sdram/sdram.v(89)
HDL-1007 : analyze verilog file ../source_code/rtl/sdram/enc_file/sdr_init_ref.enc.v
HDL-1007 : analyze included file ../source_code/rtl/sdram/enc_file/global_def.v in ../source_code/rtl/sdram/enc_file/sdr_init_ref.enc.v(11)
HDL-1007 : back to file '../source_code/rtl/sdram/enc_file/sdr_init_ref.enc.v' in ../source_code/rtl/sdram/enc_file/sdr_init_ref.enc.v(11)
HDL-1007 : undeclared symbol '**', assumed default net type '**' in ../source_code/rtl/sdram/enc_file/sdr_init_ref.enc.v(57)
HDL-1007 : back to file '../source_code/rtl/sdram/enc_file/sdr_init_ref.enc.v' in ../source_code/rtl/sdram/enc_file/sdr_init_ref.enc.v(149)
HDL-5007 WARNING: concatenation with an unsized literal will be treated as 32 bits in ../source_code/rtl/sdram/enc_file/sdr_init_ref.enc.v(47)
HDL-1007 : analyze verilog file ../source_code/rtl/video_timing/color_bar.v
HDL-1007 : analyze included file ../source_code/rtl/video_timing/video_define.v in ../source_code/rtl/video_timing/color_bar.v(2)
HDL-1007 : back to file '../source_code/rtl/video_timing/color_bar.v' in ../source_code/rtl/video_timing/color_bar.v(2)
HDL-1007 : analyze verilog file ../source_code/rtl/video_timing/video_delay.v
HDL-1007 : analyze verilog file ../source_code/rtl/video_timing/video_timing_data.v
HDL-1007 : analyze verilog file ../source_code/rtl/another/m_synchronization_header.v
HDL-1007 : analyze verilog file ../source_code/rtl/led.v
HDL-1007 : analyze verilog file ../source_code/rtl/ov5640/cmos_capture_data.v
HDL-1007 : analyze verilog file ../source_code/rtl/ov5640/i2c_dri.v
HDL-1007 : analyze verilog file ../source_code/rtl/ov5640/i2c_ov5640_rgb565_cfg.v
HDL-1007 : analyze verilog file ../source_code/rtl/ov5640/ov5640_delay.v
HDL-1007 : analyze verilog file ../source_code/rtl/ov5640/ov5640_dri.v
HDL-1007 : analyze verilog file ../source_code/rtl/another/fire_detect.v
RUN-1002 : start command "commit_param -step design"
RUN-1001 : Print Global Property
RUN-1001 : --------------------------------------------------------
RUN-1001 :   Parameters   |  Settings  |  Default Values  |  Note  
RUN-1001 : --------------------------------------------------------
RUN-1001 :   enable_seed  |    off     |       off        |        
RUN-1001 :     message    |  standard  |     standard     |        
RUN-1001 :   qor_monitor  |     on     |        on        |        
RUN-1001 :   syn_ip_flow  |    off     |       off        |        
RUN-1001 :     thread     |    auto    |       auto       |        
RUN-1001 : --------------------------------------------------------
RUN-1001 : Print Design Property
RUN-1001 : ----------------------------------------------------------------
RUN-1001 :       Parameters       |  Settings  |  Default Values  |  Note  
RUN-1001 : ----------------------------------------------------------------
RUN-1001 :   default_reg_initial  |    auto    |       auto       |        
RUN-1001 :    hdl_warning_level   |   normal   |      normal      |        
RUN-1001 : ----------------------------------------------------------------
HDL-1007 : analyze verilog file last_attempt.v
HDL-1007 : undeclared symbol 'phy_reset', assumed default net type 'wire' in last_attempt.v(166)
HDL-1007 : undeclared symbol 'cam_write_req_ack', assumed default net type 'wire' in last_attempt.v(275)
HDL-7225 CRITICAL-WARNING: 'cam_write_req_ack' is already implicitly declared on line 275 in last_attempt.v(373)
HDL-1007 : undeclared symbol 'tpg_data_done', assumed default net type 'wire' in last_attempt.v(566)
HDL-1007 : undeclared symbol 'full_flag', assumed default net type 'wire' in last_attempt.v(600)
HDL-1007 : undeclared symbol 'input_local_udp_port_num', assumed default net type 'wire' in last_attempt.v(631)
HDL-1007 : undeclared symbol 'input_local_udp_port_num_valid', assumed default net type 'wire' in last_attempt.v(632)
HDL-1007 : undeclared symbol 'input_local_ip_address', assumed default net type 'wire' in last_attempt.v(634)
HDL-1007 : undeclared symbol 'input_local_ip_address_valid', assumed default net type 'wire' in last_attempt.v(635)
HDL-1007 : analyze verilog file ../source_code/rtl/udp/BUFGMUX.v
HDL-1007 : analyze verilog file ../source_code/rtl/udp/IDDR.v
HDL-1007 : analyze verilog file ../source_code/rtl/udp/ODDR.v
HDL-1007 : analyze verilog file ../source_code/rtl/udp/RAMB16_S9_S9.v
HDL-1007 : undeclared symbol 'open', assumed default net type 'wire' in ../source_code/rtl/udp/RAMB16_S9_S9.v(109)
HDL-1007 : analyze verilog file ../source_code/rtl/udp/clk_gen_rst_gen.v
HDL-1007 : analyze verilog file ../source_code/rtl/udp/div_clk_gen.v
HDL-1007 : analyze verilog file ../source_code/rtl/udp/rgmii_interface.v
HDL-1007 : analyze verilog file ../source_code/rtl/udp/rx_client_fifo.v
HDL-5370 WARNING: parameter 'WAIT_s' becomes localparam in 'rx_client_fifo' with formal parameter declaration list in ../source_code/rtl/udp/rx_client_fifo.v(49)
HDL-5370 WARNING: parameter 'QUEUE1_s' becomes localparam in 'rx_client_fifo' with formal parameter declaration list in ../source_code/rtl/udp/rx_client_fifo.v(50)
HDL-5370 WARNING: parameter 'QUEUE2_s' becomes localparam in 'rx_client_fifo' with formal parameter declaration list in ../source_code/rtl/udp/rx_client_fifo.v(51)
HDL-5370 WARNING: parameter 'QUEUE3_s' becomes localparam in 'rx_client_fifo' with formal parameter declaration list in ../source_code/rtl/udp/rx_client_fifo.v(52)
HDL-5370 WARNING: parameter 'QUEUE_SOF_s' becomes localparam in 'rx_client_fifo' with formal parameter declaration list in ../source_code/rtl/udp/rx_client_fifo.v(53)
HDL-5370 WARNING: parameter 'SOF_s' becomes localparam in 'rx_client_fifo' with formal parameter declaration list in ../source_code/rtl/udp/rx_client_fifo.v(54)
HDL-5370 WARNING: parameter 'DATA_s' becomes localparam in 'rx_client_fifo' with formal parameter declaration list in ../source_code/rtl/udp/rx_client_fifo.v(55)
HDL-5370 WARNING: parameter 'EOF_s' becomes localparam in 'rx_client_fifo' with formal parameter declaration list in ../source_code/rtl/udp/rx_client_fifo.v(56)
HDL-5370 WARNING: parameter 'IDLE_s' becomes localparam in 'rx_client_fifo' with formal parameter declaration list in ../source_code/rtl/udp/rx_client_fifo.v(62)
HDL-5370 WARNING: parameter 'FRAME_s' becomes localparam in 'rx_client_fifo' with formal parameter declaration list in ../source_code/rtl/udp/rx_client_fifo.v(63)
HDL-5370 Similar messages will be suppressed.
HDL-1007 : analyze verilog file ../source_code/rtl/udp/temac_block.v
HDL-1007 : analyze verilog file ../source_code/rtl/udp/temac_clk_gen.v
HDL-1007 : analyze verilog file ../source_code/rtl/udp/tx_client_fifo.v
HDL-5370 WARNING: parameter 'IDLE_s' becomes localparam in 'tx_client_fifo' with formal parameter declaration list in ../source_code/rtl/udp/tx_client_fifo.v(53)
HDL-5370 WARNING: parameter 'QUEUE1_s' becomes localparam in 'tx_client_fifo' with formal parameter declaration list in ../source_code/rtl/udp/tx_client_fifo.v(54)
HDL-5370 WARNING: parameter 'QUEUE2_s' becomes localparam in 'tx_client_fifo' with formal parameter declaration list in ../source_code/rtl/udp/tx_client_fifo.v(55)
HDL-5370 WARNING: parameter 'QUEUE3_s' becomes localparam in 'tx_client_fifo' with formal parameter declaration list in ../source_code/rtl/udp/tx_client_fifo.v(56)
HDL-5370 WARNING: parameter 'QUEUE_ACK_s' becomes localparam in 'tx_client_fifo' with formal parameter declaration list in ../source_code/rtl/udp/tx_client_fifo.v(57)
HDL-5370 WARNING: parameter 'WAIT_ACK_s' becomes localparam in 'tx_client_fifo' with formal parameter declaration list in ../source_code/rtl/udp/tx_client_fifo.v(58)
HDL-5370 WARNING: parameter 'FRAME_s' becomes localparam in 'tx_client_fifo' with formal parameter declaration list in ../source_code/rtl/udp/tx_client_fifo.v(59)
HDL-5370 WARNING: parameter 'DROP_s' becomes localparam in 'tx_client_fifo' with formal parameter declaration list in ../source_code/rtl/udp/tx_client_fifo.v(60)
HDL-5370 WARNING: parameter 'RETRANSMIT_s' becomes localparam in 'tx_client_fifo' with formal parameter declaration list in ../source_code/rtl/udp/tx_client_fifo.v(61)
HDL-5370 WARNING: parameter 'WAIT_s' becomes localparam in 'tx_client_fifo' with formal parameter declaration list in ../source_code/rtl/udp/tx_client_fifo.v(67)
HDL-5370 Similar messages will be suppressed.
HDL-1007 : analyze verilog file ../source_code/rtl/udp/tx_clk_en_gen.v
HDL-1007 : analyze verilog file ../source_code/rtl/udp/udp_data_tpg.v
HDL-1007 : analyze verilog file ../source_code/rtl/udp/udp_ip_protocol_stack_merge.enc.v
HDL-1007 : back to file '../source_code/rtl/udp/udp_ip_protocol_stack_merge.enc.v' in ../source_code/rtl/udp/udp_ip_protocol_stack_merge.enc.v(56)
HDL-1007 : undeclared symbol '**', assumed default net type '**' in ../source_code/rtl/udp/udp_ip_protocol_stack_merge.enc.v(2638)
HDL-1007 : back to file '../source_code/rtl/udp/udp_ip_protocol_stack_merge.enc.v' in ../source_code/rtl/udp/udp_ip_protocol_stack_merge.enc.v(420)
HDL-1007 : analyze verilog file ../source_code/rtl/udp/udp_loopback.v
HDL-1007 : analyze verilog file al_ip/TEMAC_CORE/RTL/include/define.v
HDL-1007 : analyze verilog file al_ip/TEMAC_CORE/RTL/TEMAC_CORE_aead6cd6dadd.v
HDL-5007 WARNING: column 1032 exceeds maximum value 1023 in al_ip/TEMAC_CORE/RTL/TEMAC_CORE_aead6cd6dadd.v(30)
HDL-1007 : back to file 'al_ip/TEMAC_CORE/RTL/TEMAC_CORE_aead6cd6dadd.v' in al_ip/TEMAC_CORE/RTL/TEMAC_CORE_aead6cd6dadd.v(86)
HDL-5007 WARNING: event expressions must result in a singular type in al_ip/TEMAC_CORE/RTL/TEMAC_CORE_aead6cd6dadd.v(3001)
HDL-1007 : undeclared symbol '**', assumed default net type '**' in al_ip/TEMAC_CORE/RTL/TEMAC_CORE_aead6cd6dadd.v(5050)
HDL-1007 : undeclared symbol '**', assumed default net type '**' in al_ip/TEMAC_CORE/RTL/TEMAC_CORE_aead6cd6dadd.v(5458)
HDL-5007 WARNING: column 1035 exceeds maximum value 1023 in al_ip/TEMAC_CORE/RTL/TEMAC_CORE_aead6cd6dadd.v(6001)
HDL-1007 : back to file 'al_ip/TEMAC_CORE/RTL/TEMAC_CORE_aead6cd6dadd.v' in al_ip/TEMAC_CORE/RTL/TEMAC_CORE_aead6cd6dadd.v(260)
HDL-1007 : analyze verilog file al_ip/TEMAC_CORE/RTL/mac_core_aead6cd6dadd.v
HDL-1007 : analyze verilog file al_ip/TEMAC_CORE/TEMAC_CORE.v
HDL-1007 : analyze verilog file al_ip/pll_gen.v
HDL-1007 : undeclared symbol 'pll_gen_open0', assumed default net type 'wire' in al_ip/pll_gen.v(99)
HDL-1007 : undeclared symbol 'pll_gen_open8', assumed default net type 'wire' in al_ip/pll_gen.v(105)
HDL-1007 : undeclared symbol 'pll_gen_open7', assumed default net type 'wire' in al_ip/pll_gen.v(105)
HDL-1007 : undeclared symbol 'pll_gen_open6', assumed default net type 'wire' in al_ip/pll_gen.v(105)
HDL-1007 : undeclared symbol 'pll_gen_open5', assumed default net type 'wire' in al_ip/pll_gen.v(105)
HDL-1007 : undeclared symbol 'pll_gen_open4', assumed default net type 'wire' in al_ip/pll_gen.v(105)
HDL-1007 : undeclared symbol 'pll_gen_open3', assumed default net type 'wire' in al_ip/pll_gen.v(105)
HDL-1007 : undeclared symbol 'pll_gen_open2', assumed default net type 'wire' in al_ip/pll_gen.v(105)
HDL-1007 : undeclared symbol 'pll_gen_open1', assumed default net type 'wire' in al_ip/pll_gen.v(105)
HDL-1007 : analyze verilog file al_ip/sys_pll.v
HDL-1007 : undeclared symbol 'sys_pll_open0', assumed default net type 'wire' in al_ip/sys_pll.v(77)
HDL-1007 : undeclared symbol 'sys_pll_open1', assumed default net type 'wire' in al_ip/sys_pll.v(83)
HDL-1007 : undeclared symbol 'sys_pll_open9', assumed default net type 'wire' in al_ip/sys_pll.v(89)
HDL-1007 : undeclared symbol 'sys_pll_open8', assumed default net type 'wire' in al_ip/sys_pll.v(89)
HDL-1007 : undeclared symbol 'sys_pll_open7', assumed default net type 'wire' in al_ip/sys_pll.v(89)
HDL-1007 : undeclared symbol 'sys_pll_open6', assumed default net type 'wire' in al_ip/sys_pll.v(89)
HDL-1007 : undeclared symbol 'sys_pll_open5', assumed default net type 'wire' in al_ip/sys_pll.v(89)
HDL-1007 : undeclared symbol 'sys_pll_open4', assumed default net type 'wire' in al_ip/sys_pll.v(89)
HDL-1007 : undeclared symbol 'sys_pll_open3', assumed default net type 'wire' in al_ip/sys_pll.v(89)
HDL-1007 : undeclared symbol 'sys_pll_open2', assumed default net type 'wire' in al_ip/sys_pll.v(89)
HDL-1007 : undeclared symbol 'sys_pll_open11', assumed default net type 'wire' in al_ip/sys_pll.v(91)
HDL-1007 : undeclared symbol 'sys_pll_open10', assumed default net type 'wire' in al_ip/sys_pll.v(91)
HDL-1007 : analyze verilog file ../source_code/rtl/sd_card/ax_debounce.v
HDL-1007 : analyze verilog file ../source_code/rtl/sd_card/bmp_read.v
HDL-1007 : analyze verilog file ../source_code/rtl/sd_card/sd_card_bmp.v
HDL-1007 : analyze verilog file ../source_code/rtl/sd_card/sd_card_cmd.v
HDL-1007 : analyze verilog file ../source_code/rtl/sd_card/sd_card_sec_read_write.v
HDL-1007 : analyze verilog file ../source_code/rtl/sd_card/sd_card_top.v
HDL-1007 : analyze verilog file ../source_code/rtl/sd_card/spi_master.v
HDL-1007 : analyze verilog file ../source_code/rtl/sdram/enc_file/global_def.v
HDL-1007 : analyze verilog file ../source_code/rtl/sdram/enc_file/sdr_as_ram.enc.v
HDL-1007 : back to file '../source_code/rtl/sdram/enc_file/sdr_as_ram.enc.v' in ../source_code/rtl/sdram/enc_file/sdr_as_ram.enc.v(54)
HDL-1007 : analyze verilog file ../source_code/rtl/sdram/enc_file/sdr_wrrd.enc.v
HDL-5007 WARNING: concatenation with an unsized literal will be treated as 32 bits in ../source_code/rtl/sdram/enc_file/sdr_wrrd.enc.v(283)
HDL-1007 : back to file '../source_code/rtl/sdram/enc_file/sdr_wrrd.enc.v' in ../source_code/rtl/sdram/enc_file/sdr_wrrd.enc.v(19)
HDL-1007 : analyze verilog file ../source_code/rtl/frame_fifo/afifo_16_32_256.v
HDL-1007 : analyze verilog file ../source_code/rtl/frame_fifo/afifo_32_16_256.v
HDL-1007 : analyze verilog file ../source_code/rtl/frame_fifo/frame_fifo_read.v
HDL-1007 : analyze verilog file ../source_code/rtl/frame_fifo/frame_fifo_write.v
HDL-1007 : analyze verilog file ../source_code/rtl/frame_fifo/frame_read_write.v
HDL-1007 : analyze verilog file ../source_code/rtl/sdram/sdram.v
HDL-1007 : analyze included file ../source_code/rtl/sdram/enc_file/global_def.v in ../source_code/rtl/sdram/sdram.v(10)
HDL-1007 : back to file '../source_code/rtl/sdram/sdram.v' in ../source_code/rtl/sdram/sdram.v(10)
HDL-1007 : undeclared symbol 'SDR_CKE', assumed default net type 'wire' in ../source_code/rtl/sdram/sdram.v(89)
HDL-1007 : analyze verilog file ../source_code/rtl/sdram/enc_file/sdr_init_ref.enc.v
HDL-1007 : analyze included file ../source_code/rtl/sdram/enc_file/global_def.v in ../source_code/rtl/sdram/enc_file/sdr_init_ref.enc.v(11)
HDL-1007 : back to file '../source_code/rtl/sdram/enc_file/sdr_init_ref.enc.v' in ../source_code/rtl/sdram/enc_file/sdr_init_ref.enc.v(11)
HDL-1007 : undeclared symbol '**', assumed default net type '**' in ../source_code/rtl/sdram/enc_file/sdr_init_ref.enc.v(57)
HDL-1007 : back to file '../source_code/rtl/sdram/enc_file/sdr_init_ref.enc.v' in ../source_code/rtl/sdram/enc_file/sdr_init_ref.enc.v(149)
HDL-5007 WARNING: concatenation with an unsized literal will be treated as 32 bits in ../source_code/rtl/sdram/enc_file/sdr_init_ref.enc.v(47)
HDL-1007 : analyze verilog file ../source_code/rtl/video_timing/color_bar.v
HDL-1007 : analyze included file ../source_code/rtl/video_timing/video_define.v in ../source_code/rtl/video_timing/color_bar.v(2)
HDL-1007 : back to file '../source_code/rtl/video_timing/color_bar.v' in ../source_code/rtl/video_timing/color_bar.v(2)
HDL-1007 : analyze verilog file ../source_code/rtl/video_timing/video_delay.v
HDL-1007 : analyze verilog file ../source_code/rtl/video_timing/video_timing_data.v
HDL-1007 : analyze verilog file ../source_code/rtl/another/m_synchronization_header.v
HDL-1007 : analyze verilog file ../source_code/rtl/led.v
HDL-1007 : analyze verilog file ../source_code/rtl/ov5640/cmos_capture_data.v
HDL-1007 : analyze verilog file ../source_code/rtl/ov5640/i2c_dri.v
HDL-1007 : analyze verilog file ../source_code/rtl/ov5640/i2c_ov5640_rgb565_cfg.v
HDL-1007 : analyze verilog file ../source_code/rtl/ov5640/ov5640_delay.v
HDL-1007 : analyze verilog file ../source_code/rtl/ov5640/ov5640_dri.v
HDL-1007 : analyze verilog file ../source_code/rtl/another/fire_detect.v
RUN-1002 : start command "commit_param -step design"
RUN-1001 : Print Global Property
RUN-1001 : --------------------------------------------------------
RUN-1001 :   Parameters   |  Settings  |  Default Values  |  Note  
RUN-1001 : --------------------------------------------------------
RUN-1001 :   enable_seed  |    off     |       off        |        
RUN-1001 :     message    |  standard  |     standard     |        
RUN-1001 :   qor_monitor  |     on     |        on        |        
RUN-1001 :   syn_ip_flow  |    off     |       off        |        
RUN-1001 :     thread     |    auto    |       auto       |        
RUN-1001 : --------------------------------------------------------
RUN-1001 : Print Design Property
RUN-1001 : ----------------------------------------------------------------
RUN-1001 :       Parameters       |  Settings  |  Default Values  |  Note  
RUN-1001 : ----------------------------------------------------------------
RUN-1001 :   default_reg_initial  |    auto    |       auto       |        
RUN-1001 :    hdl_warning_level   |   normal   |      normal      |        
RUN-1001 : ----------------------------------------------------------------
HDL-1007 : analyze verilog file last_attempt.v
HDL-1007 : undeclared symbol 'phy_reset', assumed default net type 'wire' in last_attempt.v(166)
HDL-5333 WARNING: data object 'input_local_ip_address' is already declared in last_attempt.v(255)
HDL-1007 : previous declaration of 'input_local_ip_address' is from here in last_attempt.v(243)
HDL-5007 WARNING: second declaration of 'input_local_ip_address' is ignored in last_attempt.v(255)
HDL-1007 : undeclared symbol 'cam_write_req_ack', assumed default net type 'wire' in last_attempt.v(276)
HDL-7225 CRITICAL-WARNING: 'cam_write_req_ack' is already implicitly declared on line 276 in last_attempt.v(374)
HDL-1007 : undeclared symbol 'tpg_data_done', assumed default net type 'wire' in last_attempt.v(567)
HDL-1007 : undeclared symbol 'full_flag', assumed default net type 'wire' in last_attempt.v(601)
HDL-1007 : undeclared symbol 'input_local_udp_port_num', assumed default net type 'wire' in last_attempt.v(632)
HDL-1007 : undeclared symbol 'input_local_udp_port_num_valid', assumed default net type 'wire' in last_attempt.v(633)
HDL-1007 : undeclared symbol 'input_local_ip_address_valid', assumed default net type 'wire' in last_attempt.v(636)
HDL-8007 ERROR: concurrent assignment to a non-net 'input_local_ip_address' is not permitted in last_attempt.v(256)
HDL-8007 ERROR: ignore module module due to previous errors in last_attempt.v(6)
HDL-5007 WARNING: could not find top-level module/unit; aborting hierarchy tree creation
HDL-5007 WARNING: The file last_attempt.v will not be compiled since it is not included by any other files. Set it as 'global include' if it should be compiled.
RUN-1002 : start command "commit_param -step design"
RUN-1001 : Print Global Property
RUN-1001 : --------------------------------------------------------
RUN-1001 :   Parameters   |  Settings  |  Default Values  |  Note  
RUN-1001 : --------------------------------------------------------
RUN-1001 :   enable_seed  |    off     |       off        |        
RUN-1001 :     message    |  standard  |     standard     |        
RUN-1001 :   qor_monitor  |     on     |        on        |        
RUN-1001 :   syn_ip_flow  |    off     |       off        |        
RUN-1001 :     thread     |    auto    |       auto       |        
RUN-1001 : --------------------------------------------------------
RUN-1001 : Print Design Property
RUN-1001 : ----------------------------------------------------------------
RUN-1001 :       Parameters       |  Settings  |  Default Values  |  Note  
RUN-1001 : ----------------------------------------------------------------
RUN-1001 :   default_reg_initial  |    auto    |       auto       |        
RUN-1001 :    hdl_warning_level   |   normal   |      normal      |        
RUN-1001 : ----------------------------------------------------------------
HDL-1007 : analyze verilog file last_attempt.v
HDL-1007 : undeclared symbol 'phy_reset', assumed default net type 'wire' in last_attempt.v(166)
HDL-1007 : undeclared symbol 'cam_write_req_ack', assumed default net type 'wire' in last_attempt.v(276)
HDL-7225 CRITICAL-WARNING: 'cam_write_req_ack' is already implicitly declared on line 276 in last_attempt.v(374)
HDL-1007 : undeclared symbol 'tpg_data_done', assumed default net type 'wire' in last_attempt.v(567)
HDL-1007 : undeclared symbol 'full_flag', assumed default net type 'wire' in last_attempt.v(601)
HDL-1007 : undeclared symbol 'input_local_udp_port_num', assumed default net type 'wire' in last_attempt.v(632)
HDL-1007 : undeclared symbol 'input_local_udp_port_num_valid', assumed default net type 'wire' in last_attempt.v(633)
HDL-1007 : undeclared symbol 'input_local_ip_address_valid', assumed default net type 'wire' in last_attempt.v(636)
HDL-1007 : analyze verilog file ../source_code/rtl/udp/BUFGMUX.v
HDL-1007 : analyze verilog file ../source_code/rtl/udp/IDDR.v
HDL-1007 : analyze verilog file ../source_code/rtl/udp/ODDR.v
HDL-1007 : analyze verilog file ../source_code/rtl/udp/RAMB16_S9_S9.v
HDL-1007 : undeclared symbol 'open', assumed default net type 'wire' in ../source_code/rtl/udp/RAMB16_S9_S9.v(109)
HDL-1007 : analyze verilog file ../source_code/rtl/udp/clk_gen_rst_gen.v
HDL-1007 : analyze verilog file ../source_code/rtl/udp/div_clk_gen.v
HDL-1007 : analyze verilog file ../source_code/rtl/udp/rgmii_interface.v
HDL-1007 : analyze verilog file ../source_code/rtl/udp/rx_client_fifo.v
HDL-5370 WARNING: parameter 'WAIT_s' becomes localparam in 'rx_client_fifo' with formal parameter declaration list in ../source_code/rtl/udp/rx_client_fifo.v(49)
HDL-5370 WARNING: parameter 'QUEUE1_s' becomes localparam in 'rx_client_fifo' with formal parameter declaration list in ../source_code/rtl/udp/rx_client_fifo.v(50)
HDL-5370 WARNING: parameter 'QUEUE2_s' becomes localparam in 'rx_client_fifo' with formal parameter declaration list in ../source_code/rtl/udp/rx_client_fifo.v(51)
HDL-5370 WARNING: parameter 'QUEUE3_s' becomes localparam in 'rx_client_fifo' with formal parameter declaration list in ../source_code/rtl/udp/rx_client_fifo.v(52)
HDL-5370 WARNING: parameter 'QUEUE_SOF_s' becomes localparam in 'rx_client_fifo' with formal parameter declaration list in ../source_code/rtl/udp/rx_client_fifo.v(53)
HDL-5370 WARNING: parameter 'SOF_s' becomes localparam in 'rx_client_fifo' with formal parameter declaration list in ../source_code/rtl/udp/rx_client_fifo.v(54)
HDL-5370 WARNING: parameter 'DATA_s' becomes localparam in 'rx_client_fifo' with formal parameter declaration list in ../source_code/rtl/udp/rx_client_fifo.v(55)
HDL-5370 WARNING: parameter 'EOF_s' becomes localparam in 'rx_client_fifo' with formal parameter declaration list in ../source_code/rtl/udp/rx_client_fifo.v(56)
HDL-5370 WARNING: parameter 'IDLE_s' becomes localparam in 'rx_client_fifo' with formal parameter declaration list in ../source_code/rtl/udp/rx_client_fifo.v(62)
HDL-5370 WARNING: parameter 'FRAME_s' becomes localparam in 'rx_client_fifo' with formal parameter declaration list in ../source_code/rtl/udp/rx_client_fifo.v(63)
HDL-5370 Similar messages will be suppressed.
HDL-1007 : analyze verilog file ../source_code/rtl/udp/temac_block.v
HDL-1007 : analyze verilog file ../source_code/rtl/udp/temac_clk_gen.v
HDL-1007 : analyze verilog file ../source_code/rtl/udp/tx_client_fifo.v
HDL-5370 WARNING: parameter 'IDLE_s' becomes localparam in 'tx_client_fifo' with formal parameter declaration list in ../source_code/rtl/udp/tx_client_fifo.v(53)
HDL-5370 WARNING: parameter 'QUEUE1_s' becomes localparam in 'tx_client_fifo' with formal parameter declaration list in ../source_code/rtl/udp/tx_client_fifo.v(54)
HDL-5370 WARNING: parameter 'QUEUE2_s' becomes localparam in 'tx_client_fifo' with formal parameter declaration list in ../source_code/rtl/udp/tx_client_fifo.v(55)
HDL-5370 WARNING: parameter 'QUEUE3_s' becomes localparam in 'tx_client_fifo' with formal parameter declaration list in ../source_code/rtl/udp/tx_client_fifo.v(56)
HDL-5370 WARNING: parameter 'QUEUE_ACK_s' becomes localparam in 'tx_client_fifo' with formal parameter declaration list in ../source_code/rtl/udp/tx_client_fifo.v(57)
HDL-5370 WARNING: parameter 'WAIT_ACK_s' becomes localparam in 'tx_client_fifo' with formal parameter declaration list in ../source_code/rtl/udp/tx_client_fifo.v(58)
HDL-5370 WARNING: parameter 'FRAME_s' becomes localparam in 'tx_client_fifo' with formal parameter declaration list in ../source_code/rtl/udp/tx_client_fifo.v(59)
HDL-5370 WARNING: parameter 'DROP_s' becomes localparam in 'tx_client_fifo' with formal parameter declaration list in ../source_code/rtl/udp/tx_client_fifo.v(60)
HDL-5370 WARNING: parameter 'RETRANSMIT_s' becomes localparam in 'tx_client_fifo' with formal parameter declaration list in ../source_code/rtl/udp/tx_client_fifo.v(61)
HDL-5370 WARNING: parameter 'WAIT_s' becomes localparam in 'tx_client_fifo' with formal parameter declaration list in ../source_code/rtl/udp/tx_client_fifo.v(67)
HDL-5370 Similar messages will be suppressed.
HDL-1007 : analyze verilog file ../source_code/rtl/udp/tx_clk_en_gen.v
HDL-1007 : analyze verilog file ../source_code/rtl/udp/udp_data_tpg.v
HDL-1007 : analyze verilog file ../source_code/rtl/udp/udp_ip_protocol_stack_merge.enc.v
HDL-1007 : back to file '../source_code/rtl/udp/udp_ip_protocol_stack_merge.enc.v' in ../source_code/rtl/udp/udp_ip_protocol_stack_merge.enc.v(56)
HDL-1007 : undeclared symbol '**', assumed default net type '**' in ../source_code/rtl/udp/udp_ip_protocol_stack_merge.enc.v(2638)
HDL-1007 : back to file '../source_code/rtl/udp/udp_ip_protocol_stack_merge.enc.v' in ../source_code/rtl/udp/udp_ip_protocol_stack_merge.enc.v(420)
HDL-1007 : analyze verilog file ../source_code/rtl/udp/udp_loopback.v
HDL-1007 : analyze verilog file al_ip/TEMAC_CORE/RTL/include/define.v
HDL-1007 : analyze verilog file al_ip/TEMAC_CORE/RTL/TEMAC_CORE_aead6cd6dadd.v
HDL-5007 WARNING: column 1032 exceeds maximum value 1023 in al_ip/TEMAC_CORE/RTL/TEMAC_CORE_aead6cd6dadd.v(30)
HDL-1007 : back to file 'al_ip/TEMAC_CORE/RTL/TEMAC_CORE_aead6cd6dadd.v' in al_ip/TEMAC_CORE/RTL/TEMAC_CORE_aead6cd6dadd.v(86)
HDL-5007 WARNING: event expressions must result in a singular type in al_ip/TEMAC_CORE/RTL/TEMAC_CORE_aead6cd6dadd.v(3001)
HDL-1007 : undeclared symbol '**', assumed default net type '**' in al_ip/TEMAC_CORE/RTL/TEMAC_CORE_aead6cd6dadd.v(5050)
HDL-1007 : undeclared symbol '**', assumed default net type '**' in al_ip/TEMAC_CORE/RTL/TEMAC_CORE_aead6cd6dadd.v(5458)
HDL-5007 WARNING: column 1035 exceeds maximum value 1023 in al_ip/TEMAC_CORE/RTL/TEMAC_CORE_aead6cd6dadd.v(6001)
HDL-1007 : back to file 'al_ip/TEMAC_CORE/RTL/TEMAC_CORE_aead6cd6dadd.v' in al_ip/TEMAC_CORE/RTL/TEMAC_CORE_aead6cd6dadd.v(260)
HDL-1007 : analyze verilog file al_ip/TEMAC_CORE/RTL/mac_core_aead6cd6dadd.v
HDL-1007 : analyze verilog file al_ip/TEMAC_CORE/TEMAC_CORE.v
HDL-1007 : analyze verilog file al_ip/pll_gen.v
HDL-1007 : undeclared symbol 'pll_gen_open0', assumed default net type 'wire' in al_ip/pll_gen.v(99)
HDL-1007 : undeclared symbol 'pll_gen_open8', assumed default net type 'wire' in al_ip/pll_gen.v(105)
HDL-1007 : undeclared symbol 'pll_gen_open7', assumed default net type 'wire' in al_ip/pll_gen.v(105)
HDL-1007 : undeclared symbol 'pll_gen_open6', assumed default net type 'wire' in al_ip/pll_gen.v(105)
HDL-1007 : undeclared symbol 'pll_gen_open5', assumed default net type 'wire' in al_ip/pll_gen.v(105)
HDL-1007 : undeclared symbol 'pll_gen_open4', assumed default net type 'wire' in al_ip/pll_gen.v(105)
HDL-1007 : undeclared symbol 'pll_gen_open3', assumed default net type 'wire' in al_ip/pll_gen.v(105)
HDL-1007 : undeclared symbol 'pll_gen_open2', assumed default net type 'wire' in al_ip/pll_gen.v(105)
HDL-1007 : undeclared symbol 'pll_gen_open1', assumed default net type 'wire' in al_ip/pll_gen.v(105)
HDL-1007 : analyze verilog file al_ip/sys_pll.v
HDL-1007 : undeclared symbol 'sys_pll_open0', assumed default net type 'wire' in al_ip/sys_pll.v(77)
HDL-1007 : undeclared symbol 'sys_pll_open1', assumed default net type 'wire' in al_ip/sys_pll.v(83)
HDL-1007 : undeclared symbol 'sys_pll_open9', assumed default net type 'wire' in al_ip/sys_pll.v(89)
HDL-1007 : undeclared symbol 'sys_pll_open8', assumed default net type 'wire' in al_ip/sys_pll.v(89)
HDL-1007 : undeclared symbol 'sys_pll_open7', assumed default net type 'wire' in al_ip/sys_pll.v(89)
HDL-1007 : undeclared symbol 'sys_pll_open6', assumed default net type 'wire' in al_ip/sys_pll.v(89)
HDL-1007 : undeclared symbol 'sys_pll_open5', assumed default net type 'wire' in al_ip/sys_pll.v(89)
HDL-1007 : undeclared symbol 'sys_pll_open4', assumed default net type 'wire' in al_ip/sys_pll.v(89)
HDL-1007 : undeclared symbol 'sys_pll_open3', assumed default net type 'wire' in al_ip/sys_pll.v(89)
HDL-1007 : undeclared symbol 'sys_pll_open2', assumed default net type 'wire' in al_ip/sys_pll.v(89)
HDL-1007 : undeclared symbol 'sys_pll_open11', assumed default net type 'wire' in al_ip/sys_pll.v(91)
HDL-1007 : undeclared symbol 'sys_pll_open10', assumed default net type 'wire' in al_ip/sys_pll.v(91)
HDL-1007 : analyze verilog file ../source_code/rtl/sd_card/ax_debounce.v
HDL-1007 : analyze verilog file ../source_code/rtl/sd_card/bmp_read.v
HDL-1007 : analyze verilog file ../source_code/rtl/sd_card/sd_card_bmp.v
HDL-1007 : analyze verilog file ../source_code/rtl/sd_card/sd_card_cmd.v
HDL-1007 : analyze verilog file ../source_code/rtl/sd_card/sd_card_sec_read_write.v
HDL-1007 : analyze verilog file ../source_code/rtl/sd_card/sd_card_top.v
HDL-1007 : analyze verilog file ../source_code/rtl/sd_card/spi_master.v
HDL-1007 : analyze verilog file ../source_code/rtl/sdram/enc_file/global_def.v
HDL-1007 : analyze verilog file ../source_code/rtl/sdram/enc_file/sdr_as_ram.enc.v
HDL-1007 : back to file '../source_code/rtl/sdram/enc_file/sdr_as_ram.enc.v' in ../source_code/rtl/sdram/enc_file/sdr_as_ram.enc.v(54)
HDL-1007 : analyze verilog file ../source_code/rtl/sdram/enc_file/sdr_wrrd.enc.v
HDL-5007 WARNING: concatenation with an unsized literal will be treated as 32 bits in ../source_code/rtl/sdram/enc_file/sdr_wrrd.enc.v(283)
HDL-1007 : back to file '../source_code/rtl/sdram/enc_file/sdr_wrrd.enc.v' in ../source_code/rtl/sdram/enc_file/sdr_wrrd.enc.v(19)
HDL-1007 : analyze verilog file ../source_code/rtl/frame_fifo/afifo_16_32_256.v
HDL-1007 : analyze verilog file ../source_code/rtl/frame_fifo/afifo_32_16_256.v
HDL-1007 : analyze verilog file ../source_code/rtl/frame_fifo/frame_fifo_read.v
HDL-1007 : analyze verilog file ../source_code/rtl/frame_fifo/frame_fifo_write.v
HDL-1007 : analyze verilog file ../source_code/rtl/frame_fifo/frame_read_write.v
HDL-1007 : analyze verilog file ../source_code/rtl/sdram/sdram.v
HDL-1007 : analyze included file ../source_code/rtl/sdram/enc_file/global_def.v in ../source_code/rtl/sdram/sdram.v(10)
HDL-1007 : back to file '../source_code/rtl/sdram/sdram.v' in ../source_code/rtl/sdram/sdram.v(10)
HDL-1007 : undeclared symbol 'SDR_CKE', assumed default net type 'wire' in ../source_code/rtl/sdram/sdram.v(89)
HDL-1007 : analyze verilog file ../source_code/rtl/sdram/enc_file/sdr_init_ref.enc.v
HDL-1007 : analyze included file ../source_code/rtl/sdram/enc_file/global_def.v in ../source_code/rtl/sdram/enc_file/sdr_init_ref.enc.v(11)
HDL-1007 : back to file '../source_code/rtl/sdram/enc_file/sdr_init_ref.enc.v' in ../source_code/rtl/sdram/enc_file/sdr_init_ref.enc.v(11)
HDL-1007 : undeclared symbol '**', assumed default net type '**' in ../source_code/rtl/sdram/enc_file/sdr_init_ref.enc.v(57)
HDL-1007 : back to file '../source_code/rtl/sdram/enc_file/sdr_init_ref.enc.v' in ../source_code/rtl/sdram/enc_file/sdr_init_ref.enc.v(149)
HDL-5007 WARNING: concatenation with an unsized literal will be treated as 32 bits in ../source_code/rtl/sdram/enc_file/sdr_init_ref.enc.v(47)
HDL-1007 : analyze verilog file ../source_code/rtl/video_timing/color_bar.v
HDL-1007 : analyze included file ../source_code/rtl/video_timing/video_define.v in ../source_code/rtl/video_timing/color_bar.v(2)
HDL-1007 : back to file '../source_code/rtl/video_timing/color_bar.v' in ../source_code/rtl/video_timing/color_bar.v(2)
HDL-1007 : analyze verilog file ../source_code/rtl/video_timing/video_delay.v
HDL-1007 : analyze verilog file ../source_code/rtl/video_timing/video_timing_data.v
HDL-1007 : analyze verilog file ../source_code/rtl/another/m_synchronization_header.v
HDL-1007 : analyze verilog file ../source_code/rtl/led.v
HDL-1007 : analyze verilog file ../source_code/rtl/ov5640/cmos_capture_data.v
HDL-1007 : analyze verilog file ../source_code/rtl/ov5640/i2c_dri.v
HDL-1007 : analyze verilog file ../source_code/rtl/ov5640/i2c_ov5640_rgb565_cfg.v
HDL-1007 : analyze verilog file ../source_code/rtl/ov5640/ov5640_delay.v
HDL-1007 : analyze verilog file ../source_code/rtl/ov5640/ov5640_dri.v
HDL-1007 : analyze verilog file ../source_code/rtl/another/fire_detect.v
RUN-1002 : start command "commit_param -step design"
RUN-1001 : Print Global Property
RUN-1001 : --------------------------------------------------------
RUN-1001 :   Parameters   |  Settings  |  Default Values  |  Note  
RUN-1001 : --------------------------------------------------------
RUN-1001 :   enable_seed  |    off     |       off        |        
RUN-1001 :     message    |  standard  |     standard     |        
RUN-1001 :   qor_monitor  |     on     |        on        |        
RUN-1001 :   syn_ip_flow  |    off     |       off        |        
RUN-1001 :     thread     |    auto    |       auto       |        
RUN-1001 : --------------------------------------------------------
RUN-1001 : Print Design Property
RUN-1001 : ----------------------------------------------------------------
RUN-1001 :       Parameters       |  Settings  |  Default Values  |  Note  
RUN-1001 : ----------------------------------------------------------------
RUN-1001 :   default_reg_initial  |    auto    |       auto       |        
RUN-1001 :    hdl_warning_level   |   normal   |      normal      |        
RUN-1001 : ----------------------------------------------------------------
HDL-1007 : analyze verilog file last_attempt.v
HDL-1007 : undeclared symbol 'phy_reset', assumed default net type 'wire' in last_attempt.v(166)
HDL-1007 : undeclared symbol 'cam_write_req_ack', assumed default net type 'wire' in last_attempt.v(276)
HDL-7225 CRITICAL-WARNING: 'cam_write_req_ack' is already implicitly declared on line 276 in last_attempt.v(374)
HDL-1007 : undeclared symbol 'tpg_data_done', assumed default net type 'wire' in last_attempt.v(567)
HDL-1007 : undeclared symbol 'full_flag', assumed default net type 'wire' in last_attempt.v(601)
HDL-1007 : undeclared symbol 'input_local_udp_port_num', assumed default net type 'wire' in last_attempt.v(632)
HDL-1007 : undeclared symbol 'input_local_udp_port_num_valid', assumed default net type 'wire' in last_attempt.v(633)
HDL-1007 : undeclared symbol 'input_local_ip_address_valid', assumed default net type 'wire' in last_attempt.v(636)
HDL-1007 : analyze verilog file ../source_code/rtl/udp/BUFGMUX.v
HDL-1007 : analyze verilog file ../source_code/rtl/udp/IDDR.v
HDL-1007 : analyze verilog file ../source_code/rtl/udp/ODDR.v
HDL-1007 : analyze verilog file ../source_code/rtl/udp/RAMB16_S9_S9.v
HDL-1007 : undeclared symbol 'open', assumed default net type 'wire' in ../source_code/rtl/udp/RAMB16_S9_S9.v(109)
HDL-1007 : analyze verilog file ../source_code/rtl/udp/clk_gen_rst_gen.v
HDL-1007 : analyze verilog file ../source_code/rtl/udp/div_clk_gen.v
HDL-1007 : analyze verilog file ../source_code/rtl/udp/rgmii_interface.v
HDL-1007 : analyze verilog file ../source_code/rtl/udp/rx_client_fifo.v
HDL-5370 WARNING: parameter 'WAIT_s' becomes localparam in 'rx_client_fifo' with formal parameter declaration list in ../source_code/rtl/udp/rx_client_fifo.v(49)
HDL-5370 WARNING: parameter 'QUEUE1_s' becomes localparam in 'rx_client_fifo' with formal parameter declaration list in ../source_code/rtl/udp/rx_client_fifo.v(50)
HDL-5370 WARNING: parameter 'QUEUE2_s' becomes localparam in 'rx_client_fifo' with formal parameter declaration list in ../source_code/rtl/udp/rx_client_fifo.v(51)
HDL-5370 WARNING: parameter 'QUEUE3_s' becomes localparam in 'rx_client_fifo' with formal parameter declaration list in ../source_code/rtl/udp/rx_client_fifo.v(52)
HDL-5370 WARNING: parameter 'QUEUE_SOF_s' becomes localparam in 'rx_client_fifo' with formal parameter declaration list in ../source_code/rtl/udp/rx_client_fifo.v(53)
HDL-5370 WARNING: parameter 'SOF_s' becomes localparam in 'rx_client_fifo' with formal parameter declaration list in ../source_code/rtl/udp/rx_client_fifo.v(54)
HDL-5370 WARNING: parameter 'DATA_s' becomes localparam in 'rx_client_fifo' with formal parameter declaration list in ../source_code/rtl/udp/rx_client_fifo.v(55)
HDL-5370 WARNING: parameter 'EOF_s' becomes localparam in 'rx_client_fifo' with formal parameter declaration list in ../source_code/rtl/udp/rx_client_fifo.v(56)
HDL-5370 WARNING: parameter 'IDLE_s' becomes localparam in 'rx_client_fifo' with formal parameter declaration list in ../source_code/rtl/udp/rx_client_fifo.v(62)
HDL-5370 WARNING: parameter 'FRAME_s' becomes localparam in 'rx_client_fifo' with formal parameter declaration list in ../source_code/rtl/udp/rx_client_fifo.v(63)
HDL-5370 Similar messages will be suppressed.
HDL-1007 : analyze verilog file ../source_code/rtl/udp/temac_block.v
HDL-1007 : analyze verilog file ../source_code/rtl/udp/temac_clk_gen.v
HDL-1007 : analyze verilog file ../source_code/rtl/udp/tx_client_fifo.v
HDL-5370 WARNING: parameter 'IDLE_s' becomes localparam in 'tx_client_fifo' with formal parameter declaration list in ../source_code/rtl/udp/tx_client_fifo.v(53)
HDL-5370 WARNING: parameter 'QUEUE1_s' becomes localparam in 'tx_client_fifo' with formal parameter declaration list in ../source_code/rtl/udp/tx_client_fifo.v(54)
HDL-5370 WARNING: parameter 'QUEUE2_s' becomes localparam in 'tx_client_fifo' with formal parameter declaration list in ../source_code/rtl/udp/tx_client_fifo.v(55)
HDL-5370 WARNING: parameter 'QUEUE3_s' becomes localparam in 'tx_client_fifo' with formal parameter declaration list in ../source_code/rtl/udp/tx_client_fifo.v(56)
HDL-5370 WARNING: parameter 'QUEUE_ACK_s' becomes localparam in 'tx_client_fifo' with formal parameter declaration list in ../source_code/rtl/udp/tx_client_fifo.v(57)
HDL-5370 WARNING: parameter 'WAIT_ACK_s' becomes localparam in 'tx_client_fifo' with formal parameter declaration list in ../source_code/rtl/udp/tx_client_fifo.v(58)
HDL-5370 WARNING: parameter 'FRAME_s' becomes localparam in 'tx_client_fifo' with formal parameter declaration list in ../source_code/rtl/udp/tx_client_fifo.v(59)
HDL-5370 WARNING: parameter 'DROP_s' becomes localparam in 'tx_client_fifo' with formal parameter declaration list in ../source_code/rtl/udp/tx_client_fifo.v(60)
HDL-5370 WARNING: parameter 'RETRANSMIT_s' becomes localparam in 'tx_client_fifo' with formal parameter declaration list in ../source_code/rtl/udp/tx_client_fifo.v(61)
HDL-5370 WARNING: parameter 'WAIT_s' becomes localparam in 'tx_client_fifo' with formal parameter declaration list in ../source_code/rtl/udp/tx_client_fifo.v(67)
HDL-5370 Similar messages will be suppressed.
HDL-1007 : analyze verilog file ../source_code/rtl/udp/tx_clk_en_gen.v
HDL-1007 : analyze verilog file ../source_code/rtl/udp/udp_data_tpg.v
HDL-1007 : analyze verilog file ../source_code/rtl/udp/udp_ip_protocol_stack_merge.enc.v
HDL-1007 : back to file '../source_code/rtl/udp/udp_ip_protocol_stack_merge.enc.v' in ../source_code/rtl/udp/udp_ip_protocol_stack_merge.enc.v(56)
HDL-1007 : undeclared symbol '**', assumed default net type '**' in ../source_code/rtl/udp/udp_ip_protocol_stack_merge.enc.v(2638)
HDL-1007 : back to file '../source_code/rtl/udp/udp_ip_protocol_stack_merge.enc.v' in ../source_code/rtl/udp/udp_ip_protocol_stack_merge.enc.v(420)
HDL-1007 : analyze verilog file ../source_code/rtl/udp/udp_loopback.v
HDL-1007 : analyze verilog file al_ip/TEMAC_CORE/RTL/include/define.v
HDL-1007 : analyze verilog file al_ip/TEMAC_CORE/RTL/TEMAC_CORE_aead6cd6dadd.v
HDL-5007 WARNING: column 1032 exceeds maximum value 1023 in al_ip/TEMAC_CORE/RTL/TEMAC_CORE_aead6cd6dadd.v(30)
HDL-1007 : back to file 'al_ip/TEMAC_CORE/RTL/TEMAC_CORE_aead6cd6dadd.v' in al_ip/TEMAC_CORE/RTL/TEMAC_CORE_aead6cd6dadd.v(86)
HDL-5007 WARNING: event expressions must result in a singular type in al_ip/TEMAC_CORE/RTL/TEMAC_CORE_aead6cd6dadd.v(3001)
HDL-1007 : undeclared symbol '**', assumed default net type '**' in al_ip/TEMAC_CORE/RTL/TEMAC_CORE_aead6cd6dadd.v(5050)
HDL-1007 : undeclared symbol '**', assumed default net type '**' in al_ip/TEMAC_CORE/RTL/TEMAC_CORE_aead6cd6dadd.v(5458)
HDL-5007 WARNING: column 1035 exceeds maximum value 1023 in al_ip/TEMAC_CORE/RTL/TEMAC_CORE_aead6cd6dadd.v(6001)
HDL-1007 : back to file 'al_ip/TEMAC_CORE/RTL/TEMAC_CORE_aead6cd6dadd.v' in al_ip/TEMAC_CORE/RTL/TEMAC_CORE_aead6cd6dadd.v(260)
HDL-1007 : analyze verilog file al_ip/TEMAC_CORE/RTL/mac_core_aead6cd6dadd.v
HDL-1007 : analyze verilog file al_ip/TEMAC_CORE/TEMAC_CORE.v
HDL-1007 : analyze verilog file al_ip/pll_gen.v
HDL-1007 : undeclared symbol 'pll_gen_open0', assumed default net type 'wire' in al_ip/pll_gen.v(99)
HDL-1007 : undeclared symbol 'pll_gen_open8', assumed default net type 'wire' in al_ip/pll_gen.v(105)
HDL-1007 : undeclared symbol 'pll_gen_open7', assumed default net type 'wire' in al_ip/pll_gen.v(105)
HDL-1007 : undeclared symbol 'pll_gen_open6', assumed default net type 'wire' in al_ip/pll_gen.v(105)
HDL-1007 : undeclared symbol 'pll_gen_open5', assumed default net type 'wire' in al_ip/pll_gen.v(105)
HDL-1007 : undeclared symbol 'pll_gen_open4', assumed default net type 'wire' in al_ip/pll_gen.v(105)
HDL-1007 : undeclared symbol 'pll_gen_open3', assumed default net type 'wire' in al_ip/pll_gen.v(105)
HDL-1007 : undeclared symbol 'pll_gen_open2', assumed default net type 'wire' in al_ip/pll_gen.v(105)
HDL-1007 : undeclared symbol 'pll_gen_open1', assumed default net type 'wire' in al_ip/pll_gen.v(105)
HDL-1007 : analyze verilog file al_ip/sys_pll.v
HDL-1007 : undeclared symbol 'sys_pll_open0', assumed default net type 'wire' in al_ip/sys_pll.v(77)
HDL-1007 : undeclared symbol 'sys_pll_open1', assumed default net type 'wire' in al_ip/sys_pll.v(83)
HDL-1007 : undeclared symbol 'sys_pll_open9', assumed default net type 'wire' in al_ip/sys_pll.v(89)
HDL-1007 : undeclared symbol 'sys_pll_open8', assumed default net type 'wire' in al_ip/sys_pll.v(89)
HDL-1007 : undeclared symbol 'sys_pll_open7', assumed default net type 'wire' in al_ip/sys_pll.v(89)
HDL-1007 : undeclared symbol 'sys_pll_open6', assumed default net type 'wire' in al_ip/sys_pll.v(89)
HDL-1007 : undeclared symbol 'sys_pll_open5', assumed default net type 'wire' in al_ip/sys_pll.v(89)
HDL-1007 : undeclared symbol 'sys_pll_open4', assumed default net type 'wire' in al_ip/sys_pll.v(89)
HDL-1007 : undeclared symbol 'sys_pll_open3', assumed default net type 'wire' in al_ip/sys_pll.v(89)
HDL-1007 : undeclared symbol 'sys_pll_open2', assumed default net type 'wire' in al_ip/sys_pll.v(89)
HDL-1007 : undeclared symbol 'sys_pll_open11', assumed default net type 'wire' in al_ip/sys_pll.v(91)
HDL-1007 : undeclared symbol 'sys_pll_open10', assumed default net type 'wire' in al_ip/sys_pll.v(91)
HDL-1007 : analyze verilog file ../source_code/rtl/sd_card/ax_debounce.v
HDL-1007 : analyze verilog file ../source_code/rtl/sd_card/bmp_read.v
HDL-1007 : analyze verilog file ../source_code/rtl/sd_card/sd_card_bmp.v
HDL-1007 : analyze verilog file ../source_code/rtl/sd_card/sd_card_cmd.v
HDL-1007 : analyze verilog file ../source_code/rtl/sd_card/sd_card_sec_read_write.v
HDL-1007 : analyze verilog file ../source_code/rtl/sd_card/sd_card_top.v
HDL-1007 : analyze verilog file ../source_code/rtl/sd_card/spi_master.v
HDL-1007 : analyze verilog file ../source_code/rtl/sdram/enc_file/global_def.v
HDL-1007 : analyze verilog file ../source_code/rtl/sdram/enc_file/sdr_as_ram.enc.v
HDL-1007 : back to file '../source_code/rtl/sdram/enc_file/sdr_as_ram.enc.v' in ../source_code/rtl/sdram/enc_file/sdr_as_ram.enc.v(54)
HDL-1007 : analyze verilog file ../source_code/rtl/sdram/enc_file/sdr_wrrd.enc.v
HDL-5007 WARNING: concatenation with an unsized literal will be treated as 32 bits in ../source_code/rtl/sdram/enc_file/sdr_wrrd.enc.v(283)
HDL-1007 : back to file '../source_code/rtl/sdram/enc_file/sdr_wrrd.enc.v' in ../source_code/rtl/sdram/enc_file/sdr_wrrd.enc.v(19)
HDL-1007 : analyze verilog file ../source_code/rtl/frame_fifo/afifo_16_32_256.v
HDL-1007 : analyze verilog file ../source_code/rtl/frame_fifo/afifo_32_16_256.v
HDL-1007 : analyze verilog file ../source_code/rtl/frame_fifo/frame_fifo_read.v
HDL-1007 : analyze verilog file ../source_code/rtl/frame_fifo/frame_fifo_write.v
HDL-1007 : analyze verilog file ../source_code/rtl/frame_fifo/frame_read_write.v
HDL-1007 : analyze verilog file ../source_code/rtl/sdram/sdram.v
HDL-1007 : analyze included file ../source_code/rtl/sdram/enc_file/global_def.v in ../source_code/rtl/sdram/sdram.v(10)
HDL-1007 : back to file '../source_code/rtl/sdram/sdram.v' in ../source_code/rtl/sdram/sdram.v(10)
HDL-1007 : undeclared symbol 'SDR_CKE', assumed default net type 'wire' in ../source_code/rtl/sdram/sdram.v(89)
HDL-1007 : analyze verilog file ../source_code/rtl/sdram/enc_file/sdr_init_ref.enc.v
HDL-1007 : analyze included file ../source_code/rtl/sdram/enc_file/global_def.v in ../source_code/rtl/sdram/enc_file/sdr_init_ref.enc.v(11)
HDL-1007 : back to file '../source_code/rtl/sdram/enc_file/sdr_init_ref.enc.v' in ../source_code/rtl/sdram/enc_file/sdr_init_ref.enc.v(11)
HDL-1007 : undeclared symbol '**', assumed default net type '**' in ../source_code/rtl/sdram/enc_file/sdr_init_ref.enc.v(57)
HDL-1007 : back to file '../source_code/rtl/sdram/enc_file/sdr_init_ref.enc.v' in ../source_code/rtl/sdram/enc_file/sdr_init_ref.enc.v(149)
HDL-5007 WARNING: concatenation with an unsized literal will be treated as 32 bits in ../source_code/rtl/sdram/enc_file/sdr_init_ref.enc.v(47)
HDL-1007 : analyze verilog file ../source_code/rtl/video_timing/color_bar.v
HDL-1007 : analyze included file ../source_code/rtl/video_timing/video_define.v in ../source_code/rtl/video_timing/color_bar.v(2)
HDL-1007 : back to file '../source_code/rtl/video_timing/color_bar.v' in ../source_code/rtl/video_timing/color_bar.v(2)
HDL-1007 : analyze verilog file ../source_code/rtl/video_timing/video_delay.v
HDL-1007 : analyze verilog file ../source_code/rtl/video_timing/video_timing_data.v
HDL-1007 : analyze verilog file ../source_code/rtl/another/m_synchronization_header.v
HDL-1007 : analyze verilog file ../source_code/rtl/led.v
HDL-1007 : analyze verilog file ../source_code/rtl/ov5640/cmos_capture_data.v
HDL-1007 : analyze verilog file ../source_code/rtl/ov5640/i2c_dri.v
HDL-1007 : analyze verilog file ../source_code/rtl/ov5640/i2c_ov5640_rgb565_cfg.v
HDL-1007 : analyze verilog file ../source_code/rtl/ov5640/ov5640_delay.v
HDL-1007 : analyze verilog file ../source_code/rtl/ov5640/ov5640_dri.v
HDL-1007 : analyze verilog file ../source_code/rtl/another/fire_detect.v
RUN-1002 : start command "commit_param -step design"
RUN-1001 : Print Global Property
RUN-1001 : --------------------------------------------------------
RUN-1001 :   Parameters   |  Settings  |  Default Values  |  Note  
RUN-1001 : --------------------------------------------------------
RUN-1001 :   enable_seed  |    off     |       off        |        
RUN-1001 :     message    |  standard  |     standard     |        
RUN-1001 :   qor_monitor  |     on     |        on        |        
RUN-1001 :   syn_ip_flow  |    off     |       off        |        
RUN-1001 :     thread     |    auto    |       auto       |        
RUN-1001 : --------------------------------------------------------
RUN-1001 : Print Design Property
RUN-1001 : ----------------------------------------------------------------
RUN-1001 :       Parameters       |  Settings  |  Default Values  |  Note  
RUN-1001 : ----------------------------------------------------------------
RUN-1001 :   default_reg_initial  |    auto    |       auto       |        
RUN-1001 :    hdl_warning_level   |   normal   |      normal      |        
RUN-1001 : ----------------------------------------------------------------
HDL-1007 : analyze verilog file last_attempt.v
HDL-1007 : undeclared symbol 'phy_reset', assumed default net type 'wire' in last_attempt.v(166)
HDL-1007 : undeclared symbol 'cam_write_req_ack', assumed default net type 'wire' in last_attempt.v(276)
HDL-1007 : undeclared symbol 'sd_card_write_req_ack', assumed default net type 'wire' in last_attempt.v(277)
HDL-7225 CRITICAL-WARNING: 'sd_card_write_req_ack' is already implicitly declared on line 277 in last_attempt.v(318)
HDL-7225 CRITICAL-WARNING: 'cam_write_req_ack' is already implicitly declared on line 276 in last_attempt.v(375)
HDL-1007 : undeclared symbol 'tpg_data_done', assumed default net type 'wire' in last_attempt.v(568)
HDL-1007 : undeclared symbol 'full_flag', assumed default net type 'wire' in last_attempt.v(602)
HDL-1007 : undeclared symbol 'input_local_udp_port_num', assumed default net type 'wire' in last_attempt.v(633)
HDL-1007 : undeclared symbol 'input_local_udp_port_num_valid', assumed default net type 'wire' in last_attempt.v(634)
HDL-1007 : undeclared symbol 'input_local_ip_address_valid', assumed default net type 'wire' in last_attempt.v(637)
HDL-1007 : analyze verilog file ../source_code/rtl/udp/BUFGMUX.v
HDL-1007 : analyze verilog file ../source_code/rtl/udp/IDDR.v
HDL-1007 : analyze verilog file ../source_code/rtl/udp/ODDR.v
HDL-1007 : analyze verilog file ../source_code/rtl/udp/RAMB16_S9_S9.v
HDL-1007 : undeclared symbol 'open', assumed default net type 'wire' in ../source_code/rtl/udp/RAMB16_S9_S9.v(109)
HDL-1007 : analyze verilog file ../source_code/rtl/udp/clk_gen_rst_gen.v
HDL-1007 : analyze verilog file ../source_code/rtl/udp/div_clk_gen.v
HDL-1007 : analyze verilog file ../source_code/rtl/udp/rgmii_interface.v
HDL-1007 : analyze verilog file ../source_code/rtl/udp/rx_client_fifo.v
HDL-5370 WARNING: parameter 'WAIT_s' becomes localparam in 'rx_client_fifo' with formal parameter declaration list in ../source_code/rtl/udp/rx_client_fifo.v(49)
HDL-5370 WARNING: parameter 'QUEUE1_s' becomes localparam in 'rx_client_fifo' with formal parameter declaration list in ../source_code/rtl/udp/rx_client_fifo.v(50)
HDL-5370 WARNING: parameter 'QUEUE2_s' becomes localparam in 'rx_client_fifo' with formal parameter declaration list in ../source_code/rtl/udp/rx_client_fifo.v(51)
HDL-5370 WARNING: parameter 'QUEUE3_s' becomes localparam in 'rx_client_fifo' with formal parameter declaration list in ../source_code/rtl/udp/rx_client_fifo.v(52)
HDL-5370 WARNING: parameter 'QUEUE_SOF_s' becomes localparam in 'rx_client_fifo' with formal parameter declaration list in ../source_code/rtl/udp/rx_client_fifo.v(53)
HDL-5370 WARNING: parameter 'SOF_s' becomes localparam in 'rx_client_fifo' with formal parameter declaration list in ../source_code/rtl/udp/rx_client_fifo.v(54)
HDL-5370 WARNING: parameter 'DATA_s' becomes localparam in 'rx_client_fifo' with formal parameter declaration list in ../source_code/rtl/udp/rx_client_fifo.v(55)
HDL-5370 WARNING: parameter 'EOF_s' becomes localparam in 'rx_client_fifo' with formal parameter declaration list in ../source_code/rtl/udp/rx_client_fifo.v(56)
HDL-5370 WARNING: parameter 'IDLE_s' becomes localparam in 'rx_client_fifo' with formal parameter declaration list in ../source_code/rtl/udp/rx_client_fifo.v(62)
HDL-5370 WARNING: parameter 'FRAME_s' becomes localparam in 'rx_client_fifo' with formal parameter declaration list in ../source_code/rtl/udp/rx_client_fifo.v(63)
HDL-5370 Similar messages will be suppressed.
HDL-1007 : analyze verilog file ../source_code/rtl/udp/temac_block.v
HDL-1007 : analyze verilog file ../source_code/rtl/udp/temac_clk_gen.v
HDL-1007 : analyze verilog file ../source_code/rtl/udp/tx_client_fifo.v
HDL-5370 WARNING: parameter 'IDLE_s' becomes localparam in 'tx_client_fifo' with formal parameter declaration list in ../source_code/rtl/udp/tx_client_fifo.v(53)
HDL-5370 WARNING: parameter 'QUEUE1_s' becomes localparam in 'tx_client_fifo' with formal parameter declaration list in ../source_code/rtl/udp/tx_client_fifo.v(54)
HDL-5370 WARNING: parameter 'QUEUE2_s' becomes localparam in 'tx_client_fifo' with formal parameter declaration list in ../source_code/rtl/udp/tx_client_fifo.v(55)
HDL-5370 WARNING: parameter 'QUEUE3_s' becomes localparam in 'tx_client_fifo' with formal parameter declaration list in ../source_code/rtl/udp/tx_client_fifo.v(56)
HDL-5370 WARNING: parameter 'QUEUE_ACK_s' becomes localparam in 'tx_client_fifo' with formal parameter declaration list in ../source_code/rtl/udp/tx_client_fifo.v(57)
HDL-5370 WARNING: parameter 'WAIT_ACK_s' becomes localparam in 'tx_client_fifo' with formal parameter declaration list in ../source_code/rtl/udp/tx_client_fifo.v(58)
HDL-5370 WARNING: parameter 'FRAME_s' becomes localparam in 'tx_client_fifo' with formal parameter declaration list in ../source_code/rtl/udp/tx_client_fifo.v(59)
HDL-5370 WARNING: parameter 'DROP_s' becomes localparam in 'tx_client_fifo' with formal parameter declaration list in ../source_code/rtl/udp/tx_client_fifo.v(60)
HDL-5370 WARNING: parameter 'RETRANSMIT_s' becomes localparam in 'tx_client_fifo' with formal parameter declaration list in ../source_code/rtl/udp/tx_client_fifo.v(61)
HDL-5370 WARNING: parameter 'WAIT_s' becomes localparam in 'tx_client_fifo' with formal parameter declaration list in ../source_code/rtl/udp/tx_client_fifo.v(67)
HDL-5370 Similar messages will be suppressed.
HDL-1007 : analyze verilog file ../source_code/rtl/udp/tx_clk_en_gen.v
HDL-1007 : analyze verilog file ../source_code/rtl/udp/udp_data_tpg.v
HDL-1007 : analyze verilog file ../source_code/rtl/udp/udp_ip_protocol_stack_merge.enc.v
HDL-1007 : back to file '../source_code/rtl/udp/udp_ip_protocol_stack_merge.enc.v' in ../source_code/rtl/udp/udp_ip_protocol_stack_merge.enc.v(56)
HDL-1007 : undeclared symbol '**', assumed default net type '**' in ../source_code/rtl/udp/udp_ip_protocol_stack_merge.enc.v(2638)
HDL-1007 : back to file '../source_code/rtl/udp/udp_ip_protocol_stack_merge.enc.v' in ../source_code/rtl/udp/udp_ip_protocol_stack_merge.enc.v(420)
HDL-1007 : analyze verilog file ../source_code/rtl/udp/udp_loopback.v
HDL-1007 : analyze verilog file al_ip/TEMAC_CORE/RTL/include/define.v
HDL-1007 : analyze verilog file al_ip/TEMAC_CORE/RTL/TEMAC_CORE_aead6cd6dadd.v
HDL-5007 WARNING: column 1032 exceeds maximum value 1023 in al_ip/TEMAC_CORE/RTL/TEMAC_CORE_aead6cd6dadd.v(30)
HDL-1007 : back to file 'al_ip/TEMAC_CORE/RTL/TEMAC_CORE_aead6cd6dadd.v' in al_ip/TEMAC_CORE/RTL/TEMAC_CORE_aead6cd6dadd.v(86)
HDL-5007 WARNING: event expressions must result in a singular type in al_ip/TEMAC_CORE/RTL/TEMAC_CORE_aead6cd6dadd.v(3001)
HDL-1007 : undeclared symbol '**', assumed default net type '**' in al_ip/TEMAC_CORE/RTL/TEMAC_CORE_aead6cd6dadd.v(5050)
HDL-1007 : undeclared symbol '**', assumed default net type '**' in al_ip/TEMAC_CORE/RTL/TEMAC_CORE_aead6cd6dadd.v(5458)
HDL-5007 WARNING: column 1035 exceeds maximum value 1023 in al_ip/TEMAC_CORE/RTL/TEMAC_CORE_aead6cd6dadd.v(6001)
HDL-1007 : back to file 'al_ip/TEMAC_CORE/RTL/TEMAC_CORE_aead6cd6dadd.v' in al_ip/TEMAC_CORE/RTL/TEMAC_CORE_aead6cd6dadd.v(260)
HDL-1007 : analyze verilog file al_ip/TEMAC_CORE/RTL/mac_core_aead6cd6dadd.v
HDL-1007 : analyze verilog file al_ip/TEMAC_CORE/TEMAC_CORE.v
HDL-1007 : analyze verilog file al_ip/pll_gen.v
HDL-1007 : undeclared symbol 'pll_gen_open0', assumed default net type 'wire' in al_ip/pll_gen.v(99)
HDL-1007 : undeclared symbol 'pll_gen_open8', assumed default net type 'wire' in al_ip/pll_gen.v(105)
HDL-1007 : undeclared symbol 'pll_gen_open7', assumed default net type 'wire' in al_ip/pll_gen.v(105)
HDL-1007 : undeclared symbol 'pll_gen_open6', assumed default net type 'wire' in al_ip/pll_gen.v(105)
HDL-1007 : undeclared symbol 'pll_gen_open5', assumed default net type 'wire' in al_ip/pll_gen.v(105)
HDL-1007 : undeclared symbol 'pll_gen_open4', assumed default net type 'wire' in al_ip/pll_gen.v(105)
HDL-1007 : undeclared symbol 'pll_gen_open3', assumed default net type 'wire' in al_ip/pll_gen.v(105)
HDL-1007 : undeclared symbol 'pll_gen_open2', assumed default net type 'wire' in al_ip/pll_gen.v(105)
HDL-1007 : undeclared symbol 'pll_gen_open1', assumed default net type 'wire' in al_ip/pll_gen.v(105)
HDL-1007 : analyze verilog file al_ip/sys_pll.v
HDL-1007 : undeclared symbol 'sys_pll_open0', assumed default net type 'wire' in al_ip/sys_pll.v(77)
HDL-1007 : undeclared symbol 'sys_pll_open1', assumed default net type 'wire' in al_ip/sys_pll.v(83)
HDL-1007 : undeclared symbol 'sys_pll_open9', assumed default net type 'wire' in al_ip/sys_pll.v(89)
HDL-1007 : undeclared symbol 'sys_pll_open8', assumed default net type 'wire' in al_ip/sys_pll.v(89)
HDL-1007 : undeclared symbol 'sys_pll_open7', assumed default net type 'wire' in al_ip/sys_pll.v(89)
HDL-1007 : undeclared symbol 'sys_pll_open6', assumed default net type 'wire' in al_ip/sys_pll.v(89)
HDL-1007 : undeclared symbol 'sys_pll_open5', assumed default net type 'wire' in al_ip/sys_pll.v(89)
HDL-1007 : undeclared symbol 'sys_pll_open4', assumed default net type 'wire' in al_ip/sys_pll.v(89)
HDL-1007 : undeclared symbol 'sys_pll_open3', assumed default net type 'wire' in al_ip/sys_pll.v(89)
HDL-1007 : undeclared symbol 'sys_pll_open2', assumed default net type 'wire' in al_ip/sys_pll.v(89)
HDL-1007 : undeclared symbol 'sys_pll_open11', assumed default net type 'wire' in al_ip/sys_pll.v(91)
HDL-1007 : undeclared symbol 'sys_pll_open10', assumed default net type 'wire' in al_ip/sys_pll.v(91)
HDL-1007 : analyze verilog file ../source_code/rtl/sd_card/ax_debounce.v
HDL-1007 : analyze verilog file ../source_code/rtl/sd_card/bmp_read.v
HDL-1007 : analyze verilog file ../source_code/rtl/sd_card/sd_card_bmp.v
HDL-1007 : analyze verilog file ../source_code/rtl/sd_card/sd_card_cmd.v
HDL-1007 : analyze verilog file ../source_code/rtl/sd_card/sd_card_sec_read_write.v
HDL-1007 : analyze verilog file ../source_code/rtl/sd_card/sd_card_top.v
HDL-1007 : analyze verilog file ../source_code/rtl/sd_card/spi_master.v
HDL-1007 : analyze verilog file ../source_code/rtl/sdram/enc_file/global_def.v
HDL-1007 : analyze verilog file ../source_code/rtl/sdram/enc_file/sdr_as_ram.enc.v
HDL-1007 : back to file '../source_code/rtl/sdram/enc_file/sdr_as_ram.enc.v' in ../source_code/rtl/sdram/enc_file/sdr_as_ram.enc.v(54)
HDL-1007 : analyze verilog file ../source_code/rtl/sdram/enc_file/sdr_wrrd.enc.v
HDL-5007 WARNING: concatenation with an unsized literal will be treated as 32 bits in ../source_code/rtl/sdram/enc_file/sdr_wrrd.enc.v(283)
HDL-1007 : back to file '../source_code/rtl/sdram/enc_file/sdr_wrrd.enc.v' in ../source_code/rtl/sdram/enc_file/sdr_wrrd.enc.v(19)
HDL-1007 : analyze verilog file ../source_code/rtl/frame_fifo/afifo_16_32_256.v
HDL-1007 : analyze verilog file ../source_code/rtl/frame_fifo/afifo_32_16_256.v
HDL-1007 : analyze verilog file ../source_code/rtl/frame_fifo/frame_fifo_read.v
HDL-1007 : analyze verilog file ../source_code/rtl/frame_fifo/frame_fifo_write.v
HDL-1007 : analyze verilog file ../source_code/rtl/frame_fifo/frame_read_write.v
HDL-1007 : analyze verilog file ../source_code/rtl/sdram/sdram.v
HDL-1007 : analyze included file ../source_code/rtl/sdram/enc_file/global_def.v in ../source_code/rtl/sdram/sdram.v(10)
HDL-1007 : back to file '../source_code/rtl/sdram/sdram.v' in ../source_code/rtl/sdram/sdram.v(10)
HDL-1007 : undeclared symbol 'SDR_CKE', assumed default net type 'wire' in ../source_code/rtl/sdram/sdram.v(89)
HDL-1007 : analyze verilog file ../source_code/rtl/sdram/enc_file/sdr_init_ref.enc.v
HDL-1007 : analyze included file ../source_code/rtl/sdram/enc_file/global_def.v in ../source_code/rtl/sdram/enc_file/sdr_init_ref.enc.v(11)
HDL-1007 : back to file '../source_code/rtl/sdram/enc_file/sdr_init_ref.enc.v' in ../source_code/rtl/sdram/enc_file/sdr_init_ref.enc.v(11)
HDL-1007 : undeclared symbol '**', assumed default net type '**' in ../source_code/rtl/sdram/enc_file/sdr_init_ref.enc.v(57)
HDL-1007 : back to file '../source_code/rtl/sdram/enc_file/sdr_init_ref.enc.v' in ../source_code/rtl/sdram/enc_file/sdr_init_ref.enc.v(149)
HDL-5007 WARNING: concatenation with an unsized literal will be treated as 32 bits in ../source_code/rtl/sdram/enc_file/sdr_init_ref.enc.v(47)
HDL-1007 : analyze verilog file ../source_code/rtl/video_timing/color_bar.v
HDL-1007 : analyze included file ../source_code/rtl/video_timing/video_define.v in ../source_code/rtl/video_timing/color_bar.v(2)
HDL-1007 : back to file '../source_code/rtl/video_timing/color_bar.v' in ../source_code/rtl/video_timing/color_bar.v(2)
HDL-1007 : analyze verilog file ../source_code/rtl/video_timing/video_delay.v
HDL-1007 : analyze verilog file ../source_code/rtl/video_timing/video_timing_data.v
HDL-1007 : analyze verilog file ../source_code/rtl/another/m_synchronization_header.v
HDL-1007 : analyze verilog file ../source_code/rtl/led.v
HDL-1007 : analyze verilog file ../source_code/rtl/ov5640/cmos_capture_data.v
HDL-1007 : analyze verilog file ../source_code/rtl/ov5640/i2c_dri.v
HDL-1007 : analyze verilog file ../source_code/rtl/ov5640/i2c_ov5640_rgb565_cfg.v
HDL-1007 : analyze verilog file ../source_code/rtl/ov5640/ov5640_delay.v
HDL-1007 : analyze verilog file ../source_code/rtl/ov5640/ov5640_dri.v
HDL-1007 : analyze verilog file ../source_code/rtl/another/fire_detect.v
RUN-1002 : start command "commit_param -step design"
RUN-1001 : Print Global Property
RUN-1001 : --------------------------------------------------------
RUN-1001 :   Parameters   |  Settings  |  Default Values  |  Note  
RUN-1001 : --------------------------------------------------------
RUN-1001 :   enable_seed  |    off     |       off        |        
RUN-1001 :     message    |  standard  |     standard     |        
RUN-1001 :   qor_monitor  |     on     |        on        |        
RUN-1001 :   syn_ip_flow  |    off     |       off        |        
RUN-1001 :     thread     |    auto    |       auto       |        
RUN-1001 : --------------------------------------------------------
RUN-1001 : Print Design Property
RUN-1001 : ----------------------------------------------------------------
RUN-1001 :       Parameters       |  Settings  |  Default Values  |  Note  
RUN-1001 : ----------------------------------------------------------------
RUN-1001 :   default_reg_initial  |    auto    |       auto       |        
RUN-1001 :    hdl_warning_level   |   normal   |      normal      |        
RUN-1001 : ----------------------------------------------------------------
HDL-1007 : analyze verilog file last_attempt.v
HDL-1007 : undeclared symbol 'phy_reset', assumed default net type 'wire' in last_attempt.v(166)
HDL-1007 : undeclared symbol 'cam_write_req_ack', assumed default net type 'wire' in last_attempt.v(276)
HDL-1007 : undeclared symbol 'sd_card_write_req_ack', assumed default net type 'wire' in last_attempt.v(277)
HDL-7225 CRITICAL-WARNING: 'sd_card_write_req_ack' is already implicitly declared on line 277 in last_attempt.v(318)
HDL-7225 CRITICAL-WARNING: 'cam_write_req_ack' is already implicitly declared on line 276 in last_attempt.v(375)
HDL-1007 : undeclared symbol 'tpg_data_done', assumed default net type 'wire' in last_attempt.v(568)
HDL-1007 : undeclared symbol 'full_flag', assumed default net type 'wire' in last_attempt.v(602)
HDL-1007 : undeclared symbol 'input_local_udp_port_num', assumed default net type 'wire' in last_attempt.v(633)
HDL-1007 : undeclared symbol 'input_local_udp_port_num_valid', assumed default net type 'wire' in last_attempt.v(634)
HDL-1007 : undeclared symbol 'input_local_ip_address_valid', assumed default net type 'wire' in last_attempt.v(637)
HDL-1007 : analyze verilog file ../source_code/rtl/udp/BUFGMUX.v
HDL-1007 : analyze verilog file ../source_code/rtl/udp/IDDR.v
HDL-1007 : analyze verilog file ../source_code/rtl/udp/ODDR.v
HDL-1007 : analyze verilog file ../source_code/rtl/udp/RAMB16_S9_S9.v
HDL-1007 : undeclared symbol 'open', assumed default net type 'wire' in ../source_code/rtl/udp/RAMB16_S9_S9.v(109)
HDL-1007 : analyze verilog file ../source_code/rtl/udp/clk_gen_rst_gen.v
HDL-1007 : analyze verilog file ../source_code/rtl/udp/div_clk_gen.v
HDL-1007 : analyze verilog file ../source_code/rtl/udp/rgmii_interface.v
HDL-1007 : analyze verilog file ../source_code/rtl/udp/rx_client_fifo.v
HDL-5370 WARNING: parameter 'WAIT_s' becomes localparam in 'rx_client_fifo' with formal parameter declaration list in ../source_code/rtl/udp/rx_client_fifo.v(49)
HDL-5370 WARNING: parameter 'QUEUE1_s' becomes localparam in 'rx_client_fifo' with formal parameter declaration list in ../source_code/rtl/udp/rx_client_fifo.v(50)
HDL-5370 WARNING: parameter 'QUEUE2_s' becomes localparam in 'rx_client_fifo' with formal parameter declaration list in ../source_code/rtl/udp/rx_client_fifo.v(51)
HDL-5370 WARNING: parameter 'QUEUE3_s' becomes localparam in 'rx_client_fifo' with formal parameter declaration list in ../source_code/rtl/udp/rx_client_fifo.v(52)
HDL-5370 WARNING: parameter 'QUEUE_SOF_s' becomes localparam in 'rx_client_fifo' with formal parameter declaration list in ../source_code/rtl/udp/rx_client_fifo.v(53)
HDL-5370 WARNING: parameter 'SOF_s' becomes localparam in 'rx_client_fifo' with formal parameter declaration list in ../source_code/rtl/udp/rx_client_fifo.v(54)
HDL-5370 WARNING: parameter 'DATA_s' becomes localparam in 'rx_client_fifo' with formal parameter declaration list in ../source_code/rtl/udp/rx_client_fifo.v(55)
HDL-5370 WARNING: parameter 'EOF_s' becomes localparam in 'rx_client_fifo' with formal parameter declaration list in ../source_code/rtl/udp/rx_client_fifo.v(56)
HDL-5370 WARNING: parameter 'IDLE_s' becomes localparam in 'rx_client_fifo' with formal parameter declaration list in ../source_code/rtl/udp/rx_client_fifo.v(62)
HDL-5370 WARNING: parameter 'FRAME_s' becomes localparam in 'rx_client_fifo' with formal parameter declaration list in ../source_code/rtl/udp/rx_client_fifo.v(63)
HDL-5370 Similar messages will be suppressed.
HDL-1007 : analyze verilog file ../source_code/rtl/udp/temac_block.v
HDL-1007 : analyze verilog file ../source_code/rtl/udp/temac_clk_gen.v
HDL-1007 : analyze verilog file ../source_code/rtl/udp/tx_client_fifo.v
HDL-5370 WARNING: parameter 'IDLE_s' becomes localparam in 'tx_client_fifo' with formal parameter declaration list in ../source_code/rtl/udp/tx_client_fifo.v(53)
HDL-5370 WARNING: parameter 'QUEUE1_s' becomes localparam in 'tx_client_fifo' with formal parameter declaration list in ../source_code/rtl/udp/tx_client_fifo.v(54)
HDL-5370 WARNING: parameter 'QUEUE2_s' becomes localparam in 'tx_client_fifo' with formal parameter declaration list in ../source_code/rtl/udp/tx_client_fifo.v(55)
HDL-5370 WARNING: parameter 'QUEUE3_s' becomes localparam in 'tx_client_fifo' with formal parameter declaration list in ../source_code/rtl/udp/tx_client_fifo.v(56)
HDL-5370 WARNING: parameter 'QUEUE_ACK_s' becomes localparam in 'tx_client_fifo' with formal parameter declaration list in ../source_code/rtl/udp/tx_client_fifo.v(57)
HDL-5370 WARNING: parameter 'WAIT_ACK_s' becomes localparam in 'tx_client_fifo' with formal parameter declaration list in ../source_code/rtl/udp/tx_client_fifo.v(58)
HDL-5370 WARNING: parameter 'FRAME_s' becomes localparam in 'tx_client_fifo' with formal parameter declaration list in ../source_code/rtl/udp/tx_client_fifo.v(59)
HDL-5370 WARNING: parameter 'DROP_s' becomes localparam in 'tx_client_fifo' with formal parameter declaration list in ../source_code/rtl/udp/tx_client_fifo.v(60)
HDL-5370 WARNING: parameter 'RETRANSMIT_s' becomes localparam in 'tx_client_fifo' with formal parameter declaration list in ../source_code/rtl/udp/tx_client_fifo.v(61)
HDL-5370 WARNING: parameter 'WAIT_s' becomes localparam in 'tx_client_fifo' with formal parameter declaration list in ../source_code/rtl/udp/tx_client_fifo.v(67)
HDL-5370 Similar messages will be suppressed.
HDL-1007 : analyze verilog file ../source_code/rtl/udp/tx_clk_en_gen.v
HDL-1007 : analyze verilog file ../source_code/rtl/udp/udp_data_tpg.v
HDL-1007 : analyze verilog file ../source_code/rtl/udp/udp_ip_protocol_stack_merge.enc.v
HDL-1007 : back to file '../source_code/rtl/udp/udp_ip_protocol_stack_merge.enc.v' in ../source_code/rtl/udp/udp_ip_protocol_stack_merge.enc.v(56)
HDL-1007 : undeclared symbol '**', assumed default net type '**' in ../source_code/rtl/udp/udp_ip_protocol_stack_merge.enc.v(2638)
HDL-1007 : back to file '../source_code/rtl/udp/udp_ip_protocol_stack_merge.enc.v' in ../source_code/rtl/udp/udp_ip_protocol_stack_merge.enc.v(420)
HDL-1007 : analyze verilog file ../source_code/rtl/udp/udp_loopback.v
HDL-1007 : analyze verilog file al_ip/TEMAC_CORE/RTL/include/define.v
HDL-1007 : analyze verilog file al_ip/TEMAC_CORE/RTL/TEMAC_CORE_aead6cd6dadd.v
HDL-5007 WARNING: column 1032 exceeds maximum value 1023 in al_ip/TEMAC_CORE/RTL/TEMAC_CORE_aead6cd6dadd.v(30)
HDL-1007 : back to file 'al_ip/TEMAC_CORE/RTL/TEMAC_CORE_aead6cd6dadd.v' in al_ip/TEMAC_CORE/RTL/TEMAC_CORE_aead6cd6dadd.v(86)
HDL-5007 WARNING: event expressions must result in a singular type in al_ip/TEMAC_CORE/RTL/TEMAC_CORE_aead6cd6dadd.v(3001)
HDL-1007 : undeclared symbol '**', assumed default net type '**' in al_ip/TEMAC_CORE/RTL/TEMAC_CORE_aead6cd6dadd.v(5050)
HDL-1007 : undeclared symbol '**', assumed default net type '**' in al_ip/TEMAC_CORE/RTL/TEMAC_CORE_aead6cd6dadd.v(5458)
HDL-5007 WARNING: column 1035 exceeds maximum value 1023 in al_ip/TEMAC_CORE/RTL/TEMAC_CORE_aead6cd6dadd.v(6001)
HDL-1007 : back to file 'al_ip/TEMAC_CORE/RTL/TEMAC_CORE_aead6cd6dadd.v' in al_ip/TEMAC_CORE/RTL/TEMAC_CORE_aead6cd6dadd.v(260)
HDL-1007 : analyze verilog file al_ip/TEMAC_CORE/RTL/mac_core_aead6cd6dadd.v
HDL-1007 : analyze verilog file al_ip/TEMAC_CORE/TEMAC_CORE.v
HDL-1007 : analyze verilog file al_ip/pll_gen.v
HDL-1007 : undeclared symbol 'pll_gen_open0', assumed default net type 'wire' in al_ip/pll_gen.v(99)
HDL-1007 : undeclared symbol 'pll_gen_open8', assumed default net type 'wire' in al_ip/pll_gen.v(105)
HDL-1007 : undeclared symbol 'pll_gen_open7', assumed default net type 'wire' in al_ip/pll_gen.v(105)
HDL-1007 : undeclared symbol 'pll_gen_open6', assumed default net type 'wire' in al_ip/pll_gen.v(105)
HDL-1007 : undeclared symbol 'pll_gen_open5', assumed default net type 'wire' in al_ip/pll_gen.v(105)
HDL-1007 : undeclared symbol 'pll_gen_open4', assumed default net type 'wire' in al_ip/pll_gen.v(105)
HDL-1007 : undeclared symbol 'pll_gen_open3', assumed default net type 'wire' in al_ip/pll_gen.v(105)
HDL-1007 : undeclared symbol 'pll_gen_open2', assumed default net type 'wire' in al_ip/pll_gen.v(105)
HDL-1007 : undeclared symbol 'pll_gen_open1', assumed default net type 'wire' in al_ip/pll_gen.v(105)
HDL-1007 : analyze verilog file al_ip/sys_pll.v
HDL-1007 : undeclared symbol 'sys_pll_open0', assumed default net type 'wire' in al_ip/sys_pll.v(77)
HDL-1007 : undeclared symbol 'sys_pll_open1', assumed default net type 'wire' in al_ip/sys_pll.v(83)
HDL-1007 : undeclared symbol 'sys_pll_open9', assumed default net type 'wire' in al_ip/sys_pll.v(89)
HDL-1007 : undeclared symbol 'sys_pll_open8', assumed default net type 'wire' in al_ip/sys_pll.v(89)
HDL-1007 : undeclared symbol 'sys_pll_open7', assumed default net type 'wire' in al_ip/sys_pll.v(89)
HDL-1007 : undeclared symbol 'sys_pll_open6', assumed default net type 'wire' in al_ip/sys_pll.v(89)
HDL-1007 : undeclared symbol 'sys_pll_open5', assumed default net type 'wire' in al_ip/sys_pll.v(89)
HDL-1007 : undeclared symbol 'sys_pll_open4', assumed default net type 'wire' in al_ip/sys_pll.v(89)
HDL-1007 : undeclared symbol 'sys_pll_open3', assumed default net type 'wire' in al_ip/sys_pll.v(89)
HDL-1007 : undeclared symbol 'sys_pll_open2', assumed default net type 'wire' in al_ip/sys_pll.v(89)
HDL-1007 : undeclared symbol 'sys_pll_open11', assumed default net type 'wire' in al_ip/sys_pll.v(91)
HDL-1007 : undeclared symbol 'sys_pll_open10', assumed default net type 'wire' in al_ip/sys_pll.v(91)
HDL-1007 : analyze verilog file ../source_code/rtl/sd_card/ax_debounce.v
HDL-1007 : analyze verilog file ../source_code/rtl/sd_card/bmp_read.v
HDL-1007 : analyze verilog file ../source_code/rtl/sd_card/sd_card_bmp.v
HDL-1007 : analyze verilog file ../source_code/rtl/sd_card/sd_card_cmd.v
HDL-1007 : analyze verilog file ../source_code/rtl/sd_card/sd_card_sec_read_write.v
HDL-1007 : analyze verilog file ../source_code/rtl/sd_card/sd_card_top.v
HDL-1007 : analyze verilog file ../source_code/rtl/sd_card/spi_master.v
HDL-1007 : analyze verilog file ../source_code/rtl/sdram/enc_file/global_def.v
HDL-1007 : analyze verilog file ../source_code/rtl/sdram/enc_file/sdr_as_ram.enc.v
HDL-1007 : back to file '../source_code/rtl/sdram/enc_file/sdr_as_ram.enc.v' in ../source_code/rtl/sdram/enc_file/sdr_as_ram.enc.v(54)
HDL-1007 : analyze verilog file ../source_code/rtl/sdram/enc_file/sdr_wrrd.enc.v
HDL-5007 WARNING: concatenation with an unsized literal will be treated as 32 bits in ../source_code/rtl/sdram/enc_file/sdr_wrrd.enc.v(283)
HDL-1007 : back to file '../source_code/rtl/sdram/enc_file/sdr_wrrd.enc.v' in ../source_code/rtl/sdram/enc_file/sdr_wrrd.enc.v(19)
HDL-1007 : analyze verilog file ../source_code/rtl/frame_fifo/afifo_16_32_256.v
HDL-1007 : analyze verilog file ../source_code/rtl/frame_fifo/afifo_32_16_256.v
HDL-1007 : analyze verilog file ../source_code/rtl/frame_fifo/frame_fifo_read.v
HDL-1007 : analyze verilog file ../source_code/rtl/frame_fifo/frame_fifo_write.v
HDL-1007 : analyze verilog file ../source_code/rtl/frame_fifo/frame_read_write.v
HDL-1007 : analyze verilog file ../source_code/rtl/sdram/sdram.v
HDL-1007 : analyze included file ../source_code/rtl/sdram/enc_file/global_def.v in ../source_code/rtl/sdram/sdram.v(10)
HDL-1007 : back to file '../source_code/rtl/sdram/sdram.v' in ../source_code/rtl/sdram/sdram.v(10)
HDL-1007 : undeclared symbol 'SDR_CKE', assumed default net type 'wire' in ../source_code/rtl/sdram/sdram.v(89)
HDL-1007 : analyze verilog file ../source_code/rtl/sdram/enc_file/sdr_init_ref.enc.v
HDL-1007 : analyze included file ../source_code/rtl/sdram/enc_file/global_def.v in ../source_code/rtl/sdram/enc_file/sdr_init_ref.enc.v(11)
HDL-1007 : back to file '../source_code/rtl/sdram/enc_file/sdr_init_ref.enc.v' in ../source_code/rtl/sdram/enc_file/sdr_init_ref.enc.v(11)
HDL-1007 : undeclared symbol '**', assumed default net type '**' in ../source_code/rtl/sdram/enc_file/sdr_init_ref.enc.v(57)
HDL-1007 : back to file '../source_code/rtl/sdram/enc_file/sdr_init_ref.enc.v' in ../source_code/rtl/sdram/enc_file/sdr_init_ref.enc.v(149)
HDL-5007 WARNING: concatenation with an unsized literal will be treated as 32 bits in ../source_code/rtl/sdram/enc_file/sdr_init_ref.enc.v(47)
HDL-1007 : analyze verilog file ../source_code/rtl/video_timing/color_bar.v
HDL-1007 : analyze included file ../source_code/rtl/video_timing/video_define.v in ../source_code/rtl/video_timing/color_bar.v(2)
HDL-1007 : back to file '../source_code/rtl/video_timing/color_bar.v' in ../source_code/rtl/video_timing/color_bar.v(2)
HDL-1007 : analyze verilog file ../source_code/rtl/video_timing/video_delay.v
HDL-1007 : analyze verilog file ../source_code/rtl/video_timing/video_timing_data.v
HDL-1007 : analyze verilog file ../source_code/rtl/another/m_synchronization_header.v
HDL-1007 : analyze verilog file ../source_code/rtl/led.v
HDL-1007 : analyze verilog file ../source_code/rtl/ov5640/cmos_capture_data.v
HDL-1007 : analyze verilog file ../source_code/rtl/ov5640/i2c_dri.v
HDL-1007 : analyze verilog file ../source_code/rtl/ov5640/i2c_ov5640_rgb565_cfg.v
HDL-1007 : analyze verilog file ../source_code/rtl/ov5640/ov5640_delay.v
HDL-1007 : analyze verilog file ../source_code/rtl/ov5640/ov5640_dri.v
HDL-1007 : analyze verilog file ../source_code/rtl/another/fire_detect.v
PRJ-1412 : reset_run syn_1 phy_1.
PRJ-1409 : launch_runs syn_1 phy_1  -jobs 6.
PRJ-1410 : Run syn_1 success.
RUN-1002 : start command "save_best_bits"
PRJ-1424 : The implemented result of phy_1 is saved as best result.
PRJ-1410 : Run phy_1 success.
RUN-1002 : start command "import_db D:/FPGA/workplace6_2_1/last/prj/last_attempt_Runs/phy_1/last_attempt_pr.db"
RUN-1001 : Importing database generated by Tang Dynasty, V6.2.168116.
RUN-1001 : Database version number 46207
RUN-1001 : Import flow parameters
RUN-1001 : Import netlist
PHY-1001 : Generate detailed routing grids ...
PHY-1001 : End build routing graph; 0.471706s wall, 0.421875s user + 0.109375s system = 0.531250s CPU (112.6%)

PHY-1001 : Build lut bridge;  0.067971s wall, 0.078125s user + 0.015625s system = 0.093750s CPU (137.9%)

PHY-1001 : Generate nets ...
PHY-1001 : net clk_50_dup_1 will be routed on clock mesh
PHY-1001 : clock net temac_clk will be merged with clock u_clk_gen/u_pll_0/clk0_buf
PHY-1001 : net udp_clk will be routed on clock mesh
PHY-1001 : net U3/u2_ram/SDRAM_CLK will be routed on clock mesh
PHY-1001 : net U3/u2_ram/u1_init_ref/Sdr_clk will be routed on clock mesh
PHY-1001 : clock net u_ov5640_dri/u_i2c_dr/dri_clk_syn_4 will be merged with clock u_ov5640_dri/u_i2c_dr/dri_clk
PHY-1001 : clock net u2_udp_loopback/app_tx_data_read_syn_4 will be merged with clock u2_udp_loopback/app_tx_data_read
PHY-1001 : clock net frame_read_write_m0/write_clk_syn_4 will be merged with clock frame_read_write_m0/write_clk
PHY-1001 : clock net cam_pclk_syn_4 will be merged with clock cam_pclk_dup_1
PHY-1001 : clock net sd_card_bmp_m0/bmp_read_m0/clk will be merged with clock tf0_sys_pll/clk0_buf
PHY-1001 : net u4_trimac_block/u1_rgmii_interface/rgmii_txc_ddr/clk will be routed on clock mesh
PHY-1001 : clock net u4_trimac_block/rx_clk will be merged with clock phy1_rgmii_rx_clk_dup_1
PHY-1001 : eco open net = 0
PHY-1001 : 205 feed throughs used by 175 nets
RUN-1001 : Import phy database
RUN-1001 : Import timing constraints
RUN-1001 : Import IO constraints
RUN-1001 : Import Inst constraints
RUN-1001 : Import ChipWatcher
RUN-1001 : Import design success TD_VERSION=6.2.168116 , DB_VERSION=46207
RUN-1003 : finish command "import_db D:/FPGA/workplace6_2_1/last/prj/last_attempt_Runs/phy_1/last_attempt_pr.db" in  3.077412s wall, 2.750000s user + 0.406250s system = 3.156250s CPU (102.6%)

RUN-1004 : used memory is 857 MB, reserved memory is 804 MB, peak memory is 892 MB
RUN-1002 : start command "commit_param -step design"
RUN-1001 : Print Global Property
RUN-1001 : --------------------------------------------------------
RUN-1001 :   Parameters   |  Settings  |  Default Values  |  Note  
RUN-1001 : --------------------------------------------------------
RUN-1001 :   enable_seed  |    off     |       off        |        
RUN-1001 :     message    |  standard  |     standard     |        
RUN-1001 :   qor_monitor  |     on     |        on        |        
RUN-1001 :   syn_ip_flow  |    off     |       off        |        
RUN-1001 :     thread     |    auto    |       auto       |        
RUN-1001 : --------------------------------------------------------
RUN-1001 : Print Design Property
RUN-1001 : ----------------------------------------------------------------
RUN-1001 :       Parameters       |  Settings  |  Default Values  |  Note  
RUN-1001 : ----------------------------------------------------------------
RUN-1001 :   default_reg_initial  |    auto    |       auto       |        
RUN-1001 :    hdl_warning_level   |   normal   |      normal      |        
RUN-1001 : ----------------------------------------------------------------
HDL-1007 : analyze verilog file last_attempt.v
HDL-1007 : undeclared symbol 'phy_reset', assumed default net type 'wire' in last_attempt.v(166)
HDL-1007 : undeclared symbol 'cam_write_req_ack', assumed default net type 'wire' in last_attempt.v(276)
HDL-1007 : undeclared symbol 'sd_card_write_req_ack', assumed default net type 'wire' in last_attempt.v(277)
HDL-7225 CRITICAL-WARNING: 'sd_card_write_req_ack' is already implicitly declared on line 277 in last_attempt.v(318)
HDL-7225 CRITICAL-WARNING: 'cam_write_req_ack' is already implicitly declared on line 276 in last_attempt.v(375)
HDL-1007 : undeclared symbol 'tpg_data_done', assumed default net type 'wire' in last_attempt.v(568)
HDL-1007 : undeclared symbol 'full_flag', assumed default net type 'wire' in last_attempt.v(602)
HDL-1007 : undeclared symbol 'input_local_udp_port_num', assumed default net type 'wire' in last_attempt.v(633)
HDL-1007 : undeclared symbol 'input_local_udp_port_num_valid', assumed default net type 'wire' in last_attempt.v(634)
HDL-1007 : undeclared symbol 'input_local_ip_address_valid', assumed default net type 'wire' in last_attempt.v(637)
HDL-1007 : analyze verilog file ../source_code/rtl/udp/BUFGMUX.v
HDL-1007 : analyze verilog file ../source_code/rtl/udp/IDDR.v
HDL-1007 : analyze verilog file ../source_code/rtl/udp/ODDR.v
HDL-1007 : analyze verilog file ../source_code/rtl/udp/RAMB16_S9_S9.v
HDL-1007 : undeclared symbol 'open', assumed default net type 'wire' in ../source_code/rtl/udp/RAMB16_S9_S9.v(109)
HDL-1007 : analyze verilog file ../source_code/rtl/udp/clk_gen_rst_gen.v
HDL-1007 : analyze verilog file ../source_code/rtl/udp/div_clk_gen.v
HDL-1007 : analyze verilog file ../source_code/rtl/udp/rgmii_interface.v
HDL-1007 : analyze verilog file ../source_code/rtl/udp/rx_client_fifo.v
HDL-5370 WARNING: parameter 'WAIT_s' becomes localparam in 'rx_client_fifo' with formal parameter declaration list in ../source_code/rtl/udp/rx_client_fifo.v(49)
HDL-5370 WARNING: parameter 'QUEUE1_s' becomes localparam in 'rx_client_fifo' with formal parameter declaration list in ../source_code/rtl/udp/rx_client_fifo.v(50)
HDL-5370 WARNING: parameter 'QUEUE2_s' becomes localparam in 'rx_client_fifo' with formal parameter declaration list in ../source_code/rtl/udp/rx_client_fifo.v(51)
HDL-5370 WARNING: parameter 'QUEUE3_s' becomes localparam in 'rx_client_fifo' with formal parameter declaration list in ../source_code/rtl/udp/rx_client_fifo.v(52)
HDL-5370 WARNING: parameter 'QUEUE_SOF_s' becomes localparam in 'rx_client_fifo' with formal parameter declaration list in ../source_code/rtl/udp/rx_client_fifo.v(53)
HDL-5370 WARNING: parameter 'SOF_s' becomes localparam in 'rx_client_fifo' with formal parameter declaration list in ../source_code/rtl/udp/rx_client_fifo.v(54)
HDL-5370 WARNING: parameter 'DATA_s' becomes localparam in 'rx_client_fifo' with formal parameter declaration list in ../source_code/rtl/udp/rx_client_fifo.v(55)
HDL-5370 WARNING: parameter 'EOF_s' becomes localparam in 'rx_client_fifo' with formal parameter declaration list in ../source_code/rtl/udp/rx_client_fifo.v(56)
HDL-5370 WARNING: parameter 'IDLE_s' becomes localparam in 'rx_client_fifo' with formal parameter declaration list in ../source_code/rtl/udp/rx_client_fifo.v(62)
HDL-5370 WARNING: parameter 'FRAME_s' becomes localparam in 'rx_client_fifo' with formal parameter declaration list in ../source_code/rtl/udp/rx_client_fifo.v(63)
HDL-5370 Similar messages will be suppressed.
HDL-1007 : analyze verilog file ../source_code/rtl/udp/temac_block.v
HDL-1007 : analyze verilog file ../source_code/rtl/udp/temac_clk_gen.v
HDL-1007 : analyze verilog file ../source_code/rtl/udp/tx_client_fifo.v
HDL-5370 WARNING: parameter 'IDLE_s' becomes localparam in 'tx_client_fifo' with formal parameter declaration list in ../source_code/rtl/udp/tx_client_fifo.v(53)
HDL-5370 WARNING: parameter 'QUEUE1_s' becomes localparam in 'tx_client_fifo' with formal parameter declaration list in ../source_code/rtl/udp/tx_client_fifo.v(54)
HDL-5370 WARNING: parameter 'QUEUE2_s' becomes localparam in 'tx_client_fifo' with formal parameter declaration list in ../source_code/rtl/udp/tx_client_fifo.v(55)
HDL-5370 WARNING: parameter 'QUEUE3_s' becomes localparam in 'tx_client_fifo' with formal parameter declaration list in ../source_code/rtl/udp/tx_client_fifo.v(56)
HDL-5370 WARNING: parameter 'QUEUE_ACK_s' becomes localparam in 'tx_client_fifo' with formal parameter declaration list in ../source_code/rtl/udp/tx_client_fifo.v(57)
HDL-5370 WARNING: parameter 'WAIT_ACK_s' becomes localparam in 'tx_client_fifo' with formal parameter declaration list in ../source_code/rtl/udp/tx_client_fifo.v(58)
HDL-5370 WARNING: parameter 'FRAME_s' becomes localparam in 'tx_client_fifo' with formal parameter declaration list in ../source_code/rtl/udp/tx_client_fifo.v(59)
HDL-5370 WARNING: parameter 'DROP_s' becomes localparam in 'tx_client_fifo' with formal parameter declaration list in ../source_code/rtl/udp/tx_client_fifo.v(60)
HDL-5370 WARNING: parameter 'RETRANSMIT_s' becomes localparam in 'tx_client_fifo' with formal parameter declaration list in ../source_code/rtl/udp/tx_client_fifo.v(61)
HDL-5370 WARNING: parameter 'WAIT_s' becomes localparam in 'tx_client_fifo' with formal parameter declaration list in ../source_code/rtl/udp/tx_client_fifo.v(67)
HDL-5370 Similar messages will be suppressed.
HDL-1007 : analyze verilog file ../source_code/rtl/udp/tx_clk_en_gen.v
HDL-1007 : analyze verilog file ../source_code/rtl/udp/udp_data_tpg.v
HDL-1007 : analyze verilog file ../source_code/rtl/udp/udp_ip_protocol_stack_merge.enc.v
HDL-1007 : back to file '../source_code/rtl/udp/udp_ip_protocol_stack_merge.enc.v' in ../source_code/rtl/udp/udp_ip_protocol_stack_merge.enc.v(56)
HDL-1007 : undeclared symbol '**', assumed default net type '**' in ../source_code/rtl/udp/udp_ip_protocol_stack_merge.enc.v(2638)
HDL-1007 : back to file '../source_code/rtl/udp/udp_ip_protocol_stack_merge.enc.v' in ../source_code/rtl/udp/udp_ip_protocol_stack_merge.enc.v(420)
HDL-1007 : analyze verilog file ../source_code/rtl/udp/udp_loopback.v
HDL-1007 : analyze verilog file al_ip/TEMAC_CORE/RTL/include/define.v
HDL-1007 : analyze verilog file al_ip/TEMAC_CORE/RTL/TEMAC_CORE_aead6cd6dadd.v
HDL-5007 WARNING: column 1032 exceeds maximum value 1023 in al_ip/TEMAC_CORE/RTL/TEMAC_CORE_aead6cd6dadd.v(30)
HDL-1007 : back to file 'al_ip/TEMAC_CORE/RTL/TEMAC_CORE_aead6cd6dadd.v' in al_ip/TEMAC_CORE/RTL/TEMAC_CORE_aead6cd6dadd.v(86)
HDL-5007 WARNING: event expressions must result in a singular type in al_ip/TEMAC_CORE/RTL/TEMAC_CORE_aead6cd6dadd.v(3001)
HDL-1007 : undeclared symbol '**', assumed default net type '**' in al_ip/TEMAC_CORE/RTL/TEMAC_CORE_aead6cd6dadd.v(5050)
HDL-1007 : undeclared symbol '**', assumed default net type '**' in al_ip/TEMAC_CORE/RTL/TEMAC_CORE_aead6cd6dadd.v(5458)
HDL-5007 WARNING: column 1035 exceeds maximum value 1023 in al_ip/TEMAC_CORE/RTL/TEMAC_CORE_aead6cd6dadd.v(6001)
HDL-1007 : back to file 'al_ip/TEMAC_CORE/RTL/TEMAC_CORE_aead6cd6dadd.v' in al_ip/TEMAC_CORE/RTL/TEMAC_CORE_aead6cd6dadd.v(260)
HDL-1007 : analyze verilog file al_ip/TEMAC_CORE/RTL/mac_core_aead6cd6dadd.v
HDL-1007 : analyze verilog file al_ip/TEMAC_CORE/TEMAC_CORE.v
HDL-1007 : analyze verilog file al_ip/pll_gen.v
HDL-1007 : undeclared symbol 'pll_gen_open0', assumed default net type 'wire' in al_ip/pll_gen.v(99)
HDL-1007 : undeclared symbol 'pll_gen_open8', assumed default net type 'wire' in al_ip/pll_gen.v(105)
HDL-1007 : undeclared symbol 'pll_gen_open7', assumed default net type 'wire' in al_ip/pll_gen.v(105)
HDL-1007 : undeclared symbol 'pll_gen_open6', assumed default net type 'wire' in al_ip/pll_gen.v(105)
HDL-1007 : undeclared symbol 'pll_gen_open5', assumed default net type 'wire' in al_ip/pll_gen.v(105)
HDL-1007 : undeclared symbol 'pll_gen_open4', assumed default net type 'wire' in al_ip/pll_gen.v(105)
HDL-1007 : undeclared symbol 'pll_gen_open3', assumed default net type 'wire' in al_ip/pll_gen.v(105)
HDL-1007 : undeclared symbol 'pll_gen_open2', assumed default net type 'wire' in al_ip/pll_gen.v(105)
HDL-1007 : undeclared symbol 'pll_gen_open1', assumed default net type 'wire' in al_ip/pll_gen.v(105)
HDL-1007 : analyze verilog file al_ip/sys_pll.v
HDL-1007 : undeclared symbol 'sys_pll_open0', assumed default net type 'wire' in al_ip/sys_pll.v(77)
HDL-1007 : undeclared symbol 'sys_pll_open1', assumed default net type 'wire' in al_ip/sys_pll.v(83)
HDL-1007 : undeclared symbol 'sys_pll_open9', assumed default net type 'wire' in al_ip/sys_pll.v(89)
HDL-1007 : undeclared symbol 'sys_pll_open8', assumed default net type 'wire' in al_ip/sys_pll.v(89)
HDL-1007 : undeclared symbol 'sys_pll_open7', assumed default net type 'wire' in al_ip/sys_pll.v(89)
HDL-1007 : undeclared symbol 'sys_pll_open6', assumed default net type 'wire' in al_ip/sys_pll.v(89)
HDL-1007 : undeclared symbol 'sys_pll_open5', assumed default net type 'wire' in al_ip/sys_pll.v(89)
HDL-1007 : undeclared symbol 'sys_pll_open4', assumed default net type 'wire' in al_ip/sys_pll.v(89)
HDL-1007 : undeclared symbol 'sys_pll_open3', assumed default net type 'wire' in al_ip/sys_pll.v(89)
HDL-1007 : undeclared symbol 'sys_pll_open2', assumed default net type 'wire' in al_ip/sys_pll.v(89)
HDL-1007 : undeclared symbol 'sys_pll_open11', assumed default net type 'wire' in al_ip/sys_pll.v(91)
HDL-1007 : undeclared symbol 'sys_pll_open10', assumed default net type 'wire' in al_ip/sys_pll.v(91)
HDL-1007 : analyze verilog file ../source_code/rtl/sd_card/ax_debounce.v
HDL-1007 : analyze verilog file ../source_code/rtl/sd_card/bmp_read.v
HDL-1007 : analyze verilog file ../source_code/rtl/sd_card/sd_card_bmp.v
HDL-1007 : analyze verilog file ../source_code/rtl/sd_card/sd_card_cmd.v
HDL-1007 : analyze verilog file ../source_code/rtl/sd_card/sd_card_sec_read_write.v
HDL-1007 : analyze verilog file ../source_code/rtl/sd_card/sd_card_top.v
HDL-1007 : analyze verilog file ../source_code/rtl/sd_card/spi_master.v
HDL-1007 : analyze verilog file ../source_code/rtl/sdram/enc_file/global_def.v
HDL-1007 : analyze verilog file ../source_code/rtl/sdram/enc_file/sdr_as_ram.enc.v
HDL-1007 : back to file '../source_code/rtl/sdram/enc_file/sdr_as_ram.enc.v' in ../source_code/rtl/sdram/enc_file/sdr_as_ram.enc.v(54)
HDL-1007 : analyze verilog file ../source_code/rtl/sdram/enc_file/sdr_wrrd.enc.v
HDL-5007 WARNING: concatenation with an unsized literal will be treated as 32 bits in ../source_code/rtl/sdram/enc_file/sdr_wrrd.enc.v(283)
HDL-1007 : back to file '../source_code/rtl/sdram/enc_file/sdr_wrrd.enc.v' in ../source_code/rtl/sdram/enc_file/sdr_wrrd.enc.v(19)
HDL-1007 : analyze verilog file ../source_code/rtl/frame_fifo/afifo_16_32_256.v
HDL-1007 : analyze verilog file ../source_code/rtl/frame_fifo/afifo_32_16_256.v
HDL-1007 : analyze verilog file ../source_code/rtl/frame_fifo/frame_fifo_read.v
HDL-1007 : analyze verilog file ../source_code/rtl/frame_fifo/frame_fifo_write.v
HDL-1007 : analyze verilog file ../source_code/rtl/frame_fifo/frame_read_write.v
HDL-1007 : analyze verilog file ../source_code/rtl/sdram/sdram.v
HDL-1007 : analyze included file ../source_code/rtl/sdram/enc_file/global_def.v in ../source_code/rtl/sdram/sdram.v(10)
HDL-1007 : back to file '../source_code/rtl/sdram/sdram.v' in ../source_code/rtl/sdram/sdram.v(10)
HDL-1007 : undeclared symbol 'SDR_CKE', assumed default net type 'wire' in ../source_code/rtl/sdram/sdram.v(89)
HDL-1007 : analyze verilog file ../source_code/rtl/sdram/enc_file/sdr_init_ref.enc.v
HDL-1007 : analyze included file ../source_code/rtl/sdram/enc_file/global_def.v in ../source_code/rtl/sdram/enc_file/sdr_init_ref.enc.v(11)
HDL-1007 : back to file '../source_code/rtl/sdram/enc_file/sdr_init_ref.enc.v' in ../source_code/rtl/sdram/enc_file/sdr_init_ref.enc.v(11)
HDL-1007 : undeclared symbol '**', assumed default net type '**' in ../source_code/rtl/sdram/enc_file/sdr_init_ref.enc.v(57)
HDL-1007 : back to file '../source_code/rtl/sdram/enc_file/sdr_init_ref.enc.v' in ../source_code/rtl/sdram/enc_file/sdr_init_ref.enc.v(149)
HDL-5007 WARNING: concatenation with an unsized literal will be treated as 32 bits in ../source_code/rtl/sdram/enc_file/sdr_init_ref.enc.v(47)
HDL-1007 : analyze verilog file ../source_code/rtl/video_timing/color_bar.v
HDL-1007 : analyze included file ../source_code/rtl/video_timing/video_define.v in ../source_code/rtl/video_timing/color_bar.v(2)
HDL-1007 : back to file '../source_code/rtl/video_timing/color_bar.v' in ../source_code/rtl/video_timing/color_bar.v(2)
HDL-1007 : analyze verilog file ../source_code/rtl/video_timing/video_delay.v
HDL-1007 : analyze verilog file ../source_code/rtl/video_timing/video_timing_data.v
HDL-1007 : analyze verilog file ../source_code/rtl/another/m_synchronization_header.v
HDL-1007 : analyze verilog file ../source_code/rtl/led.v
HDL-1007 : analyze verilog file ../source_code/rtl/ov5640/cmos_capture_data.v
HDL-1007 : analyze verilog file ../source_code/rtl/ov5640/i2c_dri.v
HDL-1007 : analyze verilog file ../source_code/rtl/ov5640/i2c_ov5640_rgb565_cfg.v
HDL-1007 : analyze verilog file ../source_code/rtl/ov5640/ov5640_delay.v
HDL-1007 : analyze verilog file ../source_code/rtl/ov5640/ov5640_dri.v
HDL-1007 : analyze verilog file ../source_code/rtl/another/fire_detect.v
PRJ-1412 : reset_run syn_1 phy_1.
PRJ-1409 : launch_runs syn_1 phy_1  -jobs 6.
PRJ-1410 : Run syn_1 success.
PRJ-1410 : Run phy_1 success.
RUN-1002 : start command "save_best_bits"
PRJ-1424 : The implemented result of phy_1 is saved as best result.
RUN-1002 : start command "import_db D:/FPGA/workplace6_2_1/last/prj/last_attempt_Runs/phy_1/last_attempt_pr.db"
RUN-1001 : Importing database generated by Tang Dynasty, V6.2.168116.
RUN-1001 : Database version number 46207
RUN-1001 : Import flow parameters
RUN-1001 : Import netlist
PHY-1001 : Generate detailed routing grids ...
PHY-1001 : End build routing graph; 0.506850s wall, 0.531250s user + 0.046875s system = 0.578125s CPU (114.1%)

PHY-1001 : Build lut bridge;  0.078331s wall, 0.062500s user + 0.000000s system = 0.062500s CPU (79.8%)

PHY-1001 : Generate nets ...
PHY-1001 : net clk_50_dup_1 will be routed on clock mesh
PHY-1001 : clock net temac_clk will be merged with clock u_clk_gen/u_pll_0/clk0_buf
PHY-1001 : net udp_clk will be routed on clock mesh
PHY-1001 : net U3/u2_ram/SDRAM_CLK will be routed on clock mesh
PHY-1001 : net U3/u2_ram/u1_init_ref/Sdr_clk will be routed on clock mesh
PHY-1001 : clock net u_ov5640_dri/u_i2c_dr/dri_clk_syn_4 will be merged with clock u_ov5640_dri/u_i2c_dr/dri_clk
PHY-1001 : clock net u2_udp_loopback/app_tx_data_read_syn_4 will be merged with clock u2_udp_loopback/app_tx_data_read
PHY-1001 : clock net frame_read_write_m0/write_clk_syn_4 will be merged with clock frame_read_write_m0/write_clk
PHY-1001 : clock net cam_pclk_syn_4 will be merged with clock cam_pclk_dup_1
PHY-1001 : clock net sd_card_bmp_m0/bmp_read_m0/clk will be merged with clock tf0_sys_pll/clk0_buf
PHY-1001 : net u4_trimac_block/u1_rgmii_interface/rgmii_txc_ddr/clk will be routed on clock mesh
PHY-1001 : clock net u4_trimac_block/rx_clk will be merged with clock phy1_rgmii_rx_clk_dup_1
PHY-1001 : eco open net = 0
PHY-1001 : 205 feed throughs used by 175 nets
RUN-1001 : Import phy database
RUN-1001 : Import timing constraints
RUN-1001 : Import IO constraints
RUN-1001 : Import Inst constraints
RUN-1001 : Import ChipWatcher
RUN-1001 : Import design success TD_VERSION=6.2.168116 , DB_VERSION=46207
RUN-1003 : finish command "import_db D:/FPGA/workplace6_2_1/last/prj/last_attempt_Runs/phy_1/last_attempt_pr.db" in  3.108451s wall, 2.828125s user + 0.312500s system = 3.140625s CPU (101.0%)

RUN-1004 : used memory is 851 MB, reserved memory is 803 MB, peak memory is 892 MB
RUN-1002 : start command "commit_param -step design"
RUN-1001 : Print Global Property
RUN-1001 : --------------------------------------------------------
RUN-1001 :   Parameters   |  Settings  |  Default Values  |  Note  
RUN-1001 : --------------------------------------------------------
RUN-1001 :   enable_seed  |    off     |       off        |        
RUN-1001 :     message    |  standard  |     standard     |        
RUN-1001 :   qor_monitor  |     on     |        on        |        
RUN-1001 :   syn_ip_flow  |    off     |       off        |        
RUN-1001 :     thread     |    auto    |       auto       |        
RUN-1001 : --------------------------------------------------------
RUN-1001 : Print Design Property
RUN-1001 : ----------------------------------------------------------------
RUN-1001 :       Parameters       |  Settings  |  Default Values  |  Note  
RUN-1001 : ----------------------------------------------------------------
RUN-1001 :   default_reg_initial  |    auto    |       auto       |        
RUN-1001 :    hdl_warning_level   |   normal   |      normal      |        
RUN-1001 : ----------------------------------------------------------------
HDL-1007 : analyze verilog file last_attempt.v
HDL-1007 : undeclared symbol 'phy_reset', assumed default net type 'wire' in last_attempt.v(166)
HDL-1007 : undeclared symbol 'cam_write_req_ack', assumed default net type 'wire' in last_attempt.v(276)
HDL-1007 : undeclared symbol 'sd_card_write_req_ack', assumed default net type 'wire' in last_attempt.v(277)
HDL-7225 CRITICAL-WARNING: 'sd_card_write_req_ack' is already implicitly declared on line 277 in last_attempt.v(318)
HDL-7225 CRITICAL-WARNING: 'cam_write_req_ack' is already implicitly declared on line 276 in last_attempt.v(375)
HDL-1007 : undeclared symbol 'tpg_data_done', assumed default net type 'wire' in last_attempt.v(568)
HDL-1007 : undeclared symbol 'full_flag', assumed default net type 'wire' in last_attempt.v(602)
HDL-1007 : undeclared symbol 'input_local_udp_port_num', assumed default net type 'wire' in last_attempt.v(633)
HDL-1007 : undeclared symbol 'input_local_udp_port_num_valid', assumed default net type 'wire' in last_attempt.v(634)
HDL-1007 : undeclared symbol 'input_local_ip_address_valid', assumed default net type 'wire' in last_attempt.v(637)
HDL-1007 : analyze verilog file ../source_code/rtl/udp/BUFGMUX.v
HDL-1007 : analyze verilog file ../source_code/rtl/udp/IDDR.v
HDL-1007 : analyze verilog file ../source_code/rtl/udp/ODDR.v
HDL-1007 : analyze verilog file ../source_code/rtl/udp/RAMB16_S9_S9.v
HDL-1007 : undeclared symbol 'open', assumed default net type 'wire' in ../source_code/rtl/udp/RAMB16_S9_S9.v(109)
HDL-1007 : analyze verilog file ../source_code/rtl/udp/clk_gen_rst_gen.v
HDL-1007 : analyze verilog file ../source_code/rtl/udp/div_clk_gen.v
HDL-1007 : analyze verilog file ../source_code/rtl/udp/rgmii_interface.v
HDL-1007 : analyze verilog file ../source_code/rtl/udp/rx_client_fifo.v
HDL-5370 WARNING: parameter 'WAIT_s' becomes localparam in 'rx_client_fifo' with formal parameter declaration list in ../source_code/rtl/udp/rx_client_fifo.v(49)
HDL-5370 WARNING: parameter 'QUEUE1_s' becomes localparam in 'rx_client_fifo' with formal parameter declaration list in ../source_code/rtl/udp/rx_client_fifo.v(50)
HDL-5370 WARNING: parameter 'QUEUE2_s' becomes localparam in 'rx_client_fifo' with formal parameter declaration list in ../source_code/rtl/udp/rx_client_fifo.v(51)
HDL-5370 WARNING: parameter 'QUEUE3_s' becomes localparam in 'rx_client_fifo' with formal parameter declaration list in ../source_code/rtl/udp/rx_client_fifo.v(52)
HDL-5370 WARNING: parameter 'QUEUE_SOF_s' becomes localparam in 'rx_client_fifo' with formal parameter declaration list in ../source_code/rtl/udp/rx_client_fifo.v(53)
HDL-5370 WARNING: parameter 'SOF_s' becomes localparam in 'rx_client_fifo' with formal parameter declaration list in ../source_code/rtl/udp/rx_client_fifo.v(54)
HDL-5370 WARNING: parameter 'DATA_s' becomes localparam in 'rx_client_fifo' with formal parameter declaration list in ../source_code/rtl/udp/rx_client_fifo.v(55)
HDL-5370 WARNING: parameter 'EOF_s' becomes localparam in 'rx_client_fifo' with formal parameter declaration list in ../source_code/rtl/udp/rx_client_fifo.v(56)
HDL-5370 WARNING: parameter 'IDLE_s' becomes localparam in 'rx_client_fifo' with formal parameter declaration list in ../source_code/rtl/udp/rx_client_fifo.v(62)
HDL-5370 WARNING: parameter 'FRAME_s' becomes localparam in 'rx_client_fifo' with formal parameter declaration list in ../source_code/rtl/udp/rx_client_fifo.v(63)
HDL-5370 Similar messages will be suppressed.
HDL-1007 : analyze verilog file ../source_code/rtl/udp/temac_block.v
HDL-1007 : analyze verilog file ../source_code/rtl/udp/temac_clk_gen.v
HDL-1007 : analyze verilog file ../source_code/rtl/udp/tx_client_fifo.v
HDL-5370 WARNING: parameter 'IDLE_s' becomes localparam in 'tx_client_fifo' with formal parameter declaration list in ../source_code/rtl/udp/tx_client_fifo.v(53)
HDL-5370 WARNING: parameter 'QUEUE1_s' becomes localparam in 'tx_client_fifo' with formal parameter declaration list in ../source_code/rtl/udp/tx_client_fifo.v(54)
HDL-5370 WARNING: parameter 'QUEUE2_s' becomes localparam in 'tx_client_fifo' with formal parameter declaration list in ../source_code/rtl/udp/tx_client_fifo.v(55)
HDL-5370 WARNING: parameter 'QUEUE3_s' becomes localparam in 'tx_client_fifo' with formal parameter declaration list in ../source_code/rtl/udp/tx_client_fifo.v(56)
HDL-5370 WARNING: parameter 'QUEUE_ACK_s' becomes localparam in 'tx_client_fifo' with formal parameter declaration list in ../source_code/rtl/udp/tx_client_fifo.v(57)
HDL-5370 WARNING: parameter 'WAIT_ACK_s' becomes localparam in 'tx_client_fifo' with formal parameter declaration list in ../source_code/rtl/udp/tx_client_fifo.v(58)
HDL-5370 WARNING: parameter 'FRAME_s' becomes localparam in 'tx_client_fifo' with formal parameter declaration list in ../source_code/rtl/udp/tx_client_fifo.v(59)
HDL-5370 WARNING: parameter 'DROP_s' becomes localparam in 'tx_client_fifo' with formal parameter declaration list in ../source_code/rtl/udp/tx_client_fifo.v(60)
HDL-5370 WARNING: parameter 'RETRANSMIT_s' becomes localparam in 'tx_client_fifo' with formal parameter declaration list in ../source_code/rtl/udp/tx_client_fifo.v(61)
HDL-5370 WARNING: parameter 'WAIT_s' becomes localparam in 'tx_client_fifo' with formal parameter declaration list in ../source_code/rtl/udp/tx_client_fifo.v(67)
HDL-5370 Similar messages will be suppressed.
HDL-1007 : analyze verilog file ../source_code/rtl/udp/tx_clk_en_gen.v
HDL-1007 : analyze verilog file ../source_code/rtl/udp/udp_data_tpg.v
HDL-1007 : analyze verilog file ../source_code/rtl/udp/udp_ip_protocol_stack_merge.enc.v
HDL-1007 : back to file '../source_code/rtl/udp/udp_ip_protocol_stack_merge.enc.v' in ../source_code/rtl/udp/udp_ip_protocol_stack_merge.enc.v(56)
HDL-1007 : undeclared symbol '**', assumed default net type '**' in ../source_code/rtl/udp/udp_ip_protocol_stack_merge.enc.v(2638)
HDL-1007 : back to file '../source_code/rtl/udp/udp_ip_protocol_stack_merge.enc.v' in ../source_code/rtl/udp/udp_ip_protocol_stack_merge.enc.v(420)
HDL-1007 : analyze verilog file ../source_code/rtl/udp/udp_loopback.v
HDL-1007 : analyze verilog file al_ip/TEMAC_CORE/RTL/include/define.v
HDL-1007 : analyze verilog file al_ip/TEMAC_CORE/RTL/TEMAC_CORE_aead6cd6dadd.v
HDL-5007 WARNING: column 1032 exceeds maximum value 1023 in al_ip/TEMAC_CORE/RTL/TEMAC_CORE_aead6cd6dadd.v(30)
HDL-1007 : back to file 'al_ip/TEMAC_CORE/RTL/TEMAC_CORE_aead6cd6dadd.v' in al_ip/TEMAC_CORE/RTL/TEMAC_CORE_aead6cd6dadd.v(86)
HDL-5007 WARNING: event expressions must result in a singular type in al_ip/TEMAC_CORE/RTL/TEMAC_CORE_aead6cd6dadd.v(3001)
HDL-1007 : undeclared symbol '**', assumed default net type '**' in al_ip/TEMAC_CORE/RTL/TEMAC_CORE_aead6cd6dadd.v(5050)
HDL-1007 : undeclared symbol '**', assumed default net type '**' in al_ip/TEMAC_CORE/RTL/TEMAC_CORE_aead6cd6dadd.v(5458)
HDL-5007 WARNING: column 1035 exceeds maximum value 1023 in al_ip/TEMAC_CORE/RTL/TEMAC_CORE_aead6cd6dadd.v(6001)
HDL-1007 : back to file 'al_ip/TEMAC_CORE/RTL/TEMAC_CORE_aead6cd6dadd.v' in al_ip/TEMAC_CORE/RTL/TEMAC_CORE_aead6cd6dadd.v(260)
HDL-1007 : analyze verilog file al_ip/TEMAC_CORE/RTL/mac_core_aead6cd6dadd.v
HDL-1007 : analyze verilog file al_ip/TEMAC_CORE/TEMAC_CORE.v
HDL-1007 : analyze verilog file al_ip/pll_gen.v
HDL-1007 : undeclared symbol 'pll_gen_open0', assumed default net type 'wire' in al_ip/pll_gen.v(99)
HDL-1007 : undeclared symbol 'pll_gen_open8', assumed default net type 'wire' in al_ip/pll_gen.v(105)
HDL-1007 : undeclared symbol 'pll_gen_open7', assumed default net type 'wire' in al_ip/pll_gen.v(105)
HDL-1007 : undeclared symbol 'pll_gen_open6', assumed default net type 'wire' in al_ip/pll_gen.v(105)
HDL-1007 : undeclared symbol 'pll_gen_open5', assumed default net type 'wire' in al_ip/pll_gen.v(105)
HDL-1007 : undeclared symbol 'pll_gen_open4', assumed default net type 'wire' in al_ip/pll_gen.v(105)
HDL-1007 : undeclared symbol 'pll_gen_open3', assumed default net type 'wire' in al_ip/pll_gen.v(105)
HDL-1007 : undeclared symbol 'pll_gen_open2', assumed default net type 'wire' in al_ip/pll_gen.v(105)
HDL-1007 : undeclared symbol 'pll_gen_open1', assumed default net type 'wire' in al_ip/pll_gen.v(105)
HDL-1007 : analyze verilog file al_ip/sys_pll.v
HDL-1007 : undeclared symbol 'sys_pll_open0', assumed default net type 'wire' in al_ip/sys_pll.v(77)
HDL-1007 : undeclared symbol 'sys_pll_open1', assumed default net type 'wire' in al_ip/sys_pll.v(83)
HDL-1007 : undeclared symbol 'sys_pll_open9', assumed default net type 'wire' in al_ip/sys_pll.v(89)
HDL-1007 : undeclared symbol 'sys_pll_open8', assumed default net type 'wire' in al_ip/sys_pll.v(89)
HDL-1007 : undeclared symbol 'sys_pll_open7', assumed default net type 'wire' in al_ip/sys_pll.v(89)
HDL-1007 : undeclared symbol 'sys_pll_open6', assumed default net type 'wire' in al_ip/sys_pll.v(89)
HDL-1007 : undeclared symbol 'sys_pll_open5', assumed default net type 'wire' in al_ip/sys_pll.v(89)
HDL-1007 : undeclared symbol 'sys_pll_open4', assumed default net type 'wire' in al_ip/sys_pll.v(89)
HDL-1007 : undeclared symbol 'sys_pll_open3', assumed default net type 'wire' in al_ip/sys_pll.v(89)
HDL-1007 : undeclared symbol 'sys_pll_open2', assumed default net type 'wire' in al_ip/sys_pll.v(89)
HDL-1007 : undeclared symbol 'sys_pll_open11', assumed default net type 'wire' in al_ip/sys_pll.v(91)
HDL-1007 : undeclared symbol 'sys_pll_open10', assumed default net type 'wire' in al_ip/sys_pll.v(91)
HDL-1007 : analyze verilog file ../source_code/rtl/sd_card/ax_debounce.v
HDL-1007 : analyze verilog file ../source_code/rtl/sd_card/bmp_read.v
HDL-1007 : analyze verilog file ../source_code/rtl/sd_card/sd_card_bmp.v
HDL-1007 : analyze verilog file ../source_code/rtl/sd_card/sd_card_cmd.v
HDL-1007 : analyze verilog file ../source_code/rtl/sd_card/sd_card_sec_read_write.v
HDL-1007 : analyze verilog file ../source_code/rtl/sd_card/sd_card_top.v
HDL-1007 : analyze verilog file ../source_code/rtl/sd_card/spi_master.v
HDL-1007 : analyze verilog file ../source_code/rtl/sdram/enc_file/global_def.v
HDL-1007 : analyze verilog file ../source_code/rtl/sdram/enc_file/sdr_as_ram.enc.v
HDL-1007 : back to file '../source_code/rtl/sdram/enc_file/sdr_as_ram.enc.v' in ../source_code/rtl/sdram/enc_file/sdr_as_ram.enc.v(54)
HDL-1007 : analyze verilog file ../source_code/rtl/sdram/enc_file/sdr_wrrd.enc.v
HDL-5007 WARNING: concatenation with an unsized literal will be treated as 32 bits in ../source_code/rtl/sdram/enc_file/sdr_wrrd.enc.v(283)
HDL-1007 : back to file '../source_code/rtl/sdram/enc_file/sdr_wrrd.enc.v' in ../source_code/rtl/sdram/enc_file/sdr_wrrd.enc.v(19)
HDL-1007 : analyze verilog file ../source_code/rtl/frame_fifo/afifo_16_32_256.v
HDL-1007 : analyze verilog file ../source_code/rtl/frame_fifo/afifo_32_16_256.v
HDL-1007 : analyze verilog file ../source_code/rtl/frame_fifo/frame_fifo_read.v
HDL-1007 : analyze verilog file ../source_code/rtl/frame_fifo/frame_fifo_write.v
HDL-1007 : analyze verilog file ../source_code/rtl/frame_fifo/frame_read_write.v
HDL-1007 : analyze verilog file ../source_code/rtl/sdram/sdram.v
HDL-1007 : analyze included file ../source_code/rtl/sdram/enc_file/global_def.v in ../source_code/rtl/sdram/sdram.v(10)
HDL-1007 : back to file '../source_code/rtl/sdram/sdram.v' in ../source_code/rtl/sdram/sdram.v(10)
HDL-1007 : undeclared symbol 'SDR_CKE', assumed default net type 'wire' in ../source_code/rtl/sdram/sdram.v(89)
HDL-1007 : analyze verilog file ../source_code/rtl/sdram/enc_file/sdr_init_ref.enc.v
HDL-1007 : analyze included file ../source_code/rtl/sdram/enc_file/global_def.v in ../source_code/rtl/sdram/enc_file/sdr_init_ref.enc.v(11)
HDL-1007 : back to file '../source_code/rtl/sdram/enc_file/sdr_init_ref.enc.v' in ../source_code/rtl/sdram/enc_file/sdr_init_ref.enc.v(11)
HDL-1007 : undeclared symbol '**', assumed default net type '**' in ../source_code/rtl/sdram/enc_file/sdr_init_ref.enc.v(57)
HDL-1007 : back to file '../source_code/rtl/sdram/enc_file/sdr_init_ref.enc.v' in ../source_code/rtl/sdram/enc_file/sdr_init_ref.enc.v(149)
HDL-5007 WARNING: concatenation with an unsized literal will be treated as 32 bits in ../source_code/rtl/sdram/enc_file/sdr_init_ref.enc.v(47)
HDL-1007 : analyze verilog file ../source_code/rtl/video_timing/color_bar.v
HDL-1007 : analyze included file ../source_code/rtl/video_timing/video_define.v in ../source_code/rtl/video_timing/color_bar.v(2)
HDL-1007 : back to file '../source_code/rtl/video_timing/color_bar.v' in ../source_code/rtl/video_timing/color_bar.v(2)
HDL-1007 : analyze verilog file ../source_code/rtl/video_timing/video_delay.v
HDL-1007 : analyze verilog file ../source_code/rtl/video_timing/video_timing_data.v
HDL-1007 : analyze verilog file ../source_code/rtl/another/m_synchronization_header.v
HDL-1007 : analyze verilog file ../source_code/rtl/led.v
HDL-1007 : analyze verilog file ../source_code/rtl/ov5640/cmos_capture_data.v
HDL-1007 : analyze verilog file ../source_code/rtl/ov5640/i2c_dri.v
HDL-1007 : analyze verilog file ../source_code/rtl/ov5640/i2c_ov5640_rgb565_cfg.v
HDL-1007 : analyze verilog file ../source_code/rtl/ov5640/ov5640_delay.v
HDL-1007 : analyze verilog file ../source_code/rtl/ov5640/ov5640_dri.v
HDL-1007 : analyze verilog file ../source_code/rtl/another/fire_detect.v
PRJ-1412 : reset_run syn_1 phy_1.
PRJ-1409 : launch_runs syn_1 phy_1  -jobs 6.
PRJ-1410 : Run syn_1 success.
RUN-1002 : start command "save_best_bits"
PRJ-1410 : Run phy_1 success.
PRJ-1424 : The implemented result of phy_1 is saved as best result.
RUN-1002 : start command "import_db D:/FPGA/workplace6_2_1/last/prj/last_attempt_Runs/phy_1/last_attempt_pr.db"
RUN-1001 : Importing database generated by Tang Dynasty, V6.2.168116.
RUN-1001 : Database version number 46207
RUN-1001 : Import flow parameters
RUN-1001 : Import netlist
PHY-1001 : Generate detailed routing grids ...
PHY-1001 : End build routing graph; 0.496105s wall, 0.390625s user + 0.078125s system = 0.468750s CPU (94.5%)

PHY-1001 : Build lut bridge;  0.077984s wall, 0.078125s user + 0.000000s system = 0.078125s CPU (100.2%)

PHY-1001 : Generate nets ...
PHY-1001 : net clk_50_dup_1 will be routed on clock mesh
PHY-1001 : clock net temac_clk will be merged with clock u_clk_gen/u_pll_0/clk0_buf
PHY-1001 : net udp_clk will be routed on clock mesh
PHY-1001 : net U3/u2_ram/SDRAM_CLK will be routed on clock mesh
PHY-1001 : net U3/u2_ram/u1_init_ref/Sdr_clk will be routed on clock mesh
PHY-1001 : clock net u_ov5640_dri/u_i2c_dr/dri_clk_syn_4 will be merged with clock u_ov5640_dri/u_i2c_dr/dri_clk
PHY-1001 : clock net u2_udp_loopback/app_tx_data_read_syn_4 will be merged with clock u2_udp_loopback/app_tx_data_read
PHY-1001 : clock net frame_read_write_m0/write_clk_syn_4 will be merged with clock frame_read_write_m0/write_clk
PHY-1001 : clock net cam_pclk_syn_4 will be merged with clock cam_pclk_dup_1
PHY-1001 : clock net sd_card_bmp_m0/bmp_read_m0/clk will be merged with clock tf0_sys_pll/clk0_buf
PHY-1001 : net u4_trimac_block/u1_rgmii_interface/rgmii_txc_ddr/clk will be routed on clock mesh
PHY-1001 : clock net u4_trimac_block/rx_clk will be merged with clock phy1_rgmii_rx_clk_dup_1
PHY-1001 : eco open net = 0
PHY-1001 : 205 feed throughs used by 170 nets
RUN-1001 : Import phy database
RUN-1001 : Import timing constraints
RUN-1001 : Import IO constraints
RUN-1001 : Import Inst constraints
RUN-1001 : Import ChipWatcher
RUN-1001 : Import design success TD_VERSION=6.2.168116 , DB_VERSION=46207
RUN-1003 : finish command "import_db D:/FPGA/workplace6_2_1/last/prj/last_attempt_Runs/phy_1/last_attempt_pr.db" in  2.994916s wall, 2.562500s user + 0.375000s system = 2.937500s CPU (98.1%)

RUN-1004 : used memory is 856 MB, reserved memory is 806 MB, peak memory is 892 MB
RUN-1002 : start command "commit_param -step design"
RUN-1001 : Print Global Property
RUN-1001 : --------------------------------------------------------
RUN-1001 :   Parameters   |  Settings  |  Default Values  |  Note  
RUN-1001 : --------------------------------------------------------
RUN-1001 :   enable_seed  |    off     |       off        |        
RUN-1001 :     message    |  standard  |     standard     |        
RUN-1001 :   qor_monitor  |     on     |        on        |        
RUN-1001 :   syn_ip_flow  |    off     |       off        |        
RUN-1001 :     thread     |    auto    |       auto       |        
RUN-1001 : --------------------------------------------------------
RUN-1001 : Print Design Property
RUN-1001 : ----------------------------------------------------------------
RUN-1001 :       Parameters       |  Settings  |  Default Values  |  Note  
RUN-1001 : ----------------------------------------------------------------
RUN-1001 :   default_reg_initial  |    auto    |       auto       |        
RUN-1001 :    hdl_warning_level   |   normal   |      normal      |        
RUN-1001 : ----------------------------------------------------------------
HDL-1007 : analyze verilog file last_attempt.v
HDL-1007 : undeclared symbol 'phy_reset', assumed default net type 'wire' in last_attempt.v(166)
HDL-1007 : undeclared symbol 'cam_write_req_ack', assumed default net type 'wire' in last_attempt.v(276)
HDL-1007 : undeclared symbol 'sd_card_write_req_ack', assumed default net type 'wire' in last_attempt.v(277)
HDL-7225 CRITICAL-WARNING: 'sd_card_write_req_ack' is already implicitly declared on line 277 in last_attempt.v(318)
HDL-7225 CRITICAL-WARNING: 'cam_write_req_ack' is already implicitly declared on line 276 in last_attempt.v(375)
HDL-1007 : undeclared symbol 'tpg_data_done', assumed default net type 'wire' in last_attempt.v(568)
HDL-1007 : undeclared symbol 'full_flag', assumed default net type 'wire' in last_attempt.v(602)
HDL-1007 : undeclared symbol 'input_local_udp_port_num', assumed default net type 'wire' in last_attempt.v(633)
HDL-1007 : undeclared symbol 'input_local_udp_port_num_valid', assumed default net type 'wire' in last_attempt.v(634)
HDL-1007 : undeclared symbol 'input_local_ip_address_valid', assumed default net type 'wire' in last_attempt.v(637)
HDL-1007 : analyze verilog file ../source_code/rtl/udp/BUFGMUX.v
HDL-1007 : analyze verilog file ../source_code/rtl/udp/IDDR.v
HDL-1007 : analyze verilog file ../source_code/rtl/udp/ODDR.v
HDL-1007 : analyze verilog file ../source_code/rtl/udp/RAMB16_S9_S9.v
HDL-1007 : undeclared symbol 'open', assumed default net type 'wire' in ../source_code/rtl/udp/RAMB16_S9_S9.v(109)
HDL-1007 : analyze verilog file ../source_code/rtl/udp/clk_gen_rst_gen.v
HDL-1007 : analyze verilog file ../source_code/rtl/udp/div_clk_gen.v
HDL-1007 : analyze verilog file ../source_code/rtl/udp/rgmii_interface.v
HDL-1007 : analyze verilog file ../source_code/rtl/udp/rx_client_fifo.v
HDL-5370 WARNING: parameter 'WAIT_s' becomes localparam in 'rx_client_fifo' with formal parameter declaration list in ../source_code/rtl/udp/rx_client_fifo.v(49)
HDL-5370 WARNING: parameter 'QUEUE1_s' becomes localparam in 'rx_client_fifo' with formal parameter declaration list in ../source_code/rtl/udp/rx_client_fifo.v(50)
HDL-5370 WARNING: parameter 'QUEUE2_s' becomes localparam in 'rx_client_fifo' with formal parameter declaration list in ../source_code/rtl/udp/rx_client_fifo.v(51)
HDL-5370 WARNING: parameter 'QUEUE3_s' becomes localparam in 'rx_client_fifo' with formal parameter declaration list in ../source_code/rtl/udp/rx_client_fifo.v(52)
HDL-5370 WARNING: parameter 'QUEUE_SOF_s' becomes localparam in 'rx_client_fifo' with formal parameter declaration list in ../source_code/rtl/udp/rx_client_fifo.v(53)
HDL-5370 WARNING: parameter 'SOF_s' becomes localparam in 'rx_client_fifo' with formal parameter declaration list in ../source_code/rtl/udp/rx_client_fifo.v(54)
HDL-5370 WARNING: parameter 'DATA_s' becomes localparam in 'rx_client_fifo' with formal parameter declaration list in ../source_code/rtl/udp/rx_client_fifo.v(55)
HDL-5370 WARNING: parameter 'EOF_s' becomes localparam in 'rx_client_fifo' with formal parameter declaration list in ../source_code/rtl/udp/rx_client_fifo.v(56)
HDL-5370 WARNING: parameter 'IDLE_s' becomes localparam in 'rx_client_fifo' with formal parameter declaration list in ../source_code/rtl/udp/rx_client_fifo.v(62)
HDL-5370 WARNING: parameter 'FRAME_s' becomes localparam in 'rx_client_fifo' with formal parameter declaration list in ../source_code/rtl/udp/rx_client_fifo.v(63)
HDL-5370 Similar messages will be suppressed.
HDL-1007 : analyze verilog file ../source_code/rtl/udp/temac_block.v
HDL-1007 : analyze verilog file ../source_code/rtl/udp/temac_clk_gen.v
HDL-1007 : analyze verilog file ../source_code/rtl/udp/tx_client_fifo.v
HDL-5370 WARNING: parameter 'IDLE_s' becomes localparam in 'tx_client_fifo' with formal parameter declaration list in ../source_code/rtl/udp/tx_client_fifo.v(53)
HDL-5370 WARNING: parameter 'QUEUE1_s' becomes localparam in 'tx_client_fifo' with formal parameter declaration list in ../source_code/rtl/udp/tx_client_fifo.v(54)
HDL-5370 WARNING: parameter 'QUEUE2_s' becomes localparam in 'tx_client_fifo' with formal parameter declaration list in ../source_code/rtl/udp/tx_client_fifo.v(55)
HDL-5370 WARNING: parameter 'QUEUE3_s' becomes localparam in 'tx_client_fifo' with formal parameter declaration list in ../source_code/rtl/udp/tx_client_fifo.v(56)
HDL-5370 WARNING: parameter 'QUEUE_ACK_s' becomes localparam in 'tx_client_fifo' with formal parameter declaration list in ../source_code/rtl/udp/tx_client_fifo.v(57)
HDL-5370 WARNING: parameter 'WAIT_ACK_s' becomes localparam in 'tx_client_fifo' with formal parameter declaration list in ../source_code/rtl/udp/tx_client_fifo.v(58)
HDL-5370 WARNING: parameter 'FRAME_s' becomes localparam in 'tx_client_fifo' with formal parameter declaration list in ../source_code/rtl/udp/tx_client_fifo.v(59)
HDL-5370 WARNING: parameter 'DROP_s' becomes localparam in 'tx_client_fifo' with formal parameter declaration list in ../source_code/rtl/udp/tx_client_fifo.v(60)
HDL-5370 WARNING: parameter 'RETRANSMIT_s' becomes localparam in 'tx_client_fifo' with formal parameter declaration list in ../source_code/rtl/udp/tx_client_fifo.v(61)
HDL-5370 WARNING: parameter 'WAIT_s' becomes localparam in 'tx_client_fifo' with formal parameter declaration list in ../source_code/rtl/udp/tx_client_fifo.v(67)
HDL-5370 Similar messages will be suppressed.
HDL-1007 : analyze verilog file ../source_code/rtl/udp/tx_clk_en_gen.v
HDL-1007 : analyze verilog file ../source_code/rtl/udp/udp_data_tpg.v
HDL-1007 : analyze verilog file ../source_code/rtl/udp/udp_ip_protocol_stack_merge.enc.v
HDL-1007 : back to file '../source_code/rtl/udp/udp_ip_protocol_stack_merge.enc.v' in ../source_code/rtl/udp/udp_ip_protocol_stack_merge.enc.v(56)
HDL-1007 : undeclared symbol '**', assumed default net type '**' in ../source_code/rtl/udp/udp_ip_protocol_stack_merge.enc.v(2638)
HDL-1007 : back to file '../source_code/rtl/udp/udp_ip_protocol_stack_merge.enc.v' in ../source_code/rtl/udp/udp_ip_protocol_stack_merge.enc.v(420)
HDL-1007 : analyze verilog file ../source_code/rtl/udp/udp_loopback.v
HDL-1007 : analyze verilog file al_ip/TEMAC_CORE/RTL/include/define.v
HDL-1007 : analyze verilog file al_ip/TEMAC_CORE/RTL/TEMAC_CORE_aead6cd6dadd.v
HDL-5007 WARNING: column 1032 exceeds maximum value 1023 in al_ip/TEMAC_CORE/RTL/TEMAC_CORE_aead6cd6dadd.v(30)
HDL-1007 : back to file 'al_ip/TEMAC_CORE/RTL/TEMAC_CORE_aead6cd6dadd.v' in al_ip/TEMAC_CORE/RTL/TEMAC_CORE_aead6cd6dadd.v(86)
HDL-5007 WARNING: event expressions must result in a singular type in al_ip/TEMAC_CORE/RTL/TEMAC_CORE_aead6cd6dadd.v(3001)
HDL-1007 : undeclared symbol '**', assumed default net type '**' in al_ip/TEMAC_CORE/RTL/TEMAC_CORE_aead6cd6dadd.v(5050)
HDL-1007 : undeclared symbol '**', assumed default net type '**' in al_ip/TEMAC_CORE/RTL/TEMAC_CORE_aead6cd6dadd.v(5458)
HDL-5007 WARNING: column 1035 exceeds maximum value 1023 in al_ip/TEMAC_CORE/RTL/TEMAC_CORE_aead6cd6dadd.v(6001)
HDL-1007 : back to file 'al_ip/TEMAC_CORE/RTL/TEMAC_CORE_aead6cd6dadd.v' in al_ip/TEMAC_CORE/RTL/TEMAC_CORE_aead6cd6dadd.v(260)
HDL-1007 : analyze verilog file al_ip/TEMAC_CORE/RTL/mac_core_aead6cd6dadd.v
HDL-1007 : analyze verilog file al_ip/TEMAC_CORE/TEMAC_CORE.v
HDL-1007 : analyze verilog file al_ip/pll_gen.v
HDL-1007 : undeclared symbol 'pll_gen_open0', assumed default net type 'wire' in al_ip/pll_gen.v(99)
HDL-1007 : undeclared symbol 'pll_gen_open8', assumed default net type 'wire' in al_ip/pll_gen.v(105)
HDL-1007 : undeclared symbol 'pll_gen_open7', assumed default net type 'wire' in al_ip/pll_gen.v(105)
HDL-1007 : undeclared symbol 'pll_gen_open6', assumed default net type 'wire' in al_ip/pll_gen.v(105)
HDL-1007 : undeclared symbol 'pll_gen_open5', assumed default net type 'wire' in al_ip/pll_gen.v(105)
HDL-1007 : undeclared symbol 'pll_gen_open4', assumed default net type 'wire' in al_ip/pll_gen.v(105)
HDL-1007 : undeclared symbol 'pll_gen_open3', assumed default net type 'wire' in al_ip/pll_gen.v(105)
HDL-1007 : undeclared symbol 'pll_gen_open2', assumed default net type 'wire' in al_ip/pll_gen.v(105)
HDL-1007 : undeclared symbol 'pll_gen_open1', assumed default net type 'wire' in al_ip/pll_gen.v(105)
HDL-1007 : analyze verilog file al_ip/sys_pll.v
HDL-1007 : undeclared symbol 'sys_pll_open0', assumed default net type 'wire' in al_ip/sys_pll.v(77)
HDL-1007 : undeclared symbol 'sys_pll_open1', assumed default net type 'wire' in al_ip/sys_pll.v(83)
HDL-1007 : undeclared symbol 'sys_pll_open9', assumed default net type 'wire' in al_ip/sys_pll.v(89)
HDL-1007 : undeclared symbol 'sys_pll_open8', assumed default net type 'wire' in al_ip/sys_pll.v(89)
HDL-1007 : undeclared symbol 'sys_pll_open7', assumed default net type 'wire' in al_ip/sys_pll.v(89)
HDL-1007 : undeclared symbol 'sys_pll_open6', assumed default net type 'wire' in al_ip/sys_pll.v(89)
HDL-1007 : undeclared symbol 'sys_pll_open5', assumed default net type 'wire' in al_ip/sys_pll.v(89)
HDL-1007 : undeclared symbol 'sys_pll_open4', assumed default net type 'wire' in al_ip/sys_pll.v(89)
HDL-1007 : undeclared symbol 'sys_pll_open3', assumed default net type 'wire' in al_ip/sys_pll.v(89)
HDL-1007 : undeclared symbol 'sys_pll_open2', assumed default net type 'wire' in al_ip/sys_pll.v(89)
HDL-1007 : undeclared symbol 'sys_pll_open11', assumed default net type 'wire' in al_ip/sys_pll.v(91)
HDL-1007 : undeclared symbol 'sys_pll_open10', assumed default net type 'wire' in al_ip/sys_pll.v(91)
HDL-1007 : analyze verilog file ../source_code/rtl/sd_card/ax_debounce.v
HDL-1007 : analyze verilog file ../source_code/rtl/sd_card/bmp_read.v
HDL-1007 : analyze verilog file ../source_code/rtl/sd_card/sd_card_bmp.v
HDL-1007 : analyze verilog file ../source_code/rtl/sd_card/sd_card_cmd.v
HDL-1007 : analyze verilog file ../source_code/rtl/sd_card/sd_card_sec_read_write.v
HDL-1007 : analyze verilog file ../source_code/rtl/sd_card/sd_card_top.v
HDL-1007 : analyze verilog file ../source_code/rtl/sd_card/spi_master.v
HDL-1007 : analyze verilog file ../source_code/rtl/sdram/enc_file/global_def.v
HDL-1007 : analyze verilog file ../source_code/rtl/sdram/enc_file/sdr_as_ram.enc.v
HDL-1007 : back to file '../source_code/rtl/sdram/enc_file/sdr_as_ram.enc.v' in ../source_code/rtl/sdram/enc_file/sdr_as_ram.enc.v(54)
HDL-1007 : analyze verilog file ../source_code/rtl/sdram/enc_file/sdr_wrrd.enc.v
HDL-5007 WARNING: concatenation with an unsized literal will be treated as 32 bits in ../source_code/rtl/sdram/enc_file/sdr_wrrd.enc.v(283)
HDL-1007 : back to file '../source_code/rtl/sdram/enc_file/sdr_wrrd.enc.v' in ../source_code/rtl/sdram/enc_file/sdr_wrrd.enc.v(19)
HDL-1007 : analyze verilog file ../source_code/rtl/frame_fifo/afifo_16_32_256.v
HDL-1007 : analyze verilog file ../source_code/rtl/frame_fifo/afifo_32_16_256.v
HDL-1007 : analyze verilog file ../source_code/rtl/frame_fifo/frame_fifo_read.v
HDL-1007 : analyze verilog file ../source_code/rtl/frame_fifo/frame_fifo_write.v
HDL-1007 : analyze verilog file ../source_code/rtl/frame_fifo/frame_read_write.v
HDL-1007 : analyze verilog file ../source_code/rtl/sdram/sdram.v
HDL-1007 : analyze included file ../source_code/rtl/sdram/enc_file/global_def.v in ../source_code/rtl/sdram/sdram.v(10)
HDL-1007 : back to file '../source_code/rtl/sdram/sdram.v' in ../source_code/rtl/sdram/sdram.v(10)
HDL-1007 : undeclared symbol 'SDR_CKE', assumed default net type 'wire' in ../source_code/rtl/sdram/sdram.v(89)
HDL-1007 : analyze verilog file ../source_code/rtl/sdram/enc_file/sdr_init_ref.enc.v
HDL-1007 : analyze included file ../source_code/rtl/sdram/enc_file/global_def.v in ../source_code/rtl/sdram/enc_file/sdr_init_ref.enc.v(11)
HDL-1007 : back to file '../source_code/rtl/sdram/enc_file/sdr_init_ref.enc.v' in ../source_code/rtl/sdram/enc_file/sdr_init_ref.enc.v(11)
HDL-1007 : undeclared symbol '**', assumed default net type '**' in ../source_code/rtl/sdram/enc_file/sdr_init_ref.enc.v(57)
HDL-1007 : back to file '../source_code/rtl/sdram/enc_file/sdr_init_ref.enc.v' in ../source_code/rtl/sdram/enc_file/sdr_init_ref.enc.v(149)
HDL-5007 WARNING: concatenation with an unsized literal will be treated as 32 bits in ../source_code/rtl/sdram/enc_file/sdr_init_ref.enc.v(47)
HDL-1007 : analyze verilog file ../source_code/rtl/video_timing/color_bar.v
HDL-1007 : analyze included file ../source_code/rtl/video_timing/video_define.v in ../source_code/rtl/video_timing/color_bar.v(2)
HDL-1007 : back to file '../source_code/rtl/video_timing/color_bar.v' in ../source_code/rtl/video_timing/color_bar.v(2)
HDL-1007 : analyze verilog file ../source_code/rtl/video_timing/video_delay.v
HDL-1007 : analyze verilog file ../source_code/rtl/video_timing/video_timing_data.v
HDL-1007 : analyze verilog file ../source_code/rtl/another/m_synchronization_header.v
HDL-1007 : analyze verilog file ../source_code/rtl/led.v
HDL-1007 : analyze verilog file ../source_code/rtl/ov5640/cmos_capture_data.v
HDL-1007 : analyze verilog file ../source_code/rtl/ov5640/i2c_dri.v
HDL-1007 : analyze verilog file ../source_code/rtl/ov5640/i2c_ov5640_rgb565_cfg.v
HDL-1007 : analyze verilog file ../source_code/rtl/ov5640/ov5640_delay.v
HDL-1007 : analyze verilog file ../source_code/rtl/ov5640/ov5640_dri.v
HDL-1007 : analyze verilog file ../source_code/rtl/another/fire_detect.v
HDL-1007 : analyze verilog file al_ip/clk_wize.v
HDL-1007 : undeclared symbol 'open', assumed default net type 'wire' in al_ip/clk_wize.v(70)
HDL-1007 : analyze verilog file al_ip/ram.v
RUN-1002 : start command "commit_param -step design"
RUN-1001 : Print Global Property
RUN-1001 : --------------------------------------------------------
RUN-1001 :   Parameters   |  Settings  |  Default Values  |  Note  
RUN-1001 : --------------------------------------------------------
RUN-1001 :   enable_seed  |    off     |       off        |        
RUN-1001 :     message    |  standard  |     standard     |        
RUN-1001 :   qor_monitor  |     on     |        on        |        
RUN-1001 :   syn_ip_flow  |    off     |       off        |        
RUN-1001 :     thread     |    auto    |       auto       |        
RUN-1001 : --------------------------------------------------------
RUN-1001 : Print Design Property
RUN-1001 : ----------------------------------------------------------------
RUN-1001 :       Parameters       |  Settings  |  Default Values  |  Note  
RUN-1001 : ----------------------------------------------------------------
RUN-1001 :   default_reg_initial  |    auto    |       auto       |        
RUN-1001 :    hdl_warning_level   |   normal   |      normal      |        
RUN-1001 : ----------------------------------------------------------------
HDL-1007 : analyze verilog file last_attempt.v
HDL-1007 : undeclared symbol 'phy_reset', assumed default net type 'wire' in last_attempt.v(166)
HDL-1007 : undeclared symbol 'cam_write_req_ack', assumed default net type 'wire' in last_attempt.v(276)
HDL-1007 : undeclared symbol 'sd_card_write_req_ack', assumed default net type 'wire' in last_attempt.v(277)
HDL-7225 CRITICAL-WARNING: 'sd_card_write_req_ack' is already implicitly declared on line 277 in last_attempt.v(318)
HDL-7225 CRITICAL-WARNING: 'cam_write_req_ack' is already implicitly declared on line 276 in last_attempt.v(375)
HDL-1007 : undeclared symbol 'tpg_data_done', assumed default net type 'wire' in last_attempt.v(568)
HDL-1007 : undeclared symbol 'full_flag', assumed default net type 'wire' in last_attempt.v(602)
HDL-1007 : undeclared symbol 'input_local_udp_port_num', assumed default net type 'wire' in last_attempt.v(633)
HDL-1007 : undeclared symbol 'input_local_udp_port_num_valid', assumed default net type 'wire' in last_attempt.v(634)
HDL-1007 : undeclared symbol 'input_local_ip_address_valid', assumed default net type 'wire' in last_attempt.v(637)
HDL-1007 : analyze verilog file ../source_code/rtl/udp/BUFGMUX.v
HDL-1007 : analyze verilog file ../source_code/rtl/udp/IDDR.v
HDL-1007 : analyze verilog file ../source_code/rtl/udp/ODDR.v
HDL-1007 : analyze verilog file ../source_code/rtl/udp/RAMB16_S9_S9.v
HDL-1007 : undeclared symbol 'open', assumed default net type 'wire' in ../source_code/rtl/udp/RAMB16_S9_S9.v(109)
HDL-1007 : analyze verilog file ../source_code/rtl/udp/clk_gen_rst_gen.v
HDL-1007 : analyze verilog file ../source_code/rtl/udp/div_clk_gen.v
HDL-1007 : analyze verilog file ../source_code/rtl/udp/rgmii_interface.v
HDL-1007 : analyze verilog file ../source_code/rtl/udp/rx_client_fifo.v
HDL-5370 WARNING: parameter 'WAIT_s' becomes localparam in 'rx_client_fifo' with formal parameter declaration list in ../source_code/rtl/udp/rx_client_fifo.v(49)
HDL-5370 WARNING: parameter 'QUEUE1_s' becomes localparam in 'rx_client_fifo' with formal parameter declaration list in ../source_code/rtl/udp/rx_client_fifo.v(50)
HDL-5370 WARNING: parameter 'QUEUE2_s' becomes localparam in 'rx_client_fifo' with formal parameter declaration list in ../source_code/rtl/udp/rx_client_fifo.v(51)
HDL-5370 WARNING: parameter 'QUEUE3_s' becomes localparam in 'rx_client_fifo' with formal parameter declaration list in ../source_code/rtl/udp/rx_client_fifo.v(52)
HDL-5370 WARNING: parameter 'QUEUE_SOF_s' becomes localparam in 'rx_client_fifo' with formal parameter declaration list in ../source_code/rtl/udp/rx_client_fifo.v(53)
HDL-5370 WARNING: parameter 'SOF_s' becomes localparam in 'rx_client_fifo' with formal parameter declaration list in ../source_code/rtl/udp/rx_client_fifo.v(54)
HDL-5370 WARNING: parameter 'DATA_s' becomes localparam in 'rx_client_fifo' with formal parameter declaration list in ../source_code/rtl/udp/rx_client_fifo.v(55)
HDL-5370 WARNING: parameter 'EOF_s' becomes localparam in 'rx_client_fifo' with formal parameter declaration list in ../source_code/rtl/udp/rx_client_fifo.v(56)
HDL-5370 WARNING: parameter 'IDLE_s' becomes localparam in 'rx_client_fifo' with formal parameter declaration list in ../source_code/rtl/udp/rx_client_fifo.v(62)
HDL-5370 WARNING: parameter 'FRAME_s' becomes localparam in 'rx_client_fifo' with formal parameter declaration list in ../source_code/rtl/udp/rx_client_fifo.v(63)
HDL-5370 Similar messages will be suppressed.
HDL-1007 : analyze verilog file ../source_code/rtl/udp/temac_block.v
HDL-1007 : analyze verilog file ../source_code/rtl/udp/temac_clk_gen.v
HDL-1007 : analyze verilog file ../source_code/rtl/udp/tx_client_fifo.v
HDL-5370 WARNING: parameter 'IDLE_s' becomes localparam in 'tx_client_fifo' with formal parameter declaration list in ../source_code/rtl/udp/tx_client_fifo.v(53)
HDL-5370 WARNING: parameter 'QUEUE1_s' becomes localparam in 'tx_client_fifo' with formal parameter declaration list in ../source_code/rtl/udp/tx_client_fifo.v(54)
HDL-5370 WARNING: parameter 'QUEUE2_s' becomes localparam in 'tx_client_fifo' with formal parameter declaration list in ../source_code/rtl/udp/tx_client_fifo.v(55)
HDL-5370 WARNING: parameter 'QUEUE3_s' becomes localparam in 'tx_client_fifo' with formal parameter declaration list in ../source_code/rtl/udp/tx_client_fifo.v(56)
HDL-5370 WARNING: parameter 'QUEUE_ACK_s' becomes localparam in 'tx_client_fifo' with formal parameter declaration list in ../source_code/rtl/udp/tx_client_fifo.v(57)
HDL-5370 WARNING: parameter 'WAIT_ACK_s' becomes localparam in 'tx_client_fifo' with formal parameter declaration list in ../source_code/rtl/udp/tx_client_fifo.v(58)
HDL-5370 WARNING: parameter 'FRAME_s' becomes localparam in 'tx_client_fifo' with formal parameter declaration list in ../source_code/rtl/udp/tx_client_fifo.v(59)
HDL-5370 WARNING: parameter 'DROP_s' becomes localparam in 'tx_client_fifo' with formal parameter declaration list in ../source_code/rtl/udp/tx_client_fifo.v(60)
HDL-5370 WARNING: parameter 'RETRANSMIT_s' becomes localparam in 'tx_client_fifo' with formal parameter declaration list in ../source_code/rtl/udp/tx_client_fifo.v(61)
HDL-5370 WARNING: parameter 'WAIT_s' becomes localparam in 'tx_client_fifo' with formal parameter declaration list in ../source_code/rtl/udp/tx_client_fifo.v(67)
HDL-5370 Similar messages will be suppressed.
HDL-1007 : analyze verilog file ../source_code/rtl/udp/tx_clk_en_gen.v
HDL-1007 : analyze verilog file ../source_code/rtl/udp/udp_data_tpg.v
HDL-1007 : analyze verilog file ../source_code/rtl/udp/udp_ip_protocol_stack_merge.enc.v
HDL-1007 : back to file '../source_code/rtl/udp/udp_ip_protocol_stack_merge.enc.v' in ../source_code/rtl/udp/udp_ip_protocol_stack_merge.enc.v(56)
HDL-1007 : undeclared symbol '**', assumed default net type '**' in ../source_code/rtl/udp/udp_ip_protocol_stack_merge.enc.v(2638)
HDL-1007 : back to file '../source_code/rtl/udp/udp_ip_protocol_stack_merge.enc.v' in ../source_code/rtl/udp/udp_ip_protocol_stack_merge.enc.v(420)
HDL-1007 : analyze verilog file ../source_code/rtl/udp/udp_loopback.v
HDL-1007 : analyze verilog file al_ip/TEMAC_CORE/RTL/include/define.v
HDL-1007 : analyze verilog file al_ip/TEMAC_CORE/RTL/TEMAC_CORE_aead6cd6dadd.v
HDL-5007 WARNING: column 1032 exceeds maximum value 1023 in al_ip/TEMAC_CORE/RTL/TEMAC_CORE_aead6cd6dadd.v(30)
HDL-1007 : back to file 'al_ip/TEMAC_CORE/RTL/TEMAC_CORE_aead6cd6dadd.v' in al_ip/TEMAC_CORE/RTL/TEMAC_CORE_aead6cd6dadd.v(86)
HDL-5007 WARNING: event expressions must result in a singular type in al_ip/TEMAC_CORE/RTL/TEMAC_CORE_aead6cd6dadd.v(3001)
HDL-1007 : undeclared symbol '**', assumed default net type '**' in al_ip/TEMAC_CORE/RTL/TEMAC_CORE_aead6cd6dadd.v(5050)
HDL-1007 : undeclared symbol '**', assumed default net type '**' in al_ip/TEMAC_CORE/RTL/TEMAC_CORE_aead6cd6dadd.v(5458)
HDL-5007 WARNING: column 1035 exceeds maximum value 1023 in al_ip/TEMAC_CORE/RTL/TEMAC_CORE_aead6cd6dadd.v(6001)
HDL-1007 : back to file 'al_ip/TEMAC_CORE/RTL/TEMAC_CORE_aead6cd6dadd.v' in al_ip/TEMAC_CORE/RTL/TEMAC_CORE_aead6cd6dadd.v(260)
HDL-1007 : analyze verilog file al_ip/TEMAC_CORE/RTL/mac_core_aead6cd6dadd.v
HDL-1007 : analyze verilog file al_ip/TEMAC_CORE/TEMAC_CORE.v
HDL-1007 : analyze verilog file al_ip/pll_gen.v
HDL-1007 : undeclared symbol 'pll_gen_open0', assumed default net type 'wire' in al_ip/pll_gen.v(99)
HDL-1007 : undeclared symbol 'pll_gen_open8', assumed default net type 'wire' in al_ip/pll_gen.v(105)
HDL-1007 : undeclared symbol 'pll_gen_open7', assumed default net type 'wire' in al_ip/pll_gen.v(105)
HDL-1007 : undeclared symbol 'pll_gen_open6', assumed default net type 'wire' in al_ip/pll_gen.v(105)
HDL-1007 : undeclared symbol 'pll_gen_open5', assumed default net type 'wire' in al_ip/pll_gen.v(105)
HDL-1007 : undeclared symbol 'pll_gen_open4', assumed default net type 'wire' in al_ip/pll_gen.v(105)
HDL-1007 : undeclared symbol 'pll_gen_open3', assumed default net type 'wire' in al_ip/pll_gen.v(105)
HDL-1007 : undeclared symbol 'pll_gen_open2', assumed default net type 'wire' in al_ip/pll_gen.v(105)
HDL-1007 : undeclared symbol 'pll_gen_open1', assumed default net type 'wire' in al_ip/pll_gen.v(105)
HDL-1007 : analyze verilog file al_ip/sys_pll.v
HDL-1007 : undeclared symbol 'sys_pll_open0', assumed default net type 'wire' in al_ip/sys_pll.v(77)
HDL-1007 : undeclared symbol 'sys_pll_open1', assumed default net type 'wire' in al_ip/sys_pll.v(83)
HDL-1007 : undeclared symbol 'sys_pll_open9', assumed default net type 'wire' in al_ip/sys_pll.v(89)
HDL-1007 : undeclared symbol 'sys_pll_open8', assumed default net type 'wire' in al_ip/sys_pll.v(89)
HDL-1007 : undeclared symbol 'sys_pll_open7', assumed default net type 'wire' in al_ip/sys_pll.v(89)
HDL-1007 : undeclared symbol 'sys_pll_open6', assumed default net type 'wire' in al_ip/sys_pll.v(89)
HDL-1007 : undeclared symbol 'sys_pll_open5', assumed default net type 'wire' in al_ip/sys_pll.v(89)
HDL-1007 : undeclared symbol 'sys_pll_open4', assumed default net type 'wire' in al_ip/sys_pll.v(89)
HDL-1007 : undeclared symbol 'sys_pll_open3', assumed default net type 'wire' in al_ip/sys_pll.v(89)
HDL-1007 : undeclared symbol 'sys_pll_open2', assumed default net type 'wire' in al_ip/sys_pll.v(89)
HDL-1007 : undeclared symbol 'sys_pll_open11', assumed default net type 'wire' in al_ip/sys_pll.v(91)
HDL-1007 : undeclared symbol 'sys_pll_open10', assumed default net type 'wire' in al_ip/sys_pll.v(91)
HDL-1007 : analyze verilog file ../source_code/rtl/sd_card/ax_debounce.v
HDL-1007 : analyze verilog file ../source_code/rtl/sd_card/bmp_read.v
HDL-1007 : analyze verilog file ../source_code/rtl/sd_card/sd_card_bmp.v
HDL-1007 : analyze verilog file ../source_code/rtl/sd_card/sd_card_cmd.v
HDL-1007 : analyze verilog file ../source_code/rtl/sd_card/sd_card_sec_read_write.v
HDL-1007 : analyze verilog file ../source_code/rtl/sd_card/sd_card_top.v
HDL-1007 : analyze verilog file ../source_code/rtl/sd_card/spi_master.v
HDL-1007 : analyze verilog file ../source_code/rtl/sdram/enc_file/global_def.v
HDL-1007 : analyze verilog file ../source_code/rtl/sdram/enc_file/sdr_as_ram.enc.v
HDL-1007 : back to file '../source_code/rtl/sdram/enc_file/sdr_as_ram.enc.v' in ../source_code/rtl/sdram/enc_file/sdr_as_ram.enc.v(54)
HDL-1007 : analyze verilog file ../source_code/rtl/sdram/enc_file/sdr_wrrd.enc.v
HDL-5007 WARNING: concatenation with an unsized literal will be treated as 32 bits in ../source_code/rtl/sdram/enc_file/sdr_wrrd.enc.v(283)
HDL-1007 : back to file '../source_code/rtl/sdram/enc_file/sdr_wrrd.enc.v' in ../source_code/rtl/sdram/enc_file/sdr_wrrd.enc.v(19)
HDL-1007 : analyze verilog file ../source_code/rtl/frame_fifo/afifo_16_32_256.v
HDL-1007 : analyze verilog file ../source_code/rtl/frame_fifo/afifo_32_16_256.v
HDL-1007 : analyze verilog file ../source_code/rtl/frame_fifo/frame_fifo_read.v
HDL-1007 : analyze verilog file ../source_code/rtl/frame_fifo/frame_fifo_write.v
HDL-1007 : analyze verilog file ../source_code/rtl/frame_fifo/frame_read_write.v
HDL-1007 : analyze verilog file ../source_code/rtl/sdram/sdram.v
HDL-1007 : analyze included file ../source_code/rtl/sdram/enc_file/global_def.v in ../source_code/rtl/sdram/sdram.v(10)
HDL-1007 : back to file '../source_code/rtl/sdram/sdram.v' in ../source_code/rtl/sdram/sdram.v(10)
HDL-1007 : undeclared symbol 'SDR_CKE', assumed default net type 'wire' in ../source_code/rtl/sdram/sdram.v(89)
HDL-1007 : analyze verilog file ../source_code/rtl/sdram/enc_file/sdr_init_ref.enc.v
HDL-1007 : analyze included file ../source_code/rtl/sdram/enc_file/global_def.v in ../source_code/rtl/sdram/enc_file/sdr_init_ref.enc.v(11)
HDL-1007 : back to file '../source_code/rtl/sdram/enc_file/sdr_init_ref.enc.v' in ../source_code/rtl/sdram/enc_file/sdr_init_ref.enc.v(11)
HDL-1007 : undeclared symbol '**', assumed default net type '**' in ../source_code/rtl/sdram/enc_file/sdr_init_ref.enc.v(57)
HDL-1007 : back to file '../source_code/rtl/sdram/enc_file/sdr_init_ref.enc.v' in ../source_code/rtl/sdram/enc_file/sdr_init_ref.enc.v(149)
HDL-5007 WARNING: concatenation with an unsized literal will be treated as 32 bits in ../source_code/rtl/sdram/enc_file/sdr_init_ref.enc.v(47)
HDL-1007 : analyze verilog file ../source_code/rtl/video_timing/color_bar.v
HDL-1007 : analyze included file ../source_code/rtl/video_timing/video_define.v in ../source_code/rtl/video_timing/color_bar.v(2)
HDL-1007 : back to file '../source_code/rtl/video_timing/color_bar.v' in ../source_code/rtl/video_timing/color_bar.v(2)
HDL-1007 : analyze verilog file ../source_code/rtl/video_timing/video_delay.v
HDL-1007 : analyze verilog file ../source_code/rtl/video_timing/video_timing_data.v
HDL-1007 : analyze verilog file ../source_code/rtl/another/m_synchronization_header.v
HDL-1007 : analyze verilog file ../source_code/rtl/led.v
HDL-1007 : analyze verilog file ../source_code/rtl/ov5640/cmos_capture_data.v
HDL-1007 : analyze verilog file ../source_code/rtl/ov5640/i2c_dri.v
HDL-1007 : analyze verilog file ../source_code/rtl/ov5640/i2c_ov5640_rgb565_cfg.v
HDL-1007 : analyze verilog file ../source_code/rtl/ov5640/ov5640_delay.v
HDL-1007 : analyze verilog file ../source_code/rtl/ov5640/ov5640_dri.v
HDL-1007 : analyze verilog file ../source_code/rtl/another/fire_detect.v
HDL-1007 : analyze verilog file al_ip/clk_wize.v
HDL-1007 : undeclared symbol 'open', assumed default net type 'wire' in al_ip/clk_wize.v(70)
HDL-1007 : analyze verilog file al_ip/ram.v
HDL-1007 : analyze verilog file ../source_code/rtl/app/addr_crt.v
HDL-1007 : analyze verilog file ../source_code/rtl/app/app.v
HDL-1007 : analyze verilog file ../source_code/rtl/app/vga_disp_rtl.v
HDL-1007 : analyze VHDL file ../source_code/rtl/hdmi_rtl/enc_file/DVITransmitter.enc.vhd
HDL-1007 : analyze entity dvitransmitter in ../source_code/rtl/hdmi_rtl/enc_file/DVITransmitter.enc.vhd(13)
HDL-1007 : analyze architecture ** in ../source_code/rtl/hdmi_rtl/enc_file/DVITransmitter.enc.vhd(2)
HDL-1007 : analyze VHDL file ../source_code/rtl/hdmi_rtl/enc_file/SerializerN_1_lvds.enc.vhd
HDL-1007 : analyze entity ** in ../source_code/rtl/hdmi_rtl/enc_file/SerializerN_1_lvds.enc.vhd(12)
HDL-1007 : analyze architecture ** in ../source_code/rtl/hdmi_rtl/enc_file/SerializerN_1_lvds.enc.vhd(25)
HDL-1007 : analyze VHDL file ../source_code/rtl/hdmi_rtl/enc_file/SerializerN_1_lvds_dat.enc.vhd
HDL-1007 : analyze entity ** in ../source_code/rtl/hdmi_rtl/enc_file/SerializerN_1_lvds_dat.enc.vhd(14)
HDL-1007 : analyze architecture ** in ../source_code/rtl/hdmi_rtl/enc_file/SerializerN_1_lvds_dat.enc.vhd(28)
HDL-1007 : analyze VHDL file ../source_code/rtl/hdmi_rtl/enc_file/TMDSEncoder.enc.vhd
HDL-1007 : analyze entity ** in ../source_code/rtl/hdmi_rtl/enc_file/TMDSEncoder.enc.vhd(13)
HDL-1007 : analyze architecture ** in ../source_code/rtl/hdmi_rtl/enc_file/TMDSEncoder.enc.vhd(24)
HDL-1007 : analyze verilog file ../source_code/rtl/hdmi_rtl/enc_file/video_tpg_1024768.enc.v
HDL-5007 WARNING: literal value ** truncated to fit in ** bits in ../source_code/rtl/hdmi_rtl/enc_file/video_tpg_1024768.enc.v(231)
HDL-1007 : back to file '../source_code/rtl/hdmi_rtl/enc_file/video_tpg_1024768.enc.v' in ../source_code/rtl/hdmi_rtl/enc_file/video_tpg_1024768.enc.v(1)
HDL-1007 : analyze verilog file ../source_code/rtl/hdmi_rtl/enc_file/video_tpg_1080p.enc.v
HDL-1007 : back to file '../source_code/rtl/hdmi_rtl/enc_file/video_tpg_1080p.enc.v' in ../source_code/rtl/hdmi_rtl/enc_file/video_tpg_1080p.enc.v(1)
HDL-1007 : analyze verilog file ../source_code/rtl/hdmi_rtl/enc_file/video_tpg_12801024p.enc.v
HDL-1007 : back to file '../source_code/rtl/hdmi_rtl/enc_file/video_tpg_12801024p.enc.v' in ../source_code/rtl/hdmi_rtl/enc_file/video_tpg_12801024p.enc.v(1)
HDL-1007 : analyze verilog file ../source_code/rtl/hdmi_rtl/enc_file/video_tpg_1280800.enc.v
HDL-5007 WARNING: literal value ** truncated to fit in ** bits in ../source_code/rtl/hdmi_rtl/enc_file/video_tpg_1280800.enc.v(233)
HDL-1007 : back to file '../source_code/rtl/hdmi_rtl/enc_file/video_tpg_1280800.enc.v' in ../source_code/rtl/hdmi_rtl/enc_file/video_tpg_1280800.enc.v(1)
HDL-1007 : analyze verilog file ../source_code/rtl/hdmi_rtl/enc_file/video_tpg_16801050p.enc.v
HDL-1007 : back to file '../source_code/rtl/hdmi_rtl/enc_file/video_tpg_16801050p.enc.v' in ../source_code/rtl/hdmi_rtl/enc_file/video_tpg_16801050p.enc.v(1)
HDL-1007 : analyze verilog file ../source_code/rtl/hdmi_rtl/enc_file/video_tpg_800600.enc.v
HDL-1007 : back to file '../source_code/rtl/hdmi_rtl/enc_file/video_tpg_800600.enc.v' in ../source_code/rtl/hdmi_rtl/enc_file/video_tpg_800600.enc.v(1)
HDL-1007 : analyze verilog file ../source_code/rtl/hdmi_rtl/hdmi_top.v
HDL-1007 : analyze VHDL file ../source_code/rtl/hdmi_rtl/hdmi_tx.vhd
HDL-1007 : analyze entity hdmi_tx in ../source_code/rtl/hdmi_rtl/hdmi_tx.vhd(11)
HDL-1007 : analyze architecture behavioral in ../source_code/rtl/hdmi_rtl/hdmi_tx.vhd(33)
HDL-1007 : analyze verilog file ../source_code/rtl/hdmi_rtl/hdmi_tx_display.v
HDL-1007 : undeclared symbol 'pixel_clk_5x', assumed default net type 'wire' in ../source_code/rtl/hdmi_rtl/hdmi_tx_display.v(25)
HDL-1007 : undeclared symbol 'pixel_clk', assumed default net type 'wire' in ../source_code/rtl/hdmi_rtl/hdmi_tx_display.v(26)
HDL-1007 : analyze verilog file ../source_code/rtl/hdmi_rtl/vga_disp_rtl.v
HDL-7201 CRITICAL-WARNING: overwrite current module 'vga_disp_rtl' in ../source_code/rtl/hdmi_rtl/vga_disp_rtl.v(1)
HDL-7307 CRITICAL-WARNING: previous definition of design element module 'vga_disp_rtl' is here. This is because multiple modules(values) with the same name are defined. Please consider rewriting code in ../source_code/rtl/app/vga_disp_rtl.v(1)
RUN-1002 : start command "commit_param -step design"
RUN-1001 : Print Global Property
RUN-1001 : --------------------------------------------------------
RUN-1001 :   Parameters   |  Settings  |  Default Values  |  Note  
RUN-1001 : --------------------------------------------------------
RUN-1001 :   enable_seed  |    off     |       off        |        
RUN-1001 :     message    |  standard  |     standard     |        
RUN-1001 :   qor_monitor  |     on     |        on        |        
RUN-1001 :   syn_ip_flow  |    off     |       off        |        
RUN-1001 :     thread     |    auto    |       auto       |        
RUN-1001 : --------------------------------------------------------
RUN-1001 : Print Design Property
RUN-1001 : ----------------------------------------------------------------
RUN-1001 :       Parameters       |  Settings  |  Default Values  |  Note  
RUN-1001 : ----------------------------------------------------------------
RUN-1001 :   default_reg_initial  |    auto    |       auto       |        
RUN-1001 :    hdl_warning_level   |   normal   |      normal      |        
RUN-1001 : ----------------------------------------------------------------
HDL-1007 : analyze verilog file last_attempt.v
HDL-1007 : undeclared symbol 'phy_reset', assumed default net type 'wire' in last_attempt.v(166)
HDL-1007 : undeclared symbol 'cam_write_req_ack', assumed default net type 'wire' in last_attempt.v(276)
HDL-1007 : undeclared symbol 'sd_card_write_req_ack', assumed default net type 'wire' in last_attempt.v(277)
HDL-1007 : undeclared symbol 'pixel_clk_5x', assumed default net type 'wire' in last_attempt.v(306)
HDL-1007 : undeclared symbol 'pixel_clk', assumed default net type 'wire' in last_attempt.v(307)
HDL-1007 : undeclared symbol 'VGA_HSYNC', assumed default net type 'wire' in last_attempt.v(323)
HDL-1007 : undeclared symbol 'VGA_VSYNC', assumed default net type 'wire' in last_attempt.v(324)
HDL-1007 : undeclared symbol 'rd_en', assumed default net type 'wire' in last_attempt.v(326)
HDL-7225 CRITICAL-WARNING: 'sd_card_write_req_ack' is already implicitly declared on line 277 in last_attempt.v(379)
HDL-7225 CRITICAL-WARNING: 'cam_write_req_ack' is already implicitly declared on line 276 in last_attempt.v(436)
HDL-1007 : undeclared symbol 'tpg_data_done', assumed default net type 'wire' in last_attempt.v(629)
HDL-1007 : undeclared symbol 'full_flag', assumed default net type 'wire' in last_attempt.v(663)
HDL-1007 : undeclared symbol 'input_local_udp_port_num', assumed default net type 'wire' in last_attempt.v(694)
HDL-1007 : undeclared symbol 'input_local_udp_port_num_valid', assumed default net type 'wire' in last_attempt.v(695)
HDL-1007 : undeclared symbol 'input_local_ip_address_valid', assumed default net type 'wire' in last_attempt.v(698)
HDL-1007 : analyze verilog file ../source_code/rtl/udp/BUFGMUX.v
HDL-1007 : analyze verilog file ../source_code/rtl/udp/IDDR.v
HDL-1007 : analyze verilog file ../source_code/rtl/udp/ODDR.v
HDL-1007 : analyze verilog file ../source_code/rtl/udp/RAMB16_S9_S9.v
HDL-1007 : undeclared symbol 'open', assumed default net type 'wire' in ../source_code/rtl/udp/RAMB16_S9_S9.v(109)
HDL-1007 : analyze verilog file ../source_code/rtl/udp/clk_gen_rst_gen.v
HDL-1007 : analyze verilog file ../source_code/rtl/udp/div_clk_gen.v
HDL-1007 : analyze verilog file ../source_code/rtl/udp/rgmii_interface.v
HDL-1007 : analyze verilog file ../source_code/rtl/udp/rx_client_fifo.v
HDL-5370 WARNING: parameter 'WAIT_s' becomes localparam in 'rx_client_fifo' with formal parameter declaration list in ../source_code/rtl/udp/rx_client_fifo.v(49)
HDL-5370 WARNING: parameter 'QUEUE1_s' becomes localparam in 'rx_client_fifo' with formal parameter declaration list in ../source_code/rtl/udp/rx_client_fifo.v(50)
HDL-5370 WARNING: parameter 'QUEUE2_s' becomes localparam in 'rx_client_fifo' with formal parameter declaration list in ../source_code/rtl/udp/rx_client_fifo.v(51)
HDL-5370 WARNING: parameter 'QUEUE3_s' becomes localparam in 'rx_client_fifo' with formal parameter declaration list in ../source_code/rtl/udp/rx_client_fifo.v(52)
HDL-5370 WARNING: parameter 'QUEUE_SOF_s' becomes localparam in 'rx_client_fifo' with formal parameter declaration list in ../source_code/rtl/udp/rx_client_fifo.v(53)
HDL-5370 WARNING: parameter 'SOF_s' becomes localparam in 'rx_client_fifo' with formal parameter declaration list in ../source_code/rtl/udp/rx_client_fifo.v(54)
HDL-5370 WARNING: parameter 'DATA_s' becomes localparam in 'rx_client_fifo' with formal parameter declaration list in ../source_code/rtl/udp/rx_client_fifo.v(55)
HDL-5370 WARNING: parameter 'EOF_s' becomes localparam in 'rx_client_fifo' with formal parameter declaration list in ../source_code/rtl/udp/rx_client_fifo.v(56)
HDL-5370 WARNING: parameter 'IDLE_s' becomes localparam in 'rx_client_fifo' with formal parameter declaration list in ../source_code/rtl/udp/rx_client_fifo.v(62)
HDL-5370 WARNING: parameter 'FRAME_s' becomes localparam in 'rx_client_fifo' with formal parameter declaration list in ../source_code/rtl/udp/rx_client_fifo.v(63)
HDL-5370 Similar messages will be suppressed.
HDL-1007 : analyze verilog file ../source_code/rtl/udp/temac_block.v
HDL-1007 : analyze verilog file ../source_code/rtl/udp/temac_clk_gen.v
HDL-1007 : analyze verilog file ../source_code/rtl/udp/tx_client_fifo.v
HDL-5370 WARNING: parameter 'IDLE_s' becomes localparam in 'tx_client_fifo' with formal parameter declaration list in ../source_code/rtl/udp/tx_client_fifo.v(53)
HDL-5370 WARNING: parameter 'QUEUE1_s' becomes localparam in 'tx_client_fifo' with formal parameter declaration list in ../source_code/rtl/udp/tx_client_fifo.v(54)
HDL-5370 WARNING: parameter 'QUEUE2_s' becomes localparam in 'tx_client_fifo' with formal parameter declaration list in ../source_code/rtl/udp/tx_client_fifo.v(55)
HDL-5370 WARNING: parameter 'QUEUE3_s' becomes localparam in 'tx_client_fifo' with formal parameter declaration list in ../source_code/rtl/udp/tx_client_fifo.v(56)
HDL-5370 WARNING: parameter 'QUEUE_ACK_s' becomes localparam in 'tx_client_fifo' with formal parameter declaration list in ../source_code/rtl/udp/tx_client_fifo.v(57)
HDL-5370 WARNING: parameter 'WAIT_ACK_s' becomes localparam in 'tx_client_fifo' with formal parameter declaration list in ../source_code/rtl/udp/tx_client_fifo.v(58)
HDL-5370 WARNING: parameter 'FRAME_s' becomes localparam in 'tx_client_fifo' with formal parameter declaration list in ../source_code/rtl/udp/tx_client_fifo.v(59)
HDL-5370 WARNING: parameter 'DROP_s' becomes localparam in 'tx_client_fifo' with formal parameter declaration list in ../source_code/rtl/udp/tx_client_fifo.v(60)
HDL-5370 WARNING: parameter 'RETRANSMIT_s' becomes localparam in 'tx_client_fifo' with formal parameter declaration list in ../source_code/rtl/udp/tx_client_fifo.v(61)
HDL-5370 WARNING: parameter 'WAIT_s' becomes localparam in 'tx_client_fifo' with formal parameter declaration list in ../source_code/rtl/udp/tx_client_fifo.v(67)
HDL-5370 Similar messages will be suppressed.
HDL-1007 : analyze verilog file ../source_code/rtl/udp/tx_clk_en_gen.v
HDL-1007 : analyze verilog file ../source_code/rtl/udp/udp_data_tpg.v
HDL-1007 : analyze verilog file ../source_code/rtl/udp/udp_ip_protocol_stack_merge.enc.v
HDL-1007 : back to file '../source_code/rtl/udp/udp_ip_protocol_stack_merge.enc.v' in ../source_code/rtl/udp/udp_ip_protocol_stack_merge.enc.v(56)
HDL-1007 : undeclared symbol '**', assumed default net type '**' in ../source_code/rtl/udp/udp_ip_protocol_stack_merge.enc.v(2638)
HDL-1007 : back to file '../source_code/rtl/udp/udp_ip_protocol_stack_merge.enc.v' in ../source_code/rtl/udp/udp_ip_protocol_stack_merge.enc.v(420)
HDL-1007 : analyze verilog file ../source_code/rtl/udp/udp_loopback.v
HDL-1007 : analyze verilog file al_ip/TEMAC_CORE/RTL/include/define.v
HDL-1007 : analyze verilog file al_ip/TEMAC_CORE/RTL/TEMAC_CORE_aead6cd6dadd.v
HDL-5007 WARNING: column 1032 exceeds maximum value 1023 in al_ip/TEMAC_CORE/RTL/TEMAC_CORE_aead6cd6dadd.v(30)
HDL-1007 : back to file 'al_ip/TEMAC_CORE/RTL/TEMAC_CORE_aead6cd6dadd.v' in al_ip/TEMAC_CORE/RTL/TEMAC_CORE_aead6cd6dadd.v(86)
HDL-5007 WARNING: event expressions must result in a singular type in al_ip/TEMAC_CORE/RTL/TEMAC_CORE_aead6cd6dadd.v(3001)
HDL-1007 : undeclared symbol '**', assumed default net type '**' in al_ip/TEMAC_CORE/RTL/TEMAC_CORE_aead6cd6dadd.v(5050)
HDL-1007 : undeclared symbol '**', assumed default net type '**' in al_ip/TEMAC_CORE/RTL/TEMAC_CORE_aead6cd6dadd.v(5458)
HDL-5007 WARNING: column 1035 exceeds maximum value 1023 in al_ip/TEMAC_CORE/RTL/TEMAC_CORE_aead6cd6dadd.v(6001)
HDL-1007 : back to file 'al_ip/TEMAC_CORE/RTL/TEMAC_CORE_aead6cd6dadd.v' in al_ip/TEMAC_CORE/RTL/TEMAC_CORE_aead6cd6dadd.v(260)
HDL-1007 : analyze verilog file al_ip/TEMAC_CORE/RTL/mac_core_aead6cd6dadd.v
HDL-1007 : analyze verilog file al_ip/TEMAC_CORE/TEMAC_CORE.v
HDL-1007 : analyze verilog file al_ip/pll_gen.v
HDL-1007 : undeclared symbol 'pll_gen_open0', assumed default net type 'wire' in al_ip/pll_gen.v(99)
HDL-1007 : undeclared symbol 'pll_gen_open8', assumed default net type 'wire' in al_ip/pll_gen.v(105)
HDL-1007 : undeclared symbol 'pll_gen_open7', assumed default net type 'wire' in al_ip/pll_gen.v(105)
HDL-1007 : undeclared symbol 'pll_gen_open6', assumed default net type 'wire' in al_ip/pll_gen.v(105)
HDL-1007 : undeclared symbol 'pll_gen_open5', assumed default net type 'wire' in al_ip/pll_gen.v(105)
HDL-1007 : undeclared symbol 'pll_gen_open4', assumed default net type 'wire' in al_ip/pll_gen.v(105)
HDL-1007 : undeclared symbol 'pll_gen_open3', assumed default net type 'wire' in al_ip/pll_gen.v(105)
HDL-1007 : undeclared symbol 'pll_gen_open2', assumed default net type 'wire' in al_ip/pll_gen.v(105)
HDL-1007 : undeclared symbol 'pll_gen_open1', assumed default net type 'wire' in al_ip/pll_gen.v(105)
HDL-1007 : analyze verilog file al_ip/sys_pll.v
HDL-1007 : undeclared symbol 'sys_pll_open0', assumed default net type 'wire' in al_ip/sys_pll.v(77)
HDL-1007 : undeclared symbol 'sys_pll_open1', assumed default net type 'wire' in al_ip/sys_pll.v(83)
HDL-1007 : undeclared symbol 'sys_pll_open9', assumed default net type 'wire' in al_ip/sys_pll.v(89)
HDL-1007 : undeclared symbol 'sys_pll_open8', assumed default net type 'wire' in al_ip/sys_pll.v(89)
HDL-1007 : undeclared symbol 'sys_pll_open7', assumed default net type 'wire' in al_ip/sys_pll.v(89)
HDL-1007 : undeclared symbol 'sys_pll_open6', assumed default net type 'wire' in al_ip/sys_pll.v(89)
HDL-1007 : undeclared symbol 'sys_pll_open5', assumed default net type 'wire' in al_ip/sys_pll.v(89)
HDL-1007 : undeclared symbol 'sys_pll_open4', assumed default net type 'wire' in al_ip/sys_pll.v(89)
HDL-1007 : undeclared symbol 'sys_pll_open3', assumed default net type 'wire' in al_ip/sys_pll.v(89)
HDL-1007 : undeclared symbol 'sys_pll_open2', assumed default net type 'wire' in al_ip/sys_pll.v(89)
HDL-1007 : undeclared symbol 'sys_pll_open11', assumed default net type 'wire' in al_ip/sys_pll.v(91)
HDL-1007 : undeclared symbol 'sys_pll_open10', assumed default net type 'wire' in al_ip/sys_pll.v(91)
HDL-1007 : analyze verilog file ../source_code/rtl/sd_card/ax_debounce.v
HDL-1007 : analyze verilog file ../source_code/rtl/sd_card/bmp_read.v
HDL-1007 : analyze verilog file ../source_code/rtl/sd_card/sd_card_bmp.v
HDL-1007 : analyze verilog file ../source_code/rtl/sd_card/sd_card_cmd.v
HDL-1007 : analyze verilog file ../source_code/rtl/sd_card/sd_card_sec_read_write.v
HDL-1007 : analyze verilog file ../source_code/rtl/sd_card/sd_card_top.v
HDL-1007 : analyze verilog file ../source_code/rtl/sd_card/spi_master.v
HDL-1007 : analyze verilog file ../source_code/rtl/sdram/enc_file/global_def.v
HDL-1007 : analyze verilog file ../source_code/rtl/sdram/enc_file/sdr_as_ram.enc.v
HDL-1007 : back to file '../source_code/rtl/sdram/enc_file/sdr_as_ram.enc.v' in ../source_code/rtl/sdram/enc_file/sdr_as_ram.enc.v(54)
HDL-1007 : analyze verilog file ../source_code/rtl/sdram/enc_file/sdr_wrrd.enc.v
HDL-5007 WARNING: concatenation with an unsized literal will be treated as 32 bits in ../source_code/rtl/sdram/enc_file/sdr_wrrd.enc.v(283)
HDL-1007 : back to file '../source_code/rtl/sdram/enc_file/sdr_wrrd.enc.v' in ../source_code/rtl/sdram/enc_file/sdr_wrrd.enc.v(19)
HDL-1007 : analyze verilog file ../source_code/rtl/frame_fifo/afifo_16_32_256.v
HDL-1007 : analyze verilog file ../source_code/rtl/frame_fifo/afifo_32_16_256.v
HDL-1007 : analyze verilog file ../source_code/rtl/frame_fifo/frame_fifo_read.v
HDL-1007 : analyze verilog file ../source_code/rtl/frame_fifo/frame_fifo_write.v
HDL-1007 : analyze verilog file ../source_code/rtl/frame_fifo/frame_read_write.v
HDL-1007 : analyze verilog file ../source_code/rtl/sdram/sdram.v
HDL-1007 : analyze included file ../source_code/rtl/sdram/enc_file/global_def.v in ../source_code/rtl/sdram/sdram.v(10)
HDL-1007 : back to file '../source_code/rtl/sdram/sdram.v' in ../source_code/rtl/sdram/sdram.v(10)
HDL-1007 : undeclared symbol 'SDR_CKE', assumed default net type 'wire' in ../source_code/rtl/sdram/sdram.v(89)
HDL-1007 : analyze verilog file ../source_code/rtl/sdram/enc_file/sdr_init_ref.enc.v
HDL-1007 : analyze included file ../source_code/rtl/sdram/enc_file/global_def.v in ../source_code/rtl/sdram/enc_file/sdr_init_ref.enc.v(11)
HDL-1007 : back to file '../source_code/rtl/sdram/enc_file/sdr_init_ref.enc.v' in ../source_code/rtl/sdram/enc_file/sdr_init_ref.enc.v(11)
HDL-1007 : undeclared symbol '**', assumed default net type '**' in ../source_code/rtl/sdram/enc_file/sdr_init_ref.enc.v(57)
HDL-1007 : back to file '../source_code/rtl/sdram/enc_file/sdr_init_ref.enc.v' in ../source_code/rtl/sdram/enc_file/sdr_init_ref.enc.v(149)
HDL-5007 WARNING: concatenation with an unsized literal will be treated as 32 bits in ../source_code/rtl/sdram/enc_file/sdr_init_ref.enc.v(47)
HDL-1007 : analyze verilog file ../source_code/rtl/video_timing/color_bar.v
HDL-1007 : analyze included file ../source_code/rtl/video_timing/video_define.v in ../source_code/rtl/video_timing/color_bar.v(2)
HDL-1007 : back to file '../source_code/rtl/video_timing/color_bar.v' in ../source_code/rtl/video_timing/color_bar.v(2)
HDL-1007 : analyze verilog file ../source_code/rtl/video_timing/video_delay.v
HDL-1007 : analyze verilog file ../source_code/rtl/video_timing/video_timing_data.v
HDL-1007 : analyze verilog file ../source_code/rtl/another/m_synchronization_header.v
HDL-1007 : analyze verilog file ../source_code/rtl/led.v
HDL-1007 : analyze verilog file ../source_code/rtl/ov5640/cmos_capture_data.v
HDL-1007 : analyze verilog file ../source_code/rtl/ov5640/i2c_dri.v
HDL-1007 : analyze verilog file ../source_code/rtl/ov5640/i2c_ov5640_rgb565_cfg.v
HDL-1007 : analyze verilog file ../source_code/rtl/ov5640/ov5640_delay.v
HDL-1007 : analyze verilog file ../source_code/rtl/ov5640/ov5640_dri.v
HDL-1007 : analyze verilog file ../source_code/rtl/another/fire_detect.v
HDL-1007 : analyze verilog file al_ip/clk_wize.v
HDL-1007 : undeclared symbol 'open', assumed default net type 'wire' in al_ip/clk_wize.v(70)
HDL-1007 : analyze verilog file al_ip/ram.v
HDL-1007 : analyze verilog file ../source_code/rtl/app/addr_crt.v
HDL-1007 : analyze verilog file ../source_code/rtl/app/app.v
HDL-1007 : analyze verilog file ../source_code/rtl/app/vga_disp_rtl.v
HDL-1007 : analyze VHDL file ../source_code/rtl/hdmi_rtl/enc_file/DVITransmitter.enc.vhd
HDL-1007 : analyze entity dvitransmitter in ../source_code/rtl/hdmi_rtl/enc_file/DVITransmitter.enc.vhd(13)
HDL-1007 : analyze architecture ** in ../source_code/rtl/hdmi_rtl/enc_file/DVITransmitter.enc.vhd(2)
HDL-1007 : analyze VHDL file ../source_code/rtl/hdmi_rtl/enc_file/SerializerN_1_lvds.enc.vhd
HDL-1007 : analyze entity ** in ../source_code/rtl/hdmi_rtl/enc_file/SerializerN_1_lvds.enc.vhd(12)
HDL-1007 : analyze architecture ** in ../source_code/rtl/hdmi_rtl/enc_file/SerializerN_1_lvds.enc.vhd(25)
HDL-1007 : analyze VHDL file ../source_code/rtl/hdmi_rtl/enc_file/SerializerN_1_lvds_dat.enc.vhd
HDL-1007 : analyze entity ** in ../source_code/rtl/hdmi_rtl/enc_file/SerializerN_1_lvds_dat.enc.vhd(14)
HDL-1007 : analyze architecture ** in ../source_code/rtl/hdmi_rtl/enc_file/SerializerN_1_lvds_dat.enc.vhd(28)
HDL-1007 : analyze VHDL file ../source_code/rtl/hdmi_rtl/enc_file/TMDSEncoder.enc.vhd
HDL-1007 : analyze entity ** in ../source_code/rtl/hdmi_rtl/enc_file/TMDSEncoder.enc.vhd(13)
HDL-1007 : analyze architecture ** in ../source_code/rtl/hdmi_rtl/enc_file/TMDSEncoder.enc.vhd(24)
HDL-1007 : analyze verilog file ../source_code/rtl/hdmi_rtl/enc_file/video_tpg_1024768.enc.v
HDL-5007 WARNING: literal value ** truncated to fit in ** bits in ../source_code/rtl/hdmi_rtl/enc_file/video_tpg_1024768.enc.v(231)
HDL-1007 : back to file '../source_code/rtl/hdmi_rtl/enc_file/video_tpg_1024768.enc.v' in ../source_code/rtl/hdmi_rtl/enc_file/video_tpg_1024768.enc.v(1)
HDL-1007 : analyze verilog file ../source_code/rtl/hdmi_rtl/enc_file/video_tpg_1080p.enc.v
HDL-1007 : back to file '../source_code/rtl/hdmi_rtl/enc_file/video_tpg_1080p.enc.v' in ../source_code/rtl/hdmi_rtl/enc_file/video_tpg_1080p.enc.v(1)
HDL-1007 : analyze verilog file ../source_code/rtl/hdmi_rtl/enc_file/video_tpg_12801024p.enc.v
HDL-1007 : back to file '../source_code/rtl/hdmi_rtl/enc_file/video_tpg_12801024p.enc.v' in ../source_code/rtl/hdmi_rtl/enc_file/video_tpg_12801024p.enc.v(1)
HDL-1007 : analyze verilog file ../source_code/rtl/hdmi_rtl/enc_file/video_tpg_1280800.enc.v
HDL-5007 WARNING: literal value ** truncated to fit in ** bits in ../source_code/rtl/hdmi_rtl/enc_file/video_tpg_1280800.enc.v(233)
HDL-1007 : back to file '../source_code/rtl/hdmi_rtl/enc_file/video_tpg_1280800.enc.v' in ../source_code/rtl/hdmi_rtl/enc_file/video_tpg_1280800.enc.v(1)
HDL-1007 : analyze verilog file ../source_code/rtl/hdmi_rtl/enc_file/video_tpg_16801050p.enc.v
HDL-1007 : back to file '../source_code/rtl/hdmi_rtl/enc_file/video_tpg_16801050p.enc.v' in ../source_code/rtl/hdmi_rtl/enc_file/video_tpg_16801050p.enc.v(1)
HDL-1007 : analyze verilog file ../source_code/rtl/hdmi_rtl/enc_file/video_tpg_800600.enc.v
HDL-1007 : back to file '../source_code/rtl/hdmi_rtl/enc_file/video_tpg_800600.enc.v' in ../source_code/rtl/hdmi_rtl/enc_file/video_tpg_800600.enc.v(1)
HDL-1007 : analyze verilog file ../source_code/rtl/hdmi_rtl/hdmi_top.v
HDL-1007 : analyze VHDL file ../source_code/rtl/hdmi_rtl/hdmi_tx.vhd
HDL-1007 : analyze entity hdmi_tx in ../source_code/rtl/hdmi_rtl/hdmi_tx.vhd(11)
HDL-1007 : analyze architecture behavioral in ../source_code/rtl/hdmi_rtl/hdmi_tx.vhd(33)
HDL-1007 : analyze verilog file ../source_code/rtl/hdmi_rtl/hdmi_tx_display.v
HDL-1007 : undeclared symbol 'pixel_clk_5x', assumed default net type 'wire' in ../source_code/rtl/hdmi_rtl/hdmi_tx_display.v(25)
HDL-1007 : undeclared symbol 'pixel_clk', assumed default net type 'wire' in ../source_code/rtl/hdmi_rtl/hdmi_tx_display.v(26)
HDL-1007 : analyze verilog file ../source_code/rtl/hdmi_rtl/vga_disp_rtl.v
HDL-7201 CRITICAL-WARNING: overwrite current module 'vga_disp_rtl' in ../source_code/rtl/hdmi_rtl/vga_disp_rtl.v(1)
HDL-7307 CRITICAL-WARNING: previous definition of design element module 'vga_disp_rtl' is here. This is because multiple modules(values) with the same name are defined. Please consider rewriting code in ../source_code/rtl/app/vga_disp_rtl.v(1)
RUN-1002 : start command "commit_param -step design"
RUN-1001 : Print Global Property
RUN-1001 : --------------------------------------------------------
RUN-1001 :   Parameters   |  Settings  |  Default Values  |  Note  
RUN-1001 : --------------------------------------------------------
RUN-1001 :   enable_seed  |    off     |       off        |        
RUN-1001 :     message    |  standard  |     standard     |        
RUN-1001 :   qor_monitor  |     on     |        on        |        
RUN-1001 :   syn_ip_flow  |    off     |       off        |        
RUN-1001 :     thread     |    auto    |       auto       |        
RUN-1001 : --------------------------------------------------------
RUN-1001 : Print Design Property
RUN-1001 : ----------------------------------------------------------------
RUN-1001 :       Parameters       |  Settings  |  Default Values  |  Note  
RUN-1001 : ----------------------------------------------------------------
RUN-1001 :   default_reg_initial  |    auto    |       auto       |        
RUN-1001 :    hdl_warning_level   |   normal   |      normal      |        
RUN-1001 : ----------------------------------------------------------------
HDL-1007 : analyze verilog file last_attempt.v
HDL-1007 : undeclared symbol 'phy_reset', assumed default net type 'wire' in last_attempt.v(166)
HDL-1007 : undeclared symbol 'cam_write_req_ack', assumed default net type 'wire' in last_attempt.v(276)
HDL-1007 : undeclared symbol 'sd_card_write_req_ack', assumed default net type 'wire' in last_attempt.v(277)
HDL-1007 : undeclared symbol 'pixel_clk_5x', assumed default net type 'wire' in last_attempt.v(306)
HDL-1007 : undeclared symbol 'pixel_clk', assumed default net type 'wire' in last_attempt.v(307)
HDL-1007 : undeclared symbol 'VGA_HSYNC', assumed default net type 'wire' in last_attempt.v(323)
HDL-1007 : undeclared symbol 'VGA_VSYNC', assumed default net type 'wire' in last_attempt.v(324)
HDL-1007 : undeclared symbol 'rd_en', assumed default net type 'wire' in last_attempt.v(326)
HDL-7225 CRITICAL-WARNING: 'sd_card_write_req_ack' is already implicitly declared on line 277 in last_attempt.v(379)
HDL-7225 CRITICAL-WARNING: 'cam_write_req_ack' is already implicitly declared on line 276 in last_attempt.v(436)
HDL-1007 : undeclared symbol 'tpg_data_done', assumed default net type 'wire' in last_attempt.v(629)
HDL-1007 : undeclared symbol 'full_flag', assumed default net type 'wire' in last_attempt.v(663)
HDL-1007 : undeclared symbol 'input_local_udp_port_num', assumed default net type 'wire' in last_attempt.v(694)
HDL-1007 : undeclared symbol 'input_local_udp_port_num_valid', assumed default net type 'wire' in last_attempt.v(695)
HDL-1007 : undeclared symbol 'input_local_ip_address_valid', assumed default net type 'wire' in last_attempt.v(698)
HDL-1007 : analyze verilog file ../source_code/rtl/udp/BUFGMUX.v
HDL-1007 : analyze verilog file ../source_code/rtl/udp/IDDR.v
HDL-1007 : analyze verilog file ../source_code/rtl/udp/ODDR.v
HDL-1007 : analyze verilog file ../source_code/rtl/udp/RAMB16_S9_S9.v
HDL-1007 : undeclared symbol 'open', assumed default net type 'wire' in ../source_code/rtl/udp/RAMB16_S9_S9.v(109)
HDL-1007 : analyze verilog file ../source_code/rtl/udp/clk_gen_rst_gen.v
HDL-1007 : analyze verilog file ../source_code/rtl/udp/div_clk_gen.v
HDL-1007 : analyze verilog file ../source_code/rtl/udp/rgmii_interface.v
HDL-1007 : analyze verilog file ../source_code/rtl/udp/rx_client_fifo.v
HDL-5370 WARNING: parameter 'WAIT_s' becomes localparam in 'rx_client_fifo' with formal parameter declaration list in ../source_code/rtl/udp/rx_client_fifo.v(49)
HDL-5370 WARNING: parameter 'QUEUE1_s' becomes localparam in 'rx_client_fifo' with formal parameter declaration list in ../source_code/rtl/udp/rx_client_fifo.v(50)
HDL-5370 WARNING: parameter 'QUEUE2_s' becomes localparam in 'rx_client_fifo' with formal parameter declaration list in ../source_code/rtl/udp/rx_client_fifo.v(51)
HDL-5370 WARNING: parameter 'QUEUE3_s' becomes localparam in 'rx_client_fifo' with formal parameter declaration list in ../source_code/rtl/udp/rx_client_fifo.v(52)
HDL-5370 WARNING: parameter 'QUEUE_SOF_s' becomes localparam in 'rx_client_fifo' with formal parameter declaration list in ../source_code/rtl/udp/rx_client_fifo.v(53)
HDL-5370 WARNING: parameter 'SOF_s' becomes localparam in 'rx_client_fifo' with formal parameter declaration list in ../source_code/rtl/udp/rx_client_fifo.v(54)
HDL-5370 WARNING: parameter 'DATA_s' becomes localparam in 'rx_client_fifo' with formal parameter declaration list in ../source_code/rtl/udp/rx_client_fifo.v(55)
HDL-5370 WARNING: parameter 'EOF_s' becomes localparam in 'rx_client_fifo' with formal parameter declaration list in ../source_code/rtl/udp/rx_client_fifo.v(56)
HDL-5370 WARNING: parameter 'IDLE_s' becomes localparam in 'rx_client_fifo' with formal parameter declaration list in ../source_code/rtl/udp/rx_client_fifo.v(62)
HDL-5370 WARNING: parameter 'FRAME_s' becomes localparam in 'rx_client_fifo' with formal parameter declaration list in ../source_code/rtl/udp/rx_client_fifo.v(63)
HDL-5370 Similar messages will be suppressed.
HDL-1007 : analyze verilog file ../source_code/rtl/udp/temac_block.v
HDL-1007 : analyze verilog file ../source_code/rtl/udp/temac_clk_gen.v
HDL-1007 : analyze verilog file ../source_code/rtl/udp/tx_client_fifo.v
HDL-5370 WARNING: parameter 'IDLE_s' becomes localparam in 'tx_client_fifo' with formal parameter declaration list in ../source_code/rtl/udp/tx_client_fifo.v(53)
HDL-5370 WARNING: parameter 'QUEUE1_s' becomes localparam in 'tx_client_fifo' with formal parameter declaration list in ../source_code/rtl/udp/tx_client_fifo.v(54)
HDL-5370 WARNING: parameter 'QUEUE2_s' becomes localparam in 'tx_client_fifo' with formal parameter declaration list in ../source_code/rtl/udp/tx_client_fifo.v(55)
HDL-5370 WARNING: parameter 'QUEUE3_s' becomes localparam in 'tx_client_fifo' with formal parameter declaration list in ../source_code/rtl/udp/tx_client_fifo.v(56)
HDL-5370 WARNING: parameter 'QUEUE_ACK_s' becomes localparam in 'tx_client_fifo' with formal parameter declaration list in ../source_code/rtl/udp/tx_client_fifo.v(57)
HDL-5370 WARNING: parameter 'WAIT_ACK_s' becomes localparam in 'tx_client_fifo' with formal parameter declaration list in ../source_code/rtl/udp/tx_client_fifo.v(58)
HDL-5370 WARNING: parameter 'FRAME_s' becomes localparam in 'tx_client_fifo' with formal parameter declaration list in ../source_code/rtl/udp/tx_client_fifo.v(59)
HDL-5370 WARNING: parameter 'DROP_s' becomes localparam in 'tx_client_fifo' with formal parameter declaration list in ../source_code/rtl/udp/tx_client_fifo.v(60)
HDL-5370 WARNING: parameter 'RETRANSMIT_s' becomes localparam in 'tx_client_fifo' with formal parameter declaration list in ../source_code/rtl/udp/tx_client_fifo.v(61)
HDL-5370 WARNING: parameter 'WAIT_s' becomes localparam in 'tx_client_fifo' with formal parameter declaration list in ../source_code/rtl/udp/tx_client_fifo.v(67)
HDL-5370 Similar messages will be suppressed.
HDL-1007 : analyze verilog file ../source_code/rtl/udp/tx_clk_en_gen.v
HDL-1007 : analyze verilog file ../source_code/rtl/udp/udp_data_tpg.v
HDL-1007 : analyze verilog file ../source_code/rtl/udp/udp_ip_protocol_stack_merge.enc.v
HDL-1007 : back to file '../source_code/rtl/udp/udp_ip_protocol_stack_merge.enc.v' in ../source_code/rtl/udp/udp_ip_protocol_stack_merge.enc.v(56)
HDL-1007 : undeclared symbol '**', assumed default net type '**' in ../source_code/rtl/udp/udp_ip_protocol_stack_merge.enc.v(2638)
HDL-1007 : back to file '../source_code/rtl/udp/udp_ip_protocol_stack_merge.enc.v' in ../source_code/rtl/udp/udp_ip_protocol_stack_merge.enc.v(420)
HDL-1007 : analyze verilog file ../source_code/rtl/udp/udp_loopback.v
HDL-1007 : analyze verilog file al_ip/TEMAC_CORE/RTL/include/define.v
HDL-1007 : analyze verilog file al_ip/TEMAC_CORE/RTL/TEMAC_CORE_aead6cd6dadd.v
HDL-5007 WARNING: column 1032 exceeds maximum value 1023 in al_ip/TEMAC_CORE/RTL/TEMAC_CORE_aead6cd6dadd.v(30)
HDL-1007 : back to file 'al_ip/TEMAC_CORE/RTL/TEMAC_CORE_aead6cd6dadd.v' in al_ip/TEMAC_CORE/RTL/TEMAC_CORE_aead6cd6dadd.v(86)
HDL-5007 WARNING: event expressions must result in a singular type in al_ip/TEMAC_CORE/RTL/TEMAC_CORE_aead6cd6dadd.v(3001)
HDL-1007 : undeclared symbol '**', assumed default net type '**' in al_ip/TEMAC_CORE/RTL/TEMAC_CORE_aead6cd6dadd.v(5050)
HDL-1007 : undeclared symbol '**', assumed default net type '**' in al_ip/TEMAC_CORE/RTL/TEMAC_CORE_aead6cd6dadd.v(5458)
HDL-5007 WARNING: column 1035 exceeds maximum value 1023 in al_ip/TEMAC_CORE/RTL/TEMAC_CORE_aead6cd6dadd.v(6001)
HDL-1007 : back to file 'al_ip/TEMAC_CORE/RTL/TEMAC_CORE_aead6cd6dadd.v' in al_ip/TEMAC_CORE/RTL/TEMAC_CORE_aead6cd6dadd.v(260)
HDL-1007 : analyze verilog file al_ip/TEMAC_CORE/RTL/mac_core_aead6cd6dadd.v
HDL-1007 : analyze verilog file al_ip/TEMAC_CORE/TEMAC_CORE.v
HDL-1007 : analyze verilog file al_ip/pll_gen.v
HDL-1007 : undeclared symbol 'pll_gen_open0', assumed default net type 'wire' in al_ip/pll_gen.v(99)
HDL-1007 : undeclared symbol 'pll_gen_open8', assumed default net type 'wire' in al_ip/pll_gen.v(105)
HDL-1007 : undeclared symbol 'pll_gen_open7', assumed default net type 'wire' in al_ip/pll_gen.v(105)
HDL-1007 : undeclared symbol 'pll_gen_open6', assumed default net type 'wire' in al_ip/pll_gen.v(105)
HDL-1007 : undeclared symbol 'pll_gen_open5', assumed default net type 'wire' in al_ip/pll_gen.v(105)
HDL-1007 : undeclared symbol 'pll_gen_open4', assumed default net type 'wire' in al_ip/pll_gen.v(105)
HDL-1007 : undeclared symbol 'pll_gen_open3', assumed default net type 'wire' in al_ip/pll_gen.v(105)
HDL-1007 : undeclared symbol 'pll_gen_open2', assumed default net type 'wire' in al_ip/pll_gen.v(105)
HDL-1007 : undeclared symbol 'pll_gen_open1', assumed default net type 'wire' in al_ip/pll_gen.v(105)
HDL-1007 : analyze verilog file al_ip/sys_pll.v
HDL-1007 : undeclared symbol 'sys_pll_open0', assumed default net type 'wire' in al_ip/sys_pll.v(77)
HDL-1007 : undeclared symbol 'sys_pll_open1', assumed default net type 'wire' in al_ip/sys_pll.v(83)
HDL-1007 : undeclared symbol 'sys_pll_open9', assumed default net type 'wire' in al_ip/sys_pll.v(89)
HDL-1007 : undeclared symbol 'sys_pll_open8', assumed default net type 'wire' in al_ip/sys_pll.v(89)
HDL-1007 : undeclared symbol 'sys_pll_open7', assumed default net type 'wire' in al_ip/sys_pll.v(89)
HDL-1007 : undeclared symbol 'sys_pll_open6', assumed default net type 'wire' in al_ip/sys_pll.v(89)
HDL-1007 : undeclared symbol 'sys_pll_open5', assumed default net type 'wire' in al_ip/sys_pll.v(89)
HDL-1007 : undeclared symbol 'sys_pll_open4', assumed default net type 'wire' in al_ip/sys_pll.v(89)
HDL-1007 : undeclared symbol 'sys_pll_open3', assumed default net type 'wire' in al_ip/sys_pll.v(89)
HDL-1007 : undeclared symbol 'sys_pll_open2', assumed default net type 'wire' in al_ip/sys_pll.v(89)
HDL-1007 : undeclared symbol 'sys_pll_open11', assumed default net type 'wire' in al_ip/sys_pll.v(91)
HDL-1007 : undeclared symbol 'sys_pll_open10', assumed default net type 'wire' in al_ip/sys_pll.v(91)
HDL-1007 : analyze verilog file ../source_code/rtl/sd_card/ax_debounce.v
HDL-1007 : analyze verilog file ../source_code/rtl/sd_card/bmp_read.v
HDL-1007 : analyze verilog file ../source_code/rtl/sd_card/sd_card_bmp.v
HDL-1007 : analyze verilog file ../source_code/rtl/sd_card/sd_card_cmd.v
HDL-1007 : analyze verilog file ../source_code/rtl/sd_card/sd_card_sec_read_write.v
HDL-1007 : analyze verilog file ../source_code/rtl/sd_card/sd_card_top.v
HDL-1007 : analyze verilog file ../source_code/rtl/sd_card/spi_master.v
HDL-1007 : analyze verilog file ../source_code/rtl/sdram/enc_file/global_def.v
HDL-1007 : analyze verilog file ../source_code/rtl/sdram/enc_file/sdr_as_ram.enc.v
HDL-1007 : back to file '../source_code/rtl/sdram/enc_file/sdr_as_ram.enc.v' in ../source_code/rtl/sdram/enc_file/sdr_as_ram.enc.v(54)
HDL-1007 : analyze verilog file ../source_code/rtl/sdram/enc_file/sdr_wrrd.enc.v
HDL-5007 WARNING: concatenation with an unsized literal will be treated as 32 bits in ../source_code/rtl/sdram/enc_file/sdr_wrrd.enc.v(283)
HDL-1007 : back to file '../source_code/rtl/sdram/enc_file/sdr_wrrd.enc.v' in ../source_code/rtl/sdram/enc_file/sdr_wrrd.enc.v(19)
HDL-1007 : analyze verilog file ../source_code/rtl/frame_fifo/afifo_16_32_256.v
HDL-1007 : analyze verilog file ../source_code/rtl/frame_fifo/afifo_32_16_256.v
HDL-1007 : analyze verilog file ../source_code/rtl/frame_fifo/frame_fifo_read.v
HDL-1007 : analyze verilog file ../source_code/rtl/frame_fifo/frame_fifo_write.v
HDL-1007 : analyze verilog file ../source_code/rtl/frame_fifo/frame_read_write.v
HDL-1007 : analyze verilog file ../source_code/rtl/sdram/sdram.v
HDL-1007 : analyze included file ../source_code/rtl/sdram/enc_file/global_def.v in ../source_code/rtl/sdram/sdram.v(10)
HDL-1007 : back to file '../source_code/rtl/sdram/sdram.v' in ../source_code/rtl/sdram/sdram.v(10)
HDL-1007 : undeclared symbol 'SDR_CKE', assumed default net type 'wire' in ../source_code/rtl/sdram/sdram.v(89)
HDL-1007 : analyze verilog file ../source_code/rtl/sdram/enc_file/sdr_init_ref.enc.v
HDL-1007 : analyze included file ../source_code/rtl/sdram/enc_file/global_def.v in ../source_code/rtl/sdram/enc_file/sdr_init_ref.enc.v(11)
HDL-1007 : back to file '../source_code/rtl/sdram/enc_file/sdr_init_ref.enc.v' in ../source_code/rtl/sdram/enc_file/sdr_init_ref.enc.v(11)
HDL-1007 : undeclared symbol '**', assumed default net type '**' in ../source_code/rtl/sdram/enc_file/sdr_init_ref.enc.v(57)
HDL-1007 : back to file '../source_code/rtl/sdram/enc_file/sdr_init_ref.enc.v' in ../source_code/rtl/sdram/enc_file/sdr_init_ref.enc.v(149)
HDL-5007 WARNING: concatenation with an unsized literal will be treated as 32 bits in ../source_code/rtl/sdram/enc_file/sdr_init_ref.enc.v(47)
HDL-1007 : analyze verilog file ../source_code/rtl/video_timing/color_bar.v
HDL-1007 : analyze included file ../source_code/rtl/video_timing/video_define.v in ../source_code/rtl/video_timing/color_bar.v(2)
HDL-1007 : back to file '../source_code/rtl/video_timing/color_bar.v' in ../source_code/rtl/video_timing/color_bar.v(2)
HDL-1007 : analyze verilog file ../source_code/rtl/video_timing/video_delay.v
HDL-1007 : analyze verilog file ../source_code/rtl/video_timing/video_timing_data.v
HDL-1007 : analyze verilog file ../source_code/rtl/another/m_synchronization_header.v
HDL-1007 : analyze verilog file ../source_code/rtl/led.v
HDL-1007 : analyze verilog file ../source_code/rtl/ov5640/cmos_capture_data.v
HDL-1007 : analyze verilog file ../source_code/rtl/ov5640/i2c_dri.v
HDL-1007 : analyze verilog file ../source_code/rtl/ov5640/i2c_ov5640_rgb565_cfg.v
HDL-1007 : analyze verilog file ../source_code/rtl/ov5640/ov5640_delay.v
HDL-1007 : analyze verilog file ../source_code/rtl/ov5640/ov5640_dri.v
HDL-1007 : analyze verilog file ../source_code/rtl/another/fire_detect.v
HDL-1007 : analyze verilog file al_ip/clk_wize.v
HDL-1007 : undeclared symbol 'open', assumed default net type 'wire' in al_ip/clk_wize.v(70)
HDL-1007 : analyze verilog file al_ip/ram.v
HDL-1007 : analyze verilog file ../source_code/rtl/app/addr_crt.v
HDL-1007 : analyze verilog file ../source_code/rtl/app/app.v
HDL-1007 : analyze verilog file ../source_code/rtl/app/vga_disp_rtl.v
HDL-1007 : analyze VHDL file ../source_code/rtl/hdmi_rtl/enc_file/DVITransmitter.enc.vhd
HDL-1007 : analyze entity dvitransmitter in ../source_code/rtl/hdmi_rtl/enc_file/DVITransmitter.enc.vhd(13)
HDL-1007 : analyze architecture ** in ../source_code/rtl/hdmi_rtl/enc_file/DVITransmitter.enc.vhd(2)
HDL-1007 : analyze VHDL file ../source_code/rtl/hdmi_rtl/enc_file/SerializerN_1_lvds.enc.vhd
HDL-1007 : analyze entity ** in ../source_code/rtl/hdmi_rtl/enc_file/SerializerN_1_lvds.enc.vhd(12)
HDL-1007 : analyze architecture ** in ../source_code/rtl/hdmi_rtl/enc_file/SerializerN_1_lvds.enc.vhd(25)
HDL-1007 : analyze VHDL file ../source_code/rtl/hdmi_rtl/enc_file/SerializerN_1_lvds_dat.enc.vhd
HDL-1007 : analyze entity ** in ../source_code/rtl/hdmi_rtl/enc_file/SerializerN_1_lvds_dat.enc.vhd(14)
HDL-1007 : analyze architecture ** in ../source_code/rtl/hdmi_rtl/enc_file/SerializerN_1_lvds_dat.enc.vhd(28)
HDL-1007 : analyze VHDL file ../source_code/rtl/hdmi_rtl/enc_file/TMDSEncoder.enc.vhd
HDL-1007 : analyze entity ** in ../source_code/rtl/hdmi_rtl/enc_file/TMDSEncoder.enc.vhd(13)
HDL-1007 : analyze architecture ** in ../source_code/rtl/hdmi_rtl/enc_file/TMDSEncoder.enc.vhd(24)
HDL-1007 : analyze verilog file ../source_code/rtl/hdmi_rtl/enc_file/video_tpg_1024768.enc.v
HDL-5007 WARNING: literal value ** truncated to fit in ** bits in ../source_code/rtl/hdmi_rtl/enc_file/video_tpg_1024768.enc.v(231)
HDL-1007 : back to file '../source_code/rtl/hdmi_rtl/enc_file/video_tpg_1024768.enc.v' in ../source_code/rtl/hdmi_rtl/enc_file/video_tpg_1024768.enc.v(1)
HDL-1007 : analyze verilog file ../source_code/rtl/hdmi_rtl/enc_file/video_tpg_1080p.enc.v
HDL-1007 : back to file '../source_code/rtl/hdmi_rtl/enc_file/video_tpg_1080p.enc.v' in ../source_code/rtl/hdmi_rtl/enc_file/video_tpg_1080p.enc.v(1)
HDL-1007 : analyze verilog file ../source_code/rtl/hdmi_rtl/enc_file/video_tpg_12801024p.enc.v
HDL-1007 : back to file '../source_code/rtl/hdmi_rtl/enc_file/video_tpg_12801024p.enc.v' in ../source_code/rtl/hdmi_rtl/enc_file/video_tpg_12801024p.enc.v(1)
HDL-1007 : analyze verilog file ../source_code/rtl/hdmi_rtl/enc_file/video_tpg_1280800.enc.v
HDL-5007 WARNING: literal value ** truncated to fit in ** bits in ../source_code/rtl/hdmi_rtl/enc_file/video_tpg_1280800.enc.v(233)
HDL-1007 : back to file '../source_code/rtl/hdmi_rtl/enc_file/video_tpg_1280800.enc.v' in ../source_code/rtl/hdmi_rtl/enc_file/video_tpg_1280800.enc.v(1)
HDL-1007 : analyze verilog file ../source_code/rtl/hdmi_rtl/enc_file/video_tpg_16801050p.enc.v
HDL-1007 : back to file '../source_code/rtl/hdmi_rtl/enc_file/video_tpg_16801050p.enc.v' in ../source_code/rtl/hdmi_rtl/enc_file/video_tpg_16801050p.enc.v(1)
HDL-1007 : analyze verilog file ../source_code/rtl/hdmi_rtl/enc_file/video_tpg_800600.enc.v
HDL-1007 : back to file '../source_code/rtl/hdmi_rtl/enc_file/video_tpg_800600.enc.v' in ../source_code/rtl/hdmi_rtl/enc_file/video_tpg_800600.enc.v(1)
HDL-1007 : analyze verilog file ../source_code/rtl/hdmi_rtl/hdmi_top.v
HDL-1007 : analyze VHDL file ../source_code/rtl/hdmi_rtl/hdmi_tx.vhd
HDL-1007 : analyze entity hdmi_tx in ../source_code/rtl/hdmi_rtl/hdmi_tx.vhd(11)
HDL-1007 : analyze architecture behavioral in ../source_code/rtl/hdmi_rtl/hdmi_tx.vhd(33)
HDL-1007 : analyze verilog file ../source_code/rtl/hdmi_rtl/vga_disp_rtl.v
HDL-7201 CRITICAL-WARNING: overwrite current module 'vga_disp_rtl' in ../source_code/rtl/hdmi_rtl/vga_disp_rtl.v(1)
HDL-7307 CRITICAL-WARNING: previous definition of design element module 'vga_disp_rtl' is here. This is because multiple modules(values) with the same name are defined. Please consider rewriting code in ../source_code/rtl/app/vga_disp_rtl.v(1)
RUN-1002 : start command "commit_param -step design"
RUN-1001 : Print Global Property
RUN-1001 : --------------------------------------------------------
RUN-1001 :   Parameters   |  Settings  |  Default Values  |  Note  
RUN-1001 : --------------------------------------------------------
RUN-1001 :   enable_seed  |    off     |       off        |        
RUN-1001 :     message    |  standard  |     standard     |        
RUN-1001 :   qor_monitor  |     on     |        on        |        
RUN-1001 :   syn_ip_flow  |    off     |       off        |        
RUN-1001 :     thread     |    auto    |       auto       |        
RUN-1001 : --------------------------------------------------------
RUN-1001 : Print Design Property
RUN-1001 : ----------------------------------------------------------------
RUN-1001 :       Parameters       |  Settings  |  Default Values  |  Note  
RUN-1001 : ----------------------------------------------------------------
RUN-1001 :   default_reg_initial  |    auto    |       auto       |        
RUN-1001 :    hdl_warning_level   |   normal   |      normal      |        
RUN-1001 : ----------------------------------------------------------------
HDL-1007 : analyze verilog file last_attempt.v
HDL-1007 : undeclared symbol 'phy_reset', assumed default net type 'wire' in last_attempt.v(166)
HDL-1007 : undeclared symbol 'cam_write_req_ack', assumed default net type 'wire' in last_attempt.v(276)
HDL-1007 : undeclared symbol 'sd_card_write_req_ack', assumed default net type 'wire' in last_attempt.v(277)
HDL-1007 : undeclared symbol 'pixel_clk_5x', assumed default net type 'wire' in last_attempt.v(306)
HDL-1007 : undeclared symbol 'pixel_clk', assumed default net type 'wire' in last_attempt.v(307)
HDL-1007 : undeclared symbol 'VGA_HSYNC', assumed default net type 'wire' in last_attempt.v(323)
HDL-1007 : undeclared symbol 'VGA_VSYNC', assumed default net type 'wire' in last_attempt.v(324)
HDL-1007 : undeclared symbol 'rd_en', assumed default net type 'wire' in last_attempt.v(326)
HDL-7225 CRITICAL-WARNING: 'sd_card_write_req_ack' is already implicitly declared on line 277 in last_attempt.v(379)
HDL-7225 CRITICAL-WARNING: 'cam_write_req_ack' is already implicitly declared on line 276 in last_attempt.v(436)
HDL-1007 : undeclared symbol 'tpg_data_done', assumed default net type 'wire' in last_attempt.v(629)
HDL-1007 : undeclared symbol 'full_flag', assumed default net type 'wire' in last_attempt.v(663)
HDL-1007 : undeclared symbol 'input_local_udp_port_num', assumed default net type 'wire' in last_attempt.v(694)
HDL-1007 : undeclared symbol 'input_local_udp_port_num_valid', assumed default net type 'wire' in last_attempt.v(695)
HDL-1007 : undeclared symbol 'input_local_ip_address_valid', assumed default net type 'wire' in last_attempt.v(698)
HDL-1007 : analyze verilog file ../source_code/rtl/udp/BUFGMUX.v
HDL-1007 : analyze verilog file ../source_code/rtl/udp/IDDR.v
HDL-1007 : analyze verilog file ../source_code/rtl/udp/ODDR.v
HDL-1007 : analyze verilog file ../source_code/rtl/udp/RAMB16_S9_S9.v
HDL-1007 : undeclared symbol 'open', assumed default net type 'wire' in ../source_code/rtl/udp/RAMB16_S9_S9.v(109)
HDL-1007 : analyze verilog file ../source_code/rtl/udp/clk_gen_rst_gen.v
HDL-1007 : analyze verilog file ../source_code/rtl/udp/div_clk_gen.v
HDL-1007 : analyze verilog file ../source_code/rtl/udp/rgmii_interface.v
HDL-1007 : analyze verilog file ../source_code/rtl/udp/rx_client_fifo.v
HDL-5370 WARNING: parameter 'WAIT_s' becomes localparam in 'rx_client_fifo' with formal parameter declaration list in ../source_code/rtl/udp/rx_client_fifo.v(49)
HDL-5370 WARNING: parameter 'QUEUE1_s' becomes localparam in 'rx_client_fifo' with formal parameter declaration list in ../source_code/rtl/udp/rx_client_fifo.v(50)
HDL-5370 WARNING: parameter 'QUEUE2_s' becomes localparam in 'rx_client_fifo' with formal parameter declaration list in ../source_code/rtl/udp/rx_client_fifo.v(51)
HDL-5370 WARNING: parameter 'QUEUE3_s' becomes localparam in 'rx_client_fifo' with formal parameter declaration list in ../source_code/rtl/udp/rx_client_fifo.v(52)
HDL-5370 WARNING: parameter 'QUEUE_SOF_s' becomes localparam in 'rx_client_fifo' with formal parameter declaration list in ../source_code/rtl/udp/rx_client_fifo.v(53)
HDL-5370 WARNING: parameter 'SOF_s' becomes localparam in 'rx_client_fifo' with formal parameter declaration list in ../source_code/rtl/udp/rx_client_fifo.v(54)
HDL-5370 WARNING: parameter 'DATA_s' becomes localparam in 'rx_client_fifo' with formal parameter declaration list in ../source_code/rtl/udp/rx_client_fifo.v(55)
HDL-5370 WARNING: parameter 'EOF_s' becomes localparam in 'rx_client_fifo' with formal parameter declaration list in ../source_code/rtl/udp/rx_client_fifo.v(56)
HDL-5370 WARNING: parameter 'IDLE_s' becomes localparam in 'rx_client_fifo' with formal parameter declaration list in ../source_code/rtl/udp/rx_client_fifo.v(62)
HDL-5370 WARNING: parameter 'FRAME_s' becomes localparam in 'rx_client_fifo' with formal parameter declaration list in ../source_code/rtl/udp/rx_client_fifo.v(63)
HDL-5370 Similar messages will be suppressed.
HDL-1007 : analyze verilog file ../source_code/rtl/udp/temac_block.v
HDL-1007 : analyze verilog file ../source_code/rtl/udp/temac_clk_gen.v
HDL-1007 : analyze verilog file ../source_code/rtl/udp/tx_client_fifo.v
HDL-5370 WARNING: parameter 'IDLE_s' becomes localparam in 'tx_client_fifo' with formal parameter declaration list in ../source_code/rtl/udp/tx_client_fifo.v(53)
HDL-5370 WARNING: parameter 'QUEUE1_s' becomes localparam in 'tx_client_fifo' with formal parameter declaration list in ../source_code/rtl/udp/tx_client_fifo.v(54)
HDL-5370 WARNING: parameter 'QUEUE2_s' becomes localparam in 'tx_client_fifo' with formal parameter declaration list in ../source_code/rtl/udp/tx_client_fifo.v(55)
HDL-5370 WARNING: parameter 'QUEUE3_s' becomes localparam in 'tx_client_fifo' with formal parameter declaration list in ../source_code/rtl/udp/tx_client_fifo.v(56)
HDL-5370 WARNING: parameter 'QUEUE_ACK_s' becomes localparam in 'tx_client_fifo' with formal parameter declaration list in ../source_code/rtl/udp/tx_client_fifo.v(57)
HDL-5370 WARNING: parameter 'WAIT_ACK_s' becomes localparam in 'tx_client_fifo' with formal parameter declaration list in ../source_code/rtl/udp/tx_client_fifo.v(58)
HDL-5370 WARNING: parameter 'FRAME_s' becomes localparam in 'tx_client_fifo' with formal parameter declaration list in ../source_code/rtl/udp/tx_client_fifo.v(59)
HDL-5370 WARNING: parameter 'DROP_s' becomes localparam in 'tx_client_fifo' with formal parameter declaration list in ../source_code/rtl/udp/tx_client_fifo.v(60)
HDL-5370 WARNING: parameter 'RETRANSMIT_s' becomes localparam in 'tx_client_fifo' with formal parameter declaration list in ../source_code/rtl/udp/tx_client_fifo.v(61)
HDL-5370 WARNING: parameter 'WAIT_s' becomes localparam in 'tx_client_fifo' with formal parameter declaration list in ../source_code/rtl/udp/tx_client_fifo.v(67)
HDL-5370 Similar messages will be suppressed.
HDL-1007 : analyze verilog file ../source_code/rtl/udp/tx_clk_en_gen.v
HDL-1007 : analyze verilog file ../source_code/rtl/udp/udp_data_tpg.v
HDL-1007 : analyze verilog file ../source_code/rtl/udp/udp_ip_protocol_stack_merge.enc.v
HDL-1007 : back to file '../source_code/rtl/udp/udp_ip_protocol_stack_merge.enc.v' in ../source_code/rtl/udp/udp_ip_protocol_stack_merge.enc.v(56)
HDL-1007 : undeclared symbol '**', assumed default net type '**' in ../source_code/rtl/udp/udp_ip_protocol_stack_merge.enc.v(2638)
HDL-1007 : back to file '../source_code/rtl/udp/udp_ip_protocol_stack_merge.enc.v' in ../source_code/rtl/udp/udp_ip_protocol_stack_merge.enc.v(420)
HDL-1007 : analyze verilog file ../source_code/rtl/udp/udp_loopback.v
HDL-1007 : analyze verilog file al_ip/TEMAC_CORE/RTL/include/define.v
HDL-1007 : analyze verilog file al_ip/TEMAC_CORE/RTL/TEMAC_CORE_aead6cd6dadd.v
HDL-5007 WARNING: column 1032 exceeds maximum value 1023 in al_ip/TEMAC_CORE/RTL/TEMAC_CORE_aead6cd6dadd.v(30)
HDL-1007 : back to file 'al_ip/TEMAC_CORE/RTL/TEMAC_CORE_aead6cd6dadd.v' in al_ip/TEMAC_CORE/RTL/TEMAC_CORE_aead6cd6dadd.v(86)
HDL-5007 WARNING: event expressions must result in a singular type in al_ip/TEMAC_CORE/RTL/TEMAC_CORE_aead6cd6dadd.v(3001)
HDL-1007 : undeclared symbol '**', assumed default net type '**' in al_ip/TEMAC_CORE/RTL/TEMAC_CORE_aead6cd6dadd.v(5050)
HDL-1007 : undeclared symbol '**', assumed default net type '**' in al_ip/TEMAC_CORE/RTL/TEMAC_CORE_aead6cd6dadd.v(5458)
HDL-5007 WARNING: column 1035 exceeds maximum value 1023 in al_ip/TEMAC_CORE/RTL/TEMAC_CORE_aead6cd6dadd.v(6001)
HDL-1007 : back to file 'al_ip/TEMAC_CORE/RTL/TEMAC_CORE_aead6cd6dadd.v' in al_ip/TEMAC_CORE/RTL/TEMAC_CORE_aead6cd6dadd.v(260)
HDL-1007 : analyze verilog file al_ip/TEMAC_CORE/RTL/mac_core_aead6cd6dadd.v
HDL-1007 : analyze verilog file al_ip/TEMAC_CORE/TEMAC_CORE.v
HDL-1007 : analyze verilog file al_ip/pll_gen.v
HDL-1007 : undeclared symbol 'pll_gen_open0', assumed default net type 'wire' in al_ip/pll_gen.v(99)
HDL-1007 : undeclared symbol 'pll_gen_open8', assumed default net type 'wire' in al_ip/pll_gen.v(105)
HDL-1007 : undeclared symbol 'pll_gen_open7', assumed default net type 'wire' in al_ip/pll_gen.v(105)
HDL-1007 : undeclared symbol 'pll_gen_open6', assumed default net type 'wire' in al_ip/pll_gen.v(105)
HDL-1007 : undeclared symbol 'pll_gen_open5', assumed default net type 'wire' in al_ip/pll_gen.v(105)
HDL-1007 : undeclared symbol 'pll_gen_open4', assumed default net type 'wire' in al_ip/pll_gen.v(105)
HDL-1007 : undeclared symbol 'pll_gen_open3', assumed default net type 'wire' in al_ip/pll_gen.v(105)
HDL-1007 : undeclared symbol 'pll_gen_open2', assumed default net type 'wire' in al_ip/pll_gen.v(105)
HDL-1007 : undeclared symbol 'pll_gen_open1', assumed default net type 'wire' in al_ip/pll_gen.v(105)
HDL-1007 : analyze verilog file al_ip/sys_pll.v
HDL-1007 : undeclared symbol 'sys_pll_open0', assumed default net type 'wire' in al_ip/sys_pll.v(77)
HDL-1007 : undeclared symbol 'sys_pll_open1', assumed default net type 'wire' in al_ip/sys_pll.v(83)
HDL-1007 : undeclared symbol 'sys_pll_open9', assumed default net type 'wire' in al_ip/sys_pll.v(89)
HDL-1007 : undeclared symbol 'sys_pll_open8', assumed default net type 'wire' in al_ip/sys_pll.v(89)
HDL-1007 : undeclared symbol 'sys_pll_open7', assumed default net type 'wire' in al_ip/sys_pll.v(89)
HDL-1007 : undeclared symbol 'sys_pll_open6', assumed default net type 'wire' in al_ip/sys_pll.v(89)
HDL-1007 : undeclared symbol 'sys_pll_open5', assumed default net type 'wire' in al_ip/sys_pll.v(89)
HDL-1007 : undeclared symbol 'sys_pll_open4', assumed default net type 'wire' in al_ip/sys_pll.v(89)
HDL-1007 : undeclared symbol 'sys_pll_open3', assumed default net type 'wire' in al_ip/sys_pll.v(89)
HDL-1007 : undeclared symbol 'sys_pll_open2', assumed default net type 'wire' in al_ip/sys_pll.v(89)
HDL-1007 : undeclared symbol 'sys_pll_open11', assumed default net type 'wire' in al_ip/sys_pll.v(91)
HDL-1007 : undeclared symbol 'sys_pll_open10', assumed default net type 'wire' in al_ip/sys_pll.v(91)
HDL-1007 : analyze verilog file ../source_code/rtl/sd_card/ax_debounce.v
HDL-1007 : analyze verilog file ../source_code/rtl/sd_card/bmp_read.v
HDL-1007 : analyze verilog file ../source_code/rtl/sd_card/sd_card_bmp.v
HDL-1007 : analyze verilog file ../source_code/rtl/sd_card/sd_card_cmd.v
HDL-1007 : analyze verilog file ../source_code/rtl/sd_card/sd_card_sec_read_write.v
HDL-1007 : analyze verilog file ../source_code/rtl/sd_card/sd_card_top.v
HDL-1007 : analyze verilog file ../source_code/rtl/sd_card/spi_master.v
HDL-1007 : analyze verilog file ../source_code/rtl/sdram/enc_file/global_def.v
HDL-1007 : analyze verilog file ../source_code/rtl/sdram/enc_file/sdr_as_ram.enc.v
HDL-1007 : back to file '../source_code/rtl/sdram/enc_file/sdr_as_ram.enc.v' in ../source_code/rtl/sdram/enc_file/sdr_as_ram.enc.v(54)
HDL-1007 : analyze verilog file ../source_code/rtl/sdram/enc_file/sdr_wrrd.enc.v
HDL-5007 WARNING: concatenation with an unsized literal will be treated as 32 bits in ../source_code/rtl/sdram/enc_file/sdr_wrrd.enc.v(283)
HDL-1007 : back to file '../source_code/rtl/sdram/enc_file/sdr_wrrd.enc.v' in ../source_code/rtl/sdram/enc_file/sdr_wrrd.enc.v(19)
HDL-1007 : analyze verilog file ../source_code/rtl/frame_fifo/afifo_16_32_256.v
HDL-1007 : analyze verilog file ../source_code/rtl/frame_fifo/afifo_32_16_256.v
HDL-1007 : analyze verilog file ../source_code/rtl/frame_fifo/frame_fifo_read.v
HDL-1007 : analyze verilog file ../source_code/rtl/frame_fifo/frame_fifo_write.v
HDL-1007 : analyze verilog file ../source_code/rtl/frame_fifo/frame_read_write.v
HDL-1007 : analyze verilog file ../source_code/rtl/sdram/sdram.v
HDL-1007 : analyze included file ../source_code/rtl/sdram/enc_file/global_def.v in ../source_code/rtl/sdram/sdram.v(10)
HDL-1007 : back to file '../source_code/rtl/sdram/sdram.v' in ../source_code/rtl/sdram/sdram.v(10)
HDL-1007 : undeclared symbol 'SDR_CKE', assumed default net type 'wire' in ../source_code/rtl/sdram/sdram.v(89)
HDL-1007 : analyze verilog file ../source_code/rtl/sdram/enc_file/sdr_init_ref.enc.v
HDL-1007 : analyze included file ../source_code/rtl/sdram/enc_file/global_def.v in ../source_code/rtl/sdram/enc_file/sdr_init_ref.enc.v(11)
HDL-1007 : back to file '../source_code/rtl/sdram/enc_file/sdr_init_ref.enc.v' in ../source_code/rtl/sdram/enc_file/sdr_init_ref.enc.v(11)
HDL-1007 : undeclared symbol '**', assumed default net type '**' in ../source_code/rtl/sdram/enc_file/sdr_init_ref.enc.v(57)
HDL-1007 : back to file '../source_code/rtl/sdram/enc_file/sdr_init_ref.enc.v' in ../source_code/rtl/sdram/enc_file/sdr_init_ref.enc.v(149)
HDL-5007 WARNING: concatenation with an unsized literal will be treated as 32 bits in ../source_code/rtl/sdram/enc_file/sdr_init_ref.enc.v(47)
HDL-1007 : analyze verilog file ../source_code/rtl/video_timing/color_bar.v
HDL-1007 : analyze included file ../source_code/rtl/video_timing/video_define.v in ../source_code/rtl/video_timing/color_bar.v(2)
HDL-1007 : back to file '../source_code/rtl/video_timing/color_bar.v' in ../source_code/rtl/video_timing/color_bar.v(2)
HDL-1007 : analyze verilog file ../source_code/rtl/video_timing/video_delay.v
HDL-1007 : analyze verilog file ../source_code/rtl/video_timing/video_timing_data.v
HDL-1007 : analyze verilog file ../source_code/rtl/another/m_synchronization_header.v
HDL-1007 : analyze verilog file ../source_code/rtl/led.v
HDL-1007 : analyze verilog file ../source_code/rtl/ov5640/cmos_capture_data.v
HDL-1007 : analyze verilog file ../source_code/rtl/ov5640/i2c_dri.v
HDL-1007 : analyze verilog file ../source_code/rtl/ov5640/i2c_ov5640_rgb565_cfg.v
HDL-1007 : analyze verilog file ../source_code/rtl/ov5640/ov5640_delay.v
HDL-1007 : analyze verilog file ../source_code/rtl/ov5640/ov5640_dri.v
HDL-1007 : analyze verilog file ../source_code/rtl/another/fire_detect.v
HDL-1007 : analyze verilog file al_ip/clk_wize.v
HDL-1007 : undeclared symbol 'open', assumed default net type 'wire' in al_ip/clk_wize.v(70)
HDL-1007 : analyze verilog file al_ip/ram.v
HDL-1007 : analyze verilog file ../source_code/rtl/app/addr_crt.v
HDL-1007 : analyze verilog file ../source_code/rtl/app/app.v
HDL-1007 : analyze verilog file ../source_code/rtl/app/vga_disp_rtl.v
HDL-1007 : analyze VHDL file ../source_code/rtl/hdmi_rtl/enc_file/DVITransmitter.enc.vhd
HDL-1007 : analyze entity dvitransmitter in ../source_code/rtl/hdmi_rtl/enc_file/DVITransmitter.enc.vhd(13)
HDL-1007 : analyze architecture ** in ../source_code/rtl/hdmi_rtl/enc_file/DVITransmitter.enc.vhd(2)
HDL-1007 : analyze VHDL file ../source_code/rtl/hdmi_rtl/enc_file/SerializerN_1_lvds.enc.vhd
HDL-1007 : analyze entity ** in ../source_code/rtl/hdmi_rtl/enc_file/SerializerN_1_lvds.enc.vhd(12)
HDL-1007 : analyze architecture ** in ../source_code/rtl/hdmi_rtl/enc_file/SerializerN_1_lvds.enc.vhd(25)
HDL-1007 : analyze VHDL file ../source_code/rtl/hdmi_rtl/enc_file/SerializerN_1_lvds_dat.enc.vhd
HDL-1007 : analyze entity ** in ../source_code/rtl/hdmi_rtl/enc_file/SerializerN_1_lvds_dat.enc.vhd(14)
HDL-1007 : analyze architecture ** in ../source_code/rtl/hdmi_rtl/enc_file/SerializerN_1_lvds_dat.enc.vhd(28)
HDL-1007 : analyze VHDL file ../source_code/rtl/hdmi_rtl/enc_file/TMDSEncoder.enc.vhd
HDL-1007 : analyze entity ** in ../source_code/rtl/hdmi_rtl/enc_file/TMDSEncoder.enc.vhd(13)
HDL-1007 : analyze architecture ** in ../source_code/rtl/hdmi_rtl/enc_file/TMDSEncoder.enc.vhd(24)
HDL-1007 : analyze verilog file ../source_code/rtl/hdmi_rtl/enc_file/video_tpg_1024768.enc.v
HDL-5007 WARNING: literal value ** truncated to fit in ** bits in ../source_code/rtl/hdmi_rtl/enc_file/video_tpg_1024768.enc.v(231)
HDL-1007 : back to file '../source_code/rtl/hdmi_rtl/enc_file/video_tpg_1024768.enc.v' in ../source_code/rtl/hdmi_rtl/enc_file/video_tpg_1024768.enc.v(1)
HDL-1007 : analyze verilog file ../source_code/rtl/hdmi_rtl/enc_file/video_tpg_1080p.enc.v
HDL-1007 : back to file '../source_code/rtl/hdmi_rtl/enc_file/video_tpg_1080p.enc.v' in ../source_code/rtl/hdmi_rtl/enc_file/video_tpg_1080p.enc.v(1)
HDL-1007 : analyze verilog file ../source_code/rtl/hdmi_rtl/enc_file/video_tpg_12801024p.enc.v
HDL-1007 : back to file '../source_code/rtl/hdmi_rtl/enc_file/video_tpg_12801024p.enc.v' in ../source_code/rtl/hdmi_rtl/enc_file/video_tpg_12801024p.enc.v(1)
HDL-1007 : analyze verilog file ../source_code/rtl/hdmi_rtl/enc_file/video_tpg_1280800.enc.v
HDL-5007 WARNING: literal value ** truncated to fit in ** bits in ../source_code/rtl/hdmi_rtl/enc_file/video_tpg_1280800.enc.v(233)
HDL-1007 : back to file '../source_code/rtl/hdmi_rtl/enc_file/video_tpg_1280800.enc.v' in ../source_code/rtl/hdmi_rtl/enc_file/video_tpg_1280800.enc.v(1)
HDL-1007 : analyze verilog file ../source_code/rtl/hdmi_rtl/enc_file/video_tpg_16801050p.enc.v
HDL-1007 : back to file '../source_code/rtl/hdmi_rtl/enc_file/video_tpg_16801050p.enc.v' in ../source_code/rtl/hdmi_rtl/enc_file/video_tpg_16801050p.enc.v(1)
HDL-1007 : analyze verilog file ../source_code/rtl/hdmi_rtl/enc_file/video_tpg_800600.enc.v
HDL-1007 : back to file '../source_code/rtl/hdmi_rtl/enc_file/video_tpg_800600.enc.v' in ../source_code/rtl/hdmi_rtl/enc_file/video_tpg_800600.enc.v(1)
HDL-1007 : analyze VHDL file ../source_code/rtl/hdmi_rtl/hdmi_tx.vhd
HDL-1007 : analyze entity hdmi_tx in ../source_code/rtl/hdmi_rtl/hdmi_tx.vhd(11)
HDL-1007 : analyze architecture behavioral in ../source_code/rtl/hdmi_rtl/hdmi_tx.vhd(33)
HDL-1007 : analyze verilog file ../source_code/rtl/hdmi_rtl/vga_disp_rtl.v
HDL-7201 CRITICAL-WARNING: overwrite current module 'vga_disp_rtl' in ../source_code/rtl/hdmi_rtl/vga_disp_rtl.v(1)
HDL-7307 CRITICAL-WARNING: previous definition of design element module 'vga_disp_rtl' is here. This is because multiple modules(values) with the same name are defined. Please consider rewriting code in ../source_code/rtl/app/vga_disp_rtl.v(1)
RUN-1002 : start command "commit_param -step design"
RUN-1001 : Print Global Property
RUN-1001 : --------------------------------------------------------
RUN-1001 :   Parameters   |  Settings  |  Default Values  |  Note  
RUN-1001 : --------------------------------------------------------
RUN-1001 :   enable_seed  |    off     |       off        |        
RUN-1001 :     message    |  standard  |     standard     |        
RUN-1001 :   qor_monitor  |     on     |        on        |        
RUN-1001 :   syn_ip_flow  |    off     |       off        |        
RUN-1001 :     thread     |    auto    |       auto       |        
RUN-1001 : --------------------------------------------------------
RUN-1001 : Print Design Property
RUN-1001 : ----------------------------------------------------------------
RUN-1001 :       Parameters       |  Settings  |  Default Values  |  Note  
RUN-1001 : ----------------------------------------------------------------
RUN-1001 :   default_reg_initial  |    auto    |       auto       |        
RUN-1001 :    hdl_warning_level   |   normal   |      normal      |        
RUN-1001 : ----------------------------------------------------------------
HDL-1007 : analyze verilog file last_attempt.v
HDL-1007 : undeclared symbol 'phy_reset', assumed default net type 'wire' in last_attempt.v(166)
HDL-1007 : undeclared symbol 'cam_write_req_ack', assumed default net type 'wire' in last_attempt.v(276)
HDL-1007 : undeclared symbol 'sd_card_write_req_ack', assumed default net type 'wire' in last_attempt.v(277)
HDL-1007 : undeclared symbol 'pixel_clk_5x', assumed default net type 'wire' in last_attempt.v(306)
HDL-1007 : undeclared symbol 'pixel_clk', assumed default net type 'wire' in last_attempt.v(307)
HDL-1007 : undeclared symbol 'VGA_HSYNC', assumed default net type 'wire' in last_attempt.v(323)
HDL-1007 : undeclared symbol 'VGA_VSYNC', assumed default net type 'wire' in last_attempt.v(324)
HDL-1007 : undeclared symbol 'rd_en', assumed default net type 'wire' in last_attempt.v(326)
HDL-7225 CRITICAL-WARNING: 'sd_card_write_req_ack' is already implicitly declared on line 277 in last_attempt.v(379)
HDL-7225 CRITICAL-WARNING: 'cam_write_req_ack' is already implicitly declared on line 276 in last_attempt.v(436)
HDL-1007 : undeclared symbol 'tpg_data_done', assumed default net type 'wire' in last_attempt.v(629)
HDL-1007 : undeclared symbol 'full_flag', assumed default net type 'wire' in last_attempt.v(663)
HDL-1007 : undeclared symbol 'input_local_udp_port_num', assumed default net type 'wire' in last_attempt.v(694)
HDL-1007 : undeclared symbol 'input_local_udp_port_num_valid', assumed default net type 'wire' in last_attempt.v(695)
HDL-1007 : undeclared symbol 'input_local_ip_address_valid', assumed default net type 'wire' in last_attempt.v(698)
HDL-1007 : analyze verilog file ../source_code/rtl/udp/BUFGMUX.v
HDL-1007 : analyze verilog file ../source_code/rtl/udp/IDDR.v
HDL-1007 : analyze verilog file ../source_code/rtl/udp/ODDR.v
HDL-1007 : analyze verilog file ../source_code/rtl/udp/RAMB16_S9_S9.v
HDL-1007 : undeclared symbol 'open', assumed default net type 'wire' in ../source_code/rtl/udp/RAMB16_S9_S9.v(109)
HDL-1007 : analyze verilog file ../source_code/rtl/udp/clk_gen_rst_gen.v
HDL-1007 : analyze verilog file ../source_code/rtl/udp/div_clk_gen.v
HDL-1007 : analyze verilog file ../source_code/rtl/udp/rgmii_interface.v
HDL-1007 : analyze verilog file ../source_code/rtl/udp/rx_client_fifo.v
HDL-5370 WARNING: parameter 'WAIT_s' becomes localparam in 'rx_client_fifo' with formal parameter declaration list in ../source_code/rtl/udp/rx_client_fifo.v(49)
HDL-5370 WARNING: parameter 'QUEUE1_s' becomes localparam in 'rx_client_fifo' with formal parameter declaration list in ../source_code/rtl/udp/rx_client_fifo.v(50)
HDL-5370 WARNING: parameter 'QUEUE2_s' becomes localparam in 'rx_client_fifo' with formal parameter declaration list in ../source_code/rtl/udp/rx_client_fifo.v(51)
HDL-5370 WARNING: parameter 'QUEUE3_s' becomes localparam in 'rx_client_fifo' with formal parameter declaration list in ../source_code/rtl/udp/rx_client_fifo.v(52)
HDL-5370 WARNING: parameter 'QUEUE_SOF_s' becomes localparam in 'rx_client_fifo' with formal parameter declaration list in ../source_code/rtl/udp/rx_client_fifo.v(53)
HDL-5370 WARNING: parameter 'SOF_s' becomes localparam in 'rx_client_fifo' with formal parameter declaration list in ../source_code/rtl/udp/rx_client_fifo.v(54)
HDL-5370 WARNING: parameter 'DATA_s' becomes localparam in 'rx_client_fifo' with formal parameter declaration list in ../source_code/rtl/udp/rx_client_fifo.v(55)
HDL-5370 WARNING: parameter 'EOF_s' becomes localparam in 'rx_client_fifo' with formal parameter declaration list in ../source_code/rtl/udp/rx_client_fifo.v(56)
HDL-5370 WARNING: parameter 'IDLE_s' becomes localparam in 'rx_client_fifo' with formal parameter declaration list in ../source_code/rtl/udp/rx_client_fifo.v(62)
HDL-5370 WARNING: parameter 'FRAME_s' becomes localparam in 'rx_client_fifo' with formal parameter declaration list in ../source_code/rtl/udp/rx_client_fifo.v(63)
HDL-5370 Similar messages will be suppressed.
HDL-1007 : analyze verilog file ../source_code/rtl/udp/temac_block.v
HDL-1007 : analyze verilog file ../source_code/rtl/udp/temac_clk_gen.v
HDL-1007 : analyze verilog file ../source_code/rtl/udp/tx_client_fifo.v
HDL-5370 WARNING: parameter 'IDLE_s' becomes localparam in 'tx_client_fifo' with formal parameter declaration list in ../source_code/rtl/udp/tx_client_fifo.v(53)
HDL-5370 WARNING: parameter 'QUEUE1_s' becomes localparam in 'tx_client_fifo' with formal parameter declaration list in ../source_code/rtl/udp/tx_client_fifo.v(54)
HDL-5370 WARNING: parameter 'QUEUE2_s' becomes localparam in 'tx_client_fifo' with formal parameter declaration list in ../source_code/rtl/udp/tx_client_fifo.v(55)
HDL-5370 WARNING: parameter 'QUEUE3_s' becomes localparam in 'tx_client_fifo' with formal parameter declaration list in ../source_code/rtl/udp/tx_client_fifo.v(56)
HDL-5370 WARNING: parameter 'QUEUE_ACK_s' becomes localparam in 'tx_client_fifo' with formal parameter declaration list in ../source_code/rtl/udp/tx_client_fifo.v(57)
HDL-5370 WARNING: parameter 'WAIT_ACK_s' becomes localparam in 'tx_client_fifo' with formal parameter declaration list in ../source_code/rtl/udp/tx_client_fifo.v(58)
HDL-5370 WARNING: parameter 'FRAME_s' becomes localparam in 'tx_client_fifo' with formal parameter declaration list in ../source_code/rtl/udp/tx_client_fifo.v(59)
HDL-5370 WARNING: parameter 'DROP_s' becomes localparam in 'tx_client_fifo' with formal parameter declaration list in ../source_code/rtl/udp/tx_client_fifo.v(60)
HDL-5370 WARNING: parameter 'RETRANSMIT_s' becomes localparam in 'tx_client_fifo' with formal parameter declaration list in ../source_code/rtl/udp/tx_client_fifo.v(61)
HDL-5370 WARNING: parameter 'WAIT_s' becomes localparam in 'tx_client_fifo' with formal parameter declaration list in ../source_code/rtl/udp/tx_client_fifo.v(67)
HDL-5370 Similar messages will be suppressed.
HDL-1007 : analyze verilog file ../source_code/rtl/udp/tx_clk_en_gen.v
HDL-1007 : analyze verilog file ../source_code/rtl/udp/udp_data_tpg.v
HDL-1007 : analyze verilog file ../source_code/rtl/udp/udp_ip_protocol_stack_merge.enc.v
HDL-1007 : back to file '../source_code/rtl/udp/udp_ip_protocol_stack_merge.enc.v' in ../source_code/rtl/udp/udp_ip_protocol_stack_merge.enc.v(56)
HDL-1007 : undeclared symbol '**', assumed default net type '**' in ../source_code/rtl/udp/udp_ip_protocol_stack_merge.enc.v(2638)
HDL-1007 : back to file '../source_code/rtl/udp/udp_ip_protocol_stack_merge.enc.v' in ../source_code/rtl/udp/udp_ip_protocol_stack_merge.enc.v(420)
HDL-1007 : analyze verilog file ../source_code/rtl/udp/udp_loopback.v
HDL-1007 : analyze verilog file al_ip/TEMAC_CORE/RTL/include/define.v
HDL-1007 : analyze verilog file al_ip/TEMAC_CORE/RTL/TEMAC_CORE_aead6cd6dadd.v
HDL-5007 WARNING: column 1032 exceeds maximum value 1023 in al_ip/TEMAC_CORE/RTL/TEMAC_CORE_aead6cd6dadd.v(30)
HDL-1007 : back to file 'al_ip/TEMAC_CORE/RTL/TEMAC_CORE_aead6cd6dadd.v' in al_ip/TEMAC_CORE/RTL/TEMAC_CORE_aead6cd6dadd.v(86)
HDL-5007 WARNING: event expressions must result in a singular type in al_ip/TEMAC_CORE/RTL/TEMAC_CORE_aead6cd6dadd.v(3001)
HDL-1007 : undeclared symbol '**', assumed default net type '**' in al_ip/TEMAC_CORE/RTL/TEMAC_CORE_aead6cd6dadd.v(5050)
HDL-1007 : undeclared symbol '**', assumed default net type '**' in al_ip/TEMAC_CORE/RTL/TEMAC_CORE_aead6cd6dadd.v(5458)
HDL-5007 WARNING: column 1035 exceeds maximum value 1023 in al_ip/TEMAC_CORE/RTL/TEMAC_CORE_aead6cd6dadd.v(6001)
HDL-1007 : back to file 'al_ip/TEMAC_CORE/RTL/TEMAC_CORE_aead6cd6dadd.v' in al_ip/TEMAC_CORE/RTL/TEMAC_CORE_aead6cd6dadd.v(260)
HDL-1007 : analyze verilog file al_ip/TEMAC_CORE/RTL/mac_core_aead6cd6dadd.v
HDL-1007 : analyze verilog file al_ip/TEMAC_CORE/TEMAC_CORE.v
HDL-1007 : analyze verilog file al_ip/pll_gen.v
HDL-1007 : undeclared symbol 'pll_gen_open0', assumed default net type 'wire' in al_ip/pll_gen.v(99)
HDL-1007 : undeclared symbol 'pll_gen_open8', assumed default net type 'wire' in al_ip/pll_gen.v(105)
HDL-1007 : undeclared symbol 'pll_gen_open7', assumed default net type 'wire' in al_ip/pll_gen.v(105)
HDL-1007 : undeclared symbol 'pll_gen_open6', assumed default net type 'wire' in al_ip/pll_gen.v(105)
HDL-1007 : undeclared symbol 'pll_gen_open5', assumed default net type 'wire' in al_ip/pll_gen.v(105)
HDL-1007 : undeclared symbol 'pll_gen_open4', assumed default net type 'wire' in al_ip/pll_gen.v(105)
HDL-1007 : undeclared symbol 'pll_gen_open3', assumed default net type 'wire' in al_ip/pll_gen.v(105)
HDL-1007 : undeclared symbol 'pll_gen_open2', assumed default net type 'wire' in al_ip/pll_gen.v(105)
HDL-1007 : undeclared symbol 'pll_gen_open1', assumed default net type 'wire' in al_ip/pll_gen.v(105)
HDL-1007 : analyze verilog file al_ip/sys_pll.v
HDL-1007 : undeclared symbol 'sys_pll_open0', assumed default net type 'wire' in al_ip/sys_pll.v(77)
HDL-1007 : undeclared symbol 'sys_pll_open1', assumed default net type 'wire' in al_ip/sys_pll.v(83)
HDL-1007 : undeclared symbol 'sys_pll_open9', assumed default net type 'wire' in al_ip/sys_pll.v(89)
HDL-1007 : undeclared symbol 'sys_pll_open8', assumed default net type 'wire' in al_ip/sys_pll.v(89)
HDL-1007 : undeclared symbol 'sys_pll_open7', assumed default net type 'wire' in al_ip/sys_pll.v(89)
HDL-1007 : undeclared symbol 'sys_pll_open6', assumed default net type 'wire' in al_ip/sys_pll.v(89)
HDL-1007 : undeclared symbol 'sys_pll_open5', assumed default net type 'wire' in al_ip/sys_pll.v(89)
HDL-1007 : undeclared symbol 'sys_pll_open4', assumed default net type 'wire' in al_ip/sys_pll.v(89)
HDL-1007 : undeclared symbol 'sys_pll_open3', assumed default net type 'wire' in al_ip/sys_pll.v(89)
HDL-1007 : undeclared symbol 'sys_pll_open2', assumed default net type 'wire' in al_ip/sys_pll.v(89)
HDL-1007 : undeclared symbol 'sys_pll_open11', assumed default net type 'wire' in al_ip/sys_pll.v(91)
HDL-1007 : undeclared symbol 'sys_pll_open10', assumed default net type 'wire' in al_ip/sys_pll.v(91)
HDL-1007 : analyze verilog file ../source_code/rtl/sd_card/ax_debounce.v
HDL-1007 : analyze verilog file ../source_code/rtl/sd_card/bmp_read.v
HDL-1007 : analyze verilog file ../source_code/rtl/sd_card/sd_card_bmp.v
HDL-1007 : analyze verilog file ../source_code/rtl/sd_card/sd_card_cmd.v
HDL-1007 : analyze verilog file ../source_code/rtl/sd_card/sd_card_sec_read_write.v
HDL-1007 : analyze verilog file ../source_code/rtl/sd_card/sd_card_top.v
HDL-1007 : analyze verilog file ../source_code/rtl/sd_card/spi_master.v
HDL-1007 : analyze verilog file ../source_code/rtl/sdram/enc_file/global_def.v
HDL-1007 : analyze verilog file ../source_code/rtl/sdram/enc_file/sdr_as_ram.enc.v
HDL-1007 : back to file '../source_code/rtl/sdram/enc_file/sdr_as_ram.enc.v' in ../source_code/rtl/sdram/enc_file/sdr_as_ram.enc.v(54)
HDL-1007 : analyze verilog file ../source_code/rtl/sdram/enc_file/sdr_wrrd.enc.v
HDL-5007 WARNING: concatenation with an unsized literal will be treated as 32 bits in ../source_code/rtl/sdram/enc_file/sdr_wrrd.enc.v(283)
HDL-1007 : back to file '../source_code/rtl/sdram/enc_file/sdr_wrrd.enc.v' in ../source_code/rtl/sdram/enc_file/sdr_wrrd.enc.v(19)
HDL-1007 : analyze verilog file ../source_code/rtl/frame_fifo/afifo_16_32_256.v
HDL-1007 : analyze verilog file ../source_code/rtl/frame_fifo/afifo_32_16_256.v
HDL-1007 : analyze verilog file ../source_code/rtl/frame_fifo/frame_fifo_read.v
HDL-1007 : analyze verilog file ../source_code/rtl/frame_fifo/frame_fifo_write.v
HDL-1007 : analyze verilog file ../source_code/rtl/frame_fifo/frame_read_write.v
HDL-1007 : analyze verilog file ../source_code/rtl/sdram/sdram.v
HDL-1007 : analyze included file ../source_code/rtl/sdram/enc_file/global_def.v in ../source_code/rtl/sdram/sdram.v(10)
HDL-1007 : back to file '../source_code/rtl/sdram/sdram.v' in ../source_code/rtl/sdram/sdram.v(10)
HDL-1007 : undeclared symbol 'SDR_CKE', assumed default net type 'wire' in ../source_code/rtl/sdram/sdram.v(89)
HDL-1007 : analyze verilog file ../source_code/rtl/sdram/enc_file/sdr_init_ref.enc.v
HDL-1007 : analyze included file ../source_code/rtl/sdram/enc_file/global_def.v in ../source_code/rtl/sdram/enc_file/sdr_init_ref.enc.v(11)
HDL-1007 : back to file '../source_code/rtl/sdram/enc_file/sdr_init_ref.enc.v' in ../source_code/rtl/sdram/enc_file/sdr_init_ref.enc.v(11)
HDL-1007 : undeclared symbol '**', assumed default net type '**' in ../source_code/rtl/sdram/enc_file/sdr_init_ref.enc.v(57)
HDL-1007 : back to file '../source_code/rtl/sdram/enc_file/sdr_init_ref.enc.v' in ../source_code/rtl/sdram/enc_file/sdr_init_ref.enc.v(149)
HDL-5007 WARNING: concatenation with an unsized literal will be treated as 32 bits in ../source_code/rtl/sdram/enc_file/sdr_init_ref.enc.v(47)
HDL-1007 : analyze verilog file ../source_code/rtl/video_timing/color_bar.v
HDL-1007 : analyze included file ../source_code/rtl/video_timing/video_define.v in ../source_code/rtl/video_timing/color_bar.v(2)
HDL-1007 : back to file '../source_code/rtl/video_timing/color_bar.v' in ../source_code/rtl/video_timing/color_bar.v(2)
HDL-1007 : analyze verilog file ../source_code/rtl/video_timing/video_delay.v
HDL-1007 : analyze verilog file ../source_code/rtl/video_timing/video_timing_data.v
HDL-1007 : analyze verilog file ../source_code/rtl/another/m_synchronization_header.v
HDL-1007 : analyze verilog file ../source_code/rtl/led.v
HDL-1007 : analyze verilog file ../source_code/rtl/ov5640/cmos_capture_data.v
HDL-1007 : analyze verilog file ../source_code/rtl/ov5640/i2c_dri.v
HDL-1007 : analyze verilog file ../source_code/rtl/ov5640/i2c_ov5640_rgb565_cfg.v
HDL-1007 : analyze verilog file ../source_code/rtl/ov5640/ov5640_delay.v
HDL-1007 : analyze verilog file ../source_code/rtl/ov5640/ov5640_dri.v
HDL-1007 : analyze verilog file al_ip/clk_wize.v
HDL-1007 : undeclared symbol 'open', assumed default net type 'wire' in al_ip/clk_wize.v(70)
HDL-1007 : analyze verilog file al_ip/ram.v
HDL-1007 : analyze verilog file ../source_code/rtl/app/addr_crt.v
HDL-1007 : analyze verilog file ../source_code/rtl/app/app.v
HDL-1007 : analyze verilog file ../source_code/rtl/app/vga_disp_rtl.v
HDL-1007 : analyze VHDL file ../source_code/rtl/hdmi_rtl/enc_file/DVITransmitter.enc.vhd
HDL-1007 : analyze entity dvitransmitter in ../source_code/rtl/hdmi_rtl/enc_file/DVITransmitter.enc.vhd(13)
HDL-1007 : analyze architecture ** in ../source_code/rtl/hdmi_rtl/enc_file/DVITransmitter.enc.vhd(2)
HDL-1007 : analyze VHDL file ../source_code/rtl/hdmi_rtl/enc_file/SerializerN_1_lvds.enc.vhd
HDL-1007 : analyze entity ** in ../source_code/rtl/hdmi_rtl/enc_file/SerializerN_1_lvds.enc.vhd(12)
HDL-1007 : analyze architecture ** in ../source_code/rtl/hdmi_rtl/enc_file/SerializerN_1_lvds.enc.vhd(25)
HDL-1007 : analyze VHDL file ../source_code/rtl/hdmi_rtl/enc_file/SerializerN_1_lvds_dat.enc.vhd
HDL-1007 : analyze entity ** in ../source_code/rtl/hdmi_rtl/enc_file/SerializerN_1_lvds_dat.enc.vhd(14)
HDL-1007 : analyze architecture ** in ../source_code/rtl/hdmi_rtl/enc_file/SerializerN_1_lvds_dat.enc.vhd(28)
HDL-1007 : analyze VHDL file ../source_code/rtl/hdmi_rtl/enc_file/TMDSEncoder.enc.vhd
HDL-1007 : analyze entity ** in ../source_code/rtl/hdmi_rtl/enc_file/TMDSEncoder.enc.vhd(13)
HDL-1007 : analyze architecture ** in ../source_code/rtl/hdmi_rtl/enc_file/TMDSEncoder.enc.vhd(24)
HDL-1007 : analyze verilog file ../source_code/rtl/hdmi_rtl/enc_file/video_tpg_1024768.enc.v
HDL-5007 WARNING: literal value ** truncated to fit in ** bits in ../source_code/rtl/hdmi_rtl/enc_file/video_tpg_1024768.enc.v(231)
HDL-1007 : back to file '../source_code/rtl/hdmi_rtl/enc_file/video_tpg_1024768.enc.v' in ../source_code/rtl/hdmi_rtl/enc_file/video_tpg_1024768.enc.v(1)
HDL-1007 : analyze verilog file ../source_code/rtl/hdmi_rtl/enc_file/video_tpg_1080p.enc.v
HDL-1007 : back to file '../source_code/rtl/hdmi_rtl/enc_file/video_tpg_1080p.enc.v' in ../source_code/rtl/hdmi_rtl/enc_file/video_tpg_1080p.enc.v(1)
HDL-1007 : analyze verilog file ../source_code/rtl/hdmi_rtl/enc_file/video_tpg_12801024p.enc.v
HDL-1007 : back to file '../source_code/rtl/hdmi_rtl/enc_file/video_tpg_12801024p.enc.v' in ../source_code/rtl/hdmi_rtl/enc_file/video_tpg_12801024p.enc.v(1)
HDL-1007 : analyze verilog file ../source_code/rtl/hdmi_rtl/enc_file/video_tpg_1280800.enc.v
HDL-5007 WARNING: literal value ** truncated to fit in ** bits in ../source_code/rtl/hdmi_rtl/enc_file/video_tpg_1280800.enc.v(233)
HDL-1007 : back to file '../source_code/rtl/hdmi_rtl/enc_file/video_tpg_1280800.enc.v' in ../source_code/rtl/hdmi_rtl/enc_file/video_tpg_1280800.enc.v(1)
HDL-1007 : analyze verilog file ../source_code/rtl/hdmi_rtl/enc_file/video_tpg_16801050p.enc.v
HDL-1007 : back to file '../source_code/rtl/hdmi_rtl/enc_file/video_tpg_16801050p.enc.v' in ../source_code/rtl/hdmi_rtl/enc_file/video_tpg_16801050p.enc.v(1)
HDL-1007 : analyze verilog file ../source_code/rtl/hdmi_rtl/enc_file/video_tpg_800600.enc.v
HDL-1007 : back to file '../source_code/rtl/hdmi_rtl/enc_file/video_tpg_800600.enc.v' in ../source_code/rtl/hdmi_rtl/enc_file/video_tpg_800600.enc.v(1)
HDL-1007 : analyze VHDL file ../source_code/rtl/hdmi_rtl/hdmi_tx.vhd
HDL-1007 : analyze entity hdmi_tx in ../source_code/rtl/hdmi_rtl/hdmi_tx.vhd(11)
HDL-1007 : analyze architecture behavioral in ../source_code/rtl/hdmi_rtl/hdmi_tx.vhd(33)
HDL-1007 : analyze verilog file ../source_code/rtl/hdmi_rtl/vga_disp_rtl.v
HDL-7201 CRITICAL-WARNING: overwrite current module 'vga_disp_rtl' in ../source_code/rtl/hdmi_rtl/vga_disp_rtl.v(1)
HDL-7307 CRITICAL-WARNING: previous definition of design element module 'vga_disp_rtl' is here. This is because multiple modules(values) with the same name are defined. Please consider rewriting code in ../source_code/rtl/app/vga_disp_rtl.v(1)
GUI-6001 WARNING: File D:/FPGA/workplace6_2_1/last/source_code/rtl/another/fire_detect.v does not exist!
RUN-1002 : start command "commit_param -step design"
RUN-1001 : Print Global Property
RUN-1001 : --------------------------------------------------------
RUN-1001 :   Parameters   |  Settings  |  Default Values  |  Note  
RUN-1001 : --------------------------------------------------------
RUN-1001 :   enable_seed  |    off     |       off        |        
RUN-1001 :     message    |  standard  |     standard     |        
RUN-1001 :   qor_monitor  |     on     |        on        |        
RUN-1001 :   syn_ip_flow  |    off     |       off        |        
RUN-1001 :     thread     |    auto    |       auto       |        
RUN-1001 : --------------------------------------------------------
RUN-1001 : Print Design Property
RUN-1001 : ----------------------------------------------------------------
RUN-1001 :       Parameters       |  Settings  |  Default Values  |  Note  
RUN-1001 : ----------------------------------------------------------------
RUN-1001 :   default_reg_initial  |    auto    |       auto       |        
RUN-1001 :    hdl_warning_level   |   normal   |      normal      |        
RUN-1001 : ----------------------------------------------------------------
HDL-1007 : analyze verilog file last_attempt.v
HDL-1007 : undeclared symbol 'phy_reset', assumed default net type 'wire' in last_attempt.v(166)
HDL-1007 : undeclared symbol 'cam_write_req_ack', assumed default net type 'wire' in last_attempt.v(276)
HDL-1007 : undeclared symbol 'sd_card_write_req_ack', assumed default net type 'wire' in last_attempt.v(277)
HDL-1007 : undeclared symbol 'pixel_clk_5x', assumed default net type 'wire' in last_attempt.v(306)
HDL-1007 : undeclared symbol 'pixel_clk', assumed default net type 'wire' in last_attempt.v(307)
HDL-1007 : undeclared symbol 'VGA_HSYNC', assumed default net type 'wire' in last_attempt.v(323)
HDL-1007 : undeclared symbol 'VGA_VSYNC', assumed default net type 'wire' in last_attempt.v(324)
HDL-1007 : undeclared symbol 'rd_en', assumed default net type 'wire' in last_attempt.v(326)
HDL-7225 CRITICAL-WARNING: 'sd_card_write_req_ack' is already implicitly declared on line 277 in last_attempt.v(379)
HDL-7225 CRITICAL-WARNING: 'cam_write_req_ack' is already implicitly declared on line 276 in last_attempt.v(436)
HDL-1007 : undeclared symbol 'tpg_data_done', assumed default net type 'wire' in last_attempt.v(629)
HDL-1007 : undeclared symbol 'full_flag', assumed default net type 'wire' in last_attempt.v(663)
HDL-1007 : undeclared symbol 'input_local_udp_port_num', assumed default net type 'wire' in last_attempt.v(694)
HDL-1007 : undeclared symbol 'input_local_udp_port_num_valid', assumed default net type 'wire' in last_attempt.v(695)
HDL-1007 : undeclared symbol 'input_local_ip_address_valid', assumed default net type 'wire' in last_attempt.v(698)
HDL-1007 : analyze verilog file ../source_code/rtl/udp/BUFGMUX.v
HDL-1007 : analyze verilog file ../source_code/rtl/udp/IDDR.v
HDL-1007 : analyze verilog file ../source_code/rtl/udp/ODDR.v
HDL-1007 : analyze verilog file ../source_code/rtl/udp/RAMB16_S9_S9.v
HDL-1007 : undeclared symbol 'open', assumed default net type 'wire' in ../source_code/rtl/udp/RAMB16_S9_S9.v(109)
HDL-1007 : analyze verilog file ../source_code/rtl/udp/clk_gen_rst_gen.v
HDL-1007 : analyze verilog file ../source_code/rtl/udp/div_clk_gen.v
HDL-1007 : analyze verilog file ../source_code/rtl/udp/rgmii_interface.v
HDL-1007 : analyze verilog file ../source_code/rtl/udp/rx_client_fifo.v
HDL-5370 WARNING: parameter 'WAIT_s' becomes localparam in 'rx_client_fifo' with formal parameter declaration list in ../source_code/rtl/udp/rx_client_fifo.v(49)
HDL-5370 WARNING: parameter 'QUEUE1_s' becomes localparam in 'rx_client_fifo' with formal parameter declaration list in ../source_code/rtl/udp/rx_client_fifo.v(50)
HDL-5370 WARNING: parameter 'QUEUE2_s' becomes localparam in 'rx_client_fifo' with formal parameter declaration list in ../source_code/rtl/udp/rx_client_fifo.v(51)
HDL-5370 WARNING: parameter 'QUEUE3_s' becomes localparam in 'rx_client_fifo' with formal parameter declaration list in ../source_code/rtl/udp/rx_client_fifo.v(52)
HDL-5370 WARNING: parameter 'QUEUE_SOF_s' becomes localparam in 'rx_client_fifo' with formal parameter declaration list in ../source_code/rtl/udp/rx_client_fifo.v(53)
HDL-5370 WARNING: parameter 'SOF_s' becomes localparam in 'rx_client_fifo' with formal parameter declaration list in ../source_code/rtl/udp/rx_client_fifo.v(54)
HDL-5370 WARNING: parameter 'DATA_s' becomes localparam in 'rx_client_fifo' with formal parameter declaration list in ../source_code/rtl/udp/rx_client_fifo.v(55)
HDL-5370 WARNING: parameter 'EOF_s' becomes localparam in 'rx_client_fifo' with formal parameter declaration list in ../source_code/rtl/udp/rx_client_fifo.v(56)
HDL-5370 WARNING: parameter 'IDLE_s' becomes localparam in 'rx_client_fifo' with formal parameter declaration list in ../source_code/rtl/udp/rx_client_fifo.v(62)
HDL-5370 WARNING: parameter 'FRAME_s' becomes localparam in 'rx_client_fifo' with formal parameter declaration list in ../source_code/rtl/udp/rx_client_fifo.v(63)
HDL-5370 Similar messages will be suppressed.
HDL-1007 : analyze verilog file ../source_code/rtl/udp/temac_block.v
HDL-1007 : analyze verilog file ../source_code/rtl/udp/temac_clk_gen.v
HDL-1007 : analyze verilog file ../source_code/rtl/udp/tx_client_fifo.v
HDL-5370 WARNING: parameter 'IDLE_s' becomes localparam in 'tx_client_fifo' with formal parameter declaration list in ../source_code/rtl/udp/tx_client_fifo.v(53)
HDL-5370 WARNING: parameter 'QUEUE1_s' becomes localparam in 'tx_client_fifo' with formal parameter declaration list in ../source_code/rtl/udp/tx_client_fifo.v(54)
HDL-5370 WARNING: parameter 'QUEUE2_s' becomes localparam in 'tx_client_fifo' with formal parameter declaration list in ../source_code/rtl/udp/tx_client_fifo.v(55)
HDL-5370 WARNING: parameter 'QUEUE3_s' becomes localparam in 'tx_client_fifo' with formal parameter declaration list in ../source_code/rtl/udp/tx_client_fifo.v(56)
HDL-5370 WARNING: parameter 'QUEUE_ACK_s' becomes localparam in 'tx_client_fifo' with formal parameter declaration list in ../source_code/rtl/udp/tx_client_fifo.v(57)
HDL-5370 WARNING: parameter 'WAIT_ACK_s' becomes localparam in 'tx_client_fifo' with formal parameter declaration list in ../source_code/rtl/udp/tx_client_fifo.v(58)
HDL-5370 WARNING: parameter 'FRAME_s' becomes localparam in 'tx_client_fifo' with formal parameter declaration list in ../source_code/rtl/udp/tx_client_fifo.v(59)
HDL-5370 WARNING: parameter 'DROP_s' becomes localparam in 'tx_client_fifo' with formal parameter declaration list in ../source_code/rtl/udp/tx_client_fifo.v(60)
HDL-5370 WARNING: parameter 'RETRANSMIT_s' becomes localparam in 'tx_client_fifo' with formal parameter declaration list in ../source_code/rtl/udp/tx_client_fifo.v(61)
HDL-5370 WARNING: parameter 'WAIT_s' becomes localparam in 'tx_client_fifo' with formal parameter declaration list in ../source_code/rtl/udp/tx_client_fifo.v(67)
HDL-5370 Similar messages will be suppressed.
HDL-1007 : analyze verilog file ../source_code/rtl/udp/tx_clk_en_gen.v
HDL-1007 : analyze verilog file ../source_code/rtl/udp/udp_data_tpg.v
HDL-1007 : analyze verilog file ../source_code/rtl/udp/udp_ip_protocol_stack_merge.enc.v
HDL-1007 : back to file '../source_code/rtl/udp/udp_ip_protocol_stack_merge.enc.v' in ../source_code/rtl/udp/udp_ip_protocol_stack_merge.enc.v(56)
HDL-1007 : undeclared symbol '**', assumed default net type '**' in ../source_code/rtl/udp/udp_ip_protocol_stack_merge.enc.v(2638)
HDL-1007 : back to file '../source_code/rtl/udp/udp_ip_protocol_stack_merge.enc.v' in ../source_code/rtl/udp/udp_ip_protocol_stack_merge.enc.v(420)
HDL-1007 : analyze verilog file ../source_code/rtl/udp/udp_loopback.v
HDL-1007 : analyze verilog file al_ip/TEMAC_CORE/RTL/include/define.v
HDL-1007 : analyze verilog file al_ip/TEMAC_CORE/RTL/TEMAC_CORE_aead6cd6dadd.v
HDL-5007 WARNING: column 1032 exceeds maximum value 1023 in al_ip/TEMAC_CORE/RTL/TEMAC_CORE_aead6cd6dadd.v(30)
HDL-1007 : back to file 'al_ip/TEMAC_CORE/RTL/TEMAC_CORE_aead6cd6dadd.v' in al_ip/TEMAC_CORE/RTL/TEMAC_CORE_aead6cd6dadd.v(86)
HDL-5007 WARNING: event expressions must result in a singular type in al_ip/TEMAC_CORE/RTL/TEMAC_CORE_aead6cd6dadd.v(3001)
HDL-1007 : undeclared symbol '**', assumed default net type '**' in al_ip/TEMAC_CORE/RTL/TEMAC_CORE_aead6cd6dadd.v(5050)
HDL-1007 : undeclared symbol '**', assumed default net type '**' in al_ip/TEMAC_CORE/RTL/TEMAC_CORE_aead6cd6dadd.v(5458)
HDL-5007 WARNING: column 1035 exceeds maximum value 1023 in al_ip/TEMAC_CORE/RTL/TEMAC_CORE_aead6cd6dadd.v(6001)
HDL-1007 : back to file 'al_ip/TEMAC_CORE/RTL/TEMAC_CORE_aead6cd6dadd.v' in al_ip/TEMAC_CORE/RTL/TEMAC_CORE_aead6cd6dadd.v(260)
HDL-1007 : analyze verilog file al_ip/TEMAC_CORE/RTL/mac_core_aead6cd6dadd.v
HDL-1007 : analyze verilog file al_ip/TEMAC_CORE/TEMAC_CORE.v
HDL-1007 : analyze verilog file al_ip/pll_gen.v
HDL-1007 : undeclared symbol 'pll_gen_open0', assumed default net type 'wire' in al_ip/pll_gen.v(99)
HDL-1007 : undeclared symbol 'pll_gen_open8', assumed default net type 'wire' in al_ip/pll_gen.v(105)
HDL-1007 : undeclared symbol 'pll_gen_open7', assumed default net type 'wire' in al_ip/pll_gen.v(105)
HDL-1007 : undeclared symbol 'pll_gen_open6', assumed default net type 'wire' in al_ip/pll_gen.v(105)
HDL-1007 : undeclared symbol 'pll_gen_open5', assumed default net type 'wire' in al_ip/pll_gen.v(105)
HDL-1007 : undeclared symbol 'pll_gen_open4', assumed default net type 'wire' in al_ip/pll_gen.v(105)
HDL-1007 : undeclared symbol 'pll_gen_open3', assumed default net type 'wire' in al_ip/pll_gen.v(105)
HDL-1007 : undeclared symbol 'pll_gen_open2', assumed default net type 'wire' in al_ip/pll_gen.v(105)
HDL-1007 : undeclared symbol 'pll_gen_open1', assumed default net type 'wire' in al_ip/pll_gen.v(105)
HDL-1007 : analyze verilog file al_ip/sys_pll.v
HDL-1007 : undeclared symbol 'sys_pll_open0', assumed default net type 'wire' in al_ip/sys_pll.v(77)
HDL-1007 : undeclared symbol 'sys_pll_open1', assumed default net type 'wire' in al_ip/sys_pll.v(83)
HDL-1007 : undeclared symbol 'sys_pll_open9', assumed default net type 'wire' in al_ip/sys_pll.v(89)
HDL-1007 : undeclared symbol 'sys_pll_open8', assumed default net type 'wire' in al_ip/sys_pll.v(89)
HDL-1007 : undeclared symbol 'sys_pll_open7', assumed default net type 'wire' in al_ip/sys_pll.v(89)
HDL-1007 : undeclared symbol 'sys_pll_open6', assumed default net type 'wire' in al_ip/sys_pll.v(89)
HDL-1007 : undeclared symbol 'sys_pll_open5', assumed default net type 'wire' in al_ip/sys_pll.v(89)
HDL-1007 : undeclared symbol 'sys_pll_open4', assumed default net type 'wire' in al_ip/sys_pll.v(89)
HDL-1007 : undeclared symbol 'sys_pll_open3', assumed default net type 'wire' in al_ip/sys_pll.v(89)
HDL-1007 : undeclared symbol 'sys_pll_open2', assumed default net type 'wire' in al_ip/sys_pll.v(89)
HDL-1007 : undeclared symbol 'sys_pll_open11', assumed default net type 'wire' in al_ip/sys_pll.v(91)
HDL-1007 : undeclared symbol 'sys_pll_open10', assumed default net type 'wire' in al_ip/sys_pll.v(91)
HDL-1007 : analyze verilog file ../source_code/rtl/sd_card/ax_debounce.v
HDL-1007 : analyze verilog file ../source_code/rtl/sd_card/bmp_read.v
HDL-1007 : analyze verilog file ../source_code/rtl/sd_card/sd_card_bmp.v
HDL-1007 : analyze verilog file ../source_code/rtl/sd_card/sd_card_cmd.v
HDL-1007 : analyze verilog file ../source_code/rtl/sd_card/sd_card_sec_read_write.v
HDL-1007 : analyze verilog file ../source_code/rtl/sd_card/sd_card_top.v
HDL-1007 : analyze verilog file ../source_code/rtl/sd_card/spi_master.v
HDL-1007 : analyze verilog file ../source_code/rtl/sdram/enc_file/global_def.v
HDL-1007 : analyze verilog file ../source_code/rtl/sdram/enc_file/sdr_as_ram.enc.v
HDL-1007 : back to file '../source_code/rtl/sdram/enc_file/sdr_as_ram.enc.v' in ../source_code/rtl/sdram/enc_file/sdr_as_ram.enc.v(54)
HDL-1007 : analyze verilog file ../source_code/rtl/sdram/enc_file/sdr_wrrd.enc.v
HDL-5007 WARNING: concatenation with an unsized literal will be treated as 32 bits in ../source_code/rtl/sdram/enc_file/sdr_wrrd.enc.v(283)
HDL-1007 : back to file '../source_code/rtl/sdram/enc_file/sdr_wrrd.enc.v' in ../source_code/rtl/sdram/enc_file/sdr_wrrd.enc.v(19)
HDL-1007 : analyze verilog file ../source_code/rtl/frame_fifo/afifo_16_32_256.v
HDL-1007 : analyze verilog file ../source_code/rtl/frame_fifo/afifo_32_16_256.v
HDL-1007 : analyze verilog file ../source_code/rtl/frame_fifo/frame_fifo_read.v
HDL-1007 : analyze verilog file ../source_code/rtl/frame_fifo/frame_fifo_write.v
HDL-1007 : analyze verilog file ../source_code/rtl/frame_fifo/frame_read_write.v
HDL-1007 : analyze verilog file ../source_code/rtl/sdram/sdram.v
HDL-1007 : analyze included file ../source_code/rtl/sdram/enc_file/global_def.v in ../source_code/rtl/sdram/sdram.v(10)
HDL-1007 : back to file '../source_code/rtl/sdram/sdram.v' in ../source_code/rtl/sdram/sdram.v(10)
HDL-1007 : undeclared symbol 'SDR_CKE', assumed default net type 'wire' in ../source_code/rtl/sdram/sdram.v(89)
HDL-1007 : analyze verilog file ../source_code/rtl/sdram/enc_file/sdr_init_ref.enc.v
HDL-1007 : analyze included file ../source_code/rtl/sdram/enc_file/global_def.v in ../source_code/rtl/sdram/enc_file/sdr_init_ref.enc.v(11)
HDL-1007 : back to file '../source_code/rtl/sdram/enc_file/sdr_init_ref.enc.v' in ../source_code/rtl/sdram/enc_file/sdr_init_ref.enc.v(11)
HDL-1007 : undeclared symbol '**', assumed default net type '**' in ../source_code/rtl/sdram/enc_file/sdr_init_ref.enc.v(57)
HDL-1007 : back to file '../source_code/rtl/sdram/enc_file/sdr_init_ref.enc.v' in ../source_code/rtl/sdram/enc_file/sdr_init_ref.enc.v(149)
HDL-5007 WARNING: concatenation with an unsized literal will be treated as 32 bits in ../source_code/rtl/sdram/enc_file/sdr_init_ref.enc.v(47)
HDL-1007 : analyze verilog file ../source_code/rtl/video_timing/color_bar.v
HDL-1007 : analyze included file ../source_code/rtl/video_timing/video_define.v in ../source_code/rtl/video_timing/color_bar.v(2)
HDL-1007 : back to file '../source_code/rtl/video_timing/color_bar.v' in ../source_code/rtl/video_timing/color_bar.v(2)
HDL-1007 : analyze verilog file ../source_code/rtl/video_timing/video_delay.v
HDL-1007 : analyze verilog file ../source_code/rtl/video_timing/video_timing_data.v
HDL-1007 : analyze verilog file ../source_code/rtl/another/m_synchronization_header.v
HDL-1007 : analyze verilog file ../source_code/rtl/led.v
HDL-1007 : analyze verilog file ../source_code/rtl/ov5640/cmos_capture_data.v
HDL-1007 : analyze verilog file ../source_code/rtl/ov5640/i2c_dri.v
HDL-1007 : analyze verilog file ../source_code/rtl/ov5640/i2c_ov5640_rgb565_cfg.v
HDL-1007 : analyze verilog file ../source_code/rtl/ov5640/ov5640_delay.v
HDL-1007 : analyze verilog file ../source_code/rtl/ov5640/ov5640_dri.v
HDL-1007 : analyze verilog file al_ip/clk_wize.v
HDL-1007 : undeclared symbol 'open', assumed default net type 'wire' in al_ip/clk_wize.v(70)
HDL-1007 : analyze verilog file al_ip/ram.v
HDL-1007 : analyze verilog file ../source_code/rtl/app/addr_crt.v
HDL-1007 : analyze verilog file ../source_code/rtl/app/app.v
HDL-1007 : analyze verilog file ../source_code/rtl/app/vga_disp_rtl.v
HDL-1007 : analyze VHDL file ../source_code/rtl/hdmi_rtl/enc_file/DVITransmitter.enc.vhd
HDL-1007 : analyze entity dvitransmitter in ../source_code/rtl/hdmi_rtl/enc_file/DVITransmitter.enc.vhd(13)
HDL-1007 : analyze architecture ** in ../source_code/rtl/hdmi_rtl/enc_file/DVITransmitter.enc.vhd(2)
HDL-1007 : analyze VHDL file ../source_code/rtl/hdmi_rtl/enc_file/SerializerN_1_lvds.enc.vhd
HDL-1007 : analyze entity ** in ../source_code/rtl/hdmi_rtl/enc_file/SerializerN_1_lvds.enc.vhd(12)
HDL-1007 : analyze architecture ** in ../source_code/rtl/hdmi_rtl/enc_file/SerializerN_1_lvds.enc.vhd(25)
HDL-1007 : analyze VHDL file ../source_code/rtl/hdmi_rtl/enc_file/SerializerN_1_lvds_dat.enc.vhd
HDL-1007 : analyze entity ** in ../source_code/rtl/hdmi_rtl/enc_file/SerializerN_1_lvds_dat.enc.vhd(14)
HDL-1007 : analyze architecture ** in ../source_code/rtl/hdmi_rtl/enc_file/SerializerN_1_lvds_dat.enc.vhd(28)
HDL-1007 : analyze VHDL file ../source_code/rtl/hdmi_rtl/enc_file/TMDSEncoder.enc.vhd
HDL-1007 : analyze entity ** in ../source_code/rtl/hdmi_rtl/enc_file/TMDSEncoder.enc.vhd(13)
HDL-1007 : analyze architecture ** in ../source_code/rtl/hdmi_rtl/enc_file/TMDSEncoder.enc.vhd(24)
HDL-1007 : analyze verilog file ../source_code/rtl/hdmi_rtl/enc_file/video_tpg_1024768.enc.v
HDL-5007 WARNING: literal value ** truncated to fit in ** bits in ../source_code/rtl/hdmi_rtl/enc_file/video_tpg_1024768.enc.v(231)
HDL-1007 : back to file '../source_code/rtl/hdmi_rtl/enc_file/video_tpg_1024768.enc.v' in ../source_code/rtl/hdmi_rtl/enc_file/video_tpg_1024768.enc.v(1)
HDL-1007 : analyze verilog file ../source_code/rtl/hdmi_rtl/enc_file/video_tpg_1080p.enc.v
HDL-1007 : back to file '../source_code/rtl/hdmi_rtl/enc_file/video_tpg_1080p.enc.v' in ../source_code/rtl/hdmi_rtl/enc_file/video_tpg_1080p.enc.v(1)
HDL-1007 : analyze verilog file ../source_code/rtl/hdmi_rtl/enc_file/video_tpg_12801024p.enc.v
HDL-1007 : back to file '../source_code/rtl/hdmi_rtl/enc_file/video_tpg_12801024p.enc.v' in ../source_code/rtl/hdmi_rtl/enc_file/video_tpg_12801024p.enc.v(1)
HDL-1007 : analyze verilog file ../source_code/rtl/hdmi_rtl/enc_file/video_tpg_1280800.enc.v
HDL-5007 WARNING: literal value ** truncated to fit in ** bits in ../source_code/rtl/hdmi_rtl/enc_file/video_tpg_1280800.enc.v(233)
HDL-1007 : back to file '../source_code/rtl/hdmi_rtl/enc_file/video_tpg_1280800.enc.v' in ../source_code/rtl/hdmi_rtl/enc_file/video_tpg_1280800.enc.v(1)
HDL-1007 : analyze verilog file ../source_code/rtl/hdmi_rtl/enc_file/video_tpg_16801050p.enc.v
HDL-1007 : back to file '../source_code/rtl/hdmi_rtl/enc_file/video_tpg_16801050p.enc.v' in ../source_code/rtl/hdmi_rtl/enc_file/video_tpg_16801050p.enc.v(1)
HDL-1007 : analyze verilog file ../source_code/rtl/hdmi_rtl/enc_file/video_tpg_800600.enc.v
HDL-1007 : back to file '../source_code/rtl/hdmi_rtl/enc_file/video_tpg_800600.enc.v' in ../source_code/rtl/hdmi_rtl/enc_file/video_tpg_800600.enc.v(1)
HDL-1007 : analyze VHDL file ../source_code/rtl/hdmi_rtl/hdmi_tx.vhd
HDL-1007 : analyze entity hdmi_tx in ../source_code/rtl/hdmi_rtl/hdmi_tx.vhd(11)
HDL-1007 : analyze architecture behavioral in ../source_code/rtl/hdmi_rtl/hdmi_tx.vhd(33)
HDL-1007 : analyze verilog file ../source_code/rtl/hdmi_rtl/vga_disp_rtl.v
HDL-7201 CRITICAL-WARNING: overwrite current module 'vga_disp_rtl' in ../source_code/rtl/hdmi_rtl/vga_disp_rtl.v(1)
HDL-7307 CRITICAL-WARNING: previous definition of design element module 'vga_disp_rtl' is here. This is because multiple modules(values) with the same name are defined. Please consider rewriting code in ../source_code/rtl/app/vga_disp_rtl.v(1)
RUN-1002 : start command "commit_param -step design"
RUN-1001 : Print Global Property
RUN-1001 : --------------------------------------------------------
RUN-1001 :   Parameters   |  Settings  |  Default Values  |  Note  
RUN-1001 : --------------------------------------------------------
RUN-1001 :   enable_seed  |    off     |       off        |        
RUN-1001 :     message    |  standard  |     standard     |        
RUN-1001 :   qor_monitor  |     on     |        on        |        
RUN-1001 :   syn_ip_flow  |    off     |       off        |        
RUN-1001 :     thread     |    auto    |       auto       |        
RUN-1001 : --------------------------------------------------------
RUN-1001 : Print Design Property
RUN-1001 : ----------------------------------------------------------------
RUN-1001 :       Parameters       |  Settings  |  Default Values  |  Note  
RUN-1001 : ----------------------------------------------------------------
RUN-1001 :   default_reg_initial  |    auto    |       auto       |        
RUN-1001 :    hdl_warning_level   |   normal   |      normal      |        
RUN-1001 : ----------------------------------------------------------------
HDL-1007 : analyze verilog file last_attempt.v
HDL-1007 : undeclared symbol 'phy_reset', assumed default net type 'wire' in last_attempt.v(166)
HDL-1007 : undeclared symbol 'cam_write_req_ack', assumed default net type 'wire' in last_attempt.v(276)
HDL-1007 : undeclared symbol 'sd_card_write_req_ack', assumed default net type 'wire' in last_attempt.v(277)
HDL-1007 : undeclared symbol 'VGA_HSYNC', assumed default net type 'wire' in last_attempt.v(325)
HDL-1007 : undeclared symbol 'VGA_VSYNC', assumed default net type 'wire' in last_attempt.v(326)
HDL-1007 : undeclared symbol 'rd_en', assumed default net type 'wire' in last_attempt.v(328)
HDL-7225 CRITICAL-WARNING: 'sd_card_write_req_ack' is already implicitly declared on line 277 in last_attempt.v(381)
HDL-7225 CRITICAL-WARNING: 'cam_write_req_ack' is already implicitly declared on line 276 in last_attempt.v(438)
HDL-1007 : undeclared symbol 'tpg_data_done', assumed default net type 'wire' in last_attempt.v(631)
HDL-1007 : undeclared symbol 'full_flag', assumed default net type 'wire' in last_attempt.v(665)
HDL-1007 : undeclared symbol 'input_local_udp_port_num', assumed default net type 'wire' in last_attempt.v(696)
HDL-1007 : undeclared symbol 'input_local_udp_port_num_valid', assumed default net type 'wire' in last_attempt.v(697)
HDL-1007 : undeclared symbol 'input_local_ip_address_valid', assumed default net type 'wire' in last_attempt.v(700)
HDL-1007 : analyze verilog file ../source_code/rtl/udp/BUFGMUX.v
HDL-1007 : analyze verilog file ../source_code/rtl/udp/IDDR.v
HDL-1007 : analyze verilog file ../source_code/rtl/udp/ODDR.v
HDL-1007 : analyze verilog file ../source_code/rtl/udp/RAMB16_S9_S9.v
HDL-1007 : undeclared symbol 'open', assumed default net type 'wire' in ../source_code/rtl/udp/RAMB16_S9_S9.v(109)
HDL-1007 : analyze verilog file ../source_code/rtl/udp/clk_gen_rst_gen.v
HDL-1007 : analyze verilog file ../source_code/rtl/udp/div_clk_gen.v
HDL-1007 : analyze verilog file ../source_code/rtl/udp/rgmii_interface.v
HDL-1007 : analyze verilog file ../source_code/rtl/udp/rx_client_fifo.v
HDL-5370 WARNING: parameter 'WAIT_s' becomes localparam in 'rx_client_fifo' with formal parameter declaration list in ../source_code/rtl/udp/rx_client_fifo.v(49)
HDL-5370 WARNING: parameter 'QUEUE1_s' becomes localparam in 'rx_client_fifo' with formal parameter declaration list in ../source_code/rtl/udp/rx_client_fifo.v(50)
HDL-5370 WARNING: parameter 'QUEUE2_s' becomes localparam in 'rx_client_fifo' with formal parameter declaration list in ../source_code/rtl/udp/rx_client_fifo.v(51)
HDL-5370 WARNING: parameter 'QUEUE3_s' becomes localparam in 'rx_client_fifo' with formal parameter declaration list in ../source_code/rtl/udp/rx_client_fifo.v(52)
HDL-5370 WARNING: parameter 'QUEUE_SOF_s' becomes localparam in 'rx_client_fifo' with formal parameter declaration list in ../source_code/rtl/udp/rx_client_fifo.v(53)
HDL-5370 WARNING: parameter 'SOF_s' becomes localparam in 'rx_client_fifo' with formal parameter declaration list in ../source_code/rtl/udp/rx_client_fifo.v(54)
HDL-5370 WARNING: parameter 'DATA_s' becomes localparam in 'rx_client_fifo' with formal parameter declaration list in ../source_code/rtl/udp/rx_client_fifo.v(55)
HDL-5370 WARNING: parameter 'EOF_s' becomes localparam in 'rx_client_fifo' with formal parameter declaration list in ../source_code/rtl/udp/rx_client_fifo.v(56)
HDL-5370 WARNING: parameter 'IDLE_s' becomes localparam in 'rx_client_fifo' with formal parameter declaration list in ../source_code/rtl/udp/rx_client_fifo.v(62)
HDL-5370 WARNING: parameter 'FRAME_s' becomes localparam in 'rx_client_fifo' with formal parameter declaration list in ../source_code/rtl/udp/rx_client_fifo.v(63)
HDL-5370 Similar messages will be suppressed.
HDL-1007 : analyze verilog file ../source_code/rtl/udp/temac_block.v
HDL-1007 : analyze verilog file ../source_code/rtl/udp/temac_clk_gen.v
HDL-1007 : analyze verilog file ../source_code/rtl/udp/tx_client_fifo.v
HDL-5370 WARNING: parameter 'IDLE_s' becomes localparam in 'tx_client_fifo' with formal parameter declaration list in ../source_code/rtl/udp/tx_client_fifo.v(53)
HDL-5370 WARNING: parameter 'QUEUE1_s' becomes localparam in 'tx_client_fifo' with formal parameter declaration list in ../source_code/rtl/udp/tx_client_fifo.v(54)
HDL-5370 WARNING: parameter 'QUEUE2_s' becomes localparam in 'tx_client_fifo' with formal parameter declaration list in ../source_code/rtl/udp/tx_client_fifo.v(55)
HDL-5370 WARNING: parameter 'QUEUE3_s' becomes localparam in 'tx_client_fifo' with formal parameter declaration list in ../source_code/rtl/udp/tx_client_fifo.v(56)
HDL-5370 WARNING: parameter 'QUEUE_ACK_s' becomes localparam in 'tx_client_fifo' with formal parameter declaration list in ../source_code/rtl/udp/tx_client_fifo.v(57)
HDL-5370 WARNING: parameter 'WAIT_ACK_s' becomes localparam in 'tx_client_fifo' with formal parameter declaration list in ../source_code/rtl/udp/tx_client_fifo.v(58)
HDL-5370 WARNING: parameter 'FRAME_s' becomes localparam in 'tx_client_fifo' with formal parameter declaration list in ../source_code/rtl/udp/tx_client_fifo.v(59)
HDL-5370 WARNING: parameter 'DROP_s' becomes localparam in 'tx_client_fifo' with formal parameter declaration list in ../source_code/rtl/udp/tx_client_fifo.v(60)
HDL-5370 WARNING: parameter 'RETRANSMIT_s' becomes localparam in 'tx_client_fifo' with formal parameter declaration list in ../source_code/rtl/udp/tx_client_fifo.v(61)
HDL-5370 WARNING: parameter 'WAIT_s' becomes localparam in 'tx_client_fifo' with formal parameter declaration list in ../source_code/rtl/udp/tx_client_fifo.v(67)
HDL-5370 Similar messages will be suppressed.
HDL-1007 : analyze verilog file ../source_code/rtl/udp/tx_clk_en_gen.v
HDL-1007 : analyze verilog file ../source_code/rtl/udp/udp_data_tpg.v
HDL-1007 : analyze verilog file ../source_code/rtl/udp/udp_ip_protocol_stack_merge.enc.v
HDL-1007 : back to file '../source_code/rtl/udp/udp_ip_protocol_stack_merge.enc.v' in ../source_code/rtl/udp/udp_ip_protocol_stack_merge.enc.v(56)
HDL-1007 : undeclared symbol '**', assumed default net type '**' in ../source_code/rtl/udp/udp_ip_protocol_stack_merge.enc.v(2638)
HDL-1007 : back to file '../source_code/rtl/udp/udp_ip_protocol_stack_merge.enc.v' in ../source_code/rtl/udp/udp_ip_protocol_stack_merge.enc.v(420)
HDL-1007 : analyze verilog file ../source_code/rtl/udp/udp_loopback.v
HDL-1007 : analyze verilog file al_ip/TEMAC_CORE/RTL/include/define.v
HDL-1007 : analyze verilog file al_ip/TEMAC_CORE/RTL/TEMAC_CORE_aead6cd6dadd.v
HDL-5007 WARNING: column 1032 exceeds maximum value 1023 in al_ip/TEMAC_CORE/RTL/TEMAC_CORE_aead6cd6dadd.v(30)
HDL-1007 : back to file 'al_ip/TEMAC_CORE/RTL/TEMAC_CORE_aead6cd6dadd.v' in al_ip/TEMAC_CORE/RTL/TEMAC_CORE_aead6cd6dadd.v(86)
HDL-5007 WARNING: event expressions must result in a singular type in al_ip/TEMAC_CORE/RTL/TEMAC_CORE_aead6cd6dadd.v(3001)
HDL-1007 : undeclared symbol '**', assumed default net type '**' in al_ip/TEMAC_CORE/RTL/TEMAC_CORE_aead6cd6dadd.v(5050)
HDL-1007 : undeclared symbol '**', assumed default net type '**' in al_ip/TEMAC_CORE/RTL/TEMAC_CORE_aead6cd6dadd.v(5458)
HDL-5007 WARNING: column 1035 exceeds maximum value 1023 in al_ip/TEMAC_CORE/RTL/TEMAC_CORE_aead6cd6dadd.v(6001)
HDL-1007 : back to file 'al_ip/TEMAC_CORE/RTL/TEMAC_CORE_aead6cd6dadd.v' in al_ip/TEMAC_CORE/RTL/TEMAC_CORE_aead6cd6dadd.v(260)
HDL-1007 : analyze verilog file al_ip/TEMAC_CORE/RTL/mac_core_aead6cd6dadd.v
HDL-1007 : analyze verilog file al_ip/TEMAC_CORE/TEMAC_CORE.v
HDL-1007 : analyze verilog file al_ip/pll_gen.v
HDL-1007 : undeclared symbol 'pll_gen_open0', assumed default net type 'wire' in al_ip/pll_gen.v(99)
HDL-1007 : undeclared symbol 'pll_gen_open8', assumed default net type 'wire' in al_ip/pll_gen.v(105)
HDL-1007 : undeclared symbol 'pll_gen_open7', assumed default net type 'wire' in al_ip/pll_gen.v(105)
HDL-1007 : undeclared symbol 'pll_gen_open6', assumed default net type 'wire' in al_ip/pll_gen.v(105)
HDL-1007 : undeclared symbol 'pll_gen_open5', assumed default net type 'wire' in al_ip/pll_gen.v(105)
HDL-1007 : undeclared symbol 'pll_gen_open4', assumed default net type 'wire' in al_ip/pll_gen.v(105)
HDL-1007 : undeclared symbol 'pll_gen_open3', assumed default net type 'wire' in al_ip/pll_gen.v(105)
HDL-1007 : undeclared symbol 'pll_gen_open2', assumed default net type 'wire' in al_ip/pll_gen.v(105)
HDL-1007 : undeclared symbol 'pll_gen_open1', assumed default net type 'wire' in al_ip/pll_gen.v(105)
HDL-1007 : analyze verilog file al_ip/sys_pll.v
HDL-1007 : undeclared symbol 'sys_pll_open0', assumed default net type 'wire' in al_ip/sys_pll.v(77)
HDL-1007 : undeclared symbol 'sys_pll_open1', assumed default net type 'wire' in al_ip/sys_pll.v(83)
HDL-1007 : undeclared symbol 'sys_pll_open9', assumed default net type 'wire' in al_ip/sys_pll.v(89)
HDL-1007 : undeclared symbol 'sys_pll_open8', assumed default net type 'wire' in al_ip/sys_pll.v(89)
HDL-1007 : undeclared symbol 'sys_pll_open7', assumed default net type 'wire' in al_ip/sys_pll.v(89)
HDL-1007 : undeclared symbol 'sys_pll_open6', assumed default net type 'wire' in al_ip/sys_pll.v(89)
HDL-1007 : undeclared symbol 'sys_pll_open5', assumed default net type 'wire' in al_ip/sys_pll.v(89)
HDL-1007 : undeclared symbol 'sys_pll_open4', assumed default net type 'wire' in al_ip/sys_pll.v(89)
HDL-1007 : undeclared symbol 'sys_pll_open3', assumed default net type 'wire' in al_ip/sys_pll.v(89)
HDL-1007 : undeclared symbol 'sys_pll_open2', assumed default net type 'wire' in al_ip/sys_pll.v(89)
HDL-1007 : undeclared symbol 'sys_pll_open11', assumed default net type 'wire' in al_ip/sys_pll.v(91)
HDL-1007 : undeclared symbol 'sys_pll_open10', assumed default net type 'wire' in al_ip/sys_pll.v(91)
HDL-1007 : analyze verilog file ../source_code/rtl/sd_card/ax_debounce.v
HDL-1007 : analyze verilog file ../source_code/rtl/sd_card/bmp_read.v
HDL-1007 : analyze verilog file ../source_code/rtl/sd_card/sd_card_bmp.v
HDL-1007 : analyze verilog file ../source_code/rtl/sd_card/sd_card_cmd.v
HDL-1007 : analyze verilog file ../source_code/rtl/sd_card/sd_card_sec_read_write.v
HDL-1007 : analyze verilog file ../source_code/rtl/sd_card/sd_card_top.v
HDL-1007 : analyze verilog file ../source_code/rtl/sd_card/spi_master.v
HDL-1007 : analyze verilog file ../source_code/rtl/sdram/enc_file/global_def.v
HDL-1007 : analyze verilog file ../source_code/rtl/sdram/enc_file/sdr_as_ram.enc.v
HDL-1007 : back to file '../source_code/rtl/sdram/enc_file/sdr_as_ram.enc.v' in ../source_code/rtl/sdram/enc_file/sdr_as_ram.enc.v(54)
HDL-1007 : analyze verilog file ../source_code/rtl/sdram/enc_file/sdr_wrrd.enc.v
HDL-5007 WARNING: concatenation with an unsized literal will be treated as 32 bits in ../source_code/rtl/sdram/enc_file/sdr_wrrd.enc.v(283)
HDL-1007 : back to file '../source_code/rtl/sdram/enc_file/sdr_wrrd.enc.v' in ../source_code/rtl/sdram/enc_file/sdr_wrrd.enc.v(19)
HDL-1007 : analyze verilog file ../source_code/rtl/frame_fifo/afifo_16_32_256.v
HDL-1007 : analyze verilog file ../source_code/rtl/frame_fifo/afifo_32_16_256.v
HDL-1007 : analyze verilog file ../source_code/rtl/frame_fifo/frame_fifo_read.v
HDL-1007 : analyze verilog file ../source_code/rtl/frame_fifo/frame_fifo_write.v
HDL-1007 : analyze verilog file ../source_code/rtl/frame_fifo/frame_read_write.v
HDL-1007 : analyze verilog file ../source_code/rtl/sdram/sdram.v
HDL-1007 : analyze included file ../source_code/rtl/sdram/enc_file/global_def.v in ../source_code/rtl/sdram/sdram.v(10)
HDL-1007 : back to file '../source_code/rtl/sdram/sdram.v' in ../source_code/rtl/sdram/sdram.v(10)
HDL-1007 : undeclared symbol 'SDR_CKE', assumed default net type 'wire' in ../source_code/rtl/sdram/sdram.v(89)
HDL-1007 : analyze verilog file ../source_code/rtl/sdram/enc_file/sdr_init_ref.enc.v
HDL-1007 : analyze included file ../source_code/rtl/sdram/enc_file/global_def.v in ../source_code/rtl/sdram/enc_file/sdr_init_ref.enc.v(11)
HDL-1007 : back to file '../source_code/rtl/sdram/enc_file/sdr_init_ref.enc.v' in ../source_code/rtl/sdram/enc_file/sdr_init_ref.enc.v(11)
HDL-1007 : undeclared symbol '**', assumed default net type '**' in ../source_code/rtl/sdram/enc_file/sdr_init_ref.enc.v(57)
HDL-1007 : back to file '../source_code/rtl/sdram/enc_file/sdr_init_ref.enc.v' in ../source_code/rtl/sdram/enc_file/sdr_init_ref.enc.v(149)
HDL-5007 WARNING: concatenation with an unsized literal will be treated as 32 bits in ../source_code/rtl/sdram/enc_file/sdr_init_ref.enc.v(47)
HDL-1007 : analyze verilog file ../source_code/rtl/video_timing/color_bar.v
HDL-1007 : analyze included file ../source_code/rtl/video_timing/video_define.v in ../source_code/rtl/video_timing/color_bar.v(2)
HDL-1007 : back to file '../source_code/rtl/video_timing/color_bar.v' in ../source_code/rtl/video_timing/color_bar.v(2)
HDL-1007 : analyze verilog file ../source_code/rtl/video_timing/video_delay.v
HDL-1007 : analyze verilog file ../source_code/rtl/video_timing/video_timing_data.v
HDL-1007 : analyze verilog file ../source_code/rtl/another/m_synchronization_header.v
HDL-1007 : analyze verilog file ../source_code/rtl/led.v
HDL-1007 : analyze verilog file ../source_code/rtl/ov5640/cmos_capture_data.v
HDL-1007 : analyze verilog file ../source_code/rtl/ov5640/i2c_dri.v
HDL-1007 : analyze verilog file ../source_code/rtl/ov5640/i2c_ov5640_rgb565_cfg.v
HDL-1007 : analyze verilog file ../source_code/rtl/ov5640/ov5640_delay.v
HDL-1007 : analyze verilog file ../source_code/rtl/ov5640/ov5640_dri.v
HDL-1007 : analyze verilog file al_ip/clk_wize.v
HDL-1007 : undeclared symbol 'open', assumed default net type 'wire' in al_ip/clk_wize.v(70)
HDL-1007 : analyze verilog file al_ip/ram.v
HDL-1007 : analyze verilog file ../source_code/rtl/app/addr_crt.v
HDL-1007 : analyze verilog file ../source_code/rtl/app/app.v
HDL-1007 : analyze verilog file ../source_code/rtl/app/vga_disp_rtl.v
HDL-1007 : analyze VHDL file ../source_code/rtl/hdmi_rtl/enc_file/DVITransmitter.enc.vhd
HDL-1007 : analyze entity dvitransmitter in ../source_code/rtl/hdmi_rtl/enc_file/DVITransmitter.enc.vhd(13)
HDL-1007 : analyze architecture ** in ../source_code/rtl/hdmi_rtl/enc_file/DVITransmitter.enc.vhd(2)
HDL-1007 : analyze VHDL file ../source_code/rtl/hdmi_rtl/enc_file/SerializerN_1_lvds.enc.vhd
HDL-1007 : analyze entity ** in ../source_code/rtl/hdmi_rtl/enc_file/SerializerN_1_lvds.enc.vhd(12)
HDL-1007 : analyze architecture ** in ../source_code/rtl/hdmi_rtl/enc_file/SerializerN_1_lvds.enc.vhd(25)
HDL-1007 : analyze VHDL file ../source_code/rtl/hdmi_rtl/enc_file/SerializerN_1_lvds_dat.enc.vhd
HDL-1007 : analyze entity ** in ../source_code/rtl/hdmi_rtl/enc_file/SerializerN_1_lvds_dat.enc.vhd(14)
HDL-1007 : analyze architecture ** in ../source_code/rtl/hdmi_rtl/enc_file/SerializerN_1_lvds_dat.enc.vhd(28)
HDL-1007 : analyze VHDL file ../source_code/rtl/hdmi_rtl/enc_file/TMDSEncoder.enc.vhd
HDL-1007 : analyze entity ** in ../source_code/rtl/hdmi_rtl/enc_file/TMDSEncoder.enc.vhd(13)
HDL-1007 : analyze architecture ** in ../source_code/rtl/hdmi_rtl/enc_file/TMDSEncoder.enc.vhd(24)
HDL-1007 : analyze verilog file ../source_code/rtl/hdmi_rtl/enc_file/video_tpg_1024768.enc.v
HDL-5007 WARNING: literal value ** truncated to fit in ** bits in ../source_code/rtl/hdmi_rtl/enc_file/video_tpg_1024768.enc.v(231)
HDL-1007 : back to file '../source_code/rtl/hdmi_rtl/enc_file/video_tpg_1024768.enc.v' in ../source_code/rtl/hdmi_rtl/enc_file/video_tpg_1024768.enc.v(1)
HDL-1007 : analyze verilog file ../source_code/rtl/hdmi_rtl/enc_file/video_tpg_1080p.enc.v
HDL-1007 : back to file '../source_code/rtl/hdmi_rtl/enc_file/video_tpg_1080p.enc.v' in ../source_code/rtl/hdmi_rtl/enc_file/video_tpg_1080p.enc.v(1)
HDL-1007 : analyze verilog file ../source_code/rtl/hdmi_rtl/enc_file/video_tpg_12801024p.enc.v
HDL-1007 : back to file '../source_code/rtl/hdmi_rtl/enc_file/video_tpg_12801024p.enc.v' in ../source_code/rtl/hdmi_rtl/enc_file/video_tpg_12801024p.enc.v(1)
HDL-1007 : analyze verilog file ../source_code/rtl/hdmi_rtl/enc_file/video_tpg_1280800.enc.v
HDL-5007 WARNING: literal value ** truncated to fit in ** bits in ../source_code/rtl/hdmi_rtl/enc_file/video_tpg_1280800.enc.v(233)
HDL-1007 : back to file '../source_code/rtl/hdmi_rtl/enc_file/video_tpg_1280800.enc.v' in ../source_code/rtl/hdmi_rtl/enc_file/video_tpg_1280800.enc.v(1)
HDL-1007 : analyze verilog file ../source_code/rtl/hdmi_rtl/enc_file/video_tpg_16801050p.enc.v
HDL-1007 : back to file '../source_code/rtl/hdmi_rtl/enc_file/video_tpg_16801050p.enc.v' in ../source_code/rtl/hdmi_rtl/enc_file/video_tpg_16801050p.enc.v(1)
HDL-1007 : analyze verilog file ../source_code/rtl/hdmi_rtl/enc_file/video_tpg_800600.enc.v
HDL-1007 : back to file '../source_code/rtl/hdmi_rtl/enc_file/video_tpg_800600.enc.v' in ../source_code/rtl/hdmi_rtl/enc_file/video_tpg_800600.enc.v(1)
HDL-1007 : analyze VHDL file ../source_code/rtl/hdmi_rtl/hdmi_tx.vhd
HDL-1007 : analyze entity hdmi_tx in ../source_code/rtl/hdmi_rtl/hdmi_tx.vhd(11)
HDL-1007 : analyze architecture behavioral in ../source_code/rtl/hdmi_rtl/hdmi_tx.vhd(33)
HDL-1007 : analyze verilog file ../source_code/rtl/hdmi_rtl/vga_disp_rtl.v
HDL-7201 CRITICAL-WARNING: overwrite current module 'vga_disp_rtl' in ../source_code/rtl/hdmi_rtl/vga_disp_rtl.v(1)
HDL-7307 CRITICAL-WARNING: previous definition of design element module 'vga_disp_rtl' is here. This is because multiple modules(values) with the same name are defined. Please consider rewriting code in ../source_code/rtl/app/vga_disp_rtl.v(1)
PRJ-1412 : reset_run syn_1 phy_1.
PRJ-1409 : launch_runs syn_1 phy_1  -jobs 6.
PRJ-1410 : Run syn_1 success.
RUN-1002 : start command "save_best_bits"
PRJ-1424 : The implemented result of phy_1 is saved as best result.
PRJ-1410 : Run phy_1 success.
RUN-1002 : start command "import_db D:/FPGA/workplace6_2_1/last/prj/last_attempt_Runs/phy_1/last_attempt_pr.db"
RUN-1001 : Importing database generated by Tang Dynasty, V6.2.168116.
RUN-1001 : Database version number 46207
RUN-1001 : Import flow parameters
RUN-1001 : Import netlist
PHY-1001 : Generate detailed routing grids ...
PHY-1001 : End build routing graph; 0.467376s wall, 0.421875s user + 0.062500s system = 0.484375s CPU (103.6%)

PHY-1001 : Build lut bridge;  0.079907s wall, 0.078125s user + 0.000000s system = 0.078125s CPU (97.8%)

PHY-1001 : Generate nets ...
PHY-1001 : net clk_50_dup_1 will be routed on clock mesh
PHY-1001 : clock net temac_clk will be merged with clock u_clk_gen/u_pll_0/clk0_buf
PHY-1001 : net udp_clk will be routed on clock mesh
PHY-1001 : net U3/u2_ram/SDRAM_CLK will be routed on clock mesh
PHY-1001 : net U3/u2_ram/u1_init_ref/Sdr_clk will be routed on clock mesh
PHY-1001 : clock net u_ov5640_dri/u_i2c_dr/dri_clk_syn_4 will be merged with clock u_ov5640_dri/u_i2c_dr/dri_clk
PHY-1001 : clock net u2_udp_loopback/app_tx_data_read_syn_4 will be merged with clock u2_udp_loopback/app_tx_data_read
PHY-1001 : clock net frame_read_write_m0/write_clk_syn_4 will be merged with clock frame_read_write_m0/write_clk
PHY-1001 : clock net cam_pclk_syn_4 will be merged with clock cam_pclk_dup_1
PHY-1001 : clock net sd_card_bmp_m0/bmp_read_m0/clk will be merged with clock tf0_sys_pll/clk0_buf
PHY-1001 : net u2_hdmi_tx/Inst_DVITransmitter/PCLK_I will be routed on clock mesh
PHY-1001 : clock net u2_hdmi_tx/Inst_DVITransmitter/PCLK_X5_I will be merged with clock u0_clk_wize/clk0_buf
PHY-1001 : net u4_trimac_block/u1_rgmii_interface/rgmii_txc_ddr/clk will be routed on clock mesh
PHY-1001 : clock net u4_trimac_block/rx_clk will be merged with clock phy1_rgmii_rx_clk_dup_1
PHY-1001 : eco open net = 0
PHY-1001 : 276 feed throughs used by 226 nets
RUN-1001 : Import phy database
RUN-1001 : Import timing constraints
RUN-1001 : Import IO constraints
RUN-1001 : Import Inst constraints
RUN-1001 : Import ChipWatcher
RUN-1001 : Import design success TD_VERSION=6.2.168116 , DB_VERSION=46207
RUN-1003 : finish command "import_db D:/FPGA/workplace6_2_1/last/prj/last_attempt_Runs/phy_1/last_attempt_pr.db" in  3.059983s wall, 2.812500s user + 0.343750s system = 3.156250s CPU (103.1%)

RUN-1004 : used memory is 888 MB, reserved memory is 837 MB, peak memory is 927 MB
RUN-1002 : start command "commit_param -step design"
RUN-1001 : Print Global Property
RUN-1001 : --------------------------------------------------------
RUN-1001 :   Parameters   |  Settings  |  Default Values  |  Note  
RUN-1001 : --------------------------------------------------------
RUN-1001 :   enable_seed  |    off     |       off        |        
RUN-1001 :     message    |  standard  |     standard     |        
RUN-1001 :   qor_monitor  |     on     |        on        |        
RUN-1001 :   syn_ip_flow  |    off     |       off        |        
RUN-1001 :     thread     |    auto    |       auto       |        
RUN-1001 : --------------------------------------------------------
RUN-1001 : Print Design Property
RUN-1001 : ----------------------------------------------------------------
RUN-1001 :       Parameters       |  Settings  |  Default Values  |  Note  
RUN-1001 : ----------------------------------------------------------------
RUN-1001 :   default_reg_initial  |    auto    |       auto       |        
RUN-1001 :    hdl_warning_level   |   normal   |      normal      |        
RUN-1001 : ----------------------------------------------------------------
HDL-1007 : analyze verilog file last_attempt.v
HDL-1007 : undeclared symbol 'phy_reset', assumed default net type 'wire' in last_attempt.v(166)
HDL-1007 : undeclared symbol 'cam_write_req_ack', assumed default net type 'wire' in last_attempt.v(276)
HDL-1007 : undeclared symbol 'sd_card_write_req_ack', assumed default net type 'wire' in last_attempt.v(277)
HDL-1007 : undeclared symbol 'VGA_HSYNC', assumed default net type 'wire' in last_attempt.v(325)
HDL-1007 : undeclared symbol 'VGA_VSYNC', assumed default net type 'wire' in last_attempt.v(326)
HDL-1007 : undeclared symbol 'rd_en', assumed default net type 'wire' in last_attempt.v(328)
HDL-7225 CRITICAL-WARNING: 'sd_card_write_req_ack' is already implicitly declared on line 277 in last_attempt.v(381)
HDL-7225 CRITICAL-WARNING: 'cam_write_req_ack' is already implicitly declared on line 276 in last_attempt.v(438)
HDL-1007 : undeclared symbol 'tpg_data_done', assumed default net type 'wire' in last_attempt.v(631)
HDL-1007 : undeclared symbol 'full_flag', assumed default net type 'wire' in last_attempt.v(665)
HDL-1007 : undeclared symbol 'input_local_udp_port_num', assumed default net type 'wire' in last_attempt.v(696)
HDL-1007 : undeclared symbol 'input_local_udp_port_num_valid', assumed default net type 'wire' in last_attempt.v(697)
HDL-1007 : undeclared symbol 'input_local_ip_address_valid', assumed default net type 'wire' in last_attempt.v(700)
HDL-1007 : analyze verilog file ../source_code/rtl/udp/BUFGMUX.v
HDL-1007 : analyze verilog file ../source_code/rtl/udp/IDDR.v
HDL-1007 : analyze verilog file ../source_code/rtl/udp/ODDR.v
HDL-1007 : analyze verilog file ../source_code/rtl/udp/RAMB16_S9_S9.v
HDL-1007 : undeclared symbol 'open', assumed default net type 'wire' in ../source_code/rtl/udp/RAMB16_S9_S9.v(109)
HDL-1007 : analyze verilog file ../source_code/rtl/udp/clk_gen_rst_gen.v
HDL-1007 : analyze verilog file ../source_code/rtl/udp/div_clk_gen.v
HDL-1007 : analyze verilog file ../source_code/rtl/udp/rgmii_interface.v
HDL-1007 : analyze verilog file ../source_code/rtl/udp/rx_client_fifo.v
HDL-5370 WARNING: parameter 'WAIT_s' becomes localparam in 'rx_client_fifo' with formal parameter declaration list in ../source_code/rtl/udp/rx_client_fifo.v(49)
HDL-5370 WARNING: parameter 'QUEUE1_s' becomes localparam in 'rx_client_fifo' with formal parameter declaration list in ../source_code/rtl/udp/rx_client_fifo.v(50)
HDL-5370 WARNING: parameter 'QUEUE2_s' becomes localparam in 'rx_client_fifo' with formal parameter declaration list in ../source_code/rtl/udp/rx_client_fifo.v(51)
HDL-5370 WARNING: parameter 'QUEUE3_s' becomes localparam in 'rx_client_fifo' with formal parameter declaration list in ../source_code/rtl/udp/rx_client_fifo.v(52)
HDL-5370 WARNING: parameter 'QUEUE_SOF_s' becomes localparam in 'rx_client_fifo' with formal parameter declaration list in ../source_code/rtl/udp/rx_client_fifo.v(53)
HDL-5370 WARNING: parameter 'SOF_s' becomes localparam in 'rx_client_fifo' with formal parameter declaration list in ../source_code/rtl/udp/rx_client_fifo.v(54)
HDL-5370 WARNING: parameter 'DATA_s' becomes localparam in 'rx_client_fifo' with formal parameter declaration list in ../source_code/rtl/udp/rx_client_fifo.v(55)
HDL-5370 WARNING: parameter 'EOF_s' becomes localparam in 'rx_client_fifo' with formal parameter declaration list in ../source_code/rtl/udp/rx_client_fifo.v(56)
HDL-5370 WARNING: parameter 'IDLE_s' becomes localparam in 'rx_client_fifo' with formal parameter declaration list in ../source_code/rtl/udp/rx_client_fifo.v(62)
HDL-5370 WARNING: parameter 'FRAME_s' becomes localparam in 'rx_client_fifo' with formal parameter declaration list in ../source_code/rtl/udp/rx_client_fifo.v(63)
HDL-5370 Similar messages will be suppressed.
HDL-1007 : analyze verilog file ../source_code/rtl/udp/temac_block.v
HDL-1007 : analyze verilog file ../source_code/rtl/udp/temac_clk_gen.v
HDL-1007 : analyze verilog file ../source_code/rtl/udp/tx_client_fifo.v
HDL-5370 WARNING: parameter 'IDLE_s' becomes localparam in 'tx_client_fifo' with formal parameter declaration list in ../source_code/rtl/udp/tx_client_fifo.v(53)
HDL-5370 WARNING: parameter 'QUEUE1_s' becomes localparam in 'tx_client_fifo' with formal parameter declaration list in ../source_code/rtl/udp/tx_client_fifo.v(54)
HDL-5370 WARNING: parameter 'QUEUE2_s' becomes localparam in 'tx_client_fifo' with formal parameter declaration list in ../source_code/rtl/udp/tx_client_fifo.v(55)
HDL-5370 WARNING: parameter 'QUEUE3_s' becomes localparam in 'tx_client_fifo' with formal parameter declaration list in ../source_code/rtl/udp/tx_client_fifo.v(56)
HDL-5370 WARNING: parameter 'QUEUE_ACK_s' becomes localparam in 'tx_client_fifo' with formal parameter declaration list in ../source_code/rtl/udp/tx_client_fifo.v(57)
HDL-5370 WARNING: parameter 'WAIT_ACK_s' becomes localparam in 'tx_client_fifo' with formal parameter declaration list in ../source_code/rtl/udp/tx_client_fifo.v(58)
HDL-5370 WARNING: parameter 'FRAME_s' becomes localparam in 'tx_client_fifo' with formal parameter declaration list in ../source_code/rtl/udp/tx_client_fifo.v(59)
HDL-5370 WARNING: parameter 'DROP_s' becomes localparam in 'tx_client_fifo' with formal parameter declaration list in ../source_code/rtl/udp/tx_client_fifo.v(60)
HDL-5370 WARNING: parameter 'RETRANSMIT_s' becomes localparam in 'tx_client_fifo' with formal parameter declaration list in ../source_code/rtl/udp/tx_client_fifo.v(61)
HDL-5370 WARNING: parameter 'WAIT_s' becomes localparam in 'tx_client_fifo' with formal parameter declaration list in ../source_code/rtl/udp/tx_client_fifo.v(67)
HDL-5370 Similar messages will be suppressed.
HDL-1007 : analyze verilog file ../source_code/rtl/udp/tx_clk_en_gen.v
HDL-1007 : analyze verilog file ../source_code/rtl/udp/udp_data_tpg.v
HDL-1007 : analyze verilog file ../source_code/rtl/udp/udp_ip_protocol_stack_merge.enc.v
HDL-1007 : back to file '../source_code/rtl/udp/udp_ip_protocol_stack_merge.enc.v' in ../source_code/rtl/udp/udp_ip_protocol_stack_merge.enc.v(56)
HDL-1007 : undeclared symbol '**', assumed default net type '**' in ../source_code/rtl/udp/udp_ip_protocol_stack_merge.enc.v(2638)
HDL-1007 : back to file '../source_code/rtl/udp/udp_ip_protocol_stack_merge.enc.v' in ../source_code/rtl/udp/udp_ip_protocol_stack_merge.enc.v(420)
HDL-1007 : analyze verilog file ../source_code/rtl/udp/udp_loopback.v
HDL-1007 : analyze verilog file al_ip/TEMAC_CORE/RTL/include/define.v
HDL-1007 : analyze verilog file al_ip/TEMAC_CORE/RTL/TEMAC_CORE_aead6cd6dadd.v
HDL-5007 WARNING: column 1032 exceeds maximum value 1023 in al_ip/TEMAC_CORE/RTL/TEMAC_CORE_aead6cd6dadd.v(30)
HDL-1007 : back to file 'al_ip/TEMAC_CORE/RTL/TEMAC_CORE_aead6cd6dadd.v' in al_ip/TEMAC_CORE/RTL/TEMAC_CORE_aead6cd6dadd.v(86)
HDL-5007 WARNING: event expressions must result in a singular type in al_ip/TEMAC_CORE/RTL/TEMAC_CORE_aead6cd6dadd.v(3001)
HDL-1007 : undeclared symbol '**', assumed default net type '**' in al_ip/TEMAC_CORE/RTL/TEMAC_CORE_aead6cd6dadd.v(5050)
HDL-1007 : undeclared symbol '**', assumed default net type '**' in al_ip/TEMAC_CORE/RTL/TEMAC_CORE_aead6cd6dadd.v(5458)
HDL-5007 WARNING: column 1035 exceeds maximum value 1023 in al_ip/TEMAC_CORE/RTL/TEMAC_CORE_aead6cd6dadd.v(6001)
HDL-1007 : back to file 'al_ip/TEMAC_CORE/RTL/TEMAC_CORE_aead6cd6dadd.v' in al_ip/TEMAC_CORE/RTL/TEMAC_CORE_aead6cd6dadd.v(260)
HDL-1007 : analyze verilog file al_ip/TEMAC_CORE/RTL/mac_core_aead6cd6dadd.v
HDL-1007 : analyze verilog file al_ip/TEMAC_CORE/TEMAC_CORE.v
HDL-1007 : analyze verilog file al_ip/pll_gen.v
HDL-1007 : undeclared symbol 'pll_gen_open0', assumed default net type 'wire' in al_ip/pll_gen.v(99)
HDL-1007 : undeclared symbol 'pll_gen_open8', assumed default net type 'wire' in al_ip/pll_gen.v(105)
HDL-1007 : undeclared symbol 'pll_gen_open7', assumed default net type 'wire' in al_ip/pll_gen.v(105)
HDL-1007 : undeclared symbol 'pll_gen_open6', assumed default net type 'wire' in al_ip/pll_gen.v(105)
HDL-1007 : undeclared symbol 'pll_gen_open5', assumed default net type 'wire' in al_ip/pll_gen.v(105)
HDL-1007 : undeclared symbol 'pll_gen_open4', assumed default net type 'wire' in al_ip/pll_gen.v(105)
HDL-1007 : undeclared symbol 'pll_gen_open3', assumed default net type 'wire' in al_ip/pll_gen.v(105)
HDL-1007 : undeclared symbol 'pll_gen_open2', assumed default net type 'wire' in al_ip/pll_gen.v(105)
HDL-1007 : undeclared symbol 'pll_gen_open1', assumed default net type 'wire' in al_ip/pll_gen.v(105)
HDL-1007 : analyze verilog file al_ip/sys_pll.v
HDL-1007 : undeclared symbol 'sys_pll_open0', assumed default net type 'wire' in al_ip/sys_pll.v(77)
HDL-1007 : undeclared symbol 'sys_pll_open1', assumed default net type 'wire' in al_ip/sys_pll.v(83)
HDL-1007 : undeclared symbol 'sys_pll_open9', assumed default net type 'wire' in al_ip/sys_pll.v(89)
HDL-1007 : undeclared symbol 'sys_pll_open8', assumed default net type 'wire' in al_ip/sys_pll.v(89)
HDL-1007 : undeclared symbol 'sys_pll_open7', assumed default net type 'wire' in al_ip/sys_pll.v(89)
HDL-1007 : undeclared symbol 'sys_pll_open6', assumed default net type 'wire' in al_ip/sys_pll.v(89)
HDL-1007 : undeclared symbol 'sys_pll_open5', assumed default net type 'wire' in al_ip/sys_pll.v(89)
HDL-1007 : undeclared symbol 'sys_pll_open4', assumed default net type 'wire' in al_ip/sys_pll.v(89)
HDL-1007 : undeclared symbol 'sys_pll_open3', assumed default net type 'wire' in al_ip/sys_pll.v(89)
HDL-1007 : undeclared symbol 'sys_pll_open2', assumed default net type 'wire' in al_ip/sys_pll.v(89)
HDL-1007 : undeclared symbol 'sys_pll_open11', assumed default net type 'wire' in al_ip/sys_pll.v(91)
HDL-1007 : undeclared symbol 'sys_pll_open10', assumed default net type 'wire' in al_ip/sys_pll.v(91)
HDL-1007 : analyze verilog file ../source_code/rtl/sd_card/ax_debounce.v
HDL-1007 : analyze verilog file ../source_code/rtl/sd_card/bmp_read.v
HDL-1007 : analyze verilog file ../source_code/rtl/sd_card/sd_card_bmp.v
HDL-1007 : analyze verilog file ../source_code/rtl/sd_card/sd_card_cmd.v
HDL-1007 : analyze verilog file ../source_code/rtl/sd_card/sd_card_sec_read_write.v
HDL-1007 : analyze verilog file ../source_code/rtl/sd_card/sd_card_top.v
HDL-1007 : analyze verilog file ../source_code/rtl/sd_card/spi_master.v
HDL-1007 : analyze verilog file ../source_code/rtl/sdram/enc_file/global_def.v
HDL-1007 : analyze verilog file ../source_code/rtl/sdram/enc_file/sdr_as_ram.enc.v
HDL-1007 : back to file '../source_code/rtl/sdram/enc_file/sdr_as_ram.enc.v' in ../source_code/rtl/sdram/enc_file/sdr_as_ram.enc.v(54)
HDL-1007 : analyze verilog file ../source_code/rtl/sdram/enc_file/sdr_wrrd.enc.v
HDL-5007 WARNING: concatenation with an unsized literal will be treated as 32 bits in ../source_code/rtl/sdram/enc_file/sdr_wrrd.enc.v(283)
HDL-1007 : back to file '../source_code/rtl/sdram/enc_file/sdr_wrrd.enc.v' in ../source_code/rtl/sdram/enc_file/sdr_wrrd.enc.v(19)
HDL-1007 : analyze verilog file ../source_code/rtl/frame_fifo/afifo_16_32_256.v
HDL-1007 : analyze verilog file ../source_code/rtl/frame_fifo/afifo_32_16_256.v
HDL-1007 : analyze verilog file ../source_code/rtl/frame_fifo/frame_fifo_read.v
HDL-1007 : analyze verilog file ../source_code/rtl/frame_fifo/frame_fifo_write.v
HDL-1007 : analyze verilog file ../source_code/rtl/frame_fifo/frame_read_write.v
HDL-1007 : analyze verilog file ../source_code/rtl/sdram/sdram.v
HDL-1007 : analyze included file ../source_code/rtl/sdram/enc_file/global_def.v in ../source_code/rtl/sdram/sdram.v(10)
HDL-1007 : back to file '../source_code/rtl/sdram/sdram.v' in ../source_code/rtl/sdram/sdram.v(10)
HDL-1007 : undeclared symbol 'SDR_CKE', assumed default net type 'wire' in ../source_code/rtl/sdram/sdram.v(89)
HDL-1007 : analyze verilog file ../source_code/rtl/sdram/enc_file/sdr_init_ref.enc.v
HDL-1007 : analyze included file ../source_code/rtl/sdram/enc_file/global_def.v in ../source_code/rtl/sdram/enc_file/sdr_init_ref.enc.v(11)
HDL-1007 : back to file '../source_code/rtl/sdram/enc_file/sdr_init_ref.enc.v' in ../source_code/rtl/sdram/enc_file/sdr_init_ref.enc.v(11)
HDL-1007 : undeclared symbol '**', assumed default net type '**' in ../source_code/rtl/sdram/enc_file/sdr_init_ref.enc.v(57)
HDL-1007 : back to file '../source_code/rtl/sdram/enc_file/sdr_init_ref.enc.v' in ../source_code/rtl/sdram/enc_file/sdr_init_ref.enc.v(149)
HDL-5007 WARNING: concatenation with an unsized literal will be treated as 32 bits in ../source_code/rtl/sdram/enc_file/sdr_init_ref.enc.v(47)
HDL-1007 : analyze verilog file ../source_code/rtl/video_timing/color_bar.v
HDL-1007 : analyze included file ../source_code/rtl/video_timing/video_define.v in ../source_code/rtl/video_timing/color_bar.v(2)
HDL-1007 : back to file '../source_code/rtl/video_timing/color_bar.v' in ../source_code/rtl/video_timing/color_bar.v(2)
HDL-1007 : analyze verilog file ../source_code/rtl/video_timing/video_delay.v
HDL-1007 : analyze verilog file ../source_code/rtl/video_timing/video_timing_data.v
HDL-1007 : analyze verilog file ../source_code/rtl/another/m_synchronization_header.v
HDL-1007 : analyze verilog file ../source_code/rtl/led.v
HDL-1007 : analyze verilog file ../source_code/rtl/ov5640/cmos_capture_data.v
HDL-1007 : analyze verilog file ../source_code/rtl/ov5640/i2c_dri.v
HDL-1007 : analyze verilog file ../source_code/rtl/ov5640/i2c_ov5640_rgb565_cfg.v
HDL-1007 : analyze verilog file ../source_code/rtl/ov5640/ov5640_delay.v
HDL-1007 : analyze verilog file ../source_code/rtl/ov5640/ov5640_dri.v
HDL-1007 : analyze verilog file al_ip/clk_wize.v
HDL-1007 : undeclared symbol 'open', assumed default net type 'wire' in al_ip/clk_wize.v(70)
HDL-1007 : analyze verilog file al_ip/ram.v
HDL-1007 : analyze verilog file ../source_code/rtl/app/addr_crt.v
HDL-1007 : analyze verilog file ../source_code/rtl/app/app.v
HDL-1007 : analyze verilog file ../source_code/rtl/app/vga_disp_rtl.v
HDL-1007 : analyze VHDL file ../source_code/rtl/hdmi_rtl/enc_file/DVITransmitter.enc.vhd
HDL-1007 : analyze entity dvitransmitter in ../source_code/rtl/hdmi_rtl/enc_file/DVITransmitter.enc.vhd(13)
HDL-1007 : analyze architecture ** in ../source_code/rtl/hdmi_rtl/enc_file/DVITransmitter.enc.vhd(2)
HDL-1007 : analyze VHDL file ../source_code/rtl/hdmi_rtl/enc_file/SerializerN_1_lvds.enc.vhd
HDL-1007 : analyze entity ** in ../source_code/rtl/hdmi_rtl/enc_file/SerializerN_1_lvds.enc.vhd(12)
HDL-1007 : analyze architecture ** in ../source_code/rtl/hdmi_rtl/enc_file/SerializerN_1_lvds.enc.vhd(25)
HDL-1007 : analyze VHDL file ../source_code/rtl/hdmi_rtl/enc_file/SerializerN_1_lvds_dat.enc.vhd
HDL-1007 : analyze entity ** in ../source_code/rtl/hdmi_rtl/enc_file/SerializerN_1_lvds_dat.enc.vhd(14)
HDL-1007 : analyze architecture ** in ../source_code/rtl/hdmi_rtl/enc_file/SerializerN_1_lvds_dat.enc.vhd(28)
HDL-1007 : analyze VHDL file ../source_code/rtl/hdmi_rtl/enc_file/TMDSEncoder.enc.vhd
HDL-1007 : analyze entity ** in ../source_code/rtl/hdmi_rtl/enc_file/TMDSEncoder.enc.vhd(13)
HDL-1007 : analyze architecture ** in ../source_code/rtl/hdmi_rtl/enc_file/TMDSEncoder.enc.vhd(24)
HDL-1007 : analyze verilog file ../source_code/rtl/hdmi_rtl/enc_file/video_tpg_1024768.enc.v
HDL-5007 WARNING: literal value ** truncated to fit in ** bits in ../source_code/rtl/hdmi_rtl/enc_file/video_tpg_1024768.enc.v(231)
HDL-1007 : back to file '../source_code/rtl/hdmi_rtl/enc_file/video_tpg_1024768.enc.v' in ../source_code/rtl/hdmi_rtl/enc_file/video_tpg_1024768.enc.v(1)
HDL-1007 : analyze verilog file ../source_code/rtl/hdmi_rtl/enc_file/video_tpg_1080p.enc.v
HDL-1007 : back to file '../source_code/rtl/hdmi_rtl/enc_file/video_tpg_1080p.enc.v' in ../source_code/rtl/hdmi_rtl/enc_file/video_tpg_1080p.enc.v(1)
HDL-1007 : analyze verilog file ../source_code/rtl/hdmi_rtl/enc_file/video_tpg_12801024p.enc.v
HDL-1007 : back to file '../source_code/rtl/hdmi_rtl/enc_file/video_tpg_12801024p.enc.v' in ../source_code/rtl/hdmi_rtl/enc_file/video_tpg_12801024p.enc.v(1)
HDL-1007 : analyze verilog file ../source_code/rtl/hdmi_rtl/enc_file/video_tpg_1280800.enc.v
HDL-5007 WARNING: literal value ** truncated to fit in ** bits in ../source_code/rtl/hdmi_rtl/enc_file/video_tpg_1280800.enc.v(233)
HDL-1007 : back to file '../source_code/rtl/hdmi_rtl/enc_file/video_tpg_1280800.enc.v' in ../source_code/rtl/hdmi_rtl/enc_file/video_tpg_1280800.enc.v(1)
HDL-1007 : analyze verilog file ../source_code/rtl/hdmi_rtl/enc_file/video_tpg_16801050p.enc.v
HDL-1007 : back to file '../source_code/rtl/hdmi_rtl/enc_file/video_tpg_16801050p.enc.v' in ../source_code/rtl/hdmi_rtl/enc_file/video_tpg_16801050p.enc.v(1)
HDL-1007 : analyze verilog file ../source_code/rtl/hdmi_rtl/enc_file/video_tpg_800600.enc.v
HDL-1007 : back to file '../source_code/rtl/hdmi_rtl/enc_file/video_tpg_800600.enc.v' in ../source_code/rtl/hdmi_rtl/enc_file/video_tpg_800600.enc.v(1)
HDL-1007 : analyze VHDL file ../source_code/rtl/hdmi_rtl/hdmi_tx.vhd
HDL-1007 : analyze entity hdmi_tx in ../source_code/rtl/hdmi_rtl/hdmi_tx.vhd(11)
HDL-1007 : analyze architecture behavioral in ../source_code/rtl/hdmi_rtl/hdmi_tx.vhd(33)
HDL-1007 : analyze verilog file ../source_code/rtl/hdmi_rtl/vga_disp_rtl.v
HDL-7201 CRITICAL-WARNING: overwrite current module 'vga_disp_rtl' in ../source_code/rtl/hdmi_rtl/vga_disp_rtl.v(1)
HDL-7307 CRITICAL-WARNING: previous definition of design element module 'vga_disp_rtl' is here. This is because multiple modules(values) with the same name are defined. Please consider rewriting code in ../source_code/rtl/app/vga_disp_rtl.v(1)
