============================================================
   Tang Dynasty, V6.2.168116
   Copyright (c) 2012-2025 Anlogic Inc.
   Executable = D:/FPGA/TD6_2_1/bin/td.exe
   Built at =   16:32:07 Jun 12 2025
   Run by =     GL
   Run Date =   Tue Nov  4 13:40:20 2025

   Run on =     DESKTOP-7VJ84VU
============================================================
RUN-1002 : start command "import_db D:/FPGA/workplace6_2_1/last_attempt/prj/last_attempt_Runs/phy_1/last_attempt_pr.db"
RUN-1001 : Importing database generated by Tang Dynasty, V6.2.168116.
RUN-1001 : Database version number 46207
RUN-1001 : Import flow parameters
RUN-1001 : Import netlist
PHY-1001 : Generate detailed routing grids ...
PHY-1001 : End build routing graph; 2.218631s wall, 2.156250s user + 0.375000s system = 2.531250s CPU (114.1%)

PHY-1001 : Build lut bridge;  0.043385s wall, 0.046875s user + 0.000000s system = 0.046875s CPU (108.0%)

PHY-1001 : Generate nets ...
PHY-1001 : net clk_50_dup_1 will be routed on clock mesh
PHY-1001 : clock net temac_clk will be merged with clock u_clk_gen/u_pll_0/clk0_buf
PHY-1001 : net udp_clk will be routed on clock mesh
PHY-1001 : net U3/u2_ram/SDRAM_CLK will be routed on clock mesh
PHY-1001 : net U3/u2_ram/u1_init_ref/Sdr_clk will be routed on clock mesh
PHY-1001 : clock net u_ov5640_dri/u_i2c_dr/dri_clk_syn_4 will be merged with clock u_ov5640_dri/u_i2c_dr/dri_clk
PHY-1001 : clock net u2_udp_loopback/app_tx_data_read_syn_4 will be merged with clock u2_udp_loopback/app_tx_data_read
PHY-1001 : clock net frame_read_write_m0/write_clk_syn_4 will be merged with clock frame_read_write_m0/write_clk
PHY-1001 : clock net cam_pclk_syn_4 will be merged with clock cam_pclk_dup_1
PHY-1001 : clock net sd_card_bmp_m0/bmp_read_m0/clk will be merged with clock tf0_sys_pll/clk0_buf
PHY-1001 : net u2_hdmi_tx/Inst_DVITransmitter/PCLK_I will be routed on clock mesh
PHY-1001 : clock net u2_hdmi_tx/Inst_DVITransmitter/PCLK_X5_I will be merged with clock u0_clk_wize/clk0_buf
PHY-1001 : net u4_trimac_block/u1_rgmii_interface/rgmii_txc_ddr/clk will be routed on clock mesh
PHY-1001 : clock net u4_trimac_block/rx_clk will be merged with clock phy1_rgmii_rx_clk_dup_1
PHY-1001 : eco open net = 0
PHY-1001 : 192 feed throughs used by 172 nets
RUN-1001 : Import phy database
RUN-1001 : Import timing constraints
RUN-1001 : Import IO constraints
RUN-1001 : Import Inst constraints
RUN-1001 : Import ChipWatcher
RUN-1001 : Import design success TD_VERSION=6.2.168116 , DB_VERSION=46207
RUN-1003 : finish command "import_db D:/FPGA/workplace6_2_1/last_attempt/prj/last_attempt_Runs/phy_1/last_attempt_pr.db" in  4.529206s wall, 4.140625s user + 0.703125s system = 4.843750s CPU (106.9%)

RUN-1004 : used memory is 724 MB, reserved memory is 654 MB, peak memory is 795 MB
RUN-1002 : start command "commit_param -step design"
RUN-1001 : Print Global Property
RUN-1001 : --------------------------------------------------------
RUN-1001 :   Parameters   |  Settings  |  Default Values  |  Note  
RUN-1001 : --------------------------------------------------------
RUN-1001 :   enable_seed  |    off     |       off        |        
RUN-1001 :     message    |  standard  |     standard     |        
RUN-1001 :   qor_monitor  |     on     |        on        |        
RUN-1001 :   syn_ip_flow  |    off     |       off        |        
RUN-1001 :     thread     |    auto    |       auto       |        
RUN-1001 : --------------------------------------------------------
RUN-1001 : Print Design Property
RUN-1001 : ----------------------------------------------------------------
RUN-1001 :       Parameters       |  Settings  |  Default Values  |  Note  
RUN-1001 : ----------------------------------------------------------------
RUN-1001 :   default_reg_initial  |    auto    |       auto       |        
RUN-1001 :    hdl_warning_level   |   normal   |      normal      |        
RUN-1001 : ----------------------------------------------------------------
HDL-1007 : analyze verilog file last_attempt.v
HDL-1007 : undeclared symbol 'phy_reset', assumed default net type 'wire' in last_attempt.v(166)
HDL-1007 : undeclared symbol 'VGA_HSYNC', assumed default net type 'wire' in last_attempt.v(332)
HDL-1007 : undeclared symbol 'VGA_VSYNC', assumed default net type 'wire' in last_attempt.v(333)
HDL-1007 : undeclared symbol 'rd_en', assumed default net type 'wire' in last_attempt.v(335)
HDL-1007 : undeclared symbol 'tpg_data_done', assumed default net type 'wire' in last_attempt.v(662)
HDL-1007 : undeclared symbol 'full_flag', assumed default net type 'wire' in last_attempt.v(696)
HDL-1007 : undeclared symbol 'input_local_udp_port_num', assumed default net type 'wire' in last_attempt.v(727)
HDL-1007 : undeclared symbol 'input_local_udp_port_num_valid', assumed default net type 'wire' in last_attempt.v(728)
HDL-1007 : undeclared symbol 'input_local_ip_address_valid', assumed default net type 'wire' in last_attempt.v(731)
HDL-1007 : analyze verilog file ../source_code/rtl/udp/BUFGMUX.v
HDL-1007 : analyze verilog file ../source_code/rtl/udp/IDDR.v
HDL-1007 : analyze verilog file ../source_code/rtl/udp/ODDR.v
HDL-1007 : analyze verilog file ../source_code/rtl/udp/RAMB16_S9_S9.v
HDL-1007 : undeclared symbol 'open', assumed default net type 'wire' in ../source_code/rtl/udp/RAMB16_S9_S9.v(109)
HDL-1007 : analyze verilog file ../source_code/rtl/udp/clk_gen_rst_gen.v
HDL-1007 : analyze verilog file ../source_code/rtl/udp/div_clk_gen.v
HDL-1007 : analyze verilog file ../source_code/rtl/udp/rgmii_interface.v
HDL-1007 : analyze verilog file ../source_code/rtl/udp/rx_client_fifo.v
HDL-5370 WARNING: parameter 'WAIT_s' becomes localparam in 'rx_client_fifo' with formal parameter declaration list in ../source_code/rtl/udp/rx_client_fifo.v(49)
HDL-5370 WARNING: parameter 'QUEUE1_s' becomes localparam in 'rx_client_fifo' with formal parameter declaration list in ../source_code/rtl/udp/rx_client_fifo.v(50)
HDL-5370 WARNING: parameter 'QUEUE2_s' becomes localparam in 'rx_client_fifo' with formal parameter declaration list in ../source_code/rtl/udp/rx_client_fifo.v(51)
HDL-5370 WARNING: parameter 'QUEUE3_s' becomes localparam in 'rx_client_fifo' with formal parameter declaration list in ../source_code/rtl/udp/rx_client_fifo.v(52)
HDL-5370 WARNING: parameter 'QUEUE_SOF_s' becomes localparam in 'rx_client_fifo' with formal parameter declaration list in ../source_code/rtl/udp/rx_client_fifo.v(53)
HDL-5370 WARNING: parameter 'SOF_s' becomes localparam in 'rx_client_fifo' with formal parameter declaration list in ../source_code/rtl/udp/rx_client_fifo.v(54)
HDL-5370 WARNING: parameter 'DATA_s' becomes localparam in 'rx_client_fifo' with formal parameter declaration list in ../source_code/rtl/udp/rx_client_fifo.v(55)
HDL-5370 WARNING: parameter 'EOF_s' becomes localparam in 'rx_client_fifo' with formal parameter declaration list in ../source_code/rtl/udp/rx_client_fifo.v(56)
HDL-5370 WARNING: parameter 'IDLE_s' becomes localparam in 'rx_client_fifo' with formal parameter declaration list in ../source_code/rtl/udp/rx_client_fifo.v(62)
HDL-5370 WARNING: parameter 'FRAME_s' becomes localparam in 'rx_client_fifo' with formal parameter declaration list in ../source_code/rtl/udp/rx_client_fifo.v(63)
HDL-5370 Similar messages will be suppressed.
HDL-1007 : analyze verilog file ../source_code/rtl/udp/temac_block.v
HDL-1007 : analyze verilog file ../source_code/rtl/udp/temac_clk_gen.v
HDL-1007 : analyze verilog file ../source_code/rtl/udp/tx_client_fifo.v
HDL-5370 WARNING: parameter 'IDLE_s' becomes localparam in 'tx_client_fifo' with formal parameter declaration list in ../source_code/rtl/udp/tx_client_fifo.v(53)
HDL-5370 WARNING: parameter 'QUEUE1_s' becomes localparam in 'tx_client_fifo' with formal parameter declaration list in ../source_code/rtl/udp/tx_client_fifo.v(54)
HDL-5370 WARNING: parameter 'QUEUE2_s' becomes localparam in 'tx_client_fifo' with formal parameter declaration list in ../source_code/rtl/udp/tx_client_fifo.v(55)
HDL-5370 WARNING: parameter 'QUEUE3_s' becomes localparam in 'tx_client_fifo' with formal parameter declaration list in ../source_code/rtl/udp/tx_client_fifo.v(56)
HDL-5370 WARNING: parameter 'QUEUE_ACK_s' becomes localparam in 'tx_client_fifo' with formal parameter declaration list in ../source_code/rtl/udp/tx_client_fifo.v(57)
HDL-5370 WARNING: parameter 'WAIT_ACK_s' becomes localparam in 'tx_client_fifo' with formal parameter declaration list in ../source_code/rtl/udp/tx_client_fifo.v(58)
HDL-5370 WARNING: parameter 'FRAME_s' becomes localparam in 'tx_client_fifo' with formal parameter declaration list in ../source_code/rtl/udp/tx_client_fifo.v(59)
HDL-5370 WARNING: parameter 'DROP_s' becomes localparam in 'tx_client_fifo' with formal parameter declaration list in ../source_code/rtl/udp/tx_client_fifo.v(60)
HDL-5370 WARNING: parameter 'RETRANSMIT_s' becomes localparam in 'tx_client_fifo' with formal parameter declaration list in ../source_code/rtl/udp/tx_client_fifo.v(61)
HDL-5370 WARNING: parameter 'WAIT_s' becomes localparam in 'tx_client_fifo' with formal parameter declaration list in ../source_code/rtl/udp/tx_client_fifo.v(67)
HDL-5370 Similar messages will be suppressed.
HDL-1007 : analyze verilog file ../source_code/rtl/udp/tx_clk_en_gen.v
HDL-1007 : analyze verilog file ../source_code/rtl/udp/udp_data_tpg.v
HDL-1007 : analyze verilog file ../source_code/rtl/udp/udp_ip_protocol_stack_merge.enc.v
HDL-1007 : back to file '../source_code/rtl/udp/udp_ip_protocol_stack_merge.enc.v' in ../source_code/rtl/udp/udp_ip_protocol_stack_merge.enc.v(56)
HDL-1007 : undeclared symbol '**', assumed default net type '**' in ../source_code/rtl/udp/udp_ip_protocol_stack_merge.enc.v(2638)
HDL-1007 : back to file '../source_code/rtl/udp/udp_ip_protocol_stack_merge.enc.v' in ../source_code/rtl/udp/udp_ip_protocol_stack_merge.enc.v(420)
HDL-1007 : analyze verilog file ../source_code/rtl/udp/udp_loopback.v
HDL-1007 : analyze verilog file al_ip/TEMAC_CORE/RTL/include/define.v
HDL-1007 : analyze verilog file al_ip/TEMAC_CORE/RTL/TEMAC_CORE_aead6cd6dadd.v
HDL-5007 WARNING: column 1032 exceeds maximum value 1023 in al_ip/TEMAC_CORE/RTL/TEMAC_CORE_aead6cd6dadd.v(30)
HDL-1007 : back to file 'al_ip/TEMAC_CORE/RTL/TEMAC_CORE_aead6cd6dadd.v' in al_ip/TEMAC_CORE/RTL/TEMAC_CORE_aead6cd6dadd.v(86)
HDL-5007 WARNING: event expressions must result in a singular type in al_ip/TEMAC_CORE/RTL/TEMAC_CORE_aead6cd6dadd.v(3001)
HDL-1007 : undeclared symbol '**', assumed default net type '**' in al_ip/TEMAC_CORE/RTL/TEMAC_CORE_aead6cd6dadd.v(5050)
HDL-1007 : undeclared symbol '**', assumed default net type '**' in al_ip/TEMAC_CORE/RTL/TEMAC_CORE_aead6cd6dadd.v(5458)
HDL-5007 WARNING: column 1035 exceeds maximum value 1023 in al_ip/TEMAC_CORE/RTL/TEMAC_CORE_aead6cd6dadd.v(6001)
HDL-1007 : back to file 'al_ip/TEMAC_CORE/RTL/TEMAC_CORE_aead6cd6dadd.v' in al_ip/TEMAC_CORE/RTL/TEMAC_CORE_aead6cd6dadd.v(260)
HDL-1007 : analyze verilog file al_ip/TEMAC_CORE/RTL/mac_core_aead6cd6dadd.v
HDL-1007 : analyze verilog file al_ip/TEMAC_CORE/TEMAC_CORE.v
HDL-1007 : analyze verilog file al_ip/pll_gen.v
HDL-1007 : undeclared symbol 'pll_gen_open0', assumed default net type 'wire' in al_ip/pll_gen.v(99)
HDL-1007 : undeclared symbol 'pll_gen_open8', assumed default net type 'wire' in al_ip/pll_gen.v(105)
HDL-1007 : undeclared symbol 'pll_gen_open7', assumed default net type 'wire' in al_ip/pll_gen.v(105)
HDL-1007 : undeclared symbol 'pll_gen_open6', assumed default net type 'wire' in al_ip/pll_gen.v(105)
HDL-1007 : undeclared symbol 'pll_gen_open5', assumed default net type 'wire' in al_ip/pll_gen.v(105)
HDL-1007 : undeclared symbol 'pll_gen_open4', assumed default net type 'wire' in al_ip/pll_gen.v(105)
HDL-1007 : undeclared symbol 'pll_gen_open3', assumed default net type 'wire' in al_ip/pll_gen.v(105)
HDL-1007 : undeclared symbol 'pll_gen_open2', assumed default net type 'wire' in al_ip/pll_gen.v(105)
HDL-1007 : undeclared symbol 'pll_gen_open1', assumed default net type 'wire' in al_ip/pll_gen.v(105)
HDL-1007 : analyze verilog file al_ip/sys_pll.v
HDL-1007 : undeclared symbol 'sys_pll_open0', assumed default net type 'wire' in al_ip/sys_pll.v(77)
HDL-1007 : undeclared symbol 'sys_pll_open1', assumed default net type 'wire' in al_ip/sys_pll.v(83)
HDL-1007 : undeclared symbol 'sys_pll_open9', assumed default net type 'wire' in al_ip/sys_pll.v(89)
HDL-1007 : undeclared symbol 'sys_pll_open8', assumed default net type 'wire' in al_ip/sys_pll.v(89)
HDL-1007 : undeclared symbol 'sys_pll_open7', assumed default net type 'wire' in al_ip/sys_pll.v(89)
HDL-1007 : undeclared symbol 'sys_pll_open6', assumed default net type 'wire' in al_ip/sys_pll.v(89)
HDL-1007 : undeclared symbol 'sys_pll_open5', assumed default net type 'wire' in al_ip/sys_pll.v(89)
HDL-1007 : undeclared symbol 'sys_pll_open4', assumed default net type 'wire' in al_ip/sys_pll.v(89)
HDL-1007 : undeclared symbol 'sys_pll_open3', assumed default net type 'wire' in al_ip/sys_pll.v(89)
HDL-1007 : undeclared symbol 'sys_pll_open2', assumed default net type 'wire' in al_ip/sys_pll.v(89)
HDL-1007 : undeclared symbol 'sys_pll_open11', assumed default net type 'wire' in al_ip/sys_pll.v(91)
HDL-1007 : undeclared symbol 'sys_pll_open10', assumed default net type 'wire' in al_ip/sys_pll.v(91)
HDL-1007 : analyze verilog file ../source_code/rtl/sd_card/ax_debounce.v
HDL-1007 : analyze verilog file ../source_code/rtl/sd_card/bmp_read.v
HDL-1007 : analyze verilog file ../source_code/rtl/sd_card/sd_card_bmp.v
HDL-1007 : analyze verilog file ../source_code/rtl/sd_card/sd_card_cmd.v
HDL-1007 : analyze verilog file ../source_code/rtl/sd_card/sd_card_sec_read_write.v
HDL-1007 : analyze verilog file ../source_code/rtl/sd_card/sd_card_top.v
HDL-1007 : analyze verilog file ../source_code/rtl/sd_card/spi_master.v
HDL-1007 : analyze verilog file ../source_code/rtl/sdram/enc_file/global_def.v
HDL-1007 : analyze verilog file ../source_code/rtl/sdram/enc_file/sdr_as_ram.enc.v
HDL-1007 : back to file '../source_code/rtl/sdram/enc_file/sdr_as_ram.enc.v' in ../source_code/rtl/sdram/enc_file/sdr_as_ram.enc.v(54)
HDL-1007 : analyze verilog file ../source_code/rtl/sdram/enc_file/sdr_wrrd.enc.v
HDL-5007 WARNING: concatenation with an unsized literal will be treated as 32 bits in ../source_code/rtl/sdram/enc_file/sdr_wrrd.enc.v(283)
HDL-1007 : back to file '../source_code/rtl/sdram/enc_file/sdr_wrrd.enc.v' in ../source_code/rtl/sdram/enc_file/sdr_wrrd.enc.v(19)
HDL-1007 : analyze verilog file ../source_code/rtl/frame_fifo/afifo_16_32_256.v
HDL-1007 : analyze verilog file ../source_code/rtl/frame_fifo/afifo_32_16_256.v
HDL-1007 : analyze verilog file ../source_code/rtl/frame_fifo/frame_fifo_read.v
HDL-1007 : analyze verilog file ../source_code/rtl/frame_fifo/frame_fifo_write.v
HDL-1007 : analyze verilog file ../source_code/rtl/frame_fifo/frame_read_write.v
HDL-1007 : analyze verilog file ../source_code/rtl/sdram/sdram.v
HDL-1007 : analyze included file ../source_code/rtl/sdram/enc_file/global_def.v in ../source_code/rtl/sdram/sdram.v(10)
HDL-1007 : back to file '../source_code/rtl/sdram/sdram.v' in ../source_code/rtl/sdram/sdram.v(10)
HDL-1007 : undeclared symbol 'SDR_CKE', assumed default net type 'wire' in ../source_code/rtl/sdram/sdram.v(89)
HDL-1007 : analyze verilog file ../source_code/rtl/sdram/enc_file/sdr_init_ref.enc.v
HDL-1007 : analyze included file ../source_code/rtl/sdram/enc_file/global_def.v in ../source_code/rtl/sdram/enc_file/sdr_init_ref.enc.v(11)
HDL-1007 : back to file '../source_code/rtl/sdram/enc_file/sdr_init_ref.enc.v' in ../source_code/rtl/sdram/enc_file/sdr_init_ref.enc.v(11)
HDL-1007 : undeclared symbol '**', assumed default net type '**' in ../source_code/rtl/sdram/enc_file/sdr_init_ref.enc.v(57)
HDL-1007 : back to file '../source_code/rtl/sdram/enc_file/sdr_init_ref.enc.v' in ../source_code/rtl/sdram/enc_file/sdr_init_ref.enc.v(149)
HDL-5007 WARNING: concatenation with an unsized literal will be treated as 32 bits in ../source_code/rtl/sdram/enc_file/sdr_init_ref.enc.v(47)
HDL-1007 : analyze verilog file ../source_code/rtl/video_timing/color_bar.v
HDL-1007 : analyze included file ../source_code/rtl/video_timing/video_define.v in ../source_code/rtl/video_timing/color_bar.v(2)
HDL-1007 : back to file '../source_code/rtl/video_timing/color_bar.v' in ../source_code/rtl/video_timing/color_bar.v(2)
HDL-1007 : analyze verilog file ../source_code/rtl/video_timing/video_delay.v
HDL-1007 : analyze verilog file ../source_code/rtl/video_timing/video_timing_data.v
HDL-1007 : analyze verilog file ../source_code/rtl/another/m_synchronization_header.v
HDL-1007 : analyze verilog file ../source_code/rtl/led.v
HDL-1007 : analyze verilog file ../source_code/rtl/ov5640/cmos_capture_data.v
HDL-1007 : analyze verilog file ../source_code/rtl/ov5640/i2c_dri.v
HDL-1007 : analyze verilog file ../source_code/rtl/ov5640/i2c_ov5640_rgb565_cfg.v
HDL-1007 : analyze verilog file ../source_code/rtl/ov5640/ov5640_delay.v
HDL-1007 : analyze verilog file ../source_code/rtl/ov5640/ov5640_dri.v
HDL-1007 : analyze verilog file al_ip/clk_wize.v
HDL-1007 : undeclared symbol 'open', assumed default net type 'wire' in al_ip/clk_wize.v(70)
HDL-1007 : analyze verilog file al_ip/ram.v
HDL-1007 : analyze verilog file ../source_code/rtl/app/addr_crt.v
HDL-1007 : analyze verilog file ../source_code/rtl/app/app.v
HDL-1007 : analyze verilog file ../source_code/rtl/app/vga_disp_rtl.v
HDL-1007 : analyze VHDL file ../source_code/rtl/hdmi_rtl/enc_file/DVITransmitter.enc.vhd
HDL-1007 : analyze entity dvitransmitter in ../source_code/rtl/hdmi_rtl/enc_file/DVITransmitter.enc.vhd(13)
HDL-1007 : analyze architecture ** in ../source_code/rtl/hdmi_rtl/enc_file/DVITransmitter.enc.vhd(2)
HDL-1007 : analyze VHDL file ../source_code/rtl/hdmi_rtl/enc_file/SerializerN_1_lvds.enc.vhd
HDL-1007 : analyze entity ** in ../source_code/rtl/hdmi_rtl/enc_file/SerializerN_1_lvds.enc.vhd(12)
HDL-1007 : analyze architecture ** in ../source_code/rtl/hdmi_rtl/enc_file/SerializerN_1_lvds.enc.vhd(25)
HDL-1007 : analyze VHDL file ../source_code/rtl/hdmi_rtl/enc_file/SerializerN_1_lvds_dat.enc.vhd
HDL-1007 : analyze entity ** in ../source_code/rtl/hdmi_rtl/enc_file/SerializerN_1_lvds_dat.enc.vhd(14)
HDL-1007 : analyze architecture ** in ../source_code/rtl/hdmi_rtl/enc_file/SerializerN_1_lvds_dat.enc.vhd(28)
HDL-1007 : analyze VHDL file ../source_code/rtl/hdmi_rtl/enc_file/TMDSEncoder.enc.vhd
HDL-1007 : analyze entity ** in ../source_code/rtl/hdmi_rtl/enc_file/TMDSEncoder.enc.vhd(13)
HDL-1007 : analyze architecture ** in ../source_code/rtl/hdmi_rtl/enc_file/TMDSEncoder.enc.vhd(24)
HDL-1007 : analyze verilog file ../source_code/rtl/hdmi_rtl/enc_file/video_tpg_1024768.enc.v
HDL-5007 WARNING: literal value ** truncated to fit in ** bits in ../source_code/rtl/hdmi_rtl/enc_file/video_tpg_1024768.enc.v(231)
HDL-1007 : back to file '../source_code/rtl/hdmi_rtl/enc_file/video_tpg_1024768.enc.v' in ../source_code/rtl/hdmi_rtl/enc_file/video_tpg_1024768.enc.v(1)
HDL-1007 : analyze verilog file ../source_code/rtl/hdmi_rtl/enc_file/video_tpg_1080p.enc.v
HDL-1007 : back to file '../source_code/rtl/hdmi_rtl/enc_file/video_tpg_1080p.enc.v' in ../source_code/rtl/hdmi_rtl/enc_file/video_tpg_1080p.enc.v(1)
HDL-1007 : analyze verilog file ../source_code/rtl/hdmi_rtl/enc_file/video_tpg_12801024p.enc.v
HDL-1007 : back to file '../source_code/rtl/hdmi_rtl/enc_file/video_tpg_12801024p.enc.v' in ../source_code/rtl/hdmi_rtl/enc_file/video_tpg_12801024p.enc.v(1)
HDL-1007 : analyze verilog file ../source_code/rtl/hdmi_rtl/enc_file/video_tpg_1280800.enc.v
HDL-5007 WARNING: literal value ** truncated to fit in ** bits in ../source_code/rtl/hdmi_rtl/enc_file/video_tpg_1280800.enc.v(233)
HDL-1007 : back to file '../source_code/rtl/hdmi_rtl/enc_file/video_tpg_1280800.enc.v' in ../source_code/rtl/hdmi_rtl/enc_file/video_tpg_1280800.enc.v(1)
HDL-1007 : analyze verilog file ../source_code/rtl/hdmi_rtl/enc_file/video_tpg_16801050p.enc.v
HDL-1007 : back to file '../source_code/rtl/hdmi_rtl/enc_file/video_tpg_16801050p.enc.v' in ../source_code/rtl/hdmi_rtl/enc_file/video_tpg_16801050p.enc.v(1)
HDL-1007 : analyze verilog file ../source_code/rtl/hdmi_rtl/enc_file/video_tpg_800600.enc.v
HDL-1007 : back to file '../source_code/rtl/hdmi_rtl/enc_file/video_tpg_800600.enc.v' in ../source_code/rtl/hdmi_rtl/enc_file/video_tpg_800600.enc.v(1)
HDL-1007 : analyze VHDL file ../source_code/rtl/hdmi_rtl/hdmi_tx.vhd
HDL-1007 : analyze entity hdmi_tx in ../source_code/rtl/hdmi_rtl/hdmi_tx.vhd(11)
HDL-1007 : analyze architecture behavioral in ../source_code/rtl/hdmi_rtl/hdmi_tx.vhd(33)
HDL-1007 : analyze verilog file ../source_code/rtl/hdmi_rtl/vga_disp_rtl.v
HDL-7201 CRITICAL-WARNING: overwrite current module 'vga_disp_rtl' in ../source_code/rtl/hdmi_rtl/vga_disp_rtl.v(1)
HDL-7307 CRITICAL-WARNING: previous definition of design element module 'vga_disp_rtl' is here. This is because multiple modules(values) with the same name are defined. Please consider rewriting code in ../source_code/rtl/app/vga_disp_rtl.v(1)
RUN-1002 : start command "commit_param -step design"
RUN-1001 : Print Global Property
RUN-1001 : --------------------------------------------------------
RUN-1001 :   Parameters   |  Settings  |  Default Values  |  Note  
RUN-1001 : --------------------------------------------------------
RUN-1001 :   enable_seed  |    off     |       off        |        
RUN-1001 :     message    |  standard  |     standard     |        
RUN-1001 :   qor_monitor  |     on     |        on        |        
RUN-1001 :   syn_ip_flow  |    off     |       off        |        
RUN-1001 :     thread     |    auto    |       auto       |        
RUN-1001 : --------------------------------------------------------
RUN-1001 : Print Design Property
RUN-1001 : ----------------------------------------------------------------
RUN-1001 :       Parameters       |  Settings  |  Default Values  |  Note  
RUN-1001 : ----------------------------------------------------------------
RUN-1001 :   default_reg_initial  |    auto    |       auto       |        
RUN-1001 :    hdl_warning_level   |   normal   |      normal      |        
RUN-1001 : ----------------------------------------------------------------
HDL-1007 : analyze verilog file last_attempt.v
HDL-1007 : undeclared symbol 'phy_reset', assumed default net type 'wire' in last_attempt.v(166)
HDL-1007 : undeclared symbol 'VGA_HSYNC', assumed default net type 'wire' in last_attempt.v(332)
HDL-1007 : undeclared symbol 'VGA_VSYNC', assumed default net type 'wire' in last_attempt.v(333)
HDL-1007 : undeclared symbol 'rd_en', assumed default net type 'wire' in last_attempt.v(335)
HDL-1007 : undeclared symbol 'tpg_data_done', assumed default net type 'wire' in last_attempt.v(663)
HDL-1007 : undeclared symbol 'full_flag', assumed default net type 'wire' in last_attempt.v(697)
HDL-1007 : undeclared symbol 'input_local_udp_port_num', assumed default net type 'wire' in last_attempt.v(728)
HDL-1007 : undeclared symbol 'input_local_udp_port_num_valid', assumed default net type 'wire' in last_attempt.v(729)
HDL-1007 : undeclared symbol 'input_local_ip_address_valid', assumed default net type 'wire' in last_attempt.v(732)
HDL-1007 : analyze verilog file ../source_code/rtl/udp/BUFGMUX.v
HDL-1007 : analyze verilog file ../source_code/rtl/udp/IDDR.v
HDL-1007 : analyze verilog file ../source_code/rtl/udp/ODDR.v
HDL-1007 : analyze verilog file ../source_code/rtl/udp/RAMB16_S9_S9.v
HDL-1007 : undeclared symbol 'open', assumed default net type 'wire' in ../source_code/rtl/udp/RAMB16_S9_S9.v(109)
HDL-1007 : analyze verilog file ../source_code/rtl/udp/clk_gen_rst_gen.v
HDL-1007 : analyze verilog file ../source_code/rtl/udp/div_clk_gen.v
HDL-1007 : analyze verilog file ../source_code/rtl/udp/rgmii_interface.v
HDL-1007 : analyze verilog file ../source_code/rtl/udp/rx_client_fifo.v
HDL-5370 WARNING: parameter 'WAIT_s' becomes localparam in 'rx_client_fifo' with formal parameter declaration list in ../source_code/rtl/udp/rx_client_fifo.v(49)
HDL-5370 WARNING: parameter 'QUEUE1_s' becomes localparam in 'rx_client_fifo' with formal parameter declaration list in ../source_code/rtl/udp/rx_client_fifo.v(50)
HDL-5370 WARNING: parameter 'QUEUE2_s' becomes localparam in 'rx_client_fifo' with formal parameter declaration list in ../source_code/rtl/udp/rx_client_fifo.v(51)
HDL-5370 WARNING: parameter 'QUEUE3_s' becomes localparam in 'rx_client_fifo' with formal parameter declaration list in ../source_code/rtl/udp/rx_client_fifo.v(52)
HDL-5370 WARNING: parameter 'QUEUE_SOF_s' becomes localparam in 'rx_client_fifo' with formal parameter declaration list in ../source_code/rtl/udp/rx_client_fifo.v(53)
HDL-5370 WARNING: parameter 'SOF_s' becomes localparam in 'rx_client_fifo' with formal parameter declaration list in ../source_code/rtl/udp/rx_client_fifo.v(54)
HDL-5370 WARNING: parameter 'DATA_s' becomes localparam in 'rx_client_fifo' with formal parameter declaration list in ../source_code/rtl/udp/rx_client_fifo.v(55)
HDL-5370 WARNING: parameter 'EOF_s' becomes localparam in 'rx_client_fifo' with formal parameter declaration list in ../source_code/rtl/udp/rx_client_fifo.v(56)
HDL-5370 WARNING: parameter 'IDLE_s' becomes localparam in 'rx_client_fifo' with formal parameter declaration list in ../source_code/rtl/udp/rx_client_fifo.v(62)
HDL-5370 WARNING: parameter 'FRAME_s' becomes localparam in 'rx_client_fifo' with formal parameter declaration list in ../source_code/rtl/udp/rx_client_fifo.v(63)
HDL-5370 Similar messages will be suppressed.
HDL-1007 : analyze verilog file ../source_code/rtl/udp/temac_block.v
HDL-1007 : analyze verilog file ../source_code/rtl/udp/temac_clk_gen.v
HDL-1007 : analyze verilog file ../source_code/rtl/udp/tx_client_fifo.v
HDL-5370 WARNING: parameter 'IDLE_s' becomes localparam in 'tx_client_fifo' with formal parameter declaration list in ../source_code/rtl/udp/tx_client_fifo.v(53)
HDL-5370 WARNING: parameter 'QUEUE1_s' becomes localparam in 'tx_client_fifo' with formal parameter declaration list in ../source_code/rtl/udp/tx_client_fifo.v(54)
HDL-5370 WARNING: parameter 'QUEUE2_s' becomes localparam in 'tx_client_fifo' with formal parameter declaration list in ../source_code/rtl/udp/tx_client_fifo.v(55)
HDL-5370 WARNING: parameter 'QUEUE3_s' becomes localparam in 'tx_client_fifo' with formal parameter declaration list in ../source_code/rtl/udp/tx_client_fifo.v(56)
HDL-5370 WARNING: parameter 'QUEUE_ACK_s' becomes localparam in 'tx_client_fifo' with formal parameter declaration list in ../source_code/rtl/udp/tx_client_fifo.v(57)
HDL-5370 WARNING: parameter 'WAIT_ACK_s' becomes localparam in 'tx_client_fifo' with formal parameter declaration list in ../source_code/rtl/udp/tx_client_fifo.v(58)
HDL-5370 WARNING: parameter 'FRAME_s' becomes localparam in 'tx_client_fifo' with formal parameter declaration list in ../source_code/rtl/udp/tx_client_fifo.v(59)
HDL-5370 WARNING: parameter 'DROP_s' becomes localparam in 'tx_client_fifo' with formal parameter declaration list in ../source_code/rtl/udp/tx_client_fifo.v(60)
HDL-5370 WARNING: parameter 'RETRANSMIT_s' becomes localparam in 'tx_client_fifo' with formal parameter declaration list in ../source_code/rtl/udp/tx_client_fifo.v(61)
HDL-5370 WARNING: parameter 'WAIT_s' becomes localparam in 'tx_client_fifo' with formal parameter declaration list in ../source_code/rtl/udp/tx_client_fifo.v(67)
HDL-5370 Similar messages will be suppressed.
HDL-1007 : analyze verilog file ../source_code/rtl/udp/tx_clk_en_gen.v
HDL-1007 : analyze verilog file ../source_code/rtl/udp/udp_data_tpg.v
HDL-1007 : analyze verilog file ../source_code/rtl/udp/udp_ip_protocol_stack_merge.enc.v
HDL-1007 : back to file '../source_code/rtl/udp/udp_ip_protocol_stack_merge.enc.v' in ../source_code/rtl/udp/udp_ip_protocol_stack_merge.enc.v(56)
HDL-1007 : undeclared symbol '**', assumed default net type '**' in ../source_code/rtl/udp/udp_ip_protocol_stack_merge.enc.v(2638)
HDL-1007 : back to file '../source_code/rtl/udp/udp_ip_protocol_stack_merge.enc.v' in ../source_code/rtl/udp/udp_ip_protocol_stack_merge.enc.v(420)
HDL-1007 : analyze verilog file ../source_code/rtl/udp/udp_loopback.v
HDL-1007 : analyze verilog file al_ip/TEMAC_CORE/RTL/include/define.v
HDL-1007 : analyze verilog file al_ip/TEMAC_CORE/RTL/TEMAC_CORE_aead6cd6dadd.v
HDL-5007 WARNING: column 1032 exceeds maximum value 1023 in al_ip/TEMAC_CORE/RTL/TEMAC_CORE_aead6cd6dadd.v(30)
HDL-1007 : back to file 'al_ip/TEMAC_CORE/RTL/TEMAC_CORE_aead6cd6dadd.v' in al_ip/TEMAC_CORE/RTL/TEMAC_CORE_aead6cd6dadd.v(86)
HDL-5007 WARNING: event expressions must result in a singular type in al_ip/TEMAC_CORE/RTL/TEMAC_CORE_aead6cd6dadd.v(3001)
HDL-1007 : undeclared symbol '**', assumed default net type '**' in al_ip/TEMAC_CORE/RTL/TEMAC_CORE_aead6cd6dadd.v(5050)
HDL-1007 : undeclared symbol '**', assumed default net type '**' in al_ip/TEMAC_CORE/RTL/TEMAC_CORE_aead6cd6dadd.v(5458)
HDL-5007 WARNING: column 1035 exceeds maximum value 1023 in al_ip/TEMAC_CORE/RTL/TEMAC_CORE_aead6cd6dadd.v(6001)
HDL-1007 : back to file 'al_ip/TEMAC_CORE/RTL/TEMAC_CORE_aead6cd6dadd.v' in al_ip/TEMAC_CORE/RTL/TEMAC_CORE_aead6cd6dadd.v(260)
HDL-1007 : analyze verilog file al_ip/TEMAC_CORE/RTL/mac_core_aead6cd6dadd.v
HDL-1007 : analyze verilog file al_ip/TEMAC_CORE/TEMAC_CORE.v
HDL-1007 : analyze verilog file al_ip/pll_gen.v
HDL-1007 : undeclared symbol 'pll_gen_open0', assumed default net type 'wire' in al_ip/pll_gen.v(99)
HDL-1007 : undeclared symbol 'pll_gen_open8', assumed default net type 'wire' in al_ip/pll_gen.v(105)
HDL-1007 : undeclared symbol 'pll_gen_open7', assumed default net type 'wire' in al_ip/pll_gen.v(105)
HDL-1007 : undeclared symbol 'pll_gen_open6', assumed default net type 'wire' in al_ip/pll_gen.v(105)
HDL-1007 : undeclared symbol 'pll_gen_open5', assumed default net type 'wire' in al_ip/pll_gen.v(105)
HDL-1007 : undeclared symbol 'pll_gen_open4', assumed default net type 'wire' in al_ip/pll_gen.v(105)
HDL-1007 : undeclared symbol 'pll_gen_open3', assumed default net type 'wire' in al_ip/pll_gen.v(105)
HDL-1007 : undeclared symbol 'pll_gen_open2', assumed default net type 'wire' in al_ip/pll_gen.v(105)
HDL-1007 : undeclared symbol 'pll_gen_open1', assumed default net type 'wire' in al_ip/pll_gen.v(105)
HDL-1007 : analyze verilog file al_ip/sys_pll.v
HDL-1007 : undeclared symbol 'sys_pll_open0', assumed default net type 'wire' in al_ip/sys_pll.v(77)
HDL-1007 : undeclared symbol 'sys_pll_open1', assumed default net type 'wire' in al_ip/sys_pll.v(83)
HDL-1007 : undeclared symbol 'sys_pll_open9', assumed default net type 'wire' in al_ip/sys_pll.v(89)
HDL-1007 : undeclared symbol 'sys_pll_open8', assumed default net type 'wire' in al_ip/sys_pll.v(89)
HDL-1007 : undeclared symbol 'sys_pll_open7', assumed default net type 'wire' in al_ip/sys_pll.v(89)
HDL-1007 : undeclared symbol 'sys_pll_open6', assumed default net type 'wire' in al_ip/sys_pll.v(89)
HDL-1007 : undeclared symbol 'sys_pll_open5', assumed default net type 'wire' in al_ip/sys_pll.v(89)
HDL-1007 : undeclared symbol 'sys_pll_open4', assumed default net type 'wire' in al_ip/sys_pll.v(89)
HDL-1007 : undeclared symbol 'sys_pll_open3', assumed default net type 'wire' in al_ip/sys_pll.v(89)
HDL-1007 : undeclared symbol 'sys_pll_open2', assumed default net type 'wire' in al_ip/sys_pll.v(89)
HDL-1007 : undeclared symbol 'sys_pll_open11', assumed default net type 'wire' in al_ip/sys_pll.v(91)
HDL-1007 : undeclared symbol 'sys_pll_open10', assumed default net type 'wire' in al_ip/sys_pll.v(91)
HDL-1007 : analyze verilog file ../source_code/rtl/sd_card/ax_debounce.v
HDL-1007 : analyze verilog file ../source_code/rtl/sd_card/bmp_read.v
HDL-1007 : analyze verilog file ../source_code/rtl/sd_card/sd_card_bmp.v
HDL-1007 : analyze verilog file ../source_code/rtl/sd_card/sd_card_cmd.v
HDL-1007 : analyze verilog file ../source_code/rtl/sd_card/sd_card_sec_read_write.v
HDL-1007 : analyze verilog file ../source_code/rtl/sd_card/sd_card_top.v
HDL-1007 : analyze verilog file ../source_code/rtl/sd_card/spi_master.v
HDL-1007 : analyze verilog file ../source_code/rtl/sdram/enc_file/global_def.v
HDL-1007 : analyze verilog file ../source_code/rtl/sdram/enc_file/sdr_as_ram.enc.v
HDL-1007 : back to file '../source_code/rtl/sdram/enc_file/sdr_as_ram.enc.v' in ../source_code/rtl/sdram/enc_file/sdr_as_ram.enc.v(54)
HDL-1007 : analyze verilog file ../source_code/rtl/sdram/enc_file/sdr_wrrd.enc.v
HDL-5007 WARNING: concatenation with an unsized literal will be treated as 32 bits in ../source_code/rtl/sdram/enc_file/sdr_wrrd.enc.v(283)
HDL-1007 : back to file '../source_code/rtl/sdram/enc_file/sdr_wrrd.enc.v' in ../source_code/rtl/sdram/enc_file/sdr_wrrd.enc.v(19)
HDL-1007 : analyze verilog file ../source_code/rtl/frame_fifo/afifo_16_32_256.v
HDL-1007 : analyze verilog file ../source_code/rtl/frame_fifo/afifo_32_16_256.v
HDL-1007 : analyze verilog file ../source_code/rtl/frame_fifo/frame_fifo_read.v
HDL-1007 : analyze verilog file ../source_code/rtl/frame_fifo/frame_fifo_write.v
HDL-1007 : analyze verilog file ../source_code/rtl/frame_fifo/frame_read_write.v
HDL-1007 : analyze verilog file ../source_code/rtl/sdram/sdram.v
HDL-1007 : analyze included file ../source_code/rtl/sdram/enc_file/global_def.v in ../source_code/rtl/sdram/sdram.v(10)
HDL-1007 : back to file '../source_code/rtl/sdram/sdram.v' in ../source_code/rtl/sdram/sdram.v(10)
HDL-1007 : undeclared symbol 'SDR_CKE', assumed default net type 'wire' in ../source_code/rtl/sdram/sdram.v(89)
HDL-1007 : analyze verilog file ../source_code/rtl/sdram/enc_file/sdr_init_ref.enc.v
HDL-1007 : analyze included file ../source_code/rtl/sdram/enc_file/global_def.v in ../source_code/rtl/sdram/enc_file/sdr_init_ref.enc.v(11)
HDL-1007 : back to file '../source_code/rtl/sdram/enc_file/sdr_init_ref.enc.v' in ../source_code/rtl/sdram/enc_file/sdr_init_ref.enc.v(11)
HDL-1007 : undeclared symbol '**', assumed default net type '**' in ../source_code/rtl/sdram/enc_file/sdr_init_ref.enc.v(57)
HDL-1007 : back to file '../source_code/rtl/sdram/enc_file/sdr_init_ref.enc.v' in ../source_code/rtl/sdram/enc_file/sdr_init_ref.enc.v(149)
HDL-5007 WARNING: concatenation with an unsized literal will be treated as 32 bits in ../source_code/rtl/sdram/enc_file/sdr_init_ref.enc.v(47)
HDL-1007 : analyze verilog file ../source_code/rtl/video_timing/color_bar.v
HDL-1007 : analyze included file ../source_code/rtl/video_timing/video_define.v in ../source_code/rtl/video_timing/color_bar.v(2)
HDL-1007 : back to file '../source_code/rtl/video_timing/color_bar.v' in ../source_code/rtl/video_timing/color_bar.v(2)
HDL-1007 : analyze verilog file ../source_code/rtl/video_timing/video_delay.v
HDL-1007 : analyze verilog file ../source_code/rtl/video_timing/video_timing_data.v
HDL-1007 : analyze verilog file ../source_code/rtl/another/m_synchronization_header.v
HDL-1007 : analyze verilog file ../source_code/rtl/led.v
HDL-1007 : analyze verilog file ../source_code/rtl/ov5640/cmos_capture_data.v
HDL-1007 : analyze verilog file ../source_code/rtl/ov5640/i2c_dri.v
HDL-1007 : analyze verilog file ../source_code/rtl/ov5640/i2c_ov5640_rgb565_cfg.v
HDL-1007 : analyze verilog file ../source_code/rtl/ov5640/ov5640_delay.v
HDL-1007 : analyze verilog file ../source_code/rtl/ov5640/ov5640_dri.v
HDL-1007 : analyze verilog file al_ip/clk_wize.v
HDL-1007 : undeclared symbol 'open', assumed default net type 'wire' in al_ip/clk_wize.v(70)
HDL-1007 : analyze verilog file al_ip/ram.v
HDL-1007 : analyze verilog file ../source_code/rtl/app/addr_crt.v
HDL-1007 : analyze verilog file ../source_code/rtl/app/app.v
HDL-1007 : analyze verilog file ../source_code/rtl/app/vga_disp_rtl.v
HDL-1007 : analyze VHDL file ../source_code/rtl/hdmi_rtl/enc_file/DVITransmitter.enc.vhd
HDL-1007 : analyze entity dvitransmitter in ../source_code/rtl/hdmi_rtl/enc_file/DVITransmitter.enc.vhd(13)
HDL-1007 : analyze architecture ** in ../source_code/rtl/hdmi_rtl/enc_file/DVITransmitter.enc.vhd(2)
HDL-1007 : analyze VHDL file ../source_code/rtl/hdmi_rtl/enc_file/SerializerN_1_lvds.enc.vhd
HDL-1007 : analyze entity ** in ../source_code/rtl/hdmi_rtl/enc_file/SerializerN_1_lvds.enc.vhd(12)
HDL-1007 : analyze architecture ** in ../source_code/rtl/hdmi_rtl/enc_file/SerializerN_1_lvds.enc.vhd(25)
HDL-1007 : analyze VHDL file ../source_code/rtl/hdmi_rtl/enc_file/SerializerN_1_lvds_dat.enc.vhd
HDL-1007 : analyze entity ** in ../source_code/rtl/hdmi_rtl/enc_file/SerializerN_1_lvds_dat.enc.vhd(14)
HDL-1007 : analyze architecture ** in ../source_code/rtl/hdmi_rtl/enc_file/SerializerN_1_lvds_dat.enc.vhd(28)
HDL-1007 : analyze VHDL file ../source_code/rtl/hdmi_rtl/enc_file/TMDSEncoder.enc.vhd
HDL-1007 : analyze entity ** in ../source_code/rtl/hdmi_rtl/enc_file/TMDSEncoder.enc.vhd(13)
HDL-1007 : analyze architecture ** in ../source_code/rtl/hdmi_rtl/enc_file/TMDSEncoder.enc.vhd(24)
HDL-1007 : analyze verilog file ../source_code/rtl/hdmi_rtl/enc_file/video_tpg_1024768.enc.v
HDL-5007 WARNING: literal value ** truncated to fit in ** bits in ../source_code/rtl/hdmi_rtl/enc_file/video_tpg_1024768.enc.v(231)
HDL-1007 : back to file '../source_code/rtl/hdmi_rtl/enc_file/video_tpg_1024768.enc.v' in ../source_code/rtl/hdmi_rtl/enc_file/video_tpg_1024768.enc.v(1)
HDL-1007 : analyze verilog file ../source_code/rtl/hdmi_rtl/enc_file/video_tpg_1080p.enc.v
HDL-1007 : back to file '../source_code/rtl/hdmi_rtl/enc_file/video_tpg_1080p.enc.v' in ../source_code/rtl/hdmi_rtl/enc_file/video_tpg_1080p.enc.v(1)
HDL-1007 : analyze verilog file ../source_code/rtl/hdmi_rtl/enc_file/video_tpg_12801024p.enc.v
HDL-1007 : back to file '../source_code/rtl/hdmi_rtl/enc_file/video_tpg_12801024p.enc.v' in ../source_code/rtl/hdmi_rtl/enc_file/video_tpg_12801024p.enc.v(1)
HDL-1007 : analyze verilog file ../source_code/rtl/hdmi_rtl/enc_file/video_tpg_1280800.enc.v
HDL-5007 WARNING: literal value ** truncated to fit in ** bits in ../source_code/rtl/hdmi_rtl/enc_file/video_tpg_1280800.enc.v(233)
HDL-1007 : back to file '../source_code/rtl/hdmi_rtl/enc_file/video_tpg_1280800.enc.v' in ../source_code/rtl/hdmi_rtl/enc_file/video_tpg_1280800.enc.v(1)
HDL-1007 : analyze verilog file ../source_code/rtl/hdmi_rtl/enc_file/video_tpg_16801050p.enc.v
HDL-1007 : back to file '../source_code/rtl/hdmi_rtl/enc_file/video_tpg_16801050p.enc.v' in ../source_code/rtl/hdmi_rtl/enc_file/video_tpg_16801050p.enc.v(1)
HDL-1007 : analyze verilog file ../source_code/rtl/hdmi_rtl/enc_file/video_tpg_800600.enc.v
HDL-1007 : back to file '../source_code/rtl/hdmi_rtl/enc_file/video_tpg_800600.enc.v' in ../source_code/rtl/hdmi_rtl/enc_file/video_tpg_800600.enc.v(1)
HDL-1007 : analyze VHDL file ../source_code/rtl/hdmi_rtl/hdmi_tx.vhd
HDL-1007 : analyze entity hdmi_tx in ../source_code/rtl/hdmi_rtl/hdmi_tx.vhd(11)
HDL-1007 : analyze architecture behavioral in ../source_code/rtl/hdmi_rtl/hdmi_tx.vhd(33)
HDL-1007 : analyze verilog file ../source_code/rtl/hdmi_rtl/vga_disp_rtl.v
HDL-7201 CRITICAL-WARNING: overwrite current module 'vga_disp_rtl' in ../source_code/rtl/hdmi_rtl/vga_disp_rtl.v(1)
HDL-7307 CRITICAL-WARNING: previous definition of design element module 'vga_disp_rtl' is here. This is because multiple modules(values) with the same name are defined. Please consider rewriting code in ../source_code/rtl/app/vga_disp_rtl.v(1)
RUN-1002 : start command "commit_param -step design"
RUN-1001 : Print Global Property
RUN-1001 : --------------------------------------------------------
RUN-1001 :   Parameters   |  Settings  |  Default Values  |  Note  
RUN-1001 : --------------------------------------------------------
RUN-1001 :   enable_seed  |    off     |       off        |        
RUN-1001 :     message    |  standard  |     standard     |        
RUN-1001 :   qor_monitor  |     on     |        on        |        
RUN-1001 :   syn_ip_flow  |    off     |       off        |        
RUN-1001 :     thread     |    auto    |       auto       |        
RUN-1001 : --------------------------------------------------------
RUN-1001 : Print Design Property
RUN-1001 : ----------------------------------------------------------------
RUN-1001 :       Parameters       |  Settings  |  Default Values  |  Note  
RUN-1001 : ----------------------------------------------------------------
RUN-1001 :   default_reg_initial  |    auto    |       auto       |        
RUN-1001 :    hdl_warning_level   |   normal   |      normal      |        
RUN-1001 : ----------------------------------------------------------------
HDL-1007 : analyze verilog file last_attempt.v
HDL-1007 : undeclared symbol 'phy_reset', assumed default net type 'wire' in last_attempt.v(166)
HDL-1007 : undeclared symbol 'VGA_HSYNC', assumed default net type 'wire' in last_attempt.v(332)
HDL-1007 : undeclared symbol 'VGA_VSYNC', assumed default net type 'wire' in last_attempt.v(333)
HDL-1007 : undeclared symbol 'rd_en', assumed default net type 'wire' in last_attempt.v(335)
HDL-1007 : undeclared symbol 'tpg_data_done', assumed default net type 'wire' in last_attempt.v(663)
HDL-1007 : undeclared symbol 'full_flag', assumed default net type 'wire' in last_attempt.v(697)
HDL-1007 : undeclared symbol 'input_local_udp_port_num', assumed default net type 'wire' in last_attempt.v(728)
HDL-1007 : undeclared symbol 'input_local_udp_port_num_valid', assumed default net type 'wire' in last_attempt.v(729)
HDL-1007 : undeclared symbol 'input_local_ip_address_valid', assumed default net type 'wire' in last_attempt.v(732)
HDL-1007 : analyze verilog file ../source_code/rtl/udp/BUFGMUX.v
HDL-1007 : analyze verilog file ../source_code/rtl/udp/IDDR.v
HDL-1007 : analyze verilog file ../source_code/rtl/udp/ODDR.v
HDL-1007 : analyze verilog file ../source_code/rtl/udp/RAMB16_S9_S9.v
HDL-1007 : undeclared symbol 'open', assumed default net type 'wire' in ../source_code/rtl/udp/RAMB16_S9_S9.v(109)
HDL-1007 : analyze verilog file ../source_code/rtl/udp/clk_gen_rst_gen.v
HDL-1007 : analyze verilog file ../source_code/rtl/udp/div_clk_gen.v
HDL-1007 : analyze verilog file ../source_code/rtl/udp/rgmii_interface.v
HDL-1007 : analyze verilog file ../source_code/rtl/udp/rx_client_fifo.v
HDL-5370 WARNING: parameter 'WAIT_s' becomes localparam in 'rx_client_fifo' with formal parameter declaration list in ../source_code/rtl/udp/rx_client_fifo.v(49)
HDL-5370 WARNING: parameter 'QUEUE1_s' becomes localparam in 'rx_client_fifo' with formal parameter declaration list in ../source_code/rtl/udp/rx_client_fifo.v(50)
HDL-5370 WARNING: parameter 'QUEUE2_s' becomes localparam in 'rx_client_fifo' with formal parameter declaration list in ../source_code/rtl/udp/rx_client_fifo.v(51)
HDL-5370 WARNING: parameter 'QUEUE3_s' becomes localparam in 'rx_client_fifo' with formal parameter declaration list in ../source_code/rtl/udp/rx_client_fifo.v(52)
HDL-5370 WARNING: parameter 'QUEUE_SOF_s' becomes localparam in 'rx_client_fifo' with formal parameter declaration list in ../source_code/rtl/udp/rx_client_fifo.v(53)
HDL-5370 WARNING: parameter 'SOF_s' becomes localparam in 'rx_client_fifo' with formal parameter declaration list in ../source_code/rtl/udp/rx_client_fifo.v(54)
HDL-5370 WARNING: parameter 'DATA_s' becomes localparam in 'rx_client_fifo' with formal parameter declaration list in ../source_code/rtl/udp/rx_client_fifo.v(55)
HDL-5370 WARNING: parameter 'EOF_s' becomes localparam in 'rx_client_fifo' with formal parameter declaration list in ../source_code/rtl/udp/rx_client_fifo.v(56)
HDL-5370 WARNING: parameter 'IDLE_s' becomes localparam in 'rx_client_fifo' with formal parameter declaration list in ../source_code/rtl/udp/rx_client_fifo.v(62)
HDL-5370 WARNING: parameter 'FRAME_s' becomes localparam in 'rx_client_fifo' with formal parameter declaration list in ../source_code/rtl/udp/rx_client_fifo.v(63)
HDL-5370 Similar messages will be suppressed.
HDL-1007 : analyze verilog file ../source_code/rtl/udp/temac_block.v
HDL-1007 : analyze verilog file ../source_code/rtl/udp/temac_clk_gen.v
HDL-1007 : analyze verilog file ../source_code/rtl/udp/tx_client_fifo.v
HDL-5370 WARNING: parameter 'IDLE_s' becomes localparam in 'tx_client_fifo' with formal parameter declaration list in ../source_code/rtl/udp/tx_client_fifo.v(53)
HDL-5370 WARNING: parameter 'QUEUE1_s' becomes localparam in 'tx_client_fifo' with formal parameter declaration list in ../source_code/rtl/udp/tx_client_fifo.v(54)
HDL-5370 WARNING: parameter 'QUEUE2_s' becomes localparam in 'tx_client_fifo' with formal parameter declaration list in ../source_code/rtl/udp/tx_client_fifo.v(55)
HDL-5370 WARNING: parameter 'QUEUE3_s' becomes localparam in 'tx_client_fifo' with formal parameter declaration list in ../source_code/rtl/udp/tx_client_fifo.v(56)
HDL-5370 WARNING: parameter 'QUEUE_ACK_s' becomes localparam in 'tx_client_fifo' with formal parameter declaration list in ../source_code/rtl/udp/tx_client_fifo.v(57)
HDL-5370 WARNING: parameter 'WAIT_ACK_s' becomes localparam in 'tx_client_fifo' with formal parameter declaration list in ../source_code/rtl/udp/tx_client_fifo.v(58)
HDL-5370 WARNING: parameter 'FRAME_s' becomes localparam in 'tx_client_fifo' with formal parameter declaration list in ../source_code/rtl/udp/tx_client_fifo.v(59)
HDL-5370 WARNING: parameter 'DROP_s' becomes localparam in 'tx_client_fifo' with formal parameter declaration list in ../source_code/rtl/udp/tx_client_fifo.v(60)
HDL-5370 WARNING: parameter 'RETRANSMIT_s' becomes localparam in 'tx_client_fifo' with formal parameter declaration list in ../source_code/rtl/udp/tx_client_fifo.v(61)
HDL-5370 WARNING: parameter 'WAIT_s' becomes localparam in 'tx_client_fifo' with formal parameter declaration list in ../source_code/rtl/udp/tx_client_fifo.v(67)
HDL-5370 Similar messages will be suppressed.
HDL-1007 : analyze verilog file ../source_code/rtl/udp/tx_clk_en_gen.v
HDL-1007 : analyze verilog file ../source_code/rtl/udp/udp_data_tpg.v
HDL-1007 : analyze verilog file ../source_code/rtl/udp/udp_ip_protocol_stack_merge.enc.v
HDL-1007 : back to file '../source_code/rtl/udp/udp_ip_protocol_stack_merge.enc.v' in ../source_code/rtl/udp/udp_ip_protocol_stack_merge.enc.v(56)
HDL-1007 : undeclared symbol '**', assumed default net type '**' in ../source_code/rtl/udp/udp_ip_protocol_stack_merge.enc.v(2638)
HDL-1007 : back to file '../source_code/rtl/udp/udp_ip_protocol_stack_merge.enc.v' in ../source_code/rtl/udp/udp_ip_protocol_stack_merge.enc.v(420)
HDL-1007 : analyze verilog file ../source_code/rtl/udp/udp_loopback.v
HDL-1007 : analyze verilog file al_ip/TEMAC_CORE/RTL/include/define.v
HDL-1007 : analyze verilog file al_ip/TEMAC_CORE/RTL/TEMAC_CORE_aead6cd6dadd.v
HDL-5007 WARNING: column 1032 exceeds maximum value 1023 in al_ip/TEMAC_CORE/RTL/TEMAC_CORE_aead6cd6dadd.v(30)
HDL-1007 : back to file 'al_ip/TEMAC_CORE/RTL/TEMAC_CORE_aead6cd6dadd.v' in al_ip/TEMAC_CORE/RTL/TEMAC_CORE_aead6cd6dadd.v(86)
HDL-5007 WARNING: event expressions must result in a singular type in al_ip/TEMAC_CORE/RTL/TEMAC_CORE_aead6cd6dadd.v(3001)
HDL-1007 : undeclared symbol '**', assumed default net type '**' in al_ip/TEMAC_CORE/RTL/TEMAC_CORE_aead6cd6dadd.v(5050)
HDL-1007 : undeclared symbol '**', assumed default net type '**' in al_ip/TEMAC_CORE/RTL/TEMAC_CORE_aead6cd6dadd.v(5458)
HDL-5007 WARNING: column 1035 exceeds maximum value 1023 in al_ip/TEMAC_CORE/RTL/TEMAC_CORE_aead6cd6dadd.v(6001)
HDL-1007 : back to file 'al_ip/TEMAC_CORE/RTL/TEMAC_CORE_aead6cd6dadd.v' in al_ip/TEMAC_CORE/RTL/TEMAC_CORE_aead6cd6dadd.v(260)
HDL-1007 : analyze verilog file al_ip/TEMAC_CORE/RTL/mac_core_aead6cd6dadd.v
HDL-1007 : analyze verilog file al_ip/TEMAC_CORE/TEMAC_CORE.v
HDL-1007 : analyze verilog file al_ip/pll_gen.v
HDL-1007 : undeclared symbol 'pll_gen_open0', assumed default net type 'wire' in al_ip/pll_gen.v(99)
HDL-1007 : undeclared symbol 'pll_gen_open8', assumed default net type 'wire' in al_ip/pll_gen.v(105)
HDL-1007 : undeclared symbol 'pll_gen_open7', assumed default net type 'wire' in al_ip/pll_gen.v(105)
HDL-1007 : undeclared symbol 'pll_gen_open6', assumed default net type 'wire' in al_ip/pll_gen.v(105)
HDL-1007 : undeclared symbol 'pll_gen_open5', assumed default net type 'wire' in al_ip/pll_gen.v(105)
HDL-1007 : undeclared symbol 'pll_gen_open4', assumed default net type 'wire' in al_ip/pll_gen.v(105)
HDL-1007 : undeclared symbol 'pll_gen_open3', assumed default net type 'wire' in al_ip/pll_gen.v(105)
HDL-1007 : undeclared symbol 'pll_gen_open2', assumed default net type 'wire' in al_ip/pll_gen.v(105)
HDL-1007 : undeclared symbol 'pll_gen_open1', assumed default net type 'wire' in al_ip/pll_gen.v(105)
HDL-1007 : analyze verilog file al_ip/sys_pll.v
HDL-1007 : undeclared symbol 'sys_pll_open0', assumed default net type 'wire' in al_ip/sys_pll.v(77)
HDL-1007 : undeclared symbol 'sys_pll_open1', assumed default net type 'wire' in al_ip/sys_pll.v(83)
HDL-1007 : undeclared symbol 'sys_pll_open9', assumed default net type 'wire' in al_ip/sys_pll.v(89)
HDL-1007 : undeclared symbol 'sys_pll_open8', assumed default net type 'wire' in al_ip/sys_pll.v(89)
HDL-1007 : undeclared symbol 'sys_pll_open7', assumed default net type 'wire' in al_ip/sys_pll.v(89)
HDL-1007 : undeclared symbol 'sys_pll_open6', assumed default net type 'wire' in al_ip/sys_pll.v(89)
HDL-1007 : undeclared symbol 'sys_pll_open5', assumed default net type 'wire' in al_ip/sys_pll.v(89)
HDL-1007 : undeclared symbol 'sys_pll_open4', assumed default net type 'wire' in al_ip/sys_pll.v(89)
HDL-1007 : undeclared symbol 'sys_pll_open3', assumed default net type 'wire' in al_ip/sys_pll.v(89)
HDL-1007 : undeclared symbol 'sys_pll_open2', assumed default net type 'wire' in al_ip/sys_pll.v(89)
HDL-1007 : undeclared symbol 'sys_pll_open11', assumed default net type 'wire' in al_ip/sys_pll.v(91)
HDL-1007 : undeclared symbol 'sys_pll_open10', assumed default net type 'wire' in al_ip/sys_pll.v(91)
HDL-1007 : analyze verilog file ../source_code/rtl/sd_card/ax_debounce.v
HDL-1007 : analyze verilog file ../source_code/rtl/sd_card/bmp_read.v
HDL-1007 : analyze verilog file ../source_code/rtl/sd_card/sd_card_bmp.v
HDL-1007 : analyze verilog file ../source_code/rtl/sd_card/sd_card_cmd.v
HDL-1007 : analyze verilog file ../source_code/rtl/sd_card/sd_card_sec_read_write.v
HDL-1007 : analyze verilog file ../source_code/rtl/sd_card/sd_card_top.v
HDL-1007 : analyze verilog file ../source_code/rtl/sd_card/spi_master.v
HDL-1007 : analyze verilog file ../source_code/rtl/sdram/enc_file/global_def.v
HDL-1007 : analyze verilog file ../source_code/rtl/sdram/enc_file/sdr_as_ram.enc.v
HDL-1007 : back to file '../source_code/rtl/sdram/enc_file/sdr_as_ram.enc.v' in ../source_code/rtl/sdram/enc_file/sdr_as_ram.enc.v(54)
HDL-1007 : analyze verilog file ../source_code/rtl/sdram/enc_file/sdr_wrrd.enc.v
HDL-5007 WARNING: concatenation with an unsized literal will be treated as 32 bits in ../source_code/rtl/sdram/enc_file/sdr_wrrd.enc.v(283)
HDL-1007 : back to file '../source_code/rtl/sdram/enc_file/sdr_wrrd.enc.v' in ../source_code/rtl/sdram/enc_file/sdr_wrrd.enc.v(19)
HDL-1007 : analyze verilog file ../source_code/rtl/frame_fifo/afifo_16_32_256.v
HDL-1007 : analyze verilog file ../source_code/rtl/frame_fifo/afifo_32_16_256.v
HDL-1007 : analyze verilog file ../source_code/rtl/frame_fifo/frame_fifo_read.v
HDL-1007 : analyze verilog file ../source_code/rtl/frame_fifo/frame_fifo_write.v
HDL-1007 : analyze verilog file ../source_code/rtl/frame_fifo/frame_read_write.v
HDL-1007 : analyze verilog file ../source_code/rtl/sdram/sdram.v
HDL-1007 : analyze included file ../source_code/rtl/sdram/enc_file/global_def.v in ../source_code/rtl/sdram/sdram.v(10)
HDL-1007 : back to file '../source_code/rtl/sdram/sdram.v' in ../source_code/rtl/sdram/sdram.v(10)
HDL-1007 : undeclared symbol 'SDR_CKE', assumed default net type 'wire' in ../source_code/rtl/sdram/sdram.v(89)
HDL-1007 : analyze verilog file ../source_code/rtl/sdram/enc_file/sdr_init_ref.enc.v
HDL-1007 : analyze included file ../source_code/rtl/sdram/enc_file/global_def.v in ../source_code/rtl/sdram/enc_file/sdr_init_ref.enc.v(11)
HDL-1007 : back to file '../source_code/rtl/sdram/enc_file/sdr_init_ref.enc.v' in ../source_code/rtl/sdram/enc_file/sdr_init_ref.enc.v(11)
HDL-1007 : undeclared symbol '**', assumed default net type '**' in ../source_code/rtl/sdram/enc_file/sdr_init_ref.enc.v(57)
HDL-1007 : back to file '../source_code/rtl/sdram/enc_file/sdr_init_ref.enc.v' in ../source_code/rtl/sdram/enc_file/sdr_init_ref.enc.v(149)
HDL-5007 WARNING: concatenation with an unsized literal will be treated as 32 bits in ../source_code/rtl/sdram/enc_file/sdr_init_ref.enc.v(47)
HDL-1007 : analyze verilog file ../source_code/rtl/video_timing/color_bar.v
HDL-1007 : analyze included file ../source_code/rtl/video_timing/video_define.v in ../source_code/rtl/video_timing/color_bar.v(2)
HDL-1007 : back to file '../source_code/rtl/video_timing/color_bar.v' in ../source_code/rtl/video_timing/color_bar.v(2)
HDL-1007 : analyze verilog file ../source_code/rtl/video_timing/video_delay.v
HDL-1007 : analyze verilog file ../source_code/rtl/video_timing/video_timing_data.v
HDL-1007 : analyze verilog file ../source_code/rtl/another/m_synchronization_header.v
HDL-1007 : analyze verilog file ../source_code/rtl/led.v
HDL-1007 : analyze verilog file ../source_code/rtl/ov5640/cmos_capture_data.v
HDL-1007 : analyze verilog file ../source_code/rtl/ov5640/i2c_dri.v
HDL-1007 : analyze verilog file ../source_code/rtl/ov5640/i2c_ov5640_rgb565_cfg.v
HDL-1007 : analyze verilog file ../source_code/rtl/ov5640/ov5640_delay.v
HDL-1007 : analyze verilog file ../source_code/rtl/ov5640/ov5640_dri.v
HDL-1007 : analyze verilog file al_ip/clk_wize.v
HDL-1007 : undeclared symbol 'open', assumed default net type 'wire' in al_ip/clk_wize.v(70)
HDL-1007 : analyze verilog file al_ip/ram.v
HDL-1007 : analyze verilog file ../source_code/rtl/app/addr_crt.v
HDL-1007 : analyze verilog file ../source_code/rtl/app/app.v
HDL-1007 : analyze verilog file ../source_code/rtl/app/vga_disp_rtl.v
HDL-1007 : analyze VHDL file ../source_code/rtl/hdmi_rtl/enc_file/DVITransmitter.enc.vhd
HDL-1007 : analyze entity dvitransmitter in ../source_code/rtl/hdmi_rtl/enc_file/DVITransmitter.enc.vhd(13)
HDL-1007 : analyze architecture ** in ../source_code/rtl/hdmi_rtl/enc_file/DVITransmitter.enc.vhd(2)
HDL-1007 : analyze VHDL file ../source_code/rtl/hdmi_rtl/enc_file/SerializerN_1_lvds.enc.vhd
HDL-1007 : analyze entity ** in ../source_code/rtl/hdmi_rtl/enc_file/SerializerN_1_lvds.enc.vhd(12)
HDL-1007 : analyze architecture ** in ../source_code/rtl/hdmi_rtl/enc_file/SerializerN_1_lvds.enc.vhd(25)
HDL-1007 : analyze VHDL file ../source_code/rtl/hdmi_rtl/enc_file/SerializerN_1_lvds_dat.enc.vhd
HDL-1007 : analyze entity ** in ../source_code/rtl/hdmi_rtl/enc_file/SerializerN_1_lvds_dat.enc.vhd(14)
HDL-1007 : analyze architecture ** in ../source_code/rtl/hdmi_rtl/enc_file/SerializerN_1_lvds_dat.enc.vhd(28)
HDL-1007 : analyze VHDL file ../source_code/rtl/hdmi_rtl/enc_file/TMDSEncoder.enc.vhd
HDL-1007 : analyze entity ** in ../source_code/rtl/hdmi_rtl/enc_file/TMDSEncoder.enc.vhd(13)
HDL-1007 : analyze architecture ** in ../source_code/rtl/hdmi_rtl/enc_file/TMDSEncoder.enc.vhd(24)
HDL-1007 : analyze verilog file ../source_code/rtl/hdmi_rtl/enc_file/video_tpg_1024768.enc.v
HDL-5007 WARNING: literal value ** truncated to fit in ** bits in ../source_code/rtl/hdmi_rtl/enc_file/video_tpg_1024768.enc.v(231)
HDL-1007 : back to file '../source_code/rtl/hdmi_rtl/enc_file/video_tpg_1024768.enc.v' in ../source_code/rtl/hdmi_rtl/enc_file/video_tpg_1024768.enc.v(1)
HDL-1007 : analyze verilog file ../source_code/rtl/hdmi_rtl/enc_file/video_tpg_1080p.enc.v
HDL-1007 : back to file '../source_code/rtl/hdmi_rtl/enc_file/video_tpg_1080p.enc.v' in ../source_code/rtl/hdmi_rtl/enc_file/video_tpg_1080p.enc.v(1)
HDL-1007 : analyze verilog file ../source_code/rtl/hdmi_rtl/enc_file/video_tpg_12801024p.enc.v
HDL-1007 : back to file '../source_code/rtl/hdmi_rtl/enc_file/video_tpg_12801024p.enc.v' in ../source_code/rtl/hdmi_rtl/enc_file/video_tpg_12801024p.enc.v(1)
HDL-1007 : analyze verilog file ../source_code/rtl/hdmi_rtl/enc_file/video_tpg_1280800.enc.v
HDL-5007 WARNING: literal value ** truncated to fit in ** bits in ../source_code/rtl/hdmi_rtl/enc_file/video_tpg_1280800.enc.v(233)
HDL-1007 : back to file '../source_code/rtl/hdmi_rtl/enc_file/video_tpg_1280800.enc.v' in ../source_code/rtl/hdmi_rtl/enc_file/video_tpg_1280800.enc.v(1)
HDL-1007 : analyze verilog file ../source_code/rtl/hdmi_rtl/enc_file/video_tpg_16801050p.enc.v
HDL-1007 : back to file '../source_code/rtl/hdmi_rtl/enc_file/video_tpg_16801050p.enc.v' in ../source_code/rtl/hdmi_rtl/enc_file/video_tpg_16801050p.enc.v(1)
HDL-1007 : analyze verilog file ../source_code/rtl/hdmi_rtl/enc_file/video_tpg_800600.enc.v
HDL-1007 : back to file '../source_code/rtl/hdmi_rtl/enc_file/video_tpg_800600.enc.v' in ../source_code/rtl/hdmi_rtl/enc_file/video_tpg_800600.enc.v(1)
HDL-1007 : analyze VHDL file ../source_code/rtl/hdmi_rtl/hdmi_tx.vhd
HDL-1007 : analyze entity hdmi_tx in ../source_code/rtl/hdmi_rtl/hdmi_tx.vhd(11)
HDL-1007 : analyze architecture behavioral in ../source_code/rtl/hdmi_rtl/hdmi_tx.vhd(33)
HDL-1007 : analyze verilog file ../source_code/rtl/hdmi_rtl/vga_disp_rtl.v
HDL-7201 CRITICAL-WARNING: overwrite current module 'vga_disp_rtl' in ../source_code/rtl/hdmi_rtl/vga_disp_rtl.v(1)
HDL-7307 CRITICAL-WARNING: previous definition of design element module 'vga_disp_rtl' is here. This is because multiple modules(values) with the same name are defined. Please consider rewriting code in ../source_code/rtl/app/vga_disp_rtl.v(1)
RUN-1002 : start command "commit_param -step design"
RUN-1001 : Print Global Property
RUN-1001 : --------------------------------------------------------
RUN-1001 :   Parameters   |  Settings  |  Default Values  |  Note  
RUN-1001 : --------------------------------------------------------
RUN-1001 :   enable_seed  |    off     |       off        |        
RUN-1001 :     message    |  standard  |     standard     |        
RUN-1001 :   qor_monitor  |     on     |        on        |        
RUN-1001 :   syn_ip_flow  |    off     |       off        |        
RUN-1001 :     thread     |    auto    |       auto       |        
RUN-1001 : --------------------------------------------------------
RUN-1001 : Print Design Property
RUN-1001 : ----------------------------------------------------------------
RUN-1001 :       Parameters       |  Settings  |  Default Values  |  Note  
RUN-1001 : ----------------------------------------------------------------
RUN-1001 :   default_reg_initial  |    auto    |       auto       |        
RUN-1001 :    hdl_warning_level   |   normal   |      normal      |        
RUN-1001 : ----------------------------------------------------------------
HDL-1007 : analyze verilog file last_attempt.v
HDL-1007 : undeclared symbol 'phy_reset', assumed default net type 'wire' in last_attempt.v(166)
HDL-1007 : undeclared symbol 'VGA_HSYNC', assumed default net type 'wire' in last_attempt.v(332)
HDL-1007 : undeclared symbol 'VGA_VSYNC', assumed default net type 'wire' in last_attempt.v(333)
HDL-1007 : undeclared symbol 'rd_en', assumed default net type 'wire' in last_attempt.v(335)
HDL-1007 : undeclared symbol 'tpg_data_done', assumed default net type 'wire' in last_attempt.v(667)
HDL-1007 : undeclared symbol 'full_flag', assumed default net type 'wire' in last_attempt.v(701)
HDL-1007 : undeclared symbol 'input_local_udp_port_num', assumed default net type 'wire' in last_attempt.v(732)
HDL-1007 : undeclared symbol 'input_local_udp_port_num_valid', assumed default net type 'wire' in last_attempt.v(733)
HDL-1007 : undeclared symbol 'input_local_ip_address_valid', assumed default net type 'wire' in last_attempt.v(736)
HDL-1007 : analyze verilog file ../source_code/rtl/udp/BUFGMUX.v
HDL-1007 : analyze verilog file ../source_code/rtl/udp/IDDR.v
HDL-1007 : analyze verilog file ../source_code/rtl/udp/ODDR.v
HDL-1007 : analyze verilog file ../source_code/rtl/udp/RAMB16_S9_S9.v
HDL-1007 : undeclared symbol 'open', assumed default net type 'wire' in ../source_code/rtl/udp/RAMB16_S9_S9.v(109)
HDL-1007 : analyze verilog file ../source_code/rtl/udp/clk_gen_rst_gen.v
HDL-1007 : analyze verilog file ../source_code/rtl/udp/div_clk_gen.v
HDL-1007 : analyze verilog file ../source_code/rtl/udp/rgmii_interface.v
HDL-1007 : analyze verilog file ../source_code/rtl/udp/rx_client_fifo.v
HDL-5370 WARNING: parameter 'WAIT_s' becomes localparam in 'rx_client_fifo' with formal parameter declaration list in ../source_code/rtl/udp/rx_client_fifo.v(49)
HDL-5370 WARNING: parameter 'QUEUE1_s' becomes localparam in 'rx_client_fifo' with formal parameter declaration list in ../source_code/rtl/udp/rx_client_fifo.v(50)
HDL-5370 WARNING: parameter 'QUEUE2_s' becomes localparam in 'rx_client_fifo' with formal parameter declaration list in ../source_code/rtl/udp/rx_client_fifo.v(51)
HDL-5370 WARNING: parameter 'QUEUE3_s' becomes localparam in 'rx_client_fifo' with formal parameter declaration list in ../source_code/rtl/udp/rx_client_fifo.v(52)
HDL-5370 WARNING: parameter 'QUEUE_SOF_s' becomes localparam in 'rx_client_fifo' with formal parameter declaration list in ../source_code/rtl/udp/rx_client_fifo.v(53)
HDL-5370 WARNING: parameter 'SOF_s' becomes localparam in 'rx_client_fifo' with formal parameter declaration list in ../source_code/rtl/udp/rx_client_fifo.v(54)
HDL-5370 WARNING: parameter 'DATA_s' becomes localparam in 'rx_client_fifo' with formal parameter declaration list in ../source_code/rtl/udp/rx_client_fifo.v(55)
HDL-5370 WARNING: parameter 'EOF_s' becomes localparam in 'rx_client_fifo' with formal parameter declaration list in ../source_code/rtl/udp/rx_client_fifo.v(56)
HDL-5370 WARNING: parameter 'IDLE_s' becomes localparam in 'rx_client_fifo' with formal parameter declaration list in ../source_code/rtl/udp/rx_client_fifo.v(62)
HDL-5370 WARNING: parameter 'FRAME_s' becomes localparam in 'rx_client_fifo' with formal parameter declaration list in ../source_code/rtl/udp/rx_client_fifo.v(63)
HDL-5370 Similar messages will be suppressed.
HDL-1007 : analyze verilog file ../source_code/rtl/udp/temac_block.v
HDL-1007 : analyze verilog file ../source_code/rtl/udp/temac_clk_gen.v
HDL-1007 : analyze verilog file ../source_code/rtl/udp/tx_client_fifo.v
HDL-5370 WARNING: parameter 'IDLE_s' becomes localparam in 'tx_client_fifo' with formal parameter declaration list in ../source_code/rtl/udp/tx_client_fifo.v(53)
HDL-5370 WARNING: parameter 'QUEUE1_s' becomes localparam in 'tx_client_fifo' with formal parameter declaration list in ../source_code/rtl/udp/tx_client_fifo.v(54)
HDL-5370 WARNING: parameter 'QUEUE2_s' becomes localparam in 'tx_client_fifo' with formal parameter declaration list in ../source_code/rtl/udp/tx_client_fifo.v(55)
HDL-5370 WARNING: parameter 'QUEUE3_s' becomes localparam in 'tx_client_fifo' with formal parameter declaration list in ../source_code/rtl/udp/tx_client_fifo.v(56)
HDL-5370 WARNING: parameter 'QUEUE_ACK_s' becomes localparam in 'tx_client_fifo' with formal parameter declaration list in ../source_code/rtl/udp/tx_client_fifo.v(57)
HDL-5370 WARNING: parameter 'WAIT_ACK_s' becomes localparam in 'tx_client_fifo' with formal parameter declaration list in ../source_code/rtl/udp/tx_client_fifo.v(58)
HDL-5370 WARNING: parameter 'FRAME_s' becomes localparam in 'tx_client_fifo' with formal parameter declaration list in ../source_code/rtl/udp/tx_client_fifo.v(59)
HDL-5370 WARNING: parameter 'DROP_s' becomes localparam in 'tx_client_fifo' with formal parameter declaration list in ../source_code/rtl/udp/tx_client_fifo.v(60)
HDL-5370 WARNING: parameter 'RETRANSMIT_s' becomes localparam in 'tx_client_fifo' with formal parameter declaration list in ../source_code/rtl/udp/tx_client_fifo.v(61)
HDL-5370 WARNING: parameter 'WAIT_s' becomes localparam in 'tx_client_fifo' with formal parameter declaration list in ../source_code/rtl/udp/tx_client_fifo.v(67)
HDL-5370 Similar messages will be suppressed.
HDL-1007 : analyze verilog file ../source_code/rtl/udp/tx_clk_en_gen.v
HDL-1007 : analyze verilog file ../source_code/rtl/udp/udp_data_tpg.v
HDL-1007 : analyze verilog file ../source_code/rtl/udp/udp_ip_protocol_stack_merge.enc.v
HDL-1007 : back to file '../source_code/rtl/udp/udp_ip_protocol_stack_merge.enc.v' in ../source_code/rtl/udp/udp_ip_protocol_stack_merge.enc.v(56)
HDL-1007 : undeclared symbol '**', assumed default net type '**' in ../source_code/rtl/udp/udp_ip_protocol_stack_merge.enc.v(2638)
HDL-1007 : back to file '../source_code/rtl/udp/udp_ip_protocol_stack_merge.enc.v' in ../source_code/rtl/udp/udp_ip_protocol_stack_merge.enc.v(420)
HDL-1007 : analyze verilog file ../source_code/rtl/udp/udp_loopback.v
HDL-1007 : analyze verilog file al_ip/TEMAC_CORE/RTL/include/define.v
HDL-1007 : analyze verilog file al_ip/TEMAC_CORE/RTL/TEMAC_CORE_aead6cd6dadd.v
HDL-5007 WARNING: column 1032 exceeds maximum value 1023 in al_ip/TEMAC_CORE/RTL/TEMAC_CORE_aead6cd6dadd.v(30)
HDL-1007 : back to file 'al_ip/TEMAC_CORE/RTL/TEMAC_CORE_aead6cd6dadd.v' in al_ip/TEMAC_CORE/RTL/TEMAC_CORE_aead6cd6dadd.v(86)
HDL-5007 WARNING: event expressions must result in a singular type in al_ip/TEMAC_CORE/RTL/TEMAC_CORE_aead6cd6dadd.v(3001)
HDL-1007 : undeclared symbol '**', assumed default net type '**' in al_ip/TEMAC_CORE/RTL/TEMAC_CORE_aead6cd6dadd.v(5050)
HDL-1007 : undeclared symbol '**', assumed default net type '**' in al_ip/TEMAC_CORE/RTL/TEMAC_CORE_aead6cd6dadd.v(5458)
HDL-5007 WARNING: column 1035 exceeds maximum value 1023 in al_ip/TEMAC_CORE/RTL/TEMAC_CORE_aead6cd6dadd.v(6001)
HDL-1007 : back to file 'al_ip/TEMAC_CORE/RTL/TEMAC_CORE_aead6cd6dadd.v' in al_ip/TEMAC_CORE/RTL/TEMAC_CORE_aead6cd6dadd.v(260)
HDL-1007 : analyze verilog file al_ip/TEMAC_CORE/RTL/mac_core_aead6cd6dadd.v
HDL-1007 : analyze verilog file al_ip/TEMAC_CORE/TEMAC_CORE.v
HDL-1007 : analyze verilog file al_ip/pll_gen.v
HDL-1007 : undeclared symbol 'pll_gen_open0', assumed default net type 'wire' in al_ip/pll_gen.v(99)
HDL-1007 : undeclared symbol 'pll_gen_open8', assumed default net type 'wire' in al_ip/pll_gen.v(105)
HDL-1007 : undeclared symbol 'pll_gen_open7', assumed default net type 'wire' in al_ip/pll_gen.v(105)
HDL-1007 : undeclared symbol 'pll_gen_open6', assumed default net type 'wire' in al_ip/pll_gen.v(105)
HDL-1007 : undeclared symbol 'pll_gen_open5', assumed default net type 'wire' in al_ip/pll_gen.v(105)
HDL-1007 : undeclared symbol 'pll_gen_open4', assumed default net type 'wire' in al_ip/pll_gen.v(105)
HDL-1007 : undeclared symbol 'pll_gen_open3', assumed default net type 'wire' in al_ip/pll_gen.v(105)
HDL-1007 : undeclared symbol 'pll_gen_open2', assumed default net type 'wire' in al_ip/pll_gen.v(105)
HDL-1007 : undeclared symbol 'pll_gen_open1', assumed default net type 'wire' in al_ip/pll_gen.v(105)
HDL-1007 : analyze verilog file al_ip/sys_pll.v
HDL-1007 : undeclared symbol 'sys_pll_open0', assumed default net type 'wire' in al_ip/sys_pll.v(77)
HDL-1007 : undeclared symbol 'sys_pll_open1', assumed default net type 'wire' in al_ip/sys_pll.v(83)
HDL-1007 : undeclared symbol 'sys_pll_open9', assumed default net type 'wire' in al_ip/sys_pll.v(89)
HDL-1007 : undeclared symbol 'sys_pll_open8', assumed default net type 'wire' in al_ip/sys_pll.v(89)
HDL-1007 : undeclared symbol 'sys_pll_open7', assumed default net type 'wire' in al_ip/sys_pll.v(89)
HDL-1007 : undeclared symbol 'sys_pll_open6', assumed default net type 'wire' in al_ip/sys_pll.v(89)
HDL-1007 : undeclared symbol 'sys_pll_open5', assumed default net type 'wire' in al_ip/sys_pll.v(89)
HDL-1007 : undeclared symbol 'sys_pll_open4', assumed default net type 'wire' in al_ip/sys_pll.v(89)
HDL-1007 : undeclared symbol 'sys_pll_open3', assumed default net type 'wire' in al_ip/sys_pll.v(89)
HDL-1007 : undeclared symbol 'sys_pll_open2', assumed default net type 'wire' in al_ip/sys_pll.v(89)
HDL-1007 : undeclared symbol 'sys_pll_open11', assumed default net type 'wire' in al_ip/sys_pll.v(91)
HDL-1007 : undeclared symbol 'sys_pll_open10', assumed default net type 'wire' in al_ip/sys_pll.v(91)
HDL-1007 : analyze verilog file ../source_code/rtl/sd_card/ax_debounce.v
HDL-1007 : analyze verilog file ../source_code/rtl/sd_card/bmp_read.v
HDL-1007 : analyze verilog file ../source_code/rtl/sd_card/sd_card_bmp.v
HDL-1007 : analyze verilog file ../source_code/rtl/sd_card/sd_card_cmd.v
HDL-1007 : analyze verilog file ../source_code/rtl/sd_card/sd_card_sec_read_write.v
HDL-1007 : analyze verilog file ../source_code/rtl/sd_card/sd_card_top.v
HDL-1007 : analyze verilog file ../source_code/rtl/sd_card/spi_master.v
HDL-1007 : analyze verilog file ../source_code/rtl/sdram/enc_file/global_def.v
HDL-1007 : analyze verilog file ../source_code/rtl/sdram/enc_file/sdr_as_ram.enc.v
HDL-1007 : back to file '../source_code/rtl/sdram/enc_file/sdr_as_ram.enc.v' in ../source_code/rtl/sdram/enc_file/sdr_as_ram.enc.v(54)
HDL-1007 : analyze verilog file ../source_code/rtl/sdram/enc_file/sdr_wrrd.enc.v
HDL-5007 WARNING: concatenation with an unsized literal will be treated as 32 bits in ../source_code/rtl/sdram/enc_file/sdr_wrrd.enc.v(283)
HDL-1007 : back to file '../source_code/rtl/sdram/enc_file/sdr_wrrd.enc.v' in ../source_code/rtl/sdram/enc_file/sdr_wrrd.enc.v(19)
HDL-1007 : analyze verilog file ../source_code/rtl/frame_fifo/afifo_16_32_256.v
HDL-1007 : analyze verilog file ../source_code/rtl/frame_fifo/afifo_32_16_256.v
HDL-1007 : analyze verilog file ../source_code/rtl/frame_fifo/frame_fifo_read.v
HDL-1007 : analyze verilog file ../source_code/rtl/frame_fifo/frame_fifo_write.v
HDL-1007 : analyze verilog file ../source_code/rtl/frame_fifo/frame_read_write.v
HDL-1007 : analyze verilog file ../source_code/rtl/sdram/sdram.v
HDL-1007 : analyze included file ../source_code/rtl/sdram/enc_file/global_def.v in ../source_code/rtl/sdram/sdram.v(10)
HDL-1007 : back to file '../source_code/rtl/sdram/sdram.v' in ../source_code/rtl/sdram/sdram.v(10)
HDL-1007 : undeclared symbol 'SDR_CKE', assumed default net type 'wire' in ../source_code/rtl/sdram/sdram.v(89)
HDL-1007 : analyze verilog file ../source_code/rtl/sdram/enc_file/sdr_init_ref.enc.v
HDL-1007 : analyze included file ../source_code/rtl/sdram/enc_file/global_def.v in ../source_code/rtl/sdram/enc_file/sdr_init_ref.enc.v(11)
HDL-1007 : back to file '../source_code/rtl/sdram/enc_file/sdr_init_ref.enc.v' in ../source_code/rtl/sdram/enc_file/sdr_init_ref.enc.v(11)
HDL-1007 : undeclared symbol '**', assumed default net type '**' in ../source_code/rtl/sdram/enc_file/sdr_init_ref.enc.v(57)
HDL-1007 : back to file '../source_code/rtl/sdram/enc_file/sdr_init_ref.enc.v' in ../source_code/rtl/sdram/enc_file/sdr_init_ref.enc.v(149)
HDL-5007 WARNING: concatenation with an unsized literal will be treated as 32 bits in ../source_code/rtl/sdram/enc_file/sdr_init_ref.enc.v(47)
HDL-1007 : analyze verilog file ../source_code/rtl/video_timing/color_bar.v
HDL-1007 : analyze included file ../source_code/rtl/video_timing/video_define.v in ../source_code/rtl/video_timing/color_bar.v(2)
HDL-1007 : back to file '../source_code/rtl/video_timing/color_bar.v' in ../source_code/rtl/video_timing/color_bar.v(2)
HDL-1007 : analyze verilog file ../source_code/rtl/video_timing/video_delay.v
HDL-1007 : analyze verilog file ../source_code/rtl/video_timing/video_timing_data.v
HDL-1007 : analyze verilog file ../source_code/rtl/another/m_synchronization_header.v
HDL-1007 : analyze verilog file ../source_code/rtl/led.v
HDL-1007 : analyze verilog file ../source_code/rtl/ov5640/cmos_capture_data.v
HDL-1007 : analyze verilog file ../source_code/rtl/ov5640/i2c_dri.v
HDL-1007 : analyze verilog file ../source_code/rtl/ov5640/i2c_ov5640_rgb565_cfg.v
HDL-1007 : analyze verilog file ../source_code/rtl/ov5640/ov5640_delay.v
HDL-1007 : analyze verilog file ../source_code/rtl/ov5640/ov5640_dri.v
HDL-1007 : analyze verilog file al_ip/clk_wize.v
HDL-1007 : undeclared symbol 'open', assumed default net type 'wire' in al_ip/clk_wize.v(70)
HDL-1007 : analyze verilog file al_ip/ram.v
HDL-1007 : analyze verilog file ../source_code/rtl/app/addr_crt.v
HDL-1007 : analyze verilog file ../source_code/rtl/app/app.v
HDL-1007 : analyze verilog file ../source_code/rtl/app/vga_disp_rtl.v
HDL-1007 : analyze VHDL file ../source_code/rtl/hdmi_rtl/enc_file/DVITransmitter.enc.vhd
HDL-1007 : analyze entity dvitransmitter in ../source_code/rtl/hdmi_rtl/enc_file/DVITransmitter.enc.vhd(13)
HDL-1007 : analyze architecture ** in ../source_code/rtl/hdmi_rtl/enc_file/DVITransmitter.enc.vhd(2)
HDL-1007 : analyze VHDL file ../source_code/rtl/hdmi_rtl/enc_file/SerializerN_1_lvds.enc.vhd
HDL-1007 : analyze entity ** in ../source_code/rtl/hdmi_rtl/enc_file/SerializerN_1_lvds.enc.vhd(12)
HDL-1007 : analyze architecture ** in ../source_code/rtl/hdmi_rtl/enc_file/SerializerN_1_lvds.enc.vhd(25)
HDL-1007 : analyze VHDL file ../source_code/rtl/hdmi_rtl/enc_file/SerializerN_1_lvds_dat.enc.vhd
HDL-1007 : analyze entity ** in ../source_code/rtl/hdmi_rtl/enc_file/SerializerN_1_lvds_dat.enc.vhd(14)
HDL-1007 : analyze architecture ** in ../source_code/rtl/hdmi_rtl/enc_file/SerializerN_1_lvds_dat.enc.vhd(28)
HDL-1007 : analyze VHDL file ../source_code/rtl/hdmi_rtl/enc_file/TMDSEncoder.enc.vhd
HDL-1007 : analyze entity ** in ../source_code/rtl/hdmi_rtl/enc_file/TMDSEncoder.enc.vhd(13)
HDL-1007 : analyze architecture ** in ../source_code/rtl/hdmi_rtl/enc_file/TMDSEncoder.enc.vhd(24)
HDL-1007 : analyze verilog file ../source_code/rtl/hdmi_rtl/enc_file/video_tpg_1024768.enc.v
HDL-5007 WARNING: literal value ** truncated to fit in ** bits in ../source_code/rtl/hdmi_rtl/enc_file/video_tpg_1024768.enc.v(231)
HDL-1007 : back to file '../source_code/rtl/hdmi_rtl/enc_file/video_tpg_1024768.enc.v' in ../source_code/rtl/hdmi_rtl/enc_file/video_tpg_1024768.enc.v(1)
HDL-1007 : analyze verilog file ../source_code/rtl/hdmi_rtl/enc_file/video_tpg_1080p.enc.v
HDL-1007 : back to file '../source_code/rtl/hdmi_rtl/enc_file/video_tpg_1080p.enc.v' in ../source_code/rtl/hdmi_rtl/enc_file/video_tpg_1080p.enc.v(1)
HDL-1007 : analyze verilog file ../source_code/rtl/hdmi_rtl/enc_file/video_tpg_12801024p.enc.v
HDL-1007 : back to file '../source_code/rtl/hdmi_rtl/enc_file/video_tpg_12801024p.enc.v' in ../source_code/rtl/hdmi_rtl/enc_file/video_tpg_12801024p.enc.v(1)
HDL-1007 : analyze verilog file ../source_code/rtl/hdmi_rtl/enc_file/video_tpg_1280800.enc.v
HDL-5007 WARNING: literal value ** truncated to fit in ** bits in ../source_code/rtl/hdmi_rtl/enc_file/video_tpg_1280800.enc.v(233)
HDL-1007 : back to file '../source_code/rtl/hdmi_rtl/enc_file/video_tpg_1280800.enc.v' in ../source_code/rtl/hdmi_rtl/enc_file/video_tpg_1280800.enc.v(1)
HDL-1007 : analyze verilog file ../source_code/rtl/hdmi_rtl/enc_file/video_tpg_16801050p.enc.v
HDL-1007 : back to file '../source_code/rtl/hdmi_rtl/enc_file/video_tpg_16801050p.enc.v' in ../source_code/rtl/hdmi_rtl/enc_file/video_tpg_16801050p.enc.v(1)
HDL-1007 : analyze verilog file ../source_code/rtl/hdmi_rtl/enc_file/video_tpg_800600.enc.v
HDL-1007 : back to file '../source_code/rtl/hdmi_rtl/enc_file/video_tpg_800600.enc.v' in ../source_code/rtl/hdmi_rtl/enc_file/video_tpg_800600.enc.v(1)
HDL-1007 : analyze VHDL file ../source_code/rtl/hdmi_rtl/hdmi_tx.vhd
HDL-1007 : analyze entity hdmi_tx in ../source_code/rtl/hdmi_rtl/hdmi_tx.vhd(11)
HDL-1007 : analyze architecture behavioral in ../source_code/rtl/hdmi_rtl/hdmi_tx.vhd(33)
HDL-1007 : analyze verilog file ../source_code/rtl/hdmi_rtl/vga_disp_rtl.v
HDL-7201 CRITICAL-WARNING: overwrite current module 'vga_disp_rtl' in ../source_code/rtl/hdmi_rtl/vga_disp_rtl.v(1)
HDL-7307 CRITICAL-WARNING: previous definition of design element module 'vga_disp_rtl' is here. This is because multiple modules(values) with the same name are defined. Please consider rewriting code in ../source_code/rtl/app/vga_disp_rtl.v(1)
RUN-1002 : start command "commit_param -step design"
RUN-1001 : Print Global Property
RUN-1001 : --------------------------------------------------------
RUN-1001 :   Parameters   |  Settings  |  Default Values  |  Note  
RUN-1001 : --------------------------------------------------------
RUN-1001 :   enable_seed  |    off     |       off        |        
RUN-1001 :     message    |  standard  |     standard     |        
RUN-1001 :   qor_monitor  |     on     |        on        |        
RUN-1001 :   syn_ip_flow  |    off     |       off        |        
RUN-1001 :     thread     |    auto    |       auto       |        
RUN-1001 : --------------------------------------------------------
RUN-1001 : Print Design Property
RUN-1001 : ----------------------------------------------------------------
RUN-1001 :       Parameters       |  Settings  |  Default Values  |  Note  
RUN-1001 : ----------------------------------------------------------------
RUN-1001 :   default_reg_initial  |    auto    |       auto       |        
RUN-1001 :    hdl_warning_level   |   normal   |      normal      |        
RUN-1001 : ----------------------------------------------------------------
HDL-1007 : analyze verilog file last_attempt.v
HDL-1007 : undeclared symbol 'phy_reset', assumed default net type 'wire' in last_attempt.v(166)
HDL-1007 : undeclared symbol 'VGA_HSYNC', assumed default net type 'wire' in last_attempt.v(333)
HDL-1007 : undeclared symbol 'VGA_VSYNC', assumed default net type 'wire' in last_attempt.v(334)
HDL-1007 : undeclared symbol 'rd_en', assumed default net type 'wire' in last_attempt.v(336)
HDL-1007 : undeclared symbol 'tpg_data_done', assumed default net type 'wire' in last_attempt.v(668)
HDL-1007 : undeclared symbol 'full_flag', assumed default net type 'wire' in last_attempt.v(702)
HDL-1007 : undeclared symbol 'input_local_udp_port_num', assumed default net type 'wire' in last_attempt.v(733)
HDL-1007 : undeclared symbol 'input_local_udp_port_num_valid', assumed default net type 'wire' in last_attempt.v(734)
HDL-1007 : undeclared symbol 'input_local_ip_address_valid', assumed default net type 'wire' in last_attempt.v(737)
HDL-1007 : analyze verilog file ../source_code/rtl/udp/BUFGMUX.v
HDL-1007 : analyze verilog file ../source_code/rtl/udp/IDDR.v
HDL-1007 : analyze verilog file ../source_code/rtl/udp/ODDR.v
HDL-1007 : analyze verilog file ../source_code/rtl/udp/RAMB16_S9_S9.v
HDL-1007 : undeclared symbol 'open', assumed default net type 'wire' in ../source_code/rtl/udp/RAMB16_S9_S9.v(109)
HDL-1007 : analyze verilog file ../source_code/rtl/udp/clk_gen_rst_gen.v
HDL-1007 : analyze verilog file ../source_code/rtl/udp/div_clk_gen.v
HDL-1007 : analyze verilog file ../source_code/rtl/udp/rgmii_interface.v
HDL-1007 : analyze verilog file ../source_code/rtl/udp/rx_client_fifo.v
HDL-5370 WARNING: parameter 'WAIT_s' becomes localparam in 'rx_client_fifo' with formal parameter declaration list in ../source_code/rtl/udp/rx_client_fifo.v(49)
HDL-5370 WARNING: parameter 'QUEUE1_s' becomes localparam in 'rx_client_fifo' with formal parameter declaration list in ../source_code/rtl/udp/rx_client_fifo.v(50)
HDL-5370 WARNING: parameter 'QUEUE2_s' becomes localparam in 'rx_client_fifo' with formal parameter declaration list in ../source_code/rtl/udp/rx_client_fifo.v(51)
HDL-5370 WARNING: parameter 'QUEUE3_s' becomes localparam in 'rx_client_fifo' with formal parameter declaration list in ../source_code/rtl/udp/rx_client_fifo.v(52)
HDL-5370 WARNING: parameter 'QUEUE_SOF_s' becomes localparam in 'rx_client_fifo' with formal parameter declaration list in ../source_code/rtl/udp/rx_client_fifo.v(53)
HDL-5370 WARNING: parameter 'SOF_s' becomes localparam in 'rx_client_fifo' with formal parameter declaration list in ../source_code/rtl/udp/rx_client_fifo.v(54)
HDL-5370 WARNING: parameter 'DATA_s' becomes localparam in 'rx_client_fifo' with formal parameter declaration list in ../source_code/rtl/udp/rx_client_fifo.v(55)
HDL-5370 WARNING: parameter 'EOF_s' becomes localparam in 'rx_client_fifo' with formal parameter declaration list in ../source_code/rtl/udp/rx_client_fifo.v(56)
HDL-5370 WARNING: parameter 'IDLE_s' becomes localparam in 'rx_client_fifo' with formal parameter declaration list in ../source_code/rtl/udp/rx_client_fifo.v(62)
HDL-5370 WARNING: parameter 'FRAME_s' becomes localparam in 'rx_client_fifo' with formal parameter declaration list in ../source_code/rtl/udp/rx_client_fifo.v(63)
HDL-5370 Similar messages will be suppressed.
HDL-1007 : analyze verilog file ../source_code/rtl/udp/temac_block.v
HDL-1007 : analyze verilog file ../source_code/rtl/udp/temac_clk_gen.v
HDL-1007 : analyze verilog file ../source_code/rtl/udp/tx_client_fifo.v
HDL-5370 WARNING: parameter 'IDLE_s' becomes localparam in 'tx_client_fifo' with formal parameter declaration list in ../source_code/rtl/udp/tx_client_fifo.v(53)
HDL-5370 WARNING: parameter 'QUEUE1_s' becomes localparam in 'tx_client_fifo' with formal parameter declaration list in ../source_code/rtl/udp/tx_client_fifo.v(54)
HDL-5370 WARNING: parameter 'QUEUE2_s' becomes localparam in 'tx_client_fifo' with formal parameter declaration list in ../source_code/rtl/udp/tx_client_fifo.v(55)
HDL-5370 WARNING: parameter 'QUEUE3_s' becomes localparam in 'tx_client_fifo' with formal parameter declaration list in ../source_code/rtl/udp/tx_client_fifo.v(56)
HDL-5370 WARNING: parameter 'QUEUE_ACK_s' becomes localparam in 'tx_client_fifo' with formal parameter declaration list in ../source_code/rtl/udp/tx_client_fifo.v(57)
HDL-5370 WARNING: parameter 'WAIT_ACK_s' becomes localparam in 'tx_client_fifo' with formal parameter declaration list in ../source_code/rtl/udp/tx_client_fifo.v(58)
HDL-5370 WARNING: parameter 'FRAME_s' becomes localparam in 'tx_client_fifo' with formal parameter declaration list in ../source_code/rtl/udp/tx_client_fifo.v(59)
HDL-5370 WARNING: parameter 'DROP_s' becomes localparam in 'tx_client_fifo' with formal parameter declaration list in ../source_code/rtl/udp/tx_client_fifo.v(60)
HDL-5370 WARNING: parameter 'RETRANSMIT_s' becomes localparam in 'tx_client_fifo' with formal parameter declaration list in ../source_code/rtl/udp/tx_client_fifo.v(61)
HDL-5370 WARNING: parameter 'WAIT_s' becomes localparam in 'tx_client_fifo' with formal parameter declaration list in ../source_code/rtl/udp/tx_client_fifo.v(67)
HDL-5370 Similar messages will be suppressed.
HDL-1007 : analyze verilog file ../source_code/rtl/udp/tx_clk_en_gen.v
HDL-1007 : analyze verilog file ../source_code/rtl/udp/udp_data_tpg.v
HDL-1007 : analyze verilog file ../source_code/rtl/udp/udp_ip_protocol_stack_merge.enc.v
HDL-1007 : back to file '../source_code/rtl/udp/udp_ip_protocol_stack_merge.enc.v' in ../source_code/rtl/udp/udp_ip_protocol_stack_merge.enc.v(56)
HDL-1007 : undeclared symbol '**', assumed default net type '**' in ../source_code/rtl/udp/udp_ip_protocol_stack_merge.enc.v(2638)
HDL-1007 : back to file '../source_code/rtl/udp/udp_ip_protocol_stack_merge.enc.v' in ../source_code/rtl/udp/udp_ip_protocol_stack_merge.enc.v(420)
HDL-1007 : analyze verilog file ../source_code/rtl/udp/udp_loopback.v
HDL-1007 : analyze verilog file al_ip/TEMAC_CORE/RTL/include/define.v
HDL-1007 : analyze verilog file al_ip/TEMAC_CORE/RTL/TEMAC_CORE_aead6cd6dadd.v
HDL-5007 WARNING: column 1032 exceeds maximum value 1023 in al_ip/TEMAC_CORE/RTL/TEMAC_CORE_aead6cd6dadd.v(30)
HDL-1007 : back to file 'al_ip/TEMAC_CORE/RTL/TEMAC_CORE_aead6cd6dadd.v' in al_ip/TEMAC_CORE/RTL/TEMAC_CORE_aead6cd6dadd.v(86)
HDL-5007 WARNING: event expressions must result in a singular type in al_ip/TEMAC_CORE/RTL/TEMAC_CORE_aead6cd6dadd.v(3001)
HDL-1007 : undeclared symbol '**', assumed default net type '**' in al_ip/TEMAC_CORE/RTL/TEMAC_CORE_aead6cd6dadd.v(5050)
HDL-1007 : undeclared symbol '**', assumed default net type '**' in al_ip/TEMAC_CORE/RTL/TEMAC_CORE_aead6cd6dadd.v(5458)
HDL-5007 WARNING: column 1035 exceeds maximum value 1023 in al_ip/TEMAC_CORE/RTL/TEMAC_CORE_aead6cd6dadd.v(6001)
HDL-1007 : back to file 'al_ip/TEMAC_CORE/RTL/TEMAC_CORE_aead6cd6dadd.v' in al_ip/TEMAC_CORE/RTL/TEMAC_CORE_aead6cd6dadd.v(260)
HDL-1007 : analyze verilog file al_ip/TEMAC_CORE/RTL/mac_core_aead6cd6dadd.v
HDL-1007 : analyze verilog file al_ip/TEMAC_CORE/TEMAC_CORE.v
HDL-1007 : analyze verilog file al_ip/pll_gen.v
HDL-1007 : undeclared symbol 'pll_gen_open0', assumed default net type 'wire' in al_ip/pll_gen.v(99)
HDL-1007 : undeclared symbol 'pll_gen_open8', assumed default net type 'wire' in al_ip/pll_gen.v(105)
HDL-1007 : undeclared symbol 'pll_gen_open7', assumed default net type 'wire' in al_ip/pll_gen.v(105)
HDL-1007 : undeclared symbol 'pll_gen_open6', assumed default net type 'wire' in al_ip/pll_gen.v(105)
HDL-1007 : undeclared symbol 'pll_gen_open5', assumed default net type 'wire' in al_ip/pll_gen.v(105)
HDL-1007 : undeclared symbol 'pll_gen_open4', assumed default net type 'wire' in al_ip/pll_gen.v(105)
HDL-1007 : undeclared symbol 'pll_gen_open3', assumed default net type 'wire' in al_ip/pll_gen.v(105)
HDL-1007 : undeclared symbol 'pll_gen_open2', assumed default net type 'wire' in al_ip/pll_gen.v(105)
HDL-1007 : undeclared symbol 'pll_gen_open1', assumed default net type 'wire' in al_ip/pll_gen.v(105)
HDL-1007 : analyze verilog file al_ip/sys_pll.v
HDL-1007 : undeclared symbol 'sys_pll_open0', assumed default net type 'wire' in al_ip/sys_pll.v(77)
HDL-1007 : undeclared symbol 'sys_pll_open1', assumed default net type 'wire' in al_ip/sys_pll.v(83)
HDL-1007 : undeclared symbol 'sys_pll_open9', assumed default net type 'wire' in al_ip/sys_pll.v(89)
HDL-1007 : undeclared symbol 'sys_pll_open8', assumed default net type 'wire' in al_ip/sys_pll.v(89)
HDL-1007 : undeclared symbol 'sys_pll_open7', assumed default net type 'wire' in al_ip/sys_pll.v(89)
HDL-1007 : undeclared symbol 'sys_pll_open6', assumed default net type 'wire' in al_ip/sys_pll.v(89)
HDL-1007 : undeclared symbol 'sys_pll_open5', assumed default net type 'wire' in al_ip/sys_pll.v(89)
HDL-1007 : undeclared symbol 'sys_pll_open4', assumed default net type 'wire' in al_ip/sys_pll.v(89)
HDL-1007 : undeclared symbol 'sys_pll_open3', assumed default net type 'wire' in al_ip/sys_pll.v(89)
HDL-1007 : undeclared symbol 'sys_pll_open2', assumed default net type 'wire' in al_ip/sys_pll.v(89)
HDL-1007 : undeclared symbol 'sys_pll_open11', assumed default net type 'wire' in al_ip/sys_pll.v(91)
HDL-1007 : undeclared symbol 'sys_pll_open10', assumed default net type 'wire' in al_ip/sys_pll.v(91)
HDL-1007 : analyze verilog file ../source_code/rtl/sd_card/ax_debounce.v
HDL-1007 : analyze verilog file ../source_code/rtl/sd_card/bmp_read.v
HDL-1007 : analyze verilog file ../source_code/rtl/sd_card/sd_card_bmp.v
HDL-1007 : analyze verilog file ../source_code/rtl/sd_card/sd_card_cmd.v
HDL-1007 : analyze verilog file ../source_code/rtl/sd_card/sd_card_sec_read_write.v
HDL-1007 : analyze verilog file ../source_code/rtl/sd_card/sd_card_top.v
HDL-1007 : analyze verilog file ../source_code/rtl/sd_card/spi_master.v
HDL-1007 : analyze verilog file ../source_code/rtl/sdram/enc_file/global_def.v
HDL-1007 : analyze verilog file ../source_code/rtl/sdram/enc_file/sdr_as_ram.enc.v
HDL-1007 : back to file '../source_code/rtl/sdram/enc_file/sdr_as_ram.enc.v' in ../source_code/rtl/sdram/enc_file/sdr_as_ram.enc.v(54)
HDL-1007 : analyze verilog file ../source_code/rtl/sdram/enc_file/sdr_wrrd.enc.v
HDL-5007 WARNING: concatenation with an unsized literal will be treated as 32 bits in ../source_code/rtl/sdram/enc_file/sdr_wrrd.enc.v(283)
HDL-1007 : back to file '../source_code/rtl/sdram/enc_file/sdr_wrrd.enc.v' in ../source_code/rtl/sdram/enc_file/sdr_wrrd.enc.v(19)
HDL-1007 : analyze verilog file ../source_code/rtl/frame_fifo/afifo_16_32_256.v
HDL-1007 : analyze verilog file ../source_code/rtl/frame_fifo/afifo_32_16_256.v
HDL-1007 : analyze verilog file ../source_code/rtl/frame_fifo/frame_fifo_read.v
HDL-1007 : analyze verilog file ../source_code/rtl/frame_fifo/frame_fifo_write.v
HDL-1007 : analyze verilog file ../source_code/rtl/frame_fifo/frame_read_write.v
HDL-1007 : analyze verilog file ../source_code/rtl/sdram/sdram.v
HDL-1007 : analyze included file ../source_code/rtl/sdram/enc_file/global_def.v in ../source_code/rtl/sdram/sdram.v(10)
HDL-1007 : back to file '../source_code/rtl/sdram/sdram.v' in ../source_code/rtl/sdram/sdram.v(10)
HDL-1007 : undeclared symbol 'SDR_CKE', assumed default net type 'wire' in ../source_code/rtl/sdram/sdram.v(89)
HDL-1007 : analyze verilog file ../source_code/rtl/sdram/enc_file/sdr_init_ref.enc.v
HDL-1007 : analyze included file ../source_code/rtl/sdram/enc_file/global_def.v in ../source_code/rtl/sdram/enc_file/sdr_init_ref.enc.v(11)
HDL-1007 : back to file '../source_code/rtl/sdram/enc_file/sdr_init_ref.enc.v' in ../source_code/rtl/sdram/enc_file/sdr_init_ref.enc.v(11)
HDL-1007 : undeclared symbol '**', assumed default net type '**' in ../source_code/rtl/sdram/enc_file/sdr_init_ref.enc.v(57)
HDL-1007 : back to file '../source_code/rtl/sdram/enc_file/sdr_init_ref.enc.v' in ../source_code/rtl/sdram/enc_file/sdr_init_ref.enc.v(149)
HDL-5007 WARNING: concatenation with an unsized literal will be treated as 32 bits in ../source_code/rtl/sdram/enc_file/sdr_init_ref.enc.v(47)
HDL-1007 : analyze verilog file ../source_code/rtl/video_timing/color_bar.v
HDL-1007 : analyze included file ../source_code/rtl/video_timing/video_define.v in ../source_code/rtl/video_timing/color_bar.v(2)
HDL-1007 : back to file '../source_code/rtl/video_timing/color_bar.v' in ../source_code/rtl/video_timing/color_bar.v(2)
HDL-1007 : analyze verilog file ../source_code/rtl/video_timing/video_delay.v
HDL-1007 : analyze verilog file ../source_code/rtl/video_timing/video_timing_data.v
HDL-1007 : analyze verilog file ../source_code/rtl/another/m_synchronization_header.v
HDL-1007 : analyze verilog file ../source_code/rtl/led.v
HDL-1007 : analyze verilog file ../source_code/rtl/ov5640/cmos_capture_data.v
HDL-1007 : analyze verilog file ../source_code/rtl/ov5640/i2c_dri.v
HDL-1007 : analyze verilog file ../source_code/rtl/ov5640/i2c_ov5640_rgb565_cfg.v
HDL-1007 : analyze verilog file ../source_code/rtl/ov5640/ov5640_delay.v
HDL-1007 : analyze verilog file ../source_code/rtl/ov5640/ov5640_dri.v
HDL-1007 : analyze verilog file al_ip/clk_wize.v
HDL-1007 : undeclared symbol 'open', assumed default net type 'wire' in al_ip/clk_wize.v(70)
HDL-1007 : analyze verilog file al_ip/ram.v
HDL-1007 : analyze verilog file ../source_code/rtl/app/addr_crt.v
HDL-1007 : analyze verilog file ../source_code/rtl/app/app.v
HDL-1007 : analyze verilog file ../source_code/rtl/app/vga_disp_rtl.v
HDL-1007 : analyze VHDL file ../source_code/rtl/hdmi_rtl/enc_file/DVITransmitter.enc.vhd
HDL-1007 : analyze entity dvitransmitter in ../source_code/rtl/hdmi_rtl/enc_file/DVITransmitter.enc.vhd(13)
HDL-1007 : analyze architecture ** in ../source_code/rtl/hdmi_rtl/enc_file/DVITransmitter.enc.vhd(2)
HDL-1007 : analyze VHDL file ../source_code/rtl/hdmi_rtl/enc_file/SerializerN_1_lvds.enc.vhd
HDL-1007 : analyze entity ** in ../source_code/rtl/hdmi_rtl/enc_file/SerializerN_1_lvds.enc.vhd(12)
HDL-1007 : analyze architecture ** in ../source_code/rtl/hdmi_rtl/enc_file/SerializerN_1_lvds.enc.vhd(25)
HDL-1007 : analyze VHDL file ../source_code/rtl/hdmi_rtl/enc_file/SerializerN_1_lvds_dat.enc.vhd
HDL-1007 : analyze entity ** in ../source_code/rtl/hdmi_rtl/enc_file/SerializerN_1_lvds_dat.enc.vhd(14)
HDL-1007 : analyze architecture ** in ../source_code/rtl/hdmi_rtl/enc_file/SerializerN_1_lvds_dat.enc.vhd(28)
HDL-1007 : analyze VHDL file ../source_code/rtl/hdmi_rtl/enc_file/TMDSEncoder.enc.vhd
HDL-1007 : analyze entity ** in ../source_code/rtl/hdmi_rtl/enc_file/TMDSEncoder.enc.vhd(13)
HDL-1007 : analyze architecture ** in ../source_code/rtl/hdmi_rtl/enc_file/TMDSEncoder.enc.vhd(24)
HDL-1007 : analyze verilog file ../source_code/rtl/hdmi_rtl/enc_file/video_tpg_1024768.enc.v
HDL-5007 WARNING: literal value ** truncated to fit in ** bits in ../source_code/rtl/hdmi_rtl/enc_file/video_tpg_1024768.enc.v(231)
HDL-1007 : back to file '../source_code/rtl/hdmi_rtl/enc_file/video_tpg_1024768.enc.v' in ../source_code/rtl/hdmi_rtl/enc_file/video_tpg_1024768.enc.v(1)
HDL-1007 : analyze verilog file ../source_code/rtl/hdmi_rtl/enc_file/video_tpg_1080p.enc.v
HDL-1007 : back to file '../source_code/rtl/hdmi_rtl/enc_file/video_tpg_1080p.enc.v' in ../source_code/rtl/hdmi_rtl/enc_file/video_tpg_1080p.enc.v(1)
HDL-1007 : analyze verilog file ../source_code/rtl/hdmi_rtl/enc_file/video_tpg_12801024p.enc.v
HDL-1007 : back to file '../source_code/rtl/hdmi_rtl/enc_file/video_tpg_12801024p.enc.v' in ../source_code/rtl/hdmi_rtl/enc_file/video_tpg_12801024p.enc.v(1)
HDL-1007 : analyze verilog file ../source_code/rtl/hdmi_rtl/enc_file/video_tpg_1280800.enc.v
HDL-5007 WARNING: literal value ** truncated to fit in ** bits in ../source_code/rtl/hdmi_rtl/enc_file/video_tpg_1280800.enc.v(233)
HDL-1007 : back to file '../source_code/rtl/hdmi_rtl/enc_file/video_tpg_1280800.enc.v' in ../source_code/rtl/hdmi_rtl/enc_file/video_tpg_1280800.enc.v(1)
HDL-1007 : analyze verilog file ../source_code/rtl/hdmi_rtl/enc_file/video_tpg_16801050p.enc.v
HDL-1007 : back to file '../source_code/rtl/hdmi_rtl/enc_file/video_tpg_16801050p.enc.v' in ../source_code/rtl/hdmi_rtl/enc_file/video_tpg_16801050p.enc.v(1)
HDL-1007 : analyze verilog file ../source_code/rtl/hdmi_rtl/enc_file/video_tpg_800600.enc.v
HDL-1007 : back to file '../source_code/rtl/hdmi_rtl/enc_file/video_tpg_800600.enc.v' in ../source_code/rtl/hdmi_rtl/enc_file/video_tpg_800600.enc.v(1)
HDL-1007 : analyze VHDL file ../source_code/rtl/hdmi_rtl/hdmi_tx.vhd
HDL-1007 : analyze entity hdmi_tx in ../source_code/rtl/hdmi_rtl/hdmi_tx.vhd(11)
HDL-1007 : analyze architecture behavioral in ../source_code/rtl/hdmi_rtl/hdmi_tx.vhd(33)
HDL-1007 : analyze verilog file ../source_code/rtl/hdmi_rtl/vga_disp_rtl.v
HDL-7201 CRITICAL-WARNING: overwrite current module 'vga_disp_rtl' in ../source_code/rtl/hdmi_rtl/vga_disp_rtl.v(1)
HDL-7307 CRITICAL-WARNING: previous definition of design element module 'vga_disp_rtl' is here. This is because multiple modules(values) with the same name are defined. Please consider rewriting code in ../source_code/rtl/app/vga_disp_rtl.v(1)
RUN-1002 : start command "commit_param -step design"
RUN-1001 : Print Global Property
RUN-1001 : --------------------------------------------------------
RUN-1001 :   Parameters   |  Settings  |  Default Values  |  Note  
RUN-1001 : --------------------------------------------------------
RUN-1001 :   enable_seed  |    off     |       off        |        
RUN-1001 :     message    |  standard  |     standard     |        
RUN-1001 :   qor_monitor  |     on     |        on        |        
RUN-1001 :   syn_ip_flow  |    off     |       off        |        
RUN-1001 :     thread     |    auto    |       auto       |        
RUN-1001 : --------------------------------------------------------
RUN-1001 : Print Design Property
RUN-1001 : ----------------------------------------------------------------
RUN-1001 :       Parameters       |  Settings  |  Default Values  |  Note  
RUN-1001 : ----------------------------------------------------------------
RUN-1001 :   default_reg_initial  |    auto    |       auto       |        
RUN-1001 :    hdl_warning_level   |   normal   |      normal      |        
RUN-1001 : ----------------------------------------------------------------
HDL-1007 : analyze verilog file last_attempt.v
HDL-1007 : undeclared symbol 'phy_reset', assumed default net type 'wire' in last_attempt.v(166)
HDL-1007 : undeclared symbol 'VGA_HSYNC', assumed default net type 'wire' in last_attempt.v(334)
HDL-1007 : undeclared symbol 'VGA_VSYNC', assumed default net type 'wire' in last_attempt.v(335)
HDL-1007 : undeclared symbol 'rd_en', assumed default net type 'wire' in last_attempt.v(337)
HDL-1007 : undeclared symbol 'tpg_data_done', assumed default net type 'wire' in last_attempt.v(669)
HDL-1007 : undeclared symbol 'full_flag', assumed default net type 'wire' in last_attempt.v(703)
HDL-1007 : undeclared symbol 'input_local_udp_port_num', assumed default net type 'wire' in last_attempt.v(734)
HDL-1007 : undeclared symbol 'input_local_udp_port_num_valid', assumed default net type 'wire' in last_attempt.v(735)
HDL-1007 : undeclared symbol 'input_local_ip_address_valid', assumed default net type 'wire' in last_attempt.v(738)
HDL-1007 : analyze verilog file ../source_code/rtl/udp/BUFGMUX.v
HDL-1007 : analyze verilog file ../source_code/rtl/udp/IDDR.v
HDL-1007 : analyze verilog file ../source_code/rtl/udp/ODDR.v
HDL-1007 : analyze verilog file ../source_code/rtl/udp/RAMB16_S9_S9.v
HDL-1007 : undeclared symbol 'open', assumed default net type 'wire' in ../source_code/rtl/udp/RAMB16_S9_S9.v(109)
HDL-1007 : analyze verilog file ../source_code/rtl/udp/clk_gen_rst_gen.v
HDL-1007 : analyze verilog file ../source_code/rtl/udp/div_clk_gen.v
HDL-1007 : analyze verilog file ../source_code/rtl/udp/rgmii_interface.v
HDL-1007 : analyze verilog file ../source_code/rtl/udp/rx_client_fifo.v
HDL-5370 WARNING: parameter 'WAIT_s' becomes localparam in 'rx_client_fifo' with formal parameter declaration list in ../source_code/rtl/udp/rx_client_fifo.v(49)
HDL-5370 WARNING: parameter 'QUEUE1_s' becomes localparam in 'rx_client_fifo' with formal parameter declaration list in ../source_code/rtl/udp/rx_client_fifo.v(50)
HDL-5370 WARNING: parameter 'QUEUE2_s' becomes localparam in 'rx_client_fifo' with formal parameter declaration list in ../source_code/rtl/udp/rx_client_fifo.v(51)
HDL-5370 WARNING: parameter 'QUEUE3_s' becomes localparam in 'rx_client_fifo' with formal parameter declaration list in ../source_code/rtl/udp/rx_client_fifo.v(52)
HDL-5370 WARNING: parameter 'QUEUE_SOF_s' becomes localparam in 'rx_client_fifo' with formal parameter declaration list in ../source_code/rtl/udp/rx_client_fifo.v(53)
HDL-5370 WARNING: parameter 'SOF_s' becomes localparam in 'rx_client_fifo' with formal parameter declaration list in ../source_code/rtl/udp/rx_client_fifo.v(54)
HDL-5370 WARNING: parameter 'DATA_s' becomes localparam in 'rx_client_fifo' with formal parameter declaration list in ../source_code/rtl/udp/rx_client_fifo.v(55)
HDL-5370 WARNING: parameter 'EOF_s' becomes localparam in 'rx_client_fifo' with formal parameter declaration list in ../source_code/rtl/udp/rx_client_fifo.v(56)
HDL-5370 WARNING: parameter 'IDLE_s' becomes localparam in 'rx_client_fifo' with formal parameter declaration list in ../source_code/rtl/udp/rx_client_fifo.v(62)
HDL-5370 WARNING: parameter 'FRAME_s' becomes localparam in 'rx_client_fifo' with formal parameter declaration list in ../source_code/rtl/udp/rx_client_fifo.v(63)
HDL-5370 Similar messages will be suppressed.
HDL-1007 : analyze verilog file ../source_code/rtl/udp/temac_block.v
HDL-1007 : analyze verilog file ../source_code/rtl/udp/temac_clk_gen.v
HDL-1007 : analyze verilog file ../source_code/rtl/udp/tx_client_fifo.v
HDL-5370 WARNING: parameter 'IDLE_s' becomes localparam in 'tx_client_fifo' with formal parameter declaration list in ../source_code/rtl/udp/tx_client_fifo.v(53)
HDL-5370 WARNING: parameter 'QUEUE1_s' becomes localparam in 'tx_client_fifo' with formal parameter declaration list in ../source_code/rtl/udp/tx_client_fifo.v(54)
HDL-5370 WARNING: parameter 'QUEUE2_s' becomes localparam in 'tx_client_fifo' with formal parameter declaration list in ../source_code/rtl/udp/tx_client_fifo.v(55)
HDL-5370 WARNING: parameter 'QUEUE3_s' becomes localparam in 'tx_client_fifo' with formal parameter declaration list in ../source_code/rtl/udp/tx_client_fifo.v(56)
HDL-5370 WARNING: parameter 'QUEUE_ACK_s' becomes localparam in 'tx_client_fifo' with formal parameter declaration list in ../source_code/rtl/udp/tx_client_fifo.v(57)
HDL-5370 WARNING: parameter 'WAIT_ACK_s' becomes localparam in 'tx_client_fifo' with formal parameter declaration list in ../source_code/rtl/udp/tx_client_fifo.v(58)
HDL-5370 WARNING: parameter 'FRAME_s' becomes localparam in 'tx_client_fifo' with formal parameter declaration list in ../source_code/rtl/udp/tx_client_fifo.v(59)
HDL-5370 WARNING: parameter 'DROP_s' becomes localparam in 'tx_client_fifo' with formal parameter declaration list in ../source_code/rtl/udp/tx_client_fifo.v(60)
HDL-5370 WARNING: parameter 'RETRANSMIT_s' becomes localparam in 'tx_client_fifo' with formal parameter declaration list in ../source_code/rtl/udp/tx_client_fifo.v(61)
HDL-5370 WARNING: parameter 'WAIT_s' becomes localparam in 'tx_client_fifo' with formal parameter declaration list in ../source_code/rtl/udp/tx_client_fifo.v(67)
HDL-5370 Similar messages will be suppressed.
HDL-1007 : analyze verilog file ../source_code/rtl/udp/tx_clk_en_gen.v
HDL-1007 : analyze verilog file ../source_code/rtl/udp/udp_data_tpg.v
HDL-1007 : analyze verilog file ../source_code/rtl/udp/udp_ip_protocol_stack_merge.enc.v
HDL-1007 : back to file '../source_code/rtl/udp/udp_ip_protocol_stack_merge.enc.v' in ../source_code/rtl/udp/udp_ip_protocol_stack_merge.enc.v(56)
HDL-1007 : undeclared symbol '**', assumed default net type '**' in ../source_code/rtl/udp/udp_ip_protocol_stack_merge.enc.v(2638)
HDL-1007 : back to file '../source_code/rtl/udp/udp_ip_protocol_stack_merge.enc.v' in ../source_code/rtl/udp/udp_ip_protocol_stack_merge.enc.v(420)
HDL-1007 : analyze verilog file ../source_code/rtl/udp/udp_loopback.v
HDL-1007 : analyze verilog file al_ip/TEMAC_CORE/RTL/include/define.v
HDL-1007 : analyze verilog file al_ip/TEMAC_CORE/RTL/TEMAC_CORE_aead6cd6dadd.v
HDL-5007 WARNING: column 1032 exceeds maximum value 1023 in al_ip/TEMAC_CORE/RTL/TEMAC_CORE_aead6cd6dadd.v(30)
HDL-1007 : back to file 'al_ip/TEMAC_CORE/RTL/TEMAC_CORE_aead6cd6dadd.v' in al_ip/TEMAC_CORE/RTL/TEMAC_CORE_aead6cd6dadd.v(86)
HDL-5007 WARNING: event expressions must result in a singular type in al_ip/TEMAC_CORE/RTL/TEMAC_CORE_aead6cd6dadd.v(3001)
HDL-1007 : undeclared symbol '**', assumed default net type '**' in al_ip/TEMAC_CORE/RTL/TEMAC_CORE_aead6cd6dadd.v(5050)
HDL-1007 : undeclared symbol '**', assumed default net type '**' in al_ip/TEMAC_CORE/RTL/TEMAC_CORE_aead6cd6dadd.v(5458)
HDL-5007 WARNING: column 1035 exceeds maximum value 1023 in al_ip/TEMAC_CORE/RTL/TEMAC_CORE_aead6cd6dadd.v(6001)
HDL-1007 : back to file 'al_ip/TEMAC_CORE/RTL/TEMAC_CORE_aead6cd6dadd.v' in al_ip/TEMAC_CORE/RTL/TEMAC_CORE_aead6cd6dadd.v(260)
HDL-1007 : analyze verilog file al_ip/TEMAC_CORE/RTL/mac_core_aead6cd6dadd.v
HDL-1007 : analyze verilog file al_ip/TEMAC_CORE/TEMAC_CORE.v
HDL-1007 : analyze verilog file al_ip/pll_gen.v
HDL-1007 : undeclared symbol 'pll_gen_open0', assumed default net type 'wire' in al_ip/pll_gen.v(99)
HDL-1007 : undeclared symbol 'pll_gen_open8', assumed default net type 'wire' in al_ip/pll_gen.v(105)
HDL-1007 : undeclared symbol 'pll_gen_open7', assumed default net type 'wire' in al_ip/pll_gen.v(105)
HDL-1007 : undeclared symbol 'pll_gen_open6', assumed default net type 'wire' in al_ip/pll_gen.v(105)
HDL-1007 : undeclared symbol 'pll_gen_open5', assumed default net type 'wire' in al_ip/pll_gen.v(105)
HDL-1007 : undeclared symbol 'pll_gen_open4', assumed default net type 'wire' in al_ip/pll_gen.v(105)
HDL-1007 : undeclared symbol 'pll_gen_open3', assumed default net type 'wire' in al_ip/pll_gen.v(105)
HDL-1007 : undeclared symbol 'pll_gen_open2', assumed default net type 'wire' in al_ip/pll_gen.v(105)
HDL-1007 : undeclared symbol 'pll_gen_open1', assumed default net type 'wire' in al_ip/pll_gen.v(105)
HDL-1007 : analyze verilog file al_ip/sys_pll.v
HDL-1007 : undeclared symbol 'sys_pll_open0', assumed default net type 'wire' in al_ip/sys_pll.v(77)
HDL-1007 : undeclared symbol 'sys_pll_open1', assumed default net type 'wire' in al_ip/sys_pll.v(83)
HDL-1007 : undeclared symbol 'sys_pll_open9', assumed default net type 'wire' in al_ip/sys_pll.v(89)
HDL-1007 : undeclared symbol 'sys_pll_open8', assumed default net type 'wire' in al_ip/sys_pll.v(89)
HDL-1007 : undeclared symbol 'sys_pll_open7', assumed default net type 'wire' in al_ip/sys_pll.v(89)
HDL-1007 : undeclared symbol 'sys_pll_open6', assumed default net type 'wire' in al_ip/sys_pll.v(89)
HDL-1007 : undeclared symbol 'sys_pll_open5', assumed default net type 'wire' in al_ip/sys_pll.v(89)
HDL-1007 : undeclared symbol 'sys_pll_open4', assumed default net type 'wire' in al_ip/sys_pll.v(89)
HDL-1007 : undeclared symbol 'sys_pll_open3', assumed default net type 'wire' in al_ip/sys_pll.v(89)
HDL-1007 : undeclared symbol 'sys_pll_open2', assumed default net type 'wire' in al_ip/sys_pll.v(89)
HDL-1007 : undeclared symbol 'sys_pll_open11', assumed default net type 'wire' in al_ip/sys_pll.v(91)
HDL-1007 : undeclared symbol 'sys_pll_open10', assumed default net type 'wire' in al_ip/sys_pll.v(91)
HDL-1007 : analyze verilog file ../source_code/rtl/sd_card/ax_debounce.v
HDL-1007 : analyze verilog file ../source_code/rtl/sd_card/bmp_read.v
HDL-1007 : analyze verilog file ../source_code/rtl/sd_card/sd_card_bmp.v
HDL-1007 : analyze verilog file ../source_code/rtl/sd_card/sd_card_cmd.v
HDL-1007 : analyze verilog file ../source_code/rtl/sd_card/sd_card_sec_read_write.v
HDL-1007 : analyze verilog file ../source_code/rtl/sd_card/sd_card_top.v
HDL-1007 : analyze verilog file ../source_code/rtl/sd_card/spi_master.v
HDL-1007 : analyze verilog file ../source_code/rtl/sdram/enc_file/global_def.v
HDL-1007 : analyze verilog file ../source_code/rtl/sdram/enc_file/sdr_as_ram.enc.v
HDL-1007 : back to file '../source_code/rtl/sdram/enc_file/sdr_as_ram.enc.v' in ../source_code/rtl/sdram/enc_file/sdr_as_ram.enc.v(54)
HDL-1007 : analyze verilog file ../source_code/rtl/sdram/enc_file/sdr_wrrd.enc.v
HDL-5007 WARNING: concatenation with an unsized literal will be treated as 32 bits in ../source_code/rtl/sdram/enc_file/sdr_wrrd.enc.v(283)
HDL-1007 : back to file '../source_code/rtl/sdram/enc_file/sdr_wrrd.enc.v' in ../source_code/rtl/sdram/enc_file/sdr_wrrd.enc.v(19)
HDL-1007 : analyze verilog file ../source_code/rtl/frame_fifo/afifo_16_32_256.v
HDL-1007 : analyze verilog file ../source_code/rtl/frame_fifo/afifo_32_16_256.v
HDL-1007 : analyze verilog file ../source_code/rtl/frame_fifo/frame_fifo_read.v
HDL-1007 : analyze verilog file ../source_code/rtl/frame_fifo/frame_fifo_write.v
HDL-1007 : analyze verilog file ../source_code/rtl/frame_fifo/frame_read_write.v
HDL-1007 : analyze verilog file ../source_code/rtl/sdram/sdram.v
HDL-1007 : analyze included file ../source_code/rtl/sdram/enc_file/global_def.v in ../source_code/rtl/sdram/sdram.v(10)
HDL-1007 : back to file '../source_code/rtl/sdram/sdram.v' in ../source_code/rtl/sdram/sdram.v(10)
HDL-1007 : undeclared symbol 'SDR_CKE', assumed default net type 'wire' in ../source_code/rtl/sdram/sdram.v(89)
HDL-1007 : analyze verilog file ../source_code/rtl/sdram/enc_file/sdr_init_ref.enc.v
HDL-1007 : analyze included file ../source_code/rtl/sdram/enc_file/global_def.v in ../source_code/rtl/sdram/enc_file/sdr_init_ref.enc.v(11)
HDL-1007 : back to file '../source_code/rtl/sdram/enc_file/sdr_init_ref.enc.v' in ../source_code/rtl/sdram/enc_file/sdr_init_ref.enc.v(11)
HDL-1007 : undeclared symbol '**', assumed default net type '**' in ../source_code/rtl/sdram/enc_file/sdr_init_ref.enc.v(57)
HDL-1007 : back to file '../source_code/rtl/sdram/enc_file/sdr_init_ref.enc.v' in ../source_code/rtl/sdram/enc_file/sdr_init_ref.enc.v(149)
HDL-5007 WARNING: concatenation with an unsized literal will be treated as 32 bits in ../source_code/rtl/sdram/enc_file/sdr_init_ref.enc.v(47)
HDL-1007 : analyze verilog file ../source_code/rtl/video_timing/color_bar.v
HDL-1007 : analyze included file ../source_code/rtl/video_timing/video_define.v in ../source_code/rtl/video_timing/color_bar.v(2)
HDL-1007 : back to file '../source_code/rtl/video_timing/color_bar.v' in ../source_code/rtl/video_timing/color_bar.v(2)
HDL-1007 : analyze verilog file ../source_code/rtl/video_timing/video_delay.v
HDL-1007 : analyze verilog file ../source_code/rtl/video_timing/video_timing_data.v
HDL-1007 : analyze verilog file ../source_code/rtl/another/m_synchronization_header.v
HDL-1007 : analyze verilog file ../source_code/rtl/led.v
HDL-1007 : analyze verilog file ../source_code/rtl/ov5640/cmos_capture_data.v
HDL-1007 : analyze verilog file ../source_code/rtl/ov5640/i2c_dri.v
HDL-1007 : analyze verilog file ../source_code/rtl/ov5640/i2c_ov5640_rgb565_cfg.v
HDL-1007 : analyze verilog file ../source_code/rtl/ov5640/ov5640_delay.v
HDL-1007 : analyze verilog file ../source_code/rtl/ov5640/ov5640_dri.v
HDL-1007 : analyze verilog file al_ip/clk_wize.v
HDL-1007 : undeclared symbol 'open', assumed default net type 'wire' in al_ip/clk_wize.v(70)
HDL-1007 : analyze verilog file al_ip/ram.v
HDL-1007 : analyze verilog file ../source_code/rtl/app/addr_crt.v
HDL-1007 : analyze verilog file ../source_code/rtl/app/app.v
HDL-1007 : analyze verilog file ../source_code/rtl/app/vga_disp_rtl.v
HDL-1007 : analyze VHDL file ../source_code/rtl/hdmi_rtl/enc_file/DVITransmitter.enc.vhd
HDL-1007 : analyze entity dvitransmitter in ../source_code/rtl/hdmi_rtl/enc_file/DVITransmitter.enc.vhd(13)
HDL-1007 : analyze architecture ** in ../source_code/rtl/hdmi_rtl/enc_file/DVITransmitter.enc.vhd(2)
HDL-1007 : analyze VHDL file ../source_code/rtl/hdmi_rtl/enc_file/SerializerN_1_lvds.enc.vhd
HDL-1007 : analyze entity ** in ../source_code/rtl/hdmi_rtl/enc_file/SerializerN_1_lvds.enc.vhd(12)
HDL-1007 : analyze architecture ** in ../source_code/rtl/hdmi_rtl/enc_file/SerializerN_1_lvds.enc.vhd(25)
HDL-1007 : analyze VHDL file ../source_code/rtl/hdmi_rtl/enc_file/SerializerN_1_lvds_dat.enc.vhd
HDL-1007 : analyze entity ** in ../source_code/rtl/hdmi_rtl/enc_file/SerializerN_1_lvds_dat.enc.vhd(14)
HDL-1007 : analyze architecture ** in ../source_code/rtl/hdmi_rtl/enc_file/SerializerN_1_lvds_dat.enc.vhd(28)
HDL-1007 : analyze VHDL file ../source_code/rtl/hdmi_rtl/enc_file/TMDSEncoder.enc.vhd
HDL-1007 : analyze entity ** in ../source_code/rtl/hdmi_rtl/enc_file/TMDSEncoder.enc.vhd(13)
HDL-1007 : analyze architecture ** in ../source_code/rtl/hdmi_rtl/enc_file/TMDSEncoder.enc.vhd(24)
HDL-1007 : analyze verilog file ../source_code/rtl/hdmi_rtl/enc_file/video_tpg_1024768.enc.v
HDL-5007 WARNING: literal value ** truncated to fit in ** bits in ../source_code/rtl/hdmi_rtl/enc_file/video_tpg_1024768.enc.v(231)
HDL-1007 : back to file '../source_code/rtl/hdmi_rtl/enc_file/video_tpg_1024768.enc.v' in ../source_code/rtl/hdmi_rtl/enc_file/video_tpg_1024768.enc.v(1)
HDL-1007 : analyze verilog file ../source_code/rtl/hdmi_rtl/enc_file/video_tpg_1080p.enc.v
HDL-1007 : back to file '../source_code/rtl/hdmi_rtl/enc_file/video_tpg_1080p.enc.v' in ../source_code/rtl/hdmi_rtl/enc_file/video_tpg_1080p.enc.v(1)
HDL-1007 : analyze verilog file ../source_code/rtl/hdmi_rtl/enc_file/video_tpg_12801024p.enc.v
HDL-1007 : back to file '../source_code/rtl/hdmi_rtl/enc_file/video_tpg_12801024p.enc.v' in ../source_code/rtl/hdmi_rtl/enc_file/video_tpg_12801024p.enc.v(1)
HDL-1007 : analyze verilog file ../source_code/rtl/hdmi_rtl/enc_file/video_tpg_1280800.enc.v
HDL-5007 WARNING: literal value ** truncated to fit in ** bits in ../source_code/rtl/hdmi_rtl/enc_file/video_tpg_1280800.enc.v(233)
HDL-1007 : back to file '../source_code/rtl/hdmi_rtl/enc_file/video_tpg_1280800.enc.v' in ../source_code/rtl/hdmi_rtl/enc_file/video_tpg_1280800.enc.v(1)
HDL-1007 : analyze verilog file ../source_code/rtl/hdmi_rtl/enc_file/video_tpg_16801050p.enc.v
HDL-1007 : back to file '../source_code/rtl/hdmi_rtl/enc_file/video_tpg_16801050p.enc.v' in ../source_code/rtl/hdmi_rtl/enc_file/video_tpg_16801050p.enc.v(1)
HDL-1007 : analyze verilog file ../source_code/rtl/hdmi_rtl/enc_file/video_tpg_800600.enc.v
HDL-1007 : back to file '../source_code/rtl/hdmi_rtl/enc_file/video_tpg_800600.enc.v' in ../source_code/rtl/hdmi_rtl/enc_file/video_tpg_800600.enc.v(1)
HDL-1007 : analyze VHDL file ../source_code/rtl/hdmi_rtl/hdmi_tx.vhd
HDL-1007 : analyze entity hdmi_tx in ../source_code/rtl/hdmi_rtl/hdmi_tx.vhd(11)
HDL-1007 : analyze architecture behavioral in ../source_code/rtl/hdmi_rtl/hdmi_tx.vhd(33)
HDL-1007 : analyze verilog file ../source_code/rtl/hdmi_rtl/vga_disp_rtl.v
HDL-7201 CRITICAL-WARNING: overwrite current module 'vga_disp_rtl' in ../source_code/rtl/hdmi_rtl/vga_disp_rtl.v(1)
HDL-7307 CRITICAL-WARNING: previous definition of design element module 'vga_disp_rtl' is here. This is because multiple modules(values) with the same name are defined. Please consider rewriting code in ../source_code/rtl/app/vga_disp_rtl.v(1)
RUN-1002 : start command "commit_param -step design"
RUN-1001 : Print Global Property
RUN-1001 : --------------------------------------------------------
RUN-1001 :   Parameters   |  Settings  |  Default Values  |  Note  
RUN-1001 : --------------------------------------------------------
RUN-1001 :   enable_seed  |    off     |       off        |        
RUN-1001 :     message    |  standard  |     standard     |        
RUN-1001 :   qor_monitor  |     on     |        on        |        
RUN-1001 :   syn_ip_flow  |    off     |       off        |        
RUN-1001 :     thread     |    auto    |       auto       |        
RUN-1001 : --------------------------------------------------------
RUN-1001 : Print Design Property
RUN-1001 : ----------------------------------------------------------------
RUN-1001 :       Parameters       |  Settings  |  Default Values  |  Note  
RUN-1001 : ----------------------------------------------------------------
RUN-1001 :   default_reg_initial  |    auto    |       auto       |        
RUN-1001 :    hdl_warning_level   |   normal   |      normal      |        
RUN-1001 : ----------------------------------------------------------------
HDL-1007 : analyze verilog file last_attempt.v
HDL-1007 : undeclared symbol 'phy_reset', assumed default net type 'wire' in last_attempt.v(166)
HDL-1007 : undeclared symbol 'VGA_HSYNC', assumed default net type 'wire' in last_attempt.v(334)
HDL-1007 : undeclared symbol 'VGA_VSYNC', assumed default net type 'wire' in last_attempt.v(335)
HDL-1007 : undeclared symbol 'rd_en', assumed default net type 'wire' in last_attempt.v(337)
HDL-1007 : undeclared symbol 'tpg_data_done', assumed default net type 'wire' in last_attempt.v(669)
HDL-1007 : undeclared symbol 'full_flag', assumed default net type 'wire' in last_attempt.v(703)
HDL-1007 : undeclared symbol 'input_local_udp_port_num', assumed default net type 'wire' in last_attempt.v(734)
HDL-1007 : undeclared symbol 'input_local_udp_port_num_valid', assumed default net type 'wire' in last_attempt.v(735)
HDL-1007 : undeclared symbol 'input_local_ip_address_valid', assumed default net type 'wire' in last_attempt.v(738)
HDL-1007 : analyze verilog file ../source_code/rtl/udp/BUFGMUX.v
HDL-1007 : analyze verilog file ../source_code/rtl/udp/IDDR.v
HDL-1007 : analyze verilog file ../source_code/rtl/udp/ODDR.v
HDL-1007 : analyze verilog file ../source_code/rtl/udp/RAMB16_S9_S9.v
HDL-1007 : undeclared symbol 'open', assumed default net type 'wire' in ../source_code/rtl/udp/RAMB16_S9_S9.v(109)
HDL-1007 : analyze verilog file ../source_code/rtl/udp/clk_gen_rst_gen.v
HDL-1007 : analyze verilog file ../source_code/rtl/udp/div_clk_gen.v
HDL-1007 : analyze verilog file ../source_code/rtl/udp/rgmii_interface.v
HDL-1007 : analyze verilog file ../source_code/rtl/udp/rx_client_fifo.v
HDL-5370 WARNING: parameter 'WAIT_s' becomes localparam in 'rx_client_fifo' with formal parameter declaration list in ../source_code/rtl/udp/rx_client_fifo.v(49)
HDL-5370 WARNING: parameter 'QUEUE1_s' becomes localparam in 'rx_client_fifo' with formal parameter declaration list in ../source_code/rtl/udp/rx_client_fifo.v(50)
HDL-5370 WARNING: parameter 'QUEUE2_s' becomes localparam in 'rx_client_fifo' with formal parameter declaration list in ../source_code/rtl/udp/rx_client_fifo.v(51)
HDL-5370 WARNING: parameter 'QUEUE3_s' becomes localparam in 'rx_client_fifo' with formal parameter declaration list in ../source_code/rtl/udp/rx_client_fifo.v(52)
HDL-5370 WARNING: parameter 'QUEUE_SOF_s' becomes localparam in 'rx_client_fifo' with formal parameter declaration list in ../source_code/rtl/udp/rx_client_fifo.v(53)
HDL-5370 WARNING: parameter 'SOF_s' becomes localparam in 'rx_client_fifo' with formal parameter declaration list in ../source_code/rtl/udp/rx_client_fifo.v(54)
HDL-5370 WARNING: parameter 'DATA_s' becomes localparam in 'rx_client_fifo' with formal parameter declaration list in ../source_code/rtl/udp/rx_client_fifo.v(55)
HDL-5370 WARNING: parameter 'EOF_s' becomes localparam in 'rx_client_fifo' with formal parameter declaration list in ../source_code/rtl/udp/rx_client_fifo.v(56)
HDL-5370 WARNING: parameter 'IDLE_s' becomes localparam in 'rx_client_fifo' with formal parameter declaration list in ../source_code/rtl/udp/rx_client_fifo.v(62)
HDL-5370 WARNING: parameter 'FRAME_s' becomes localparam in 'rx_client_fifo' with formal parameter declaration list in ../source_code/rtl/udp/rx_client_fifo.v(63)
HDL-5370 Similar messages will be suppressed.
HDL-1007 : analyze verilog file ../source_code/rtl/udp/temac_block.v
HDL-1007 : analyze verilog file ../source_code/rtl/udp/temac_clk_gen.v
HDL-1007 : analyze verilog file ../source_code/rtl/udp/tx_client_fifo.v
HDL-5370 WARNING: parameter 'IDLE_s' becomes localparam in 'tx_client_fifo' with formal parameter declaration list in ../source_code/rtl/udp/tx_client_fifo.v(53)
HDL-5370 WARNING: parameter 'QUEUE1_s' becomes localparam in 'tx_client_fifo' with formal parameter declaration list in ../source_code/rtl/udp/tx_client_fifo.v(54)
HDL-5370 WARNING: parameter 'QUEUE2_s' becomes localparam in 'tx_client_fifo' with formal parameter declaration list in ../source_code/rtl/udp/tx_client_fifo.v(55)
HDL-5370 WARNING: parameter 'QUEUE3_s' becomes localparam in 'tx_client_fifo' with formal parameter declaration list in ../source_code/rtl/udp/tx_client_fifo.v(56)
HDL-5370 WARNING: parameter 'QUEUE_ACK_s' becomes localparam in 'tx_client_fifo' with formal parameter declaration list in ../source_code/rtl/udp/tx_client_fifo.v(57)
HDL-5370 WARNING: parameter 'WAIT_ACK_s' becomes localparam in 'tx_client_fifo' with formal parameter declaration list in ../source_code/rtl/udp/tx_client_fifo.v(58)
HDL-5370 WARNING: parameter 'FRAME_s' becomes localparam in 'tx_client_fifo' with formal parameter declaration list in ../source_code/rtl/udp/tx_client_fifo.v(59)
HDL-5370 WARNING: parameter 'DROP_s' becomes localparam in 'tx_client_fifo' with formal parameter declaration list in ../source_code/rtl/udp/tx_client_fifo.v(60)
HDL-5370 WARNING: parameter 'RETRANSMIT_s' becomes localparam in 'tx_client_fifo' with formal parameter declaration list in ../source_code/rtl/udp/tx_client_fifo.v(61)
HDL-5370 WARNING: parameter 'WAIT_s' becomes localparam in 'tx_client_fifo' with formal parameter declaration list in ../source_code/rtl/udp/tx_client_fifo.v(67)
HDL-5370 Similar messages will be suppressed.
HDL-1007 : analyze verilog file ../source_code/rtl/udp/tx_clk_en_gen.v
HDL-1007 : analyze verilog file ../source_code/rtl/udp/udp_data_tpg.v
HDL-1007 : analyze verilog file ../source_code/rtl/udp/udp_ip_protocol_stack_merge.enc.v
HDL-1007 : back to file '../source_code/rtl/udp/udp_ip_protocol_stack_merge.enc.v' in ../source_code/rtl/udp/udp_ip_protocol_stack_merge.enc.v(56)
HDL-1007 : undeclared symbol '**', assumed default net type '**' in ../source_code/rtl/udp/udp_ip_protocol_stack_merge.enc.v(2638)
HDL-1007 : back to file '../source_code/rtl/udp/udp_ip_protocol_stack_merge.enc.v' in ../source_code/rtl/udp/udp_ip_protocol_stack_merge.enc.v(420)
HDL-1007 : analyze verilog file ../source_code/rtl/udp/udp_loopback.v
HDL-1007 : analyze verilog file al_ip/TEMAC_CORE/RTL/include/define.v
HDL-1007 : analyze verilog file al_ip/TEMAC_CORE/RTL/TEMAC_CORE_aead6cd6dadd.v
HDL-5007 WARNING: column 1032 exceeds maximum value 1023 in al_ip/TEMAC_CORE/RTL/TEMAC_CORE_aead6cd6dadd.v(30)
HDL-1007 : back to file 'al_ip/TEMAC_CORE/RTL/TEMAC_CORE_aead6cd6dadd.v' in al_ip/TEMAC_CORE/RTL/TEMAC_CORE_aead6cd6dadd.v(86)
HDL-5007 WARNING: event expressions must result in a singular type in al_ip/TEMAC_CORE/RTL/TEMAC_CORE_aead6cd6dadd.v(3001)
HDL-1007 : undeclared symbol '**', assumed default net type '**' in al_ip/TEMAC_CORE/RTL/TEMAC_CORE_aead6cd6dadd.v(5050)
HDL-1007 : undeclared symbol '**', assumed default net type '**' in al_ip/TEMAC_CORE/RTL/TEMAC_CORE_aead6cd6dadd.v(5458)
HDL-5007 WARNING: column 1035 exceeds maximum value 1023 in al_ip/TEMAC_CORE/RTL/TEMAC_CORE_aead6cd6dadd.v(6001)
HDL-1007 : back to file 'al_ip/TEMAC_CORE/RTL/TEMAC_CORE_aead6cd6dadd.v' in al_ip/TEMAC_CORE/RTL/TEMAC_CORE_aead6cd6dadd.v(260)
HDL-1007 : analyze verilog file al_ip/TEMAC_CORE/RTL/mac_core_aead6cd6dadd.v
HDL-1007 : analyze verilog file al_ip/TEMAC_CORE/TEMAC_CORE.v
HDL-1007 : analyze verilog file al_ip/pll_gen.v
HDL-1007 : undeclared symbol 'pll_gen_open0', assumed default net type 'wire' in al_ip/pll_gen.v(99)
HDL-1007 : undeclared symbol 'pll_gen_open8', assumed default net type 'wire' in al_ip/pll_gen.v(105)
HDL-1007 : undeclared symbol 'pll_gen_open7', assumed default net type 'wire' in al_ip/pll_gen.v(105)
HDL-1007 : undeclared symbol 'pll_gen_open6', assumed default net type 'wire' in al_ip/pll_gen.v(105)
HDL-1007 : undeclared symbol 'pll_gen_open5', assumed default net type 'wire' in al_ip/pll_gen.v(105)
HDL-1007 : undeclared symbol 'pll_gen_open4', assumed default net type 'wire' in al_ip/pll_gen.v(105)
HDL-1007 : undeclared symbol 'pll_gen_open3', assumed default net type 'wire' in al_ip/pll_gen.v(105)
HDL-1007 : undeclared symbol 'pll_gen_open2', assumed default net type 'wire' in al_ip/pll_gen.v(105)
HDL-1007 : undeclared symbol 'pll_gen_open1', assumed default net type 'wire' in al_ip/pll_gen.v(105)
HDL-1007 : analyze verilog file al_ip/sys_pll.v
HDL-1007 : undeclared symbol 'sys_pll_open0', assumed default net type 'wire' in al_ip/sys_pll.v(77)
HDL-1007 : undeclared symbol 'sys_pll_open1', assumed default net type 'wire' in al_ip/sys_pll.v(83)
HDL-1007 : undeclared symbol 'sys_pll_open9', assumed default net type 'wire' in al_ip/sys_pll.v(89)
HDL-1007 : undeclared symbol 'sys_pll_open8', assumed default net type 'wire' in al_ip/sys_pll.v(89)
HDL-1007 : undeclared symbol 'sys_pll_open7', assumed default net type 'wire' in al_ip/sys_pll.v(89)
HDL-1007 : undeclared symbol 'sys_pll_open6', assumed default net type 'wire' in al_ip/sys_pll.v(89)
HDL-1007 : undeclared symbol 'sys_pll_open5', assumed default net type 'wire' in al_ip/sys_pll.v(89)
HDL-1007 : undeclared symbol 'sys_pll_open4', assumed default net type 'wire' in al_ip/sys_pll.v(89)
HDL-1007 : undeclared symbol 'sys_pll_open3', assumed default net type 'wire' in al_ip/sys_pll.v(89)
HDL-1007 : undeclared symbol 'sys_pll_open2', assumed default net type 'wire' in al_ip/sys_pll.v(89)
HDL-1007 : undeclared symbol 'sys_pll_open11', assumed default net type 'wire' in al_ip/sys_pll.v(91)
HDL-1007 : undeclared symbol 'sys_pll_open10', assumed default net type 'wire' in al_ip/sys_pll.v(91)
HDL-1007 : analyze verilog file ../source_code/rtl/sd_card/ax_debounce.v
HDL-1007 : analyze verilog file ../source_code/rtl/sd_card/bmp_read.v
HDL-1007 : analyze verilog file ../source_code/rtl/sd_card/sd_card_bmp.v
HDL-1007 : analyze verilog file ../source_code/rtl/sd_card/sd_card_cmd.v
HDL-1007 : analyze verilog file ../source_code/rtl/sd_card/sd_card_sec_read_write.v
HDL-1007 : analyze verilog file ../source_code/rtl/sd_card/sd_card_top.v
HDL-1007 : analyze verilog file ../source_code/rtl/sd_card/spi_master.v
HDL-1007 : analyze verilog file ../source_code/rtl/sdram/enc_file/global_def.v
HDL-1007 : analyze verilog file ../source_code/rtl/sdram/enc_file/sdr_as_ram.enc.v
HDL-1007 : back to file '../source_code/rtl/sdram/enc_file/sdr_as_ram.enc.v' in ../source_code/rtl/sdram/enc_file/sdr_as_ram.enc.v(54)
HDL-1007 : analyze verilog file ../source_code/rtl/sdram/enc_file/sdr_wrrd.enc.v
HDL-5007 WARNING: concatenation with an unsized literal will be treated as 32 bits in ../source_code/rtl/sdram/enc_file/sdr_wrrd.enc.v(283)
HDL-1007 : back to file '../source_code/rtl/sdram/enc_file/sdr_wrrd.enc.v' in ../source_code/rtl/sdram/enc_file/sdr_wrrd.enc.v(19)
HDL-1007 : analyze verilog file ../source_code/rtl/frame_fifo/afifo_16_32_256.v
HDL-1007 : analyze verilog file ../source_code/rtl/frame_fifo/afifo_32_16_256.v
HDL-1007 : analyze verilog file ../source_code/rtl/frame_fifo/frame_fifo_read.v
HDL-1007 : analyze verilog file ../source_code/rtl/frame_fifo/frame_fifo_write.v
HDL-1007 : analyze verilog file ../source_code/rtl/frame_fifo/frame_read_write.v
HDL-1007 : analyze verilog file ../source_code/rtl/sdram/sdram.v
HDL-1007 : analyze included file ../source_code/rtl/sdram/enc_file/global_def.v in ../source_code/rtl/sdram/sdram.v(10)
HDL-1007 : back to file '../source_code/rtl/sdram/sdram.v' in ../source_code/rtl/sdram/sdram.v(10)
HDL-1007 : undeclared symbol 'SDR_CKE', assumed default net type 'wire' in ../source_code/rtl/sdram/sdram.v(89)
HDL-1007 : analyze verilog file ../source_code/rtl/sdram/enc_file/sdr_init_ref.enc.v
HDL-1007 : analyze included file ../source_code/rtl/sdram/enc_file/global_def.v in ../source_code/rtl/sdram/enc_file/sdr_init_ref.enc.v(11)
HDL-1007 : back to file '../source_code/rtl/sdram/enc_file/sdr_init_ref.enc.v' in ../source_code/rtl/sdram/enc_file/sdr_init_ref.enc.v(11)
HDL-1007 : undeclared symbol '**', assumed default net type '**' in ../source_code/rtl/sdram/enc_file/sdr_init_ref.enc.v(57)
HDL-1007 : back to file '../source_code/rtl/sdram/enc_file/sdr_init_ref.enc.v' in ../source_code/rtl/sdram/enc_file/sdr_init_ref.enc.v(149)
HDL-5007 WARNING: concatenation with an unsized literal will be treated as 32 bits in ../source_code/rtl/sdram/enc_file/sdr_init_ref.enc.v(47)
HDL-1007 : analyze verilog file ../source_code/rtl/video_timing/color_bar.v
HDL-1007 : analyze included file ../source_code/rtl/video_timing/video_define.v in ../source_code/rtl/video_timing/color_bar.v(2)
HDL-1007 : back to file '../source_code/rtl/video_timing/color_bar.v' in ../source_code/rtl/video_timing/color_bar.v(2)
HDL-1007 : analyze verilog file ../source_code/rtl/video_timing/video_delay.v
HDL-1007 : analyze verilog file ../source_code/rtl/video_timing/video_timing_data.v
HDL-1007 : analyze verilog file ../source_code/rtl/another/m_synchronization_header.v
HDL-1007 : analyze verilog file ../source_code/rtl/led.v
HDL-1007 : analyze verilog file ../source_code/rtl/ov5640/cmos_capture_data.v
HDL-1007 : analyze verilog file ../source_code/rtl/ov5640/i2c_dri.v
HDL-1007 : analyze verilog file ../source_code/rtl/ov5640/i2c_ov5640_rgb565_cfg.v
HDL-1007 : analyze verilog file ../source_code/rtl/ov5640/ov5640_delay.v
HDL-1007 : analyze verilog file ../source_code/rtl/ov5640/ov5640_dri.v
HDL-1007 : analyze verilog file al_ip/clk_wize.v
HDL-1007 : undeclared symbol 'open', assumed default net type 'wire' in al_ip/clk_wize.v(70)
HDL-1007 : analyze verilog file al_ip/ram.v
HDL-1007 : analyze verilog file ../source_code/rtl/app/addr_crt.v
HDL-1007 : analyze verilog file ../source_code/rtl/app/app.v
HDL-1007 : analyze verilog file ../source_code/rtl/app/vga_disp_rtl.v
HDL-1007 : analyze VHDL file ../source_code/rtl/hdmi_rtl/enc_file/DVITransmitter.enc.vhd
HDL-1007 : analyze entity dvitransmitter in ../source_code/rtl/hdmi_rtl/enc_file/DVITransmitter.enc.vhd(13)
HDL-1007 : analyze architecture ** in ../source_code/rtl/hdmi_rtl/enc_file/DVITransmitter.enc.vhd(2)
HDL-1007 : analyze VHDL file ../source_code/rtl/hdmi_rtl/enc_file/SerializerN_1_lvds.enc.vhd
HDL-1007 : analyze entity ** in ../source_code/rtl/hdmi_rtl/enc_file/SerializerN_1_lvds.enc.vhd(12)
HDL-1007 : analyze architecture ** in ../source_code/rtl/hdmi_rtl/enc_file/SerializerN_1_lvds.enc.vhd(25)
HDL-1007 : analyze VHDL file ../source_code/rtl/hdmi_rtl/enc_file/SerializerN_1_lvds_dat.enc.vhd
HDL-1007 : analyze entity ** in ../source_code/rtl/hdmi_rtl/enc_file/SerializerN_1_lvds_dat.enc.vhd(14)
HDL-1007 : analyze architecture ** in ../source_code/rtl/hdmi_rtl/enc_file/SerializerN_1_lvds_dat.enc.vhd(28)
HDL-1007 : analyze VHDL file ../source_code/rtl/hdmi_rtl/enc_file/TMDSEncoder.enc.vhd
HDL-1007 : analyze entity ** in ../source_code/rtl/hdmi_rtl/enc_file/TMDSEncoder.enc.vhd(13)
HDL-1007 : analyze architecture ** in ../source_code/rtl/hdmi_rtl/enc_file/TMDSEncoder.enc.vhd(24)
HDL-1007 : analyze verilog file ../source_code/rtl/hdmi_rtl/enc_file/video_tpg_1024768.enc.v
HDL-5007 WARNING: literal value ** truncated to fit in ** bits in ../source_code/rtl/hdmi_rtl/enc_file/video_tpg_1024768.enc.v(231)
HDL-1007 : back to file '../source_code/rtl/hdmi_rtl/enc_file/video_tpg_1024768.enc.v' in ../source_code/rtl/hdmi_rtl/enc_file/video_tpg_1024768.enc.v(1)
HDL-1007 : analyze verilog file ../source_code/rtl/hdmi_rtl/enc_file/video_tpg_1080p.enc.v
HDL-1007 : back to file '../source_code/rtl/hdmi_rtl/enc_file/video_tpg_1080p.enc.v' in ../source_code/rtl/hdmi_rtl/enc_file/video_tpg_1080p.enc.v(1)
HDL-1007 : analyze verilog file ../source_code/rtl/hdmi_rtl/enc_file/video_tpg_12801024p.enc.v
HDL-1007 : back to file '../source_code/rtl/hdmi_rtl/enc_file/video_tpg_12801024p.enc.v' in ../source_code/rtl/hdmi_rtl/enc_file/video_tpg_12801024p.enc.v(1)
HDL-1007 : analyze verilog file ../source_code/rtl/hdmi_rtl/enc_file/video_tpg_1280800.enc.v
HDL-5007 WARNING: literal value ** truncated to fit in ** bits in ../source_code/rtl/hdmi_rtl/enc_file/video_tpg_1280800.enc.v(233)
HDL-1007 : back to file '../source_code/rtl/hdmi_rtl/enc_file/video_tpg_1280800.enc.v' in ../source_code/rtl/hdmi_rtl/enc_file/video_tpg_1280800.enc.v(1)
HDL-1007 : analyze verilog file ../source_code/rtl/hdmi_rtl/enc_file/video_tpg_16801050p.enc.v
HDL-1007 : back to file '../source_code/rtl/hdmi_rtl/enc_file/video_tpg_16801050p.enc.v' in ../source_code/rtl/hdmi_rtl/enc_file/video_tpg_16801050p.enc.v(1)
HDL-1007 : analyze verilog file ../source_code/rtl/hdmi_rtl/enc_file/video_tpg_800600.enc.v
HDL-1007 : back to file '../source_code/rtl/hdmi_rtl/enc_file/video_tpg_800600.enc.v' in ../source_code/rtl/hdmi_rtl/enc_file/video_tpg_800600.enc.v(1)
HDL-1007 : analyze VHDL file ../source_code/rtl/hdmi_rtl/hdmi_tx.vhd
HDL-1007 : analyze entity hdmi_tx in ../source_code/rtl/hdmi_rtl/hdmi_tx.vhd(11)
HDL-1007 : analyze architecture behavioral in ../source_code/rtl/hdmi_rtl/hdmi_tx.vhd(33)
HDL-1007 : analyze verilog file ../source_code/rtl/hdmi_rtl/vga_disp_rtl.v
HDL-7201 CRITICAL-WARNING: overwrite current module 'vga_disp_rtl' in ../source_code/rtl/hdmi_rtl/vga_disp_rtl.v(1)
HDL-7307 CRITICAL-WARNING: previous definition of design element module 'vga_disp_rtl' is here. This is because multiple modules(values) with the same name are defined. Please consider rewriting code in ../source_code/rtl/app/vga_disp_rtl.v(1)
RUN-1002 : start command "commit_param -step design"
RUN-1001 : Print Global Property
RUN-1001 : --------------------------------------------------------
RUN-1001 :   Parameters   |  Settings  |  Default Values  |  Note  
RUN-1001 : --------------------------------------------------------
RUN-1001 :   enable_seed  |    off     |       off        |        
RUN-1001 :     message    |  standard  |     standard     |        
RUN-1001 :   qor_monitor  |     on     |        on        |        
RUN-1001 :   syn_ip_flow  |    off     |       off        |        
RUN-1001 :     thread     |    auto    |       auto       |        
RUN-1001 : --------------------------------------------------------
RUN-1001 : Print Design Property
RUN-1001 : ----------------------------------------------------------------
RUN-1001 :       Parameters       |  Settings  |  Default Values  |  Note  
RUN-1001 : ----------------------------------------------------------------
RUN-1001 :   default_reg_initial  |    auto    |       auto       |        
RUN-1001 :    hdl_warning_level   |   normal   |      normal      |        
RUN-1001 : ----------------------------------------------------------------
HDL-1007 : analyze verilog file last_attempt.v
HDL-1007 : undeclared symbol 'phy_reset', assumed default net type 'wire' in last_attempt.v(166)
HDL-1007 : undeclared symbol 'VGA_HSYNC', assumed default net type 'wire' in last_attempt.v(334)
HDL-1007 : undeclared symbol 'VGA_VSYNC', assumed default net type 'wire' in last_attempt.v(335)
HDL-1007 : undeclared symbol 'rd_en', assumed default net type 'wire' in last_attempt.v(337)
HDL-1007 : undeclared symbol 'tpg_data_done', assumed default net type 'wire' in last_attempt.v(669)
HDL-1007 : undeclared symbol 'full_flag', assumed default net type 'wire' in last_attempt.v(703)
HDL-1007 : undeclared symbol 'input_local_udp_port_num', assumed default net type 'wire' in last_attempt.v(734)
HDL-1007 : undeclared symbol 'input_local_udp_port_num_valid', assumed default net type 'wire' in last_attempt.v(735)
HDL-1007 : undeclared symbol 'input_local_ip_address_valid', assumed default net type 'wire' in last_attempt.v(738)
HDL-1007 : analyze verilog file ../source_code/rtl/udp/BUFGMUX.v
HDL-1007 : analyze verilog file ../source_code/rtl/udp/IDDR.v
HDL-1007 : analyze verilog file ../source_code/rtl/udp/ODDR.v
HDL-1007 : analyze verilog file ../source_code/rtl/udp/RAMB16_S9_S9.v
HDL-1007 : undeclared symbol 'open', assumed default net type 'wire' in ../source_code/rtl/udp/RAMB16_S9_S9.v(109)
HDL-1007 : analyze verilog file ../source_code/rtl/udp/clk_gen_rst_gen.v
HDL-1007 : analyze verilog file ../source_code/rtl/udp/div_clk_gen.v
HDL-1007 : analyze verilog file ../source_code/rtl/udp/rgmii_interface.v
HDL-1007 : analyze verilog file ../source_code/rtl/udp/rx_client_fifo.v
HDL-5370 WARNING: parameter 'WAIT_s' becomes localparam in 'rx_client_fifo' with formal parameter declaration list in ../source_code/rtl/udp/rx_client_fifo.v(49)
HDL-5370 WARNING: parameter 'QUEUE1_s' becomes localparam in 'rx_client_fifo' with formal parameter declaration list in ../source_code/rtl/udp/rx_client_fifo.v(50)
HDL-5370 WARNING: parameter 'QUEUE2_s' becomes localparam in 'rx_client_fifo' with formal parameter declaration list in ../source_code/rtl/udp/rx_client_fifo.v(51)
HDL-5370 WARNING: parameter 'QUEUE3_s' becomes localparam in 'rx_client_fifo' with formal parameter declaration list in ../source_code/rtl/udp/rx_client_fifo.v(52)
HDL-5370 WARNING: parameter 'QUEUE_SOF_s' becomes localparam in 'rx_client_fifo' with formal parameter declaration list in ../source_code/rtl/udp/rx_client_fifo.v(53)
HDL-5370 WARNING: parameter 'SOF_s' becomes localparam in 'rx_client_fifo' with formal parameter declaration list in ../source_code/rtl/udp/rx_client_fifo.v(54)
HDL-5370 WARNING: parameter 'DATA_s' becomes localparam in 'rx_client_fifo' with formal parameter declaration list in ../source_code/rtl/udp/rx_client_fifo.v(55)
HDL-5370 WARNING: parameter 'EOF_s' becomes localparam in 'rx_client_fifo' with formal parameter declaration list in ../source_code/rtl/udp/rx_client_fifo.v(56)
HDL-5370 WARNING: parameter 'IDLE_s' becomes localparam in 'rx_client_fifo' with formal parameter declaration list in ../source_code/rtl/udp/rx_client_fifo.v(62)
HDL-5370 WARNING: parameter 'FRAME_s' becomes localparam in 'rx_client_fifo' with formal parameter declaration list in ../source_code/rtl/udp/rx_client_fifo.v(63)
HDL-5370 Similar messages will be suppressed.
HDL-1007 : analyze verilog file ../source_code/rtl/udp/temac_block.v
HDL-1007 : analyze verilog file ../source_code/rtl/udp/temac_clk_gen.v
HDL-1007 : analyze verilog file ../source_code/rtl/udp/tx_client_fifo.v
HDL-5370 WARNING: parameter 'IDLE_s' becomes localparam in 'tx_client_fifo' with formal parameter declaration list in ../source_code/rtl/udp/tx_client_fifo.v(53)
HDL-5370 WARNING: parameter 'QUEUE1_s' becomes localparam in 'tx_client_fifo' with formal parameter declaration list in ../source_code/rtl/udp/tx_client_fifo.v(54)
HDL-5370 WARNING: parameter 'QUEUE2_s' becomes localparam in 'tx_client_fifo' with formal parameter declaration list in ../source_code/rtl/udp/tx_client_fifo.v(55)
HDL-5370 WARNING: parameter 'QUEUE3_s' becomes localparam in 'tx_client_fifo' with formal parameter declaration list in ../source_code/rtl/udp/tx_client_fifo.v(56)
HDL-5370 WARNING: parameter 'QUEUE_ACK_s' becomes localparam in 'tx_client_fifo' with formal parameter declaration list in ../source_code/rtl/udp/tx_client_fifo.v(57)
HDL-5370 WARNING: parameter 'WAIT_ACK_s' becomes localparam in 'tx_client_fifo' with formal parameter declaration list in ../source_code/rtl/udp/tx_client_fifo.v(58)
HDL-5370 WARNING: parameter 'FRAME_s' becomes localparam in 'tx_client_fifo' with formal parameter declaration list in ../source_code/rtl/udp/tx_client_fifo.v(59)
HDL-5370 WARNING: parameter 'DROP_s' becomes localparam in 'tx_client_fifo' with formal parameter declaration list in ../source_code/rtl/udp/tx_client_fifo.v(60)
HDL-5370 WARNING: parameter 'RETRANSMIT_s' becomes localparam in 'tx_client_fifo' with formal parameter declaration list in ../source_code/rtl/udp/tx_client_fifo.v(61)
HDL-5370 WARNING: parameter 'WAIT_s' becomes localparam in 'tx_client_fifo' with formal parameter declaration list in ../source_code/rtl/udp/tx_client_fifo.v(67)
HDL-5370 Similar messages will be suppressed.
HDL-1007 : analyze verilog file ../source_code/rtl/udp/tx_clk_en_gen.v
HDL-1007 : analyze verilog file ../source_code/rtl/udp/udp_data_tpg.v
HDL-1007 : analyze verilog file ../source_code/rtl/udp/udp_ip_protocol_stack_merge.enc.v
HDL-1007 : back to file '../source_code/rtl/udp/udp_ip_protocol_stack_merge.enc.v' in ../source_code/rtl/udp/udp_ip_protocol_stack_merge.enc.v(56)
HDL-1007 : undeclared symbol '**', assumed default net type '**' in ../source_code/rtl/udp/udp_ip_protocol_stack_merge.enc.v(2638)
HDL-1007 : back to file '../source_code/rtl/udp/udp_ip_protocol_stack_merge.enc.v' in ../source_code/rtl/udp/udp_ip_protocol_stack_merge.enc.v(420)
HDL-1007 : analyze verilog file ../source_code/rtl/udp/udp_loopback.v
HDL-1007 : analyze verilog file al_ip/TEMAC_CORE/RTL/include/define.v
HDL-1007 : analyze verilog file al_ip/TEMAC_CORE/RTL/TEMAC_CORE_aead6cd6dadd.v
HDL-5007 WARNING: column 1032 exceeds maximum value 1023 in al_ip/TEMAC_CORE/RTL/TEMAC_CORE_aead6cd6dadd.v(30)
HDL-1007 : back to file 'al_ip/TEMAC_CORE/RTL/TEMAC_CORE_aead6cd6dadd.v' in al_ip/TEMAC_CORE/RTL/TEMAC_CORE_aead6cd6dadd.v(86)
HDL-5007 WARNING: event expressions must result in a singular type in al_ip/TEMAC_CORE/RTL/TEMAC_CORE_aead6cd6dadd.v(3001)
HDL-1007 : undeclared symbol '**', assumed default net type '**' in al_ip/TEMAC_CORE/RTL/TEMAC_CORE_aead6cd6dadd.v(5050)
HDL-1007 : undeclared symbol '**', assumed default net type '**' in al_ip/TEMAC_CORE/RTL/TEMAC_CORE_aead6cd6dadd.v(5458)
HDL-5007 WARNING: column 1035 exceeds maximum value 1023 in al_ip/TEMAC_CORE/RTL/TEMAC_CORE_aead6cd6dadd.v(6001)
HDL-1007 : back to file 'al_ip/TEMAC_CORE/RTL/TEMAC_CORE_aead6cd6dadd.v' in al_ip/TEMAC_CORE/RTL/TEMAC_CORE_aead6cd6dadd.v(260)
HDL-1007 : analyze verilog file al_ip/TEMAC_CORE/RTL/mac_core_aead6cd6dadd.v
HDL-1007 : analyze verilog file al_ip/TEMAC_CORE/TEMAC_CORE.v
HDL-1007 : analyze verilog file al_ip/pll_gen.v
HDL-1007 : undeclared symbol 'pll_gen_open0', assumed default net type 'wire' in al_ip/pll_gen.v(99)
HDL-1007 : undeclared symbol 'pll_gen_open8', assumed default net type 'wire' in al_ip/pll_gen.v(105)
HDL-1007 : undeclared symbol 'pll_gen_open7', assumed default net type 'wire' in al_ip/pll_gen.v(105)
HDL-1007 : undeclared symbol 'pll_gen_open6', assumed default net type 'wire' in al_ip/pll_gen.v(105)
HDL-1007 : undeclared symbol 'pll_gen_open5', assumed default net type 'wire' in al_ip/pll_gen.v(105)
HDL-1007 : undeclared symbol 'pll_gen_open4', assumed default net type 'wire' in al_ip/pll_gen.v(105)
HDL-1007 : undeclared symbol 'pll_gen_open3', assumed default net type 'wire' in al_ip/pll_gen.v(105)
HDL-1007 : undeclared symbol 'pll_gen_open2', assumed default net type 'wire' in al_ip/pll_gen.v(105)
HDL-1007 : undeclared symbol 'pll_gen_open1', assumed default net type 'wire' in al_ip/pll_gen.v(105)
HDL-1007 : analyze verilog file al_ip/sys_pll.v
HDL-1007 : undeclared symbol 'sys_pll_open0', assumed default net type 'wire' in al_ip/sys_pll.v(77)
HDL-1007 : undeclared symbol 'sys_pll_open1', assumed default net type 'wire' in al_ip/sys_pll.v(83)
HDL-1007 : undeclared symbol 'sys_pll_open9', assumed default net type 'wire' in al_ip/sys_pll.v(89)
HDL-1007 : undeclared symbol 'sys_pll_open8', assumed default net type 'wire' in al_ip/sys_pll.v(89)
HDL-1007 : undeclared symbol 'sys_pll_open7', assumed default net type 'wire' in al_ip/sys_pll.v(89)
HDL-1007 : undeclared symbol 'sys_pll_open6', assumed default net type 'wire' in al_ip/sys_pll.v(89)
HDL-1007 : undeclared symbol 'sys_pll_open5', assumed default net type 'wire' in al_ip/sys_pll.v(89)
HDL-1007 : undeclared symbol 'sys_pll_open4', assumed default net type 'wire' in al_ip/sys_pll.v(89)
HDL-1007 : undeclared symbol 'sys_pll_open3', assumed default net type 'wire' in al_ip/sys_pll.v(89)
HDL-1007 : undeclared symbol 'sys_pll_open2', assumed default net type 'wire' in al_ip/sys_pll.v(89)
HDL-1007 : undeclared symbol 'sys_pll_open11', assumed default net type 'wire' in al_ip/sys_pll.v(91)
HDL-1007 : undeclared symbol 'sys_pll_open10', assumed default net type 'wire' in al_ip/sys_pll.v(91)
HDL-1007 : analyze verilog file ../source_code/rtl/sd_card/ax_debounce.v
HDL-1007 : analyze verilog file ../source_code/rtl/sd_card/bmp_read.v
HDL-1007 : analyze verilog file ../source_code/rtl/sd_card/sd_card_bmp.v
HDL-1007 : analyze verilog file ../source_code/rtl/sd_card/sd_card_cmd.v
HDL-1007 : analyze verilog file ../source_code/rtl/sd_card/sd_card_sec_read_write.v
HDL-1007 : analyze verilog file ../source_code/rtl/sd_card/sd_card_top.v
HDL-1007 : analyze verilog file ../source_code/rtl/sd_card/spi_master.v
HDL-1007 : analyze verilog file ../source_code/rtl/sdram/enc_file/global_def.v
HDL-1007 : analyze verilog file ../source_code/rtl/sdram/enc_file/sdr_as_ram.enc.v
HDL-1007 : back to file '../source_code/rtl/sdram/enc_file/sdr_as_ram.enc.v' in ../source_code/rtl/sdram/enc_file/sdr_as_ram.enc.v(54)
HDL-1007 : analyze verilog file ../source_code/rtl/sdram/enc_file/sdr_wrrd.enc.v
HDL-5007 WARNING: concatenation with an unsized literal will be treated as 32 bits in ../source_code/rtl/sdram/enc_file/sdr_wrrd.enc.v(283)
HDL-1007 : back to file '../source_code/rtl/sdram/enc_file/sdr_wrrd.enc.v' in ../source_code/rtl/sdram/enc_file/sdr_wrrd.enc.v(19)
HDL-1007 : analyze verilog file ../source_code/rtl/frame_fifo/afifo_16_32_256.v
HDL-1007 : analyze verilog file ../source_code/rtl/frame_fifo/afifo_32_16_256.v
HDL-1007 : analyze verilog file ../source_code/rtl/frame_fifo/frame_fifo_read.v
HDL-1007 : analyze verilog file ../source_code/rtl/frame_fifo/frame_fifo_write.v
HDL-1007 : analyze verilog file ../source_code/rtl/frame_fifo/frame_read_write.v
HDL-1007 : analyze verilog file ../source_code/rtl/sdram/sdram.v
HDL-1007 : analyze included file ../source_code/rtl/sdram/enc_file/global_def.v in ../source_code/rtl/sdram/sdram.v(10)
HDL-1007 : back to file '../source_code/rtl/sdram/sdram.v' in ../source_code/rtl/sdram/sdram.v(10)
HDL-1007 : undeclared symbol 'SDR_CKE', assumed default net type 'wire' in ../source_code/rtl/sdram/sdram.v(89)
HDL-1007 : analyze verilog file ../source_code/rtl/sdram/enc_file/sdr_init_ref.enc.v
HDL-1007 : analyze included file ../source_code/rtl/sdram/enc_file/global_def.v in ../source_code/rtl/sdram/enc_file/sdr_init_ref.enc.v(11)
HDL-1007 : back to file '../source_code/rtl/sdram/enc_file/sdr_init_ref.enc.v' in ../source_code/rtl/sdram/enc_file/sdr_init_ref.enc.v(11)
HDL-1007 : undeclared symbol '**', assumed default net type '**' in ../source_code/rtl/sdram/enc_file/sdr_init_ref.enc.v(57)
HDL-1007 : back to file '../source_code/rtl/sdram/enc_file/sdr_init_ref.enc.v' in ../source_code/rtl/sdram/enc_file/sdr_init_ref.enc.v(149)
HDL-5007 WARNING: concatenation with an unsized literal will be treated as 32 bits in ../source_code/rtl/sdram/enc_file/sdr_init_ref.enc.v(47)
HDL-1007 : analyze verilog file ../source_code/rtl/video_timing/color_bar.v
HDL-1007 : analyze included file ../source_code/rtl/video_timing/video_define.v in ../source_code/rtl/video_timing/color_bar.v(2)
HDL-1007 : back to file '../source_code/rtl/video_timing/color_bar.v' in ../source_code/rtl/video_timing/color_bar.v(2)
HDL-1007 : analyze verilog file ../source_code/rtl/video_timing/video_delay.v
HDL-1007 : analyze verilog file ../source_code/rtl/video_timing/video_timing_data.v
HDL-1007 : analyze verilog file ../source_code/rtl/another/m_synchronization_header.v
HDL-1007 : analyze verilog file ../source_code/rtl/led.v
HDL-1007 : analyze verilog file ../source_code/rtl/ov5640/cmos_capture_data.v
HDL-1007 : analyze verilog file ../source_code/rtl/ov5640/i2c_dri.v
HDL-1007 : analyze verilog file ../source_code/rtl/ov5640/i2c_ov5640_rgb565_cfg.v
HDL-1007 : analyze verilog file ../source_code/rtl/ov5640/ov5640_delay.v
HDL-1007 : analyze verilog file ../source_code/rtl/ov5640/ov5640_dri.v
HDL-1007 : analyze verilog file al_ip/clk_wize.v
HDL-1007 : undeclared symbol 'open', assumed default net type 'wire' in al_ip/clk_wize.v(70)
HDL-1007 : analyze verilog file al_ip/ram.v
HDL-1007 : analyze verilog file ../source_code/rtl/app/addr_crt.v
HDL-1007 : analyze verilog file ../source_code/rtl/app/app.v
HDL-1007 : analyze verilog file ../source_code/rtl/app/vga_disp_rtl.v
HDL-1007 : analyze VHDL file ../source_code/rtl/hdmi_rtl/enc_file/DVITransmitter.enc.vhd
HDL-1007 : analyze entity dvitransmitter in ../source_code/rtl/hdmi_rtl/enc_file/DVITransmitter.enc.vhd(13)
HDL-1007 : analyze architecture ** in ../source_code/rtl/hdmi_rtl/enc_file/DVITransmitter.enc.vhd(2)
HDL-1007 : analyze VHDL file ../source_code/rtl/hdmi_rtl/enc_file/SerializerN_1_lvds.enc.vhd
HDL-1007 : analyze entity ** in ../source_code/rtl/hdmi_rtl/enc_file/SerializerN_1_lvds.enc.vhd(12)
HDL-1007 : analyze architecture ** in ../source_code/rtl/hdmi_rtl/enc_file/SerializerN_1_lvds.enc.vhd(25)
HDL-1007 : analyze VHDL file ../source_code/rtl/hdmi_rtl/enc_file/SerializerN_1_lvds_dat.enc.vhd
HDL-1007 : analyze entity ** in ../source_code/rtl/hdmi_rtl/enc_file/SerializerN_1_lvds_dat.enc.vhd(14)
HDL-1007 : analyze architecture ** in ../source_code/rtl/hdmi_rtl/enc_file/SerializerN_1_lvds_dat.enc.vhd(28)
HDL-1007 : analyze VHDL file ../source_code/rtl/hdmi_rtl/enc_file/TMDSEncoder.enc.vhd
HDL-1007 : analyze entity ** in ../source_code/rtl/hdmi_rtl/enc_file/TMDSEncoder.enc.vhd(13)
HDL-1007 : analyze architecture ** in ../source_code/rtl/hdmi_rtl/enc_file/TMDSEncoder.enc.vhd(24)
HDL-1007 : analyze verilog file ../source_code/rtl/hdmi_rtl/enc_file/video_tpg_1024768.enc.v
HDL-5007 WARNING: literal value ** truncated to fit in ** bits in ../source_code/rtl/hdmi_rtl/enc_file/video_tpg_1024768.enc.v(231)
HDL-1007 : back to file '../source_code/rtl/hdmi_rtl/enc_file/video_tpg_1024768.enc.v' in ../source_code/rtl/hdmi_rtl/enc_file/video_tpg_1024768.enc.v(1)
HDL-1007 : analyze verilog file ../source_code/rtl/hdmi_rtl/enc_file/video_tpg_1080p.enc.v
HDL-1007 : back to file '../source_code/rtl/hdmi_rtl/enc_file/video_tpg_1080p.enc.v' in ../source_code/rtl/hdmi_rtl/enc_file/video_tpg_1080p.enc.v(1)
HDL-1007 : analyze verilog file ../source_code/rtl/hdmi_rtl/enc_file/video_tpg_12801024p.enc.v
HDL-1007 : back to file '../source_code/rtl/hdmi_rtl/enc_file/video_tpg_12801024p.enc.v' in ../source_code/rtl/hdmi_rtl/enc_file/video_tpg_12801024p.enc.v(1)
HDL-1007 : analyze verilog file ../source_code/rtl/hdmi_rtl/enc_file/video_tpg_1280800.enc.v
HDL-5007 WARNING: literal value ** truncated to fit in ** bits in ../source_code/rtl/hdmi_rtl/enc_file/video_tpg_1280800.enc.v(233)
HDL-1007 : back to file '../source_code/rtl/hdmi_rtl/enc_file/video_tpg_1280800.enc.v' in ../source_code/rtl/hdmi_rtl/enc_file/video_tpg_1280800.enc.v(1)
HDL-1007 : analyze verilog file ../source_code/rtl/hdmi_rtl/enc_file/video_tpg_16801050p.enc.v
HDL-1007 : back to file '../source_code/rtl/hdmi_rtl/enc_file/video_tpg_16801050p.enc.v' in ../source_code/rtl/hdmi_rtl/enc_file/video_tpg_16801050p.enc.v(1)
HDL-1007 : analyze verilog file ../source_code/rtl/hdmi_rtl/enc_file/video_tpg_800600.enc.v
HDL-1007 : back to file '../source_code/rtl/hdmi_rtl/enc_file/video_tpg_800600.enc.v' in ../source_code/rtl/hdmi_rtl/enc_file/video_tpg_800600.enc.v(1)
HDL-1007 : analyze VHDL file ../source_code/rtl/hdmi_rtl/hdmi_tx.vhd
HDL-1007 : analyze entity hdmi_tx in ../source_code/rtl/hdmi_rtl/hdmi_tx.vhd(11)
HDL-1007 : analyze architecture behavioral in ../source_code/rtl/hdmi_rtl/hdmi_tx.vhd(33)
HDL-1007 : analyze verilog file ../source_code/rtl/hdmi_rtl/vga_disp_rtl.v
HDL-7201 CRITICAL-WARNING: overwrite current module 'vga_disp_rtl' in ../source_code/rtl/hdmi_rtl/vga_disp_rtl.v(1)
HDL-7307 CRITICAL-WARNING: previous definition of design element module 'vga_disp_rtl' is here. This is because multiple modules(values) with the same name are defined. Please consider rewriting code in ../source_code/rtl/app/vga_disp_rtl.v(1)
HDL-1007 : analyze verilog file ../source_code/rtl/another/fire_detect.v
HDL-1007 : analyze verilog file ../source_code/rtl/another/intrusion_detect.v
RUN-1002 : start command "commit_param -step design"
RUN-1001 : Print Global Property
RUN-1001 : --------------------------------------------------------
RUN-1001 :   Parameters   |  Settings  |  Default Values  |  Note  
RUN-1001 : --------------------------------------------------------
RUN-1001 :   enable_seed  |    off     |       off        |        
RUN-1001 :     message    |  standard  |     standard     |        
RUN-1001 :   qor_monitor  |     on     |        on        |        
RUN-1001 :   syn_ip_flow  |    off     |       off        |        
RUN-1001 :     thread     |    auto    |       auto       |        
RUN-1001 : --------------------------------------------------------
RUN-1001 : Print Design Property
RUN-1001 : ----------------------------------------------------------------
RUN-1001 :       Parameters       |  Settings  |  Default Values  |  Note  
RUN-1001 : ----------------------------------------------------------------
RUN-1001 :   default_reg_initial  |    auto    |       auto       |        
RUN-1001 :    hdl_warning_level   |   normal   |      normal      |        
RUN-1001 : ----------------------------------------------------------------
HDL-1007 : analyze verilog file last_attempt.v
HDL-1007 : undeclared symbol 'phy_reset', assumed default net type 'wire' in last_attempt.v(166)
HDL-1007 : undeclared symbol 'VGA_HSYNC', assumed default net type 'wire' in last_attempt.v(334)
HDL-1007 : undeclared symbol 'VGA_VSYNC', assumed default net type 'wire' in last_attempt.v(335)
HDL-1007 : undeclared symbol 'rd_en', assumed default net type 'wire' in last_attempt.v(337)
HDL-1007 : undeclared symbol 'tpg_data_done', assumed default net type 'wire' in last_attempt.v(673)
HDL-1007 : undeclared symbol 'full_flag', assumed default net type 'wire' in last_attempt.v(707)
HDL-1007 : undeclared symbol 'input_local_udp_port_num', assumed default net type 'wire' in last_attempt.v(738)
HDL-1007 : undeclared symbol 'input_local_udp_port_num_valid', assumed default net type 'wire' in last_attempt.v(739)
HDL-1007 : undeclared symbol 'input_local_ip_address_valid', assumed default net type 'wire' in last_attempt.v(742)
HDL-1007 : analyze verilog file ../source_code/rtl/udp/BUFGMUX.v
HDL-1007 : analyze verilog file ../source_code/rtl/udp/IDDR.v
HDL-1007 : analyze verilog file ../source_code/rtl/udp/ODDR.v
HDL-1007 : analyze verilog file ../source_code/rtl/udp/RAMB16_S9_S9.v
HDL-1007 : undeclared symbol 'open', assumed default net type 'wire' in ../source_code/rtl/udp/RAMB16_S9_S9.v(109)
HDL-1007 : analyze verilog file ../source_code/rtl/udp/clk_gen_rst_gen.v
HDL-1007 : analyze verilog file ../source_code/rtl/udp/div_clk_gen.v
HDL-1007 : analyze verilog file ../source_code/rtl/udp/rgmii_interface.v
HDL-1007 : analyze verilog file ../source_code/rtl/udp/rx_client_fifo.v
HDL-5370 WARNING: parameter 'WAIT_s' becomes localparam in 'rx_client_fifo' with formal parameter declaration list in ../source_code/rtl/udp/rx_client_fifo.v(49)
HDL-5370 WARNING: parameter 'QUEUE1_s' becomes localparam in 'rx_client_fifo' with formal parameter declaration list in ../source_code/rtl/udp/rx_client_fifo.v(50)
HDL-5370 WARNING: parameter 'QUEUE2_s' becomes localparam in 'rx_client_fifo' with formal parameter declaration list in ../source_code/rtl/udp/rx_client_fifo.v(51)
HDL-5370 WARNING: parameter 'QUEUE3_s' becomes localparam in 'rx_client_fifo' with formal parameter declaration list in ../source_code/rtl/udp/rx_client_fifo.v(52)
HDL-5370 WARNING: parameter 'QUEUE_SOF_s' becomes localparam in 'rx_client_fifo' with formal parameter declaration list in ../source_code/rtl/udp/rx_client_fifo.v(53)
HDL-5370 WARNING: parameter 'SOF_s' becomes localparam in 'rx_client_fifo' with formal parameter declaration list in ../source_code/rtl/udp/rx_client_fifo.v(54)
HDL-5370 WARNING: parameter 'DATA_s' becomes localparam in 'rx_client_fifo' with formal parameter declaration list in ../source_code/rtl/udp/rx_client_fifo.v(55)
HDL-5370 WARNING: parameter 'EOF_s' becomes localparam in 'rx_client_fifo' with formal parameter declaration list in ../source_code/rtl/udp/rx_client_fifo.v(56)
HDL-5370 WARNING: parameter 'IDLE_s' becomes localparam in 'rx_client_fifo' with formal parameter declaration list in ../source_code/rtl/udp/rx_client_fifo.v(62)
HDL-5370 WARNING: parameter 'FRAME_s' becomes localparam in 'rx_client_fifo' with formal parameter declaration list in ../source_code/rtl/udp/rx_client_fifo.v(63)
HDL-5370 Similar messages will be suppressed.
HDL-1007 : analyze verilog file ../source_code/rtl/udp/temac_block.v
HDL-1007 : analyze verilog file ../source_code/rtl/udp/temac_clk_gen.v
HDL-1007 : analyze verilog file ../source_code/rtl/udp/tx_client_fifo.v
HDL-5370 WARNING: parameter 'IDLE_s' becomes localparam in 'tx_client_fifo' with formal parameter declaration list in ../source_code/rtl/udp/tx_client_fifo.v(53)
HDL-5370 WARNING: parameter 'QUEUE1_s' becomes localparam in 'tx_client_fifo' with formal parameter declaration list in ../source_code/rtl/udp/tx_client_fifo.v(54)
HDL-5370 WARNING: parameter 'QUEUE2_s' becomes localparam in 'tx_client_fifo' with formal parameter declaration list in ../source_code/rtl/udp/tx_client_fifo.v(55)
HDL-5370 WARNING: parameter 'QUEUE3_s' becomes localparam in 'tx_client_fifo' with formal parameter declaration list in ../source_code/rtl/udp/tx_client_fifo.v(56)
HDL-5370 WARNING: parameter 'QUEUE_ACK_s' becomes localparam in 'tx_client_fifo' with formal parameter declaration list in ../source_code/rtl/udp/tx_client_fifo.v(57)
HDL-5370 WARNING: parameter 'WAIT_ACK_s' becomes localparam in 'tx_client_fifo' with formal parameter declaration list in ../source_code/rtl/udp/tx_client_fifo.v(58)
HDL-5370 WARNING: parameter 'FRAME_s' becomes localparam in 'tx_client_fifo' with formal parameter declaration list in ../source_code/rtl/udp/tx_client_fifo.v(59)
HDL-5370 WARNING: parameter 'DROP_s' becomes localparam in 'tx_client_fifo' with formal parameter declaration list in ../source_code/rtl/udp/tx_client_fifo.v(60)
HDL-5370 WARNING: parameter 'RETRANSMIT_s' becomes localparam in 'tx_client_fifo' with formal parameter declaration list in ../source_code/rtl/udp/tx_client_fifo.v(61)
HDL-5370 WARNING: parameter 'WAIT_s' becomes localparam in 'tx_client_fifo' with formal parameter declaration list in ../source_code/rtl/udp/tx_client_fifo.v(67)
HDL-5370 Similar messages will be suppressed.
HDL-1007 : analyze verilog file ../source_code/rtl/udp/tx_clk_en_gen.v
HDL-1007 : analyze verilog file ../source_code/rtl/udp/udp_data_tpg.v
HDL-1007 : analyze verilog file ../source_code/rtl/udp/udp_ip_protocol_stack_merge.enc.v
HDL-1007 : back to file '../source_code/rtl/udp/udp_ip_protocol_stack_merge.enc.v' in ../source_code/rtl/udp/udp_ip_protocol_stack_merge.enc.v(56)
HDL-1007 : undeclared symbol '**', assumed default net type '**' in ../source_code/rtl/udp/udp_ip_protocol_stack_merge.enc.v(2638)
HDL-1007 : back to file '../source_code/rtl/udp/udp_ip_protocol_stack_merge.enc.v' in ../source_code/rtl/udp/udp_ip_protocol_stack_merge.enc.v(420)
HDL-1007 : analyze verilog file ../source_code/rtl/udp/udp_loopback.v
HDL-1007 : analyze verilog file al_ip/TEMAC_CORE/RTL/include/define.v
HDL-1007 : analyze verilog file al_ip/TEMAC_CORE/RTL/TEMAC_CORE_aead6cd6dadd.v
HDL-5007 WARNING: column 1032 exceeds maximum value 1023 in al_ip/TEMAC_CORE/RTL/TEMAC_CORE_aead6cd6dadd.v(30)
HDL-1007 : back to file 'al_ip/TEMAC_CORE/RTL/TEMAC_CORE_aead6cd6dadd.v' in al_ip/TEMAC_CORE/RTL/TEMAC_CORE_aead6cd6dadd.v(86)
HDL-5007 WARNING: event expressions must result in a singular type in al_ip/TEMAC_CORE/RTL/TEMAC_CORE_aead6cd6dadd.v(3001)
HDL-1007 : undeclared symbol '**', assumed default net type '**' in al_ip/TEMAC_CORE/RTL/TEMAC_CORE_aead6cd6dadd.v(5050)
HDL-1007 : undeclared symbol '**', assumed default net type '**' in al_ip/TEMAC_CORE/RTL/TEMAC_CORE_aead6cd6dadd.v(5458)
HDL-5007 WARNING: column 1035 exceeds maximum value 1023 in al_ip/TEMAC_CORE/RTL/TEMAC_CORE_aead6cd6dadd.v(6001)
HDL-1007 : back to file 'al_ip/TEMAC_CORE/RTL/TEMAC_CORE_aead6cd6dadd.v' in al_ip/TEMAC_CORE/RTL/TEMAC_CORE_aead6cd6dadd.v(260)
HDL-1007 : analyze verilog file al_ip/TEMAC_CORE/RTL/mac_core_aead6cd6dadd.v
HDL-1007 : analyze verilog file al_ip/TEMAC_CORE/TEMAC_CORE.v
HDL-1007 : analyze verilog file al_ip/pll_gen.v
HDL-1007 : undeclared symbol 'pll_gen_open0', assumed default net type 'wire' in al_ip/pll_gen.v(99)
HDL-1007 : undeclared symbol 'pll_gen_open8', assumed default net type 'wire' in al_ip/pll_gen.v(105)
HDL-1007 : undeclared symbol 'pll_gen_open7', assumed default net type 'wire' in al_ip/pll_gen.v(105)
HDL-1007 : undeclared symbol 'pll_gen_open6', assumed default net type 'wire' in al_ip/pll_gen.v(105)
HDL-1007 : undeclared symbol 'pll_gen_open5', assumed default net type 'wire' in al_ip/pll_gen.v(105)
HDL-1007 : undeclared symbol 'pll_gen_open4', assumed default net type 'wire' in al_ip/pll_gen.v(105)
HDL-1007 : undeclared symbol 'pll_gen_open3', assumed default net type 'wire' in al_ip/pll_gen.v(105)
HDL-1007 : undeclared symbol 'pll_gen_open2', assumed default net type 'wire' in al_ip/pll_gen.v(105)
HDL-1007 : undeclared symbol 'pll_gen_open1', assumed default net type 'wire' in al_ip/pll_gen.v(105)
HDL-1007 : analyze verilog file al_ip/sys_pll.v
HDL-1007 : undeclared symbol 'sys_pll_open0', assumed default net type 'wire' in al_ip/sys_pll.v(77)
HDL-1007 : undeclared symbol 'sys_pll_open1', assumed default net type 'wire' in al_ip/sys_pll.v(83)
HDL-1007 : undeclared symbol 'sys_pll_open9', assumed default net type 'wire' in al_ip/sys_pll.v(89)
HDL-1007 : undeclared symbol 'sys_pll_open8', assumed default net type 'wire' in al_ip/sys_pll.v(89)
HDL-1007 : undeclared symbol 'sys_pll_open7', assumed default net type 'wire' in al_ip/sys_pll.v(89)
HDL-1007 : undeclared symbol 'sys_pll_open6', assumed default net type 'wire' in al_ip/sys_pll.v(89)
HDL-1007 : undeclared symbol 'sys_pll_open5', assumed default net type 'wire' in al_ip/sys_pll.v(89)
HDL-1007 : undeclared symbol 'sys_pll_open4', assumed default net type 'wire' in al_ip/sys_pll.v(89)
HDL-1007 : undeclared symbol 'sys_pll_open3', assumed default net type 'wire' in al_ip/sys_pll.v(89)
HDL-1007 : undeclared symbol 'sys_pll_open2', assumed default net type 'wire' in al_ip/sys_pll.v(89)
HDL-1007 : undeclared symbol 'sys_pll_open11', assumed default net type 'wire' in al_ip/sys_pll.v(91)
HDL-1007 : undeclared symbol 'sys_pll_open10', assumed default net type 'wire' in al_ip/sys_pll.v(91)
HDL-1007 : analyze verilog file ../source_code/rtl/sd_card/ax_debounce.v
HDL-1007 : analyze verilog file ../source_code/rtl/sd_card/bmp_read.v
HDL-1007 : analyze verilog file ../source_code/rtl/sd_card/sd_card_bmp.v
HDL-1007 : analyze verilog file ../source_code/rtl/sd_card/sd_card_cmd.v
HDL-1007 : analyze verilog file ../source_code/rtl/sd_card/sd_card_sec_read_write.v
HDL-1007 : analyze verilog file ../source_code/rtl/sd_card/sd_card_top.v
HDL-1007 : analyze verilog file ../source_code/rtl/sd_card/spi_master.v
HDL-1007 : analyze verilog file ../source_code/rtl/sdram/enc_file/global_def.v
HDL-1007 : analyze verilog file ../source_code/rtl/sdram/enc_file/sdr_as_ram.enc.v
HDL-1007 : back to file '../source_code/rtl/sdram/enc_file/sdr_as_ram.enc.v' in ../source_code/rtl/sdram/enc_file/sdr_as_ram.enc.v(54)
HDL-1007 : analyze verilog file ../source_code/rtl/sdram/enc_file/sdr_wrrd.enc.v
HDL-5007 WARNING: concatenation with an unsized literal will be treated as 32 bits in ../source_code/rtl/sdram/enc_file/sdr_wrrd.enc.v(283)
HDL-1007 : back to file '../source_code/rtl/sdram/enc_file/sdr_wrrd.enc.v' in ../source_code/rtl/sdram/enc_file/sdr_wrrd.enc.v(19)
HDL-1007 : analyze verilog file ../source_code/rtl/frame_fifo/afifo_16_32_256.v
HDL-1007 : analyze verilog file ../source_code/rtl/frame_fifo/afifo_32_16_256.v
HDL-1007 : analyze verilog file ../source_code/rtl/frame_fifo/frame_fifo_read.v
HDL-1007 : analyze verilog file ../source_code/rtl/frame_fifo/frame_fifo_write.v
HDL-1007 : analyze verilog file ../source_code/rtl/frame_fifo/frame_read_write.v
HDL-1007 : analyze verilog file ../source_code/rtl/sdram/sdram.v
HDL-1007 : analyze included file ../source_code/rtl/sdram/enc_file/global_def.v in ../source_code/rtl/sdram/sdram.v(10)
HDL-1007 : back to file '../source_code/rtl/sdram/sdram.v' in ../source_code/rtl/sdram/sdram.v(10)
HDL-1007 : undeclared symbol 'SDR_CKE', assumed default net type 'wire' in ../source_code/rtl/sdram/sdram.v(89)
HDL-1007 : analyze verilog file ../source_code/rtl/sdram/enc_file/sdr_init_ref.enc.v
HDL-1007 : analyze included file ../source_code/rtl/sdram/enc_file/global_def.v in ../source_code/rtl/sdram/enc_file/sdr_init_ref.enc.v(11)
HDL-1007 : back to file '../source_code/rtl/sdram/enc_file/sdr_init_ref.enc.v' in ../source_code/rtl/sdram/enc_file/sdr_init_ref.enc.v(11)
HDL-1007 : undeclared symbol '**', assumed default net type '**' in ../source_code/rtl/sdram/enc_file/sdr_init_ref.enc.v(57)
HDL-1007 : back to file '../source_code/rtl/sdram/enc_file/sdr_init_ref.enc.v' in ../source_code/rtl/sdram/enc_file/sdr_init_ref.enc.v(149)
HDL-5007 WARNING: concatenation with an unsized literal will be treated as 32 bits in ../source_code/rtl/sdram/enc_file/sdr_init_ref.enc.v(47)
HDL-1007 : analyze verilog file ../source_code/rtl/video_timing/color_bar.v
HDL-1007 : analyze included file ../source_code/rtl/video_timing/video_define.v in ../source_code/rtl/video_timing/color_bar.v(2)
HDL-1007 : back to file '../source_code/rtl/video_timing/color_bar.v' in ../source_code/rtl/video_timing/color_bar.v(2)
HDL-1007 : analyze verilog file ../source_code/rtl/video_timing/video_delay.v
HDL-1007 : analyze verilog file ../source_code/rtl/video_timing/video_timing_data.v
HDL-1007 : analyze verilog file ../source_code/rtl/another/m_synchronization_header.v
HDL-1007 : analyze verilog file ../source_code/rtl/led.v
HDL-1007 : analyze verilog file ../source_code/rtl/ov5640/cmos_capture_data.v
HDL-1007 : analyze verilog file ../source_code/rtl/ov5640/i2c_dri.v
HDL-1007 : analyze verilog file ../source_code/rtl/ov5640/i2c_ov5640_rgb565_cfg.v
HDL-1007 : analyze verilog file ../source_code/rtl/ov5640/ov5640_delay.v
HDL-1007 : analyze verilog file ../source_code/rtl/ov5640/ov5640_dri.v
HDL-1007 : analyze verilog file al_ip/clk_wize.v
HDL-1007 : undeclared symbol 'open', assumed default net type 'wire' in al_ip/clk_wize.v(70)
HDL-1007 : analyze verilog file al_ip/ram.v
HDL-1007 : analyze verilog file ../source_code/rtl/app/addr_crt.v
HDL-1007 : analyze verilog file ../source_code/rtl/app/app.v
HDL-1007 : analyze verilog file ../source_code/rtl/app/vga_disp_rtl.v
HDL-1007 : analyze VHDL file ../source_code/rtl/hdmi_rtl/enc_file/DVITransmitter.enc.vhd
HDL-1007 : analyze entity dvitransmitter in ../source_code/rtl/hdmi_rtl/enc_file/DVITransmitter.enc.vhd(13)
HDL-1007 : analyze architecture ** in ../source_code/rtl/hdmi_rtl/enc_file/DVITransmitter.enc.vhd(2)
HDL-1007 : analyze VHDL file ../source_code/rtl/hdmi_rtl/enc_file/SerializerN_1_lvds.enc.vhd
HDL-1007 : analyze entity ** in ../source_code/rtl/hdmi_rtl/enc_file/SerializerN_1_lvds.enc.vhd(12)
HDL-1007 : analyze architecture ** in ../source_code/rtl/hdmi_rtl/enc_file/SerializerN_1_lvds.enc.vhd(25)
HDL-1007 : analyze VHDL file ../source_code/rtl/hdmi_rtl/enc_file/SerializerN_1_lvds_dat.enc.vhd
HDL-1007 : analyze entity ** in ../source_code/rtl/hdmi_rtl/enc_file/SerializerN_1_lvds_dat.enc.vhd(14)
HDL-1007 : analyze architecture ** in ../source_code/rtl/hdmi_rtl/enc_file/SerializerN_1_lvds_dat.enc.vhd(28)
HDL-1007 : analyze VHDL file ../source_code/rtl/hdmi_rtl/enc_file/TMDSEncoder.enc.vhd
HDL-1007 : analyze entity ** in ../source_code/rtl/hdmi_rtl/enc_file/TMDSEncoder.enc.vhd(13)
HDL-1007 : analyze architecture ** in ../source_code/rtl/hdmi_rtl/enc_file/TMDSEncoder.enc.vhd(24)
HDL-1007 : analyze verilog file ../source_code/rtl/hdmi_rtl/enc_file/video_tpg_1024768.enc.v
HDL-5007 WARNING: literal value ** truncated to fit in ** bits in ../source_code/rtl/hdmi_rtl/enc_file/video_tpg_1024768.enc.v(231)
HDL-1007 : back to file '../source_code/rtl/hdmi_rtl/enc_file/video_tpg_1024768.enc.v' in ../source_code/rtl/hdmi_rtl/enc_file/video_tpg_1024768.enc.v(1)
HDL-1007 : analyze verilog file ../source_code/rtl/hdmi_rtl/enc_file/video_tpg_1080p.enc.v
HDL-1007 : back to file '../source_code/rtl/hdmi_rtl/enc_file/video_tpg_1080p.enc.v' in ../source_code/rtl/hdmi_rtl/enc_file/video_tpg_1080p.enc.v(1)
HDL-1007 : analyze verilog file ../source_code/rtl/hdmi_rtl/enc_file/video_tpg_12801024p.enc.v
HDL-1007 : back to file '../source_code/rtl/hdmi_rtl/enc_file/video_tpg_12801024p.enc.v' in ../source_code/rtl/hdmi_rtl/enc_file/video_tpg_12801024p.enc.v(1)
HDL-1007 : analyze verilog file ../source_code/rtl/hdmi_rtl/enc_file/video_tpg_1280800.enc.v
HDL-5007 WARNING: literal value ** truncated to fit in ** bits in ../source_code/rtl/hdmi_rtl/enc_file/video_tpg_1280800.enc.v(233)
HDL-1007 : back to file '../source_code/rtl/hdmi_rtl/enc_file/video_tpg_1280800.enc.v' in ../source_code/rtl/hdmi_rtl/enc_file/video_tpg_1280800.enc.v(1)
HDL-1007 : analyze verilog file ../source_code/rtl/hdmi_rtl/enc_file/video_tpg_16801050p.enc.v
HDL-1007 : back to file '../source_code/rtl/hdmi_rtl/enc_file/video_tpg_16801050p.enc.v' in ../source_code/rtl/hdmi_rtl/enc_file/video_tpg_16801050p.enc.v(1)
HDL-1007 : analyze verilog file ../source_code/rtl/hdmi_rtl/enc_file/video_tpg_800600.enc.v
HDL-1007 : back to file '../source_code/rtl/hdmi_rtl/enc_file/video_tpg_800600.enc.v' in ../source_code/rtl/hdmi_rtl/enc_file/video_tpg_800600.enc.v(1)
HDL-1007 : analyze VHDL file ../source_code/rtl/hdmi_rtl/hdmi_tx.vhd
HDL-1007 : analyze entity hdmi_tx in ../source_code/rtl/hdmi_rtl/hdmi_tx.vhd(11)
HDL-1007 : analyze architecture behavioral in ../source_code/rtl/hdmi_rtl/hdmi_tx.vhd(33)
HDL-1007 : analyze verilog file ../source_code/rtl/hdmi_rtl/vga_disp_rtl.v
HDL-7201 CRITICAL-WARNING: overwrite current module 'vga_disp_rtl' in ../source_code/rtl/hdmi_rtl/vga_disp_rtl.v(1)
HDL-7307 CRITICAL-WARNING: previous definition of design element module 'vga_disp_rtl' is here. This is because multiple modules(values) with the same name are defined. Please consider rewriting code in ../source_code/rtl/app/vga_disp_rtl.v(1)
HDL-1007 : analyze verilog file ../source_code/rtl/another/fire_detect.v
HDL-1007 : analyze verilog file ../source_code/rtl/another/intrusion_detect.v
RUN-1002 : start command "commit_param -step design"
RUN-1001 : Print Global Property
RUN-1001 : --------------------------------------------------------
RUN-1001 :   Parameters   |  Settings  |  Default Values  |  Note  
RUN-1001 : --------------------------------------------------------
RUN-1001 :   enable_seed  |    off     |       off        |        
RUN-1001 :     message    |  standard  |     standard     |        
RUN-1001 :   qor_monitor  |     on     |        on        |        
RUN-1001 :   syn_ip_flow  |    off     |       off        |        
RUN-1001 :     thread     |    auto    |       auto       |        
RUN-1001 : --------------------------------------------------------
RUN-1001 : Print Design Property
RUN-1001 : ----------------------------------------------------------------
RUN-1001 :       Parameters       |  Settings  |  Default Values  |  Note  
RUN-1001 : ----------------------------------------------------------------
RUN-1001 :   default_reg_initial  |    auto    |       auto       |        
RUN-1001 :    hdl_warning_level   |   normal   |      normal      |        
RUN-1001 : ----------------------------------------------------------------
HDL-1007 : analyze verilog file last_attempt.v
HDL-1007 : undeclared symbol 'phy_reset', assumed default net type 'wire' in last_attempt.v(166)
HDL-1007 : undeclared symbol 'VGA_HSYNC', assumed default net type 'wire' in last_attempt.v(334)
HDL-1007 : undeclared symbol 'VGA_VSYNC', assumed default net type 'wire' in last_attempt.v(335)
HDL-1007 : undeclared symbol 'rd_en', assumed default net type 'wire' in last_attempt.v(337)
HDL-1007 : undeclared symbol 'tpg_data_done', assumed default net type 'wire' in last_attempt.v(701)
HDL-1007 : undeclared symbol 'full_flag', assumed default net type 'wire' in last_attempt.v(735)
HDL-1007 : undeclared symbol 'input_local_udp_port_num', assumed default net type 'wire' in last_attempt.v(766)
HDL-1007 : undeclared symbol 'input_local_udp_port_num_valid', assumed default net type 'wire' in last_attempt.v(767)
HDL-1007 : undeclared symbol 'input_local_ip_address_valid', assumed default net type 'wire' in last_attempt.v(770)
HDL-1007 : analyze verilog file ../source_code/rtl/udp/BUFGMUX.v
HDL-1007 : analyze verilog file ../source_code/rtl/udp/IDDR.v
HDL-1007 : analyze verilog file ../source_code/rtl/udp/ODDR.v
HDL-1007 : analyze verilog file ../source_code/rtl/udp/RAMB16_S9_S9.v
HDL-1007 : undeclared symbol 'open', assumed default net type 'wire' in ../source_code/rtl/udp/RAMB16_S9_S9.v(109)
HDL-1007 : analyze verilog file ../source_code/rtl/udp/clk_gen_rst_gen.v
HDL-1007 : analyze verilog file ../source_code/rtl/udp/div_clk_gen.v
HDL-1007 : analyze verilog file ../source_code/rtl/udp/rgmii_interface.v
HDL-1007 : analyze verilog file ../source_code/rtl/udp/rx_client_fifo.v
HDL-5370 WARNING: parameter 'WAIT_s' becomes localparam in 'rx_client_fifo' with formal parameter declaration list in ../source_code/rtl/udp/rx_client_fifo.v(49)
HDL-5370 WARNING: parameter 'QUEUE1_s' becomes localparam in 'rx_client_fifo' with formal parameter declaration list in ../source_code/rtl/udp/rx_client_fifo.v(50)
HDL-5370 WARNING: parameter 'QUEUE2_s' becomes localparam in 'rx_client_fifo' with formal parameter declaration list in ../source_code/rtl/udp/rx_client_fifo.v(51)
HDL-5370 WARNING: parameter 'QUEUE3_s' becomes localparam in 'rx_client_fifo' with formal parameter declaration list in ../source_code/rtl/udp/rx_client_fifo.v(52)
HDL-5370 WARNING: parameter 'QUEUE_SOF_s' becomes localparam in 'rx_client_fifo' with formal parameter declaration list in ../source_code/rtl/udp/rx_client_fifo.v(53)
HDL-5370 WARNING: parameter 'SOF_s' becomes localparam in 'rx_client_fifo' with formal parameter declaration list in ../source_code/rtl/udp/rx_client_fifo.v(54)
HDL-5370 WARNING: parameter 'DATA_s' becomes localparam in 'rx_client_fifo' with formal parameter declaration list in ../source_code/rtl/udp/rx_client_fifo.v(55)
HDL-5370 WARNING: parameter 'EOF_s' becomes localparam in 'rx_client_fifo' with formal parameter declaration list in ../source_code/rtl/udp/rx_client_fifo.v(56)
HDL-5370 WARNING: parameter 'IDLE_s' becomes localparam in 'rx_client_fifo' with formal parameter declaration list in ../source_code/rtl/udp/rx_client_fifo.v(62)
HDL-5370 WARNING: parameter 'FRAME_s' becomes localparam in 'rx_client_fifo' with formal parameter declaration list in ../source_code/rtl/udp/rx_client_fifo.v(63)
HDL-5370 Similar messages will be suppressed.
HDL-1007 : analyze verilog file ../source_code/rtl/udp/temac_block.v
HDL-1007 : analyze verilog file ../source_code/rtl/udp/temac_clk_gen.v
HDL-1007 : analyze verilog file ../source_code/rtl/udp/tx_client_fifo.v
HDL-5370 WARNING: parameter 'IDLE_s' becomes localparam in 'tx_client_fifo' with formal parameter declaration list in ../source_code/rtl/udp/tx_client_fifo.v(53)
HDL-5370 WARNING: parameter 'QUEUE1_s' becomes localparam in 'tx_client_fifo' with formal parameter declaration list in ../source_code/rtl/udp/tx_client_fifo.v(54)
HDL-5370 WARNING: parameter 'QUEUE2_s' becomes localparam in 'tx_client_fifo' with formal parameter declaration list in ../source_code/rtl/udp/tx_client_fifo.v(55)
HDL-5370 WARNING: parameter 'QUEUE3_s' becomes localparam in 'tx_client_fifo' with formal parameter declaration list in ../source_code/rtl/udp/tx_client_fifo.v(56)
HDL-5370 WARNING: parameter 'QUEUE_ACK_s' becomes localparam in 'tx_client_fifo' with formal parameter declaration list in ../source_code/rtl/udp/tx_client_fifo.v(57)
HDL-5370 WARNING: parameter 'WAIT_ACK_s' becomes localparam in 'tx_client_fifo' with formal parameter declaration list in ../source_code/rtl/udp/tx_client_fifo.v(58)
HDL-5370 WARNING: parameter 'FRAME_s' becomes localparam in 'tx_client_fifo' with formal parameter declaration list in ../source_code/rtl/udp/tx_client_fifo.v(59)
HDL-5370 WARNING: parameter 'DROP_s' becomes localparam in 'tx_client_fifo' with formal parameter declaration list in ../source_code/rtl/udp/tx_client_fifo.v(60)
HDL-5370 WARNING: parameter 'RETRANSMIT_s' becomes localparam in 'tx_client_fifo' with formal parameter declaration list in ../source_code/rtl/udp/tx_client_fifo.v(61)
HDL-5370 WARNING: parameter 'WAIT_s' becomes localparam in 'tx_client_fifo' with formal parameter declaration list in ../source_code/rtl/udp/tx_client_fifo.v(67)
HDL-5370 Similar messages will be suppressed.
HDL-1007 : analyze verilog file ../source_code/rtl/udp/tx_clk_en_gen.v
HDL-1007 : analyze verilog file ../source_code/rtl/udp/udp_data_tpg.v
HDL-1007 : analyze verilog file ../source_code/rtl/udp/udp_ip_protocol_stack_merge.enc.v
HDL-1007 : back to file '../source_code/rtl/udp/udp_ip_protocol_stack_merge.enc.v' in ../source_code/rtl/udp/udp_ip_protocol_stack_merge.enc.v(56)
HDL-1007 : undeclared symbol '**', assumed default net type '**' in ../source_code/rtl/udp/udp_ip_protocol_stack_merge.enc.v(2638)
HDL-1007 : back to file '../source_code/rtl/udp/udp_ip_protocol_stack_merge.enc.v' in ../source_code/rtl/udp/udp_ip_protocol_stack_merge.enc.v(420)
HDL-1007 : analyze verilog file ../source_code/rtl/udp/udp_loopback.v
HDL-1007 : analyze verilog file al_ip/TEMAC_CORE/RTL/include/define.v
HDL-1007 : analyze verilog file al_ip/TEMAC_CORE/RTL/TEMAC_CORE_aead6cd6dadd.v
HDL-5007 WARNING: column 1032 exceeds maximum value 1023 in al_ip/TEMAC_CORE/RTL/TEMAC_CORE_aead6cd6dadd.v(30)
HDL-1007 : back to file 'al_ip/TEMAC_CORE/RTL/TEMAC_CORE_aead6cd6dadd.v' in al_ip/TEMAC_CORE/RTL/TEMAC_CORE_aead6cd6dadd.v(86)
HDL-5007 WARNING: event expressions must result in a singular type in al_ip/TEMAC_CORE/RTL/TEMAC_CORE_aead6cd6dadd.v(3001)
HDL-1007 : undeclared symbol '**', assumed default net type '**' in al_ip/TEMAC_CORE/RTL/TEMAC_CORE_aead6cd6dadd.v(5050)
HDL-1007 : undeclared symbol '**', assumed default net type '**' in al_ip/TEMAC_CORE/RTL/TEMAC_CORE_aead6cd6dadd.v(5458)
HDL-5007 WARNING: column 1035 exceeds maximum value 1023 in al_ip/TEMAC_CORE/RTL/TEMAC_CORE_aead6cd6dadd.v(6001)
HDL-1007 : back to file 'al_ip/TEMAC_CORE/RTL/TEMAC_CORE_aead6cd6dadd.v' in al_ip/TEMAC_CORE/RTL/TEMAC_CORE_aead6cd6dadd.v(260)
HDL-1007 : analyze verilog file al_ip/TEMAC_CORE/RTL/mac_core_aead6cd6dadd.v
HDL-1007 : analyze verilog file al_ip/TEMAC_CORE/TEMAC_CORE.v
HDL-1007 : analyze verilog file al_ip/pll_gen.v
HDL-1007 : undeclared symbol 'pll_gen_open0', assumed default net type 'wire' in al_ip/pll_gen.v(99)
HDL-1007 : undeclared symbol 'pll_gen_open8', assumed default net type 'wire' in al_ip/pll_gen.v(105)
HDL-1007 : undeclared symbol 'pll_gen_open7', assumed default net type 'wire' in al_ip/pll_gen.v(105)
HDL-1007 : undeclared symbol 'pll_gen_open6', assumed default net type 'wire' in al_ip/pll_gen.v(105)
HDL-1007 : undeclared symbol 'pll_gen_open5', assumed default net type 'wire' in al_ip/pll_gen.v(105)
HDL-1007 : undeclared symbol 'pll_gen_open4', assumed default net type 'wire' in al_ip/pll_gen.v(105)
HDL-1007 : undeclared symbol 'pll_gen_open3', assumed default net type 'wire' in al_ip/pll_gen.v(105)
HDL-1007 : undeclared symbol 'pll_gen_open2', assumed default net type 'wire' in al_ip/pll_gen.v(105)
HDL-1007 : undeclared symbol 'pll_gen_open1', assumed default net type 'wire' in al_ip/pll_gen.v(105)
HDL-1007 : analyze verilog file al_ip/sys_pll.v
HDL-1007 : undeclared symbol 'sys_pll_open0', assumed default net type 'wire' in al_ip/sys_pll.v(77)
HDL-1007 : undeclared symbol 'sys_pll_open1', assumed default net type 'wire' in al_ip/sys_pll.v(83)
HDL-1007 : undeclared symbol 'sys_pll_open9', assumed default net type 'wire' in al_ip/sys_pll.v(89)
HDL-1007 : undeclared symbol 'sys_pll_open8', assumed default net type 'wire' in al_ip/sys_pll.v(89)
HDL-1007 : undeclared symbol 'sys_pll_open7', assumed default net type 'wire' in al_ip/sys_pll.v(89)
HDL-1007 : undeclared symbol 'sys_pll_open6', assumed default net type 'wire' in al_ip/sys_pll.v(89)
HDL-1007 : undeclared symbol 'sys_pll_open5', assumed default net type 'wire' in al_ip/sys_pll.v(89)
HDL-1007 : undeclared symbol 'sys_pll_open4', assumed default net type 'wire' in al_ip/sys_pll.v(89)
HDL-1007 : undeclared symbol 'sys_pll_open3', assumed default net type 'wire' in al_ip/sys_pll.v(89)
HDL-1007 : undeclared symbol 'sys_pll_open2', assumed default net type 'wire' in al_ip/sys_pll.v(89)
HDL-1007 : undeclared symbol 'sys_pll_open11', assumed default net type 'wire' in al_ip/sys_pll.v(91)
HDL-1007 : undeclared symbol 'sys_pll_open10', assumed default net type 'wire' in al_ip/sys_pll.v(91)
HDL-1007 : analyze verilog file ../source_code/rtl/sd_card/ax_debounce.v
HDL-1007 : analyze verilog file ../source_code/rtl/sd_card/bmp_read.v
HDL-1007 : analyze verilog file ../source_code/rtl/sd_card/sd_card_bmp.v
HDL-1007 : analyze verilog file ../source_code/rtl/sd_card/sd_card_cmd.v
HDL-1007 : analyze verilog file ../source_code/rtl/sd_card/sd_card_sec_read_write.v
HDL-1007 : analyze verilog file ../source_code/rtl/sd_card/sd_card_top.v
HDL-1007 : analyze verilog file ../source_code/rtl/sd_card/spi_master.v
HDL-1007 : analyze verilog file ../source_code/rtl/sdram/enc_file/global_def.v
HDL-1007 : analyze verilog file ../source_code/rtl/sdram/enc_file/sdr_as_ram.enc.v
HDL-1007 : back to file '../source_code/rtl/sdram/enc_file/sdr_as_ram.enc.v' in ../source_code/rtl/sdram/enc_file/sdr_as_ram.enc.v(54)
HDL-1007 : analyze verilog file ../source_code/rtl/sdram/enc_file/sdr_wrrd.enc.v
HDL-5007 WARNING: concatenation with an unsized literal will be treated as 32 bits in ../source_code/rtl/sdram/enc_file/sdr_wrrd.enc.v(283)
HDL-1007 : back to file '../source_code/rtl/sdram/enc_file/sdr_wrrd.enc.v' in ../source_code/rtl/sdram/enc_file/sdr_wrrd.enc.v(19)
HDL-1007 : analyze verilog file ../source_code/rtl/frame_fifo/afifo_16_32_256.v
HDL-1007 : analyze verilog file ../source_code/rtl/frame_fifo/afifo_32_16_256.v
HDL-1007 : analyze verilog file ../source_code/rtl/frame_fifo/frame_fifo_read.v
HDL-1007 : analyze verilog file ../source_code/rtl/frame_fifo/frame_fifo_write.v
HDL-1007 : analyze verilog file ../source_code/rtl/frame_fifo/frame_read_write.v
HDL-1007 : analyze verilog file ../source_code/rtl/sdram/sdram.v
HDL-1007 : analyze included file ../source_code/rtl/sdram/enc_file/global_def.v in ../source_code/rtl/sdram/sdram.v(10)
HDL-1007 : back to file '../source_code/rtl/sdram/sdram.v' in ../source_code/rtl/sdram/sdram.v(10)
HDL-1007 : undeclared symbol 'SDR_CKE', assumed default net type 'wire' in ../source_code/rtl/sdram/sdram.v(89)
HDL-1007 : analyze verilog file ../source_code/rtl/sdram/enc_file/sdr_init_ref.enc.v
HDL-1007 : analyze included file ../source_code/rtl/sdram/enc_file/global_def.v in ../source_code/rtl/sdram/enc_file/sdr_init_ref.enc.v(11)
HDL-1007 : back to file '../source_code/rtl/sdram/enc_file/sdr_init_ref.enc.v' in ../source_code/rtl/sdram/enc_file/sdr_init_ref.enc.v(11)
HDL-1007 : undeclared symbol '**', assumed default net type '**' in ../source_code/rtl/sdram/enc_file/sdr_init_ref.enc.v(57)
HDL-1007 : back to file '../source_code/rtl/sdram/enc_file/sdr_init_ref.enc.v' in ../source_code/rtl/sdram/enc_file/sdr_init_ref.enc.v(149)
HDL-5007 WARNING: concatenation with an unsized literal will be treated as 32 bits in ../source_code/rtl/sdram/enc_file/sdr_init_ref.enc.v(47)
HDL-1007 : analyze verilog file ../source_code/rtl/video_timing/color_bar.v
HDL-1007 : analyze included file ../source_code/rtl/video_timing/video_define.v in ../source_code/rtl/video_timing/color_bar.v(2)
HDL-1007 : back to file '../source_code/rtl/video_timing/color_bar.v' in ../source_code/rtl/video_timing/color_bar.v(2)
HDL-1007 : analyze verilog file ../source_code/rtl/video_timing/video_delay.v
HDL-1007 : analyze verilog file ../source_code/rtl/video_timing/video_timing_data.v
HDL-1007 : analyze verilog file ../source_code/rtl/another/m_synchronization_header.v
HDL-1007 : analyze verilog file ../source_code/rtl/led.v
HDL-1007 : analyze verilog file ../source_code/rtl/ov5640/cmos_capture_data.v
HDL-1007 : analyze verilog file ../source_code/rtl/ov5640/i2c_dri.v
HDL-1007 : analyze verilog file ../source_code/rtl/ov5640/i2c_ov5640_rgb565_cfg.v
HDL-1007 : analyze verilog file ../source_code/rtl/ov5640/ov5640_delay.v
HDL-1007 : analyze verilog file ../source_code/rtl/ov5640/ov5640_dri.v
HDL-1007 : analyze verilog file al_ip/clk_wize.v
HDL-1007 : undeclared symbol 'open', assumed default net type 'wire' in al_ip/clk_wize.v(70)
HDL-1007 : analyze verilog file al_ip/ram.v
HDL-1007 : analyze verilog file ../source_code/rtl/app/addr_crt.v
HDL-1007 : analyze verilog file ../source_code/rtl/app/app.v
HDL-1007 : analyze verilog file ../source_code/rtl/app/vga_disp_rtl.v
HDL-1007 : analyze VHDL file ../source_code/rtl/hdmi_rtl/enc_file/DVITransmitter.enc.vhd
HDL-1007 : analyze entity dvitransmitter in ../source_code/rtl/hdmi_rtl/enc_file/DVITransmitter.enc.vhd(13)
HDL-1007 : analyze architecture ** in ../source_code/rtl/hdmi_rtl/enc_file/DVITransmitter.enc.vhd(2)
HDL-1007 : analyze VHDL file ../source_code/rtl/hdmi_rtl/enc_file/SerializerN_1_lvds.enc.vhd
HDL-1007 : analyze entity ** in ../source_code/rtl/hdmi_rtl/enc_file/SerializerN_1_lvds.enc.vhd(12)
HDL-1007 : analyze architecture ** in ../source_code/rtl/hdmi_rtl/enc_file/SerializerN_1_lvds.enc.vhd(25)
HDL-1007 : analyze VHDL file ../source_code/rtl/hdmi_rtl/enc_file/SerializerN_1_lvds_dat.enc.vhd
HDL-1007 : analyze entity ** in ../source_code/rtl/hdmi_rtl/enc_file/SerializerN_1_lvds_dat.enc.vhd(14)
HDL-1007 : analyze architecture ** in ../source_code/rtl/hdmi_rtl/enc_file/SerializerN_1_lvds_dat.enc.vhd(28)
HDL-1007 : analyze VHDL file ../source_code/rtl/hdmi_rtl/enc_file/TMDSEncoder.enc.vhd
HDL-1007 : analyze entity ** in ../source_code/rtl/hdmi_rtl/enc_file/TMDSEncoder.enc.vhd(13)
HDL-1007 : analyze architecture ** in ../source_code/rtl/hdmi_rtl/enc_file/TMDSEncoder.enc.vhd(24)
HDL-1007 : analyze verilog file ../source_code/rtl/hdmi_rtl/enc_file/video_tpg_1024768.enc.v
HDL-5007 WARNING: literal value ** truncated to fit in ** bits in ../source_code/rtl/hdmi_rtl/enc_file/video_tpg_1024768.enc.v(231)
HDL-1007 : back to file '../source_code/rtl/hdmi_rtl/enc_file/video_tpg_1024768.enc.v' in ../source_code/rtl/hdmi_rtl/enc_file/video_tpg_1024768.enc.v(1)
HDL-1007 : analyze verilog file ../source_code/rtl/hdmi_rtl/enc_file/video_tpg_1080p.enc.v
HDL-1007 : back to file '../source_code/rtl/hdmi_rtl/enc_file/video_tpg_1080p.enc.v' in ../source_code/rtl/hdmi_rtl/enc_file/video_tpg_1080p.enc.v(1)
HDL-1007 : analyze verilog file ../source_code/rtl/hdmi_rtl/enc_file/video_tpg_12801024p.enc.v
HDL-1007 : back to file '../source_code/rtl/hdmi_rtl/enc_file/video_tpg_12801024p.enc.v' in ../source_code/rtl/hdmi_rtl/enc_file/video_tpg_12801024p.enc.v(1)
HDL-1007 : analyze verilog file ../source_code/rtl/hdmi_rtl/enc_file/video_tpg_1280800.enc.v
HDL-5007 WARNING: literal value ** truncated to fit in ** bits in ../source_code/rtl/hdmi_rtl/enc_file/video_tpg_1280800.enc.v(233)
HDL-1007 : back to file '../source_code/rtl/hdmi_rtl/enc_file/video_tpg_1280800.enc.v' in ../source_code/rtl/hdmi_rtl/enc_file/video_tpg_1280800.enc.v(1)
HDL-1007 : analyze verilog file ../source_code/rtl/hdmi_rtl/enc_file/video_tpg_16801050p.enc.v
HDL-1007 : back to file '../source_code/rtl/hdmi_rtl/enc_file/video_tpg_16801050p.enc.v' in ../source_code/rtl/hdmi_rtl/enc_file/video_tpg_16801050p.enc.v(1)
HDL-1007 : analyze verilog file ../source_code/rtl/hdmi_rtl/enc_file/video_tpg_800600.enc.v
HDL-1007 : back to file '../source_code/rtl/hdmi_rtl/enc_file/video_tpg_800600.enc.v' in ../source_code/rtl/hdmi_rtl/enc_file/video_tpg_800600.enc.v(1)
HDL-1007 : analyze VHDL file ../source_code/rtl/hdmi_rtl/hdmi_tx.vhd
HDL-1007 : analyze entity hdmi_tx in ../source_code/rtl/hdmi_rtl/hdmi_tx.vhd(11)
HDL-1007 : analyze architecture behavioral in ../source_code/rtl/hdmi_rtl/hdmi_tx.vhd(33)
HDL-1007 : analyze verilog file ../source_code/rtl/hdmi_rtl/vga_disp_rtl.v
HDL-7201 CRITICAL-WARNING: overwrite current module 'vga_disp_rtl' in ../source_code/rtl/hdmi_rtl/vga_disp_rtl.v(1)
HDL-7307 CRITICAL-WARNING: previous definition of design element module 'vga_disp_rtl' is here. This is because multiple modules(values) with the same name are defined. Please consider rewriting code in ../source_code/rtl/app/vga_disp_rtl.v(1)
HDL-1007 : analyze verilog file ../source_code/rtl/another/fire_detect.v
HDL-1007 : analyze verilog file ../source_code/rtl/another/intrusion_detect.v
RUN-1002 : start command "commit_param -step design"
RUN-1001 : Print Global Property
RUN-1001 : --------------------------------------------------------
RUN-1001 :   Parameters   |  Settings  |  Default Values  |  Note  
RUN-1001 : --------------------------------------------------------
RUN-1001 :   enable_seed  |    off     |       off        |        
RUN-1001 :     message    |  standard  |     standard     |        
RUN-1001 :   qor_monitor  |     on     |        on        |        
RUN-1001 :   syn_ip_flow  |    off     |       off        |        
RUN-1001 :     thread     |    auto    |       auto       |        
RUN-1001 : --------------------------------------------------------
RUN-1001 : Print Design Property
RUN-1001 : ----------------------------------------------------------------
RUN-1001 :       Parameters       |  Settings  |  Default Values  |  Note  
RUN-1001 : ----------------------------------------------------------------
RUN-1001 :   default_reg_initial  |    auto    |       auto       |        
RUN-1001 :    hdl_warning_level   |   normal   |      normal      |        
RUN-1001 : ----------------------------------------------------------------
HDL-1007 : analyze verilog file last_attempt.v
HDL-1007 : undeclared symbol 'phy_reset', assumed default net type 'wire' in last_attempt.v(166)
HDL-1007 : undeclared symbol 'VGA_HSYNC', assumed default net type 'wire' in last_attempt.v(334)
HDL-1007 : undeclared symbol 'VGA_VSYNC', assumed default net type 'wire' in last_attempt.v(335)
HDL-1007 : undeclared symbol 'rd_en', assumed default net type 'wire' in last_attempt.v(337)
HDL-1007 : undeclared symbol 'tpg_data_done', assumed default net type 'wire' in last_attempt.v(689)
HDL-1007 : undeclared symbol 'full_flag', assumed default net type 'wire' in last_attempt.v(723)
HDL-1007 : undeclared symbol 'input_local_udp_port_num', assumed default net type 'wire' in last_attempt.v(754)
HDL-1007 : undeclared symbol 'input_local_udp_port_num_valid', assumed default net type 'wire' in last_attempt.v(755)
HDL-1007 : undeclared symbol 'input_local_ip_address_valid', assumed default net type 'wire' in last_attempt.v(758)
HDL-1007 : analyze verilog file ../source_code/rtl/udp/BUFGMUX.v
HDL-1007 : analyze verilog file ../source_code/rtl/udp/IDDR.v
HDL-1007 : analyze verilog file ../source_code/rtl/udp/ODDR.v
HDL-1007 : analyze verilog file ../source_code/rtl/udp/RAMB16_S9_S9.v
HDL-1007 : undeclared symbol 'open', assumed default net type 'wire' in ../source_code/rtl/udp/RAMB16_S9_S9.v(109)
HDL-1007 : analyze verilog file ../source_code/rtl/udp/clk_gen_rst_gen.v
HDL-1007 : analyze verilog file ../source_code/rtl/udp/div_clk_gen.v
HDL-1007 : analyze verilog file ../source_code/rtl/udp/rgmii_interface.v
HDL-1007 : analyze verilog file ../source_code/rtl/udp/rx_client_fifo.v
HDL-5370 WARNING: parameter 'WAIT_s' becomes localparam in 'rx_client_fifo' with formal parameter declaration list in ../source_code/rtl/udp/rx_client_fifo.v(49)
HDL-5370 WARNING: parameter 'QUEUE1_s' becomes localparam in 'rx_client_fifo' with formal parameter declaration list in ../source_code/rtl/udp/rx_client_fifo.v(50)
HDL-5370 WARNING: parameter 'QUEUE2_s' becomes localparam in 'rx_client_fifo' with formal parameter declaration list in ../source_code/rtl/udp/rx_client_fifo.v(51)
HDL-5370 WARNING: parameter 'QUEUE3_s' becomes localparam in 'rx_client_fifo' with formal parameter declaration list in ../source_code/rtl/udp/rx_client_fifo.v(52)
HDL-5370 WARNING: parameter 'QUEUE_SOF_s' becomes localparam in 'rx_client_fifo' with formal parameter declaration list in ../source_code/rtl/udp/rx_client_fifo.v(53)
HDL-5370 WARNING: parameter 'SOF_s' becomes localparam in 'rx_client_fifo' with formal parameter declaration list in ../source_code/rtl/udp/rx_client_fifo.v(54)
HDL-5370 WARNING: parameter 'DATA_s' becomes localparam in 'rx_client_fifo' with formal parameter declaration list in ../source_code/rtl/udp/rx_client_fifo.v(55)
HDL-5370 WARNING: parameter 'EOF_s' becomes localparam in 'rx_client_fifo' with formal parameter declaration list in ../source_code/rtl/udp/rx_client_fifo.v(56)
HDL-5370 WARNING: parameter 'IDLE_s' becomes localparam in 'rx_client_fifo' with formal parameter declaration list in ../source_code/rtl/udp/rx_client_fifo.v(62)
HDL-5370 WARNING: parameter 'FRAME_s' becomes localparam in 'rx_client_fifo' with formal parameter declaration list in ../source_code/rtl/udp/rx_client_fifo.v(63)
HDL-5370 Similar messages will be suppressed.
HDL-1007 : analyze verilog file ../source_code/rtl/udp/temac_block.v
HDL-1007 : analyze verilog file ../source_code/rtl/udp/temac_clk_gen.v
HDL-1007 : analyze verilog file ../source_code/rtl/udp/tx_client_fifo.v
HDL-5370 WARNING: parameter 'IDLE_s' becomes localparam in 'tx_client_fifo' with formal parameter declaration list in ../source_code/rtl/udp/tx_client_fifo.v(53)
HDL-5370 WARNING: parameter 'QUEUE1_s' becomes localparam in 'tx_client_fifo' with formal parameter declaration list in ../source_code/rtl/udp/tx_client_fifo.v(54)
HDL-5370 WARNING: parameter 'QUEUE2_s' becomes localparam in 'tx_client_fifo' with formal parameter declaration list in ../source_code/rtl/udp/tx_client_fifo.v(55)
HDL-5370 WARNING: parameter 'QUEUE3_s' becomes localparam in 'tx_client_fifo' with formal parameter declaration list in ../source_code/rtl/udp/tx_client_fifo.v(56)
HDL-5370 WARNING: parameter 'QUEUE_ACK_s' becomes localparam in 'tx_client_fifo' with formal parameter declaration list in ../source_code/rtl/udp/tx_client_fifo.v(57)
HDL-5370 WARNING: parameter 'WAIT_ACK_s' becomes localparam in 'tx_client_fifo' with formal parameter declaration list in ../source_code/rtl/udp/tx_client_fifo.v(58)
HDL-5370 WARNING: parameter 'FRAME_s' becomes localparam in 'tx_client_fifo' with formal parameter declaration list in ../source_code/rtl/udp/tx_client_fifo.v(59)
HDL-5370 WARNING: parameter 'DROP_s' becomes localparam in 'tx_client_fifo' with formal parameter declaration list in ../source_code/rtl/udp/tx_client_fifo.v(60)
HDL-5370 WARNING: parameter 'RETRANSMIT_s' becomes localparam in 'tx_client_fifo' with formal parameter declaration list in ../source_code/rtl/udp/tx_client_fifo.v(61)
HDL-5370 WARNING: parameter 'WAIT_s' becomes localparam in 'tx_client_fifo' with formal parameter declaration list in ../source_code/rtl/udp/tx_client_fifo.v(67)
HDL-5370 Similar messages will be suppressed.
HDL-1007 : analyze verilog file ../source_code/rtl/udp/tx_clk_en_gen.v
HDL-1007 : analyze verilog file ../source_code/rtl/udp/udp_data_tpg.v
HDL-1007 : analyze verilog file ../source_code/rtl/udp/udp_ip_protocol_stack_merge.enc.v
HDL-1007 : back to file '../source_code/rtl/udp/udp_ip_protocol_stack_merge.enc.v' in ../source_code/rtl/udp/udp_ip_protocol_stack_merge.enc.v(56)
HDL-1007 : undeclared symbol '**', assumed default net type '**' in ../source_code/rtl/udp/udp_ip_protocol_stack_merge.enc.v(2638)
HDL-1007 : back to file '../source_code/rtl/udp/udp_ip_protocol_stack_merge.enc.v' in ../source_code/rtl/udp/udp_ip_protocol_stack_merge.enc.v(420)
HDL-1007 : analyze verilog file ../source_code/rtl/udp/udp_loopback.v
HDL-1007 : analyze verilog file al_ip/TEMAC_CORE/RTL/include/define.v
HDL-1007 : analyze verilog file al_ip/TEMAC_CORE/RTL/TEMAC_CORE_aead6cd6dadd.v
HDL-5007 WARNING: column 1032 exceeds maximum value 1023 in al_ip/TEMAC_CORE/RTL/TEMAC_CORE_aead6cd6dadd.v(30)
HDL-1007 : back to file 'al_ip/TEMAC_CORE/RTL/TEMAC_CORE_aead6cd6dadd.v' in al_ip/TEMAC_CORE/RTL/TEMAC_CORE_aead6cd6dadd.v(86)
HDL-5007 WARNING: event expressions must result in a singular type in al_ip/TEMAC_CORE/RTL/TEMAC_CORE_aead6cd6dadd.v(3001)
HDL-1007 : undeclared symbol '**', assumed default net type '**' in al_ip/TEMAC_CORE/RTL/TEMAC_CORE_aead6cd6dadd.v(5050)
HDL-1007 : undeclared symbol '**', assumed default net type '**' in al_ip/TEMAC_CORE/RTL/TEMAC_CORE_aead6cd6dadd.v(5458)
HDL-5007 WARNING: column 1035 exceeds maximum value 1023 in al_ip/TEMAC_CORE/RTL/TEMAC_CORE_aead6cd6dadd.v(6001)
HDL-1007 : back to file 'al_ip/TEMAC_CORE/RTL/TEMAC_CORE_aead6cd6dadd.v' in al_ip/TEMAC_CORE/RTL/TEMAC_CORE_aead6cd6dadd.v(260)
HDL-1007 : analyze verilog file al_ip/TEMAC_CORE/RTL/mac_core_aead6cd6dadd.v
HDL-1007 : analyze verilog file al_ip/TEMAC_CORE/TEMAC_CORE.v
HDL-1007 : analyze verilog file al_ip/pll_gen.v
HDL-1007 : undeclared symbol 'pll_gen_open0', assumed default net type 'wire' in al_ip/pll_gen.v(99)
HDL-1007 : undeclared symbol 'pll_gen_open8', assumed default net type 'wire' in al_ip/pll_gen.v(105)
HDL-1007 : undeclared symbol 'pll_gen_open7', assumed default net type 'wire' in al_ip/pll_gen.v(105)
HDL-1007 : undeclared symbol 'pll_gen_open6', assumed default net type 'wire' in al_ip/pll_gen.v(105)
HDL-1007 : undeclared symbol 'pll_gen_open5', assumed default net type 'wire' in al_ip/pll_gen.v(105)
HDL-1007 : undeclared symbol 'pll_gen_open4', assumed default net type 'wire' in al_ip/pll_gen.v(105)
HDL-1007 : undeclared symbol 'pll_gen_open3', assumed default net type 'wire' in al_ip/pll_gen.v(105)
HDL-1007 : undeclared symbol 'pll_gen_open2', assumed default net type 'wire' in al_ip/pll_gen.v(105)
HDL-1007 : undeclared symbol 'pll_gen_open1', assumed default net type 'wire' in al_ip/pll_gen.v(105)
HDL-1007 : analyze verilog file al_ip/sys_pll.v
HDL-1007 : undeclared symbol 'sys_pll_open0', assumed default net type 'wire' in al_ip/sys_pll.v(77)
HDL-1007 : undeclared symbol 'sys_pll_open1', assumed default net type 'wire' in al_ip/sys_pll.v(83)
HDL-1007 : undeclared symbol 'sys_pll_open9', assumed default net type 'wire' in al_ip/sys_pll.v(89)
HDL-1007 : undeclared symbol 'sys_pll_open8', assumed default net type 'wire' in al_ip/sys_pll.v(89)
HDL-1007 : undeclared symbol 'sys_pll_open7', assumed default net type 'wire' in al_ip/sys_pll.v(89)
HDL-1007 : undeclared symbol 'sys_pll_open6', assumed default net type 'wire' in al_ip/sys_pll.v(89)
HDL-1007 : undeclared symbol 'sys_pll_open5', assumed default net type 'wire' in al_ip/sys_pll.v(89)
HDL-1007 : undeclared symbol 'sys_pll_open4', assumed default net type 'wire' in al_ip/sys_pll.v(89)
HDL-1007 : undeclared symbol 'sys_pll_open3', assumed default net type 'wire' in al_ip/sys_pll.v(89)
HDL-1007 : undeclared symbol 'sys_pll_open2', assumed default net type 'wire' in al_ip/sys_pll.v(89)
HDL-1007 : undeclared symbol 'sys_pll_open11', assumed default net type 'wire' in al_ip/sys_pll.v(91)
HDL-1007 : undeclared symbol 'sys_pll_open10', assumed default net type 'wire' in al_ip/sys_pll.v(91)
HDL-1007 : analyze verilog file ../source_code/rtl/sd_card/ax_debounce.v
HDL-1007 : analyze verilog file ../source_code/rtl/sd_card/bmp_read.v
HDL-1007 : analyze verilog file ../source_code/rtl/sd_card/sd_card_bmp.v
HDL-1007 : analyze verilog file ../source_code/rtl/sd_card/sd_card_cmd.v
HDL-1007 : analyze verilog file ../source_code/rtl/sd_card/sd_card_sec_read_write.v
HDL-1007 : analyze verilog file ../source_code/rtl/sd_card/sd_card_top.v
HDL-1007 : analyze verilog file ../source_code/rtl/sd_card/spi_master.v
HDL-1007 : analyze verilog file ../source_code/rtl/sdram/enc_file/global_def.v
HDL-1007 : analyze verilog file ../source_code/rtl/sdram/enc_file/sdr_as_ram.enc.v
HDL-1007 : back to file '../source_code/rtl/sdram/enc_file/sdr_as_ram.enc.v' in ../source_code/rtl/sdram/enc_file/sdr_as_ram.enc.v(54)
HDL-1007 : analyze verilog file ../source_code/rtl/sdram/enc_file/sdr_wrrd.enc.v
HDL-5007 WARNING: concatenation with an unsized literal will be treated as 32 bits in ../source_code/rtl/sdram/enc_file/sdr_wrrd.enc.v(283)
HDL-1007 : back to file '../source_code/rtl/sdram/enc_file/sdr_wrrd.enc.v' in ../source_code/rtl/sdram/enc_file/sdr_wrrd.enc.v(19)
HDL-1007 : analyze verilog file ../source_code/rtl/frame_fifo/afifo_16_32_256.v
HDL-1007 : analyze verilog file ../source_code/rtl/frame_fifo/afifo_32_16_256.v
HDL-1007 : analyze verilog file ../source_code/rtl/frame_fifo/frame_fifo_read.v
HDL-1007 : analyze verilog file ../source_code/rtl/frame_fifo/frame_fifo_write.v
HDL-1007 : analyze verilog file ../source_code/rtl/frame_fifo/frame_read_write.v
HDL-1007 : analyze verilog file ../source_code/rtl/sdram/sdram.v
HDL-1007 : analyze included file ../source_code/rtl/sdram/enc_file/global_def.v in ../source_code/rtl/sdram/sdram.v(10)
HDL-1007 : back to file '../source_code/rtl/sdram/sdram.v' in ../source_code/rtl/sdram/sdram.v(10)
HDL-1007 : undeclared symbol 'SDR_CKE', assumed default net type 'wire' in ../source_code/rtl/sdram/sdram.v(89)
HDL-1007 : analyze verilog file ../source_code/rtl/sdram/enc_file/sdr_init_ref.enc.v
HDL-1007 : analyze included file ../source_code/rtl/sdram/enc_file/global_def.v in ../source_code/rtl/sdram/enc_file/sdr_init_ref.enc.v(11)
HDL-1007 : back to file '../source_code/rtl/sdram/enc_file/sdr_init_ref.enc.v' in ../source_code/rtl/sdram/enc_file/sdr_init_ref.enc.v(11)
HDL-1007 : undeclared symbol '**', assumed default net type '**' in ../source_code/rtl/sdram/enc_file/sdr_init_ref.enc.v(57)
HDL-1007 : back to file '../source_code/rtl/sdram/enc_file/sdr_init_ref.enc.v' in ../source_code/rtl/sdram/enc_file/sdr_init_ref.enc.v(149)
HDL-5007 WARNING: concatenation with an unsized literal will be treated as 32 bits in ../source_code/rtl/sdram/enc_file/sdr_init_ref.enc.v(47)
HDL-1007 : analyze verilog file ../source_code/rtl/video_timing/color_bar.v
HDL-1007 : analyze included file ../source_code/rtl/video_timing/video_define.v in ../source_code/rtl/video_timing/color_bar.v(2)
HDL-1007 : back to file '../source_code/rtl/video_timing/color_bar.v' in ../source_code/rtl/video_timing/color_bar.v(2)
HDL-1007 : analyze verilog file ../source_code/rtl/video_timing/video_delay.v
HDL-1007 : analyze verilog file ../source_code/rtl/video_timing/video_timing_data.v
HDL-1007 : analyze verilog file ../source_code/rtl/another/m_synchronization_header.v
HDL-1007 : analyze verilog file ../source_code/rtl/led.v
HDL-1007 : analyze verilog file ../source_code/rtl/ov5640/cmos_capture_data.v
HDL-1007 : analyze verilog file ../source_code/rtl/ov5640/i2c_dri.v
HDL-1007 : analyze verilog file ../source_code/rtl/ov5640/i2c_ov5640_rgb565_cfg.v
HDL-1007 : analyze verilog file ../source_code/rtl/ov5640/ov5640_delay.v
HDL-1007 : analyze verilog file ../source_code/rtl/ov5640/ov5640_dri.v
HDL-1007 : analyze verilog file al_ip/clk_wize.v
HDL-1007 : undeclared symbol 'open', assumed default net type 'wire' in al_ip/clk_wize.v(70)
HDL-1007 : analyze verilog file al_ip/ram.v
HDL-1007 : analyze verilog file ../source_code/rtl/app/addr_crt.v
HDL-1007 : analyze verilog file ../source_code/rtl/app/app.v
HDL-1007 : analyze verilog file ../source_code/rtl/app/vga_disp_rtl.v
HDL-1007 : analyze VHDL file ../source_code/rtl/hdmi_rtl/enc_file/DVITransmitter.enc.vhd
HDL-1007 : analyze entity dvitransmitter in ../source_code/rtl/hdmi_rtl/enc_file/DVITransmitter.enc.vhd(13)
HDL-1007 : analyze architecture ** in ../source_code/rtl/hdmi_rtl/enc_file/DVITransmitter.enc.vhd(2)
HDL-1007 : analyze VHDL file ../source_code/rtl/hdmi_rtl/enc_file/SerializerN_1_lvds.enc.vhd
HDL-1007 : analyze entity ** in ../source_code/rtl/hdmi_rtl/enc_file/SerializerN_1_lvds.enc.vhd(12)
HDL-1007 : analyze architecture ** in ../source_code/rtl/hdmi_rtl/enc_file/SerializerN_1_lvds.enc.vhd(25)
HDL-1007 : analyze VHDL file ../source_code/rtl/hdmi_rtl/enc_file/SerializerN_1_lvds_dat.enc.vhd
HDL-1007 : analyze entity ** in ../source_code/rtl/hdmi_rtl/enc_file/SerializerN_1_lvds_dat.enc.vhd(14)
HDL-1007 : analyze architecture ** in ../source_code/rtl/hdmi_rtl/enc_file/SerializerN_1_lvds_dat.enc.vhd(28)
HDL-1007 : analyze VHDL file ../source_code/rtl/hdmi_rtl/enc_file/TMDSEncoder.enc.vhd
HDL-1007 : analyze entity ** in ../source_code/rtl/hdmi_rtl/enc_file/TMDSEncoder.enc.vhd(13)
HDL-1007 : analyze architecture ** in ../source_code/rtl/hdmi_rtl/enc_file/TMDSEncoder.enc.vhd(24)
HDL-1007 : analyze verilog file ../source_code/rtl/hdmi_rtl/enc_file/video_tpg_1024768.enc.v
HDL-5007 WARNING: literal value ** truncated to fit in ** bits in ../source_code/rtl/hdmi_rtl/enc_file/video_tpg_1024768.enc.v(231)
HDL-1007 : back to file '../source_code/rtl/hdmi_rtl/enc_file/video_tpg_1024768.enc.v' in ../source_code/rtl/hdmi_rtl/enc_file/video_tpg_1024768.enc.v(1)
HDL-1007 : analyze verilog file ../source_code/rtl/hdmi_rtl/enc_file/video_tpg_1080p.enc.v
HDL-1007 : back to file '../source_code/rtl/hdmi_rtl/enc_file/video_tpg_1080p.enc.v' in ../source_code/rtl/hdmi_rtl/enc_file/video_tpg_1080p.enc.v(1)
HDL-1007 : analyze verilog file ../source_code/rtl/hdmi_rtl/enc_file/video_tpg_12801024p.enc.v
HDL-1007 : back to file '../source_code/rtl/hdmi_rtl/enc_file/video_tpg_12801024p.enc.v' in ../source_code/rtl/hdmi_rtl/enc_file/video_tpg_12801024p.enc.v(1)
HDL-1007 : analyze verilog file ../source_code/rtl/hdmi_rtl/enc_file/video_tpg_1280800.enc.v
HDL-5007 WARNING: literal value ** truncated to fit in ** bits in ../source_code/rtl/hdmi_rtl/enc_file/video_tpg_1280800.enc.v(233)
HDL-1007 : back to file '../source_code/rtl/hdmi_rtl/enc_file/video_tpg_1280800.enc.v' in ../source_code/rtl/hdmi_rtl/enc_file/video_tpg_1280800.enc.v(1)
HDL-1007 : analyze verilog file ../source_code/rtl/hdmi_rtl/enc_file/video_tpg_16801050p.enc.v
HDL-1007 : back to file '../source_code/rtl/hdmi_rtl/enc_file/video_tpg_16801050p.enc.v' in ../source_code/rtl/hdmi_rtl/enc_file/video_tpg_16801050p.enc.v(1)
HDL-1007 : analyze verilog file ../source_code/rtl/hdmi_rtl/enc_file/video_tpg_800600.enc.v
HDL-1007 : back to file '../source_code/rtl/hdmi_rtl/enc_file/video_tpg_800600.enc.v' in ../source_code/rtl/hdmi_rtl/enc_file/video_tpg_800600.enc.v(1)
HDL-1007 : analyze VHDL file ../source_code/rtl/hdmi_rtl/hdmi_tx.vhd
HDL-1007 : analyze entity hdmi_tx in ../source_code/rtl/hdmi_rtl/hdmi_tx.vhd(11)
HDL-1007 : analyze architecture behavioral in ../source_code/rtl/hdmi_rtl/hdmi_tx.vhd(33)
HDL-1007 : analyze verilog file ../source_code/rtl/hdmi_rtl/vga_disp_rtl.v
HDL-7201 CRITICAL-WARNING: overwrite current module 'vga_disp_rtl' in ../source_code/rtl/hdmi_rtl/vga_disp_rtl.v(1)
HDL-7307 CRITICAL-WARNING: previous definition of design element module 'vga_disp_rtl' is here. This is because multiple modules(values) with the same name are defined. Please consider rewriting code in ../source_code/rtl/app/vga_disp_rtl.v(1)
HDL-1007 : analyze verilog file ../source_code/rtl/another/fire_detect.v
HDL-1007 : analyze verilog file ../source_code/rtl/another/intrusion_detect.v
RUN-1002 : start command "commit_param -step design"
RUN-1001 : Print Global Property
RUN-1001 : --------------------------------------------------------
RUN-1001 :   Parameters   |  Settings  |  Default Values  |  Note  
RUN-1001 : --------------------------------------------------------
RUN-1001 :   enable_seed  |    off     |       off        |        
RUN-1001 :     message    |  standard  |     standard     |        
RUN-1001 :   qor_monitor  |     on     |        on        |        
RUN-1001 :   syn_ip_flow  |    off     |       off        |        
RUN-1001 :     thread     |    auto    |       auto       |        
RUN-1001 : --------------------------------------------------------
RUN-1001 : Print Design Property
RUN-1001 : ----------------------------------------------------------------
RUN-1001 :       Parameters       |  Settings  |  Default Values  |  Note  
RUN-1001 : ----------------------------------------------------------------
RUN-1001 :   default_reg_initial  |    auto    |       auto       |        
RUN-1001 :    hdl_warning_level   |   normal   |      normal      |        
RUN-1001 : ----------------------------------------------------------------
HDL-1007 : analyze verilog file last_attempt.v
HDL-1007 : undeclared symbol 'phy_reset', assumed default net type 'wire' in last_attempt.v(166)
HDL-1007 : undeclared symbol 'VGA_HSYNC', assumed default net type 'wire' in last_attempt.v(334)
HDL-1007 : undeclared symbol 'VGA_VSYNC', assumed default net type 'wire' in last_attempt.v(335)
HDL-1007 : undeclared symbol 'rd_en', assumed default net type 'wire' in last_attempt.v(337)
HDL-1007 : undeclared symbol 'tpg_data_done', assumed default net type 'wire' in last_attempt.v(691)
HDL-1007 : undeclared symbol 'full_flag', assumed default net type 'wire' in last_attempt.v(725)
HDL-1007 : undeclared symbol 'input_local_udp_port_num', assumed default net type 'wire' in last_attempt.v(756)
HDL-1007 : undeclared symbol 'input_local_udp_port_num_valid', assumed default net type 'wire' in last_attempt.v(757)
HDL-1007 : undeclared symbol 'input_local_ip_address_valid', assumed default net type 'wire' in last_attempt.v(760)
HDL-1007 : analyze verilog file ../source_code/rtl/udp/BUFGMUX.v
HDL-1007 : analyze verilog file ../source_code/rtl/udp/IDDR.v
HDL-1007 : analyze verilog file ../source_code/rtl/udp/ODDR.v
HDL-1007 : analyze verilog file ../source_code/rtl/udp/RAMB16_S9_S9.v
HDL-1007 : undeclared symbol 'open', assumed default net type 'wire' in ../source_code/rtl/udp/RAMB16_S9_S9.v(109)
HDL-1007 : analyze verilog file ../source_code/rtl/udp/clk_gen_rst_gen.v
HDL-1007 : analyze verilog file ../source_code/rtl/udp/div_clk_gen.v
HDL-1007 : analyze verilog file ../source_code/rtl/udp/rgmii_interface.v
HDL-1007 : analyze verilog file ../source_code/rtl/udp/rx_client_fifo.v
HDL-5370 WARNING: parameter 'WAIT_s' becomes localparam in 'rx_client_fifo' with formal parameter declaration list in ../source_code/rtl/udp/rx_client_fifo.v(49)
HDL-5370 WARNING: parameter 'QUEUE1_s' becomes localparam in 'rx_client_fifo' with formal parameter declaration list in ../source_code/rtl/udp/rx_client_fifo.v(50)
HDL-5370 WARNING: parameter 'QUEUE2_s' becomes localparam in 'rx_client_fifo' with formal parameter declaration list in ../source_code/rtl/udp/rx_client_fifo.v(51)
HDL-5370 WARNING: parameter 'QUEUE3_s' becomes localparam in 'rx_client_fifo' with formal parameter declaration list in ../source_code/rtl/udp/rx_client_fifo.v(52)
HDL-5370 WARNING: parameter 'QUEUE_SOF_s' becomes localparam in 'rx_client_fifo' with formal parameter declaration list in ../source_code/rtl/udp/rx_client_fifo.v(53)
HDL-5370 WARNING: parameter 'SOF_s' becomes localparam in 'rx_client_fifo' with formal parameter declaration list in ../source_code/rtl/udp/rx_client_fifo.v(54)
HDL-5370 WARNING: parameter 'DATA_s' becomes localparam in 'rx_client_fifo' with formal parameter declaration list in ../source_code/rtl/udp/rx_client_fifo.v(55)
HDL-5370 WARNING: parameter 'EOF_s' becomes localparam in 'rx_client_fifo' with formal parameter declaration list in ../source_code/rtl/udp/rx_client_fifo.v(56)
HDL-5370 WARNING: parameter 'IDLE_s' becomes localparam in 'rx_client_fifo' with formal parameter declaration list in ../source_code/rtl/udp/rx_client_fifo.v(62)
HDL-5370 WARNING: parameter 'FRAME_s' becomes localparam in 'rx_client_fifo' with formal parameter declaration list in ../source_code/rtl/udp/rx_client_fifo.v(63)
HDL-5370 Similar messages will be suppressed.
HDL-1007 : analyze verilog file ../source_code/rtl/udp/temac_block.v
HDL-1007 : analyze verilog file ../source_code/rtl/udp/temac_clk_gen.v
HDL-1007 : analyze verilog file ../source_code/rtl/udp/tx_client_fifo.v
HDL-5370 WARNING: parameter 'IDLE_s' becomes localparam in 'tx_client_fifo' with formal parameter declaration list in ../source_code/rtl/udp/tx_client_fifo.v(53)
HDL-5370 WARNING: parameter 'QUEUE1_s' becomes localparam in 'tx_client_fifo' with formal parameter declaration list in ../source_code/rtl/udp/tx_client_fifo.v(54)
HDL-5370 WARNING: parameter 'QUEUE2_s' becomes localparam in 'tx_client_fifo' with formal parameter declaration list in ../source_code/rtl/udp/tx_client_fifo.v(55)
HDL-5370 WARNING: parameter 'QUEUE3_s' becomes localparam in 'tx_client_fifo' with formal parameter declaration list in ../source_code/rtl/udp/tx_client_fifo.v(56)
HDL-5370 WARNING: parameter 'QUEUE_ACK_s' becomes localparam in 'tx_client_fifo' with formal parameter declaration list in ../source_code/rtl/udp/tx_client_fifo.v(57)
HDL-5370 WARNING: parameter 'WAIT_ACK_s' becomes localparam in 'tx_client_fifo' with formal parameter declaration list in ../source_code/rtl/udp/tx_client_fifo.v(58)
HDL-5370 WARNING: parameter 'FRAME_s' becomes localparam in 'tx_client_fifo' with formal parameter declaration list in ../source_code/rtl/udp/tx_client_fifo.v(59)
HDL-5370 WARNING: parameter 'DROP_s' becomes localparam in 'tx_client_fifo' with formal parameter declaration list in ../source_code/rtl/udp/tx_client_fifo.v(60)
HDL-5370 WARNING: parameter 'RETRANSMIT_s' becomes localparam in 'tx_client_fifo' with formal parameter declaration list in ../source_code/rtl/udp/tx_client_fifo.v(61)
HDL-5370 WARNING: parameter 'WAIT_s' becomes localparam in 'tx_client_fifo' with formal parameter declaration list in ../source_code/rtl/udp/tx_client_fifo.v(67)
HDL-5370 Similar messages will be suppressed.
HDL-1007 : analyze verilog file ../source_code/rtl/udp/tx_clk_en_gen.v
HDL-1007 : analyze verilog file ../source_code/rtl/udp/udp_data_tpg.v
HDL-1007 : analyze verilog file ../source_code/rtl/udp/udp_ip_protocol_stack_merge.enc.v
HDL-1007 : back to file '../source_code/rtl/udp/udp_ip_protocol_stack_merge.enc.v' in ../source_code/rtl/udp/udp_ip_protocol_stack_merge.enc.v(56)
HDL-1007 : undeclared symbol '**', assumed default net type '**' in ../source_code/rtl/udp/udp_ip_protocol_stack_merge.enc.v(2638)
HDL-1007 : back to file '../source_code/rtl/udp/udp_ip_protocol_stack_merge.enc.v' in ../source_code/rtl/udp/udp_ip_protocol_stack_merge.enc.v(420)
HDL-1007 : analyze verilog file ../source_code/rtl/udp/udp_loopback.v
HDL-1007 : analyze verilog file al_ip/TEMAC_CORE/RTL/include/define.v
HDL-1007 : analyze verilog file al_ip/TEMAC_CORE/RTL/TEMAC_CORE_aead6cd6dadd.v
HDL-5007 WARNING: column 1032 exceeds maximum value 1023 in al_ip/TEMAC_CORE/RTL/TEMAC_CORE_aead6cd6dadd.v(30)
HDL-1007 : back to file 'al_ip/TEMAC_CORE/RTL/TEMAC_CORE_aead6cd6dadd.v' in al_ip/TEMAC_CORE/RTL/TEMAC_CORE_aead6cd6dadd.v(86)
HDL-5007 WARNING: event expressions must result in a singular type in al_ip/TEMAC_CORE/RTL/TEMAC_CORE_aead6cd6dadd.v(3001)
HDL-1007 : undeclared symbol '**', assumed default net type '**' in al_ip/TEMAC_CORE/RTL/TEMAC_CORE_aead6cd6dadd.v(5050)
HDL-1007 : undeclared symbol '**', assumed default net type '**' in al_ip/TEMAC_CORE/RTL/TEMAC_CORE_aead6cd6dadd.v(5458)
HDL-5007 WARNING: column 1035 exceeds maximum value 1023 in al_ip/TEMAC_CORE/RTL/TEMAC_CORE_aead6cd6dadd.v(6001)
HDL-1007 : back to file 'al_ip/TEMAC_CORE/RTL/TEMAC_CORE_aead6cd6dadd.v' in al_ip/TEMAC_CORE/RTL/TEMAC_CORE_aead6cd6dadd.v(260)
HDL-1007 : analyze verilog file al_ip/TEMAC_CORE/RTL/mac_core_aead6cd6dadd.v
HDL-1007 : analyze verilog file al_ip/TEMAC_CORE/TEMAC_CORE.v
HDL-1007 : analyze verilog file al_ip/pll_gen.v
HDL-1007 : undeclared symbol 'pll_gen_open0', assumed default net type 'wire' in al_ip/pll_gen.v(99)
HDL-1007 : undeclared symbol 'pll_gen_open8', assumed default net type 'wire' in al_ip/pll_gen.v(105)
HDL-1007 : undeclared symbol 'pll_gen_open7', assumed default net type 'wire' in al_ip/pll_gen.v(105)
HDL-1007 : undeclared symbol 'pll_gen_open6', assumed default net type 'wire' in al_ip/pll_gen.v(105)
HDL-1007 : undeclared symbol 'pll_gen_open5', assumed default net type 'wire' in al_ip/pll_gen.v(105)
HDL-1007 : undeclared symbol 'pll_gen_open4', assumed default net type 'wire' in al_ip/pll_gen.v(105)
HDL-1007 : undeclared symbol 'pll_gen_open3', assumed default net type 'wire' in al_ip/pll_gen.v(105)
HDL-1007 : undeclared symbol 'pll_gen_open2', assumed default net type 'wire' in al_ip/pll_gen.v(105)
HDL-1007 : undeclared symbol 'pll_gen_open1', assumed default net type 'wire' in al_ip/pll_gen.v(105)
HDL-1007 : analyze verilog file al_ip/sys_pll.v
HDL-1007 : undeclared symbol 'sys_pll_open0', assumed default net type 'wire' in al_ip/sys_pll.v(77)
HDL-1007 : undeclared symbol 'sys_pll_open1', assumed default net type 'wire' in al_ip/sys_pll.v(83)
HDL-1007 : undeclared symbol 'sys_pll_open9', assumed default net type 'wire' in al_ip/sys_pll.v(89)
HDL-1007 : undeclared symbol 'sys_pll_open8', assumed default net type 'wire' in al_ip/sys_pll.v(89)
HDL-1007 : undeclared symbol 'sys_pll_open7', assumed default net type 'wire' in al_ip/sys_pll.v(89)
HDL-1007 : undeclared symbol 'sys_pll_open6', assumed default net type 'wire' in al_ip/sys_pll.v(89)
HDL-1007 : undeclared symbol 'sys_pll_open5', assumed default net type 'wire' in al_ip/sys_pll.v(89)
HDL-1007 : undeclared symbol 'sys_pll_open4', assumed default net type 'wire' in al_ip/sys_pll.v(89)
HDL-1007 : undeclared symbol 'sys_pll_open3', assumed default net type 'wire' in al_ip/sys_pll.v(89)
HDL-1007 : undeclared symbol 'sys_pll_open2', assumed default net type 'wire' in al_ip/sys_pll.v(89)
HDL-1007 : undeclared symbol 'sys_pll_open11', assumed default net type 'wire' in al_ip/sys_pll.v(91)
HDL-1007 : undeclared symbol 'sys_pll_open10', assumed default net type 'wire' in al_ip/sys_pll.v(91)
HDL-1007 : analyze verilog file ../source_code/rtl/sd_card/ax_debounce.v
HDL-1007 : analyze verilog file ../source_code/rtl/sd_card/bmp_read.v
HDL-1007 : analyze verilog file ../source_code/rtl/sd_card/sd_card_bmp.v
HDL-1007 : analyze verilog file ../source_code/rtl/sd_card/sd_card_cmd.v
HDL-1007 : analyze verilog file ../source_code/rtl/sd_card/sd_card_sec_read_write.v
HDL-1007 : analyze verilog file ../source_code/rtl/sd_card/sd_card_top.v
HDL-1007 : analyze verilog file ../source_code/rtl/sd_card/spi_master.v
HDL-1007 : analyze verilog file ../source_code/rtl/sdram/enc_file/global_def.v
HDL-1007 : analyze verilog file ../source_code/rtl/sdram/enc_file/sdr_as_ram.enc.v
HDL-1007 : back to file '../source_code/rtl/sdram/enc_file/sdr_as_ram.enc.v' in ../source_code/rtl/sdram/enc_file/sdr_as_ram.enc.v(54)
HDL-1007 : analyze verilog file ../source_code/rtl/sdram/enc_file/sdr_wrrd.enc.v
HDL-5007 WARNING: concatenation with an unsized literal will be treated as 32 bits in ../source_code/rtl/sdram/enc_file/sdr_wrrd.enc.v(283)
HDL-1007 : back to file '../source_code/rtl/sdram/enc_file/sdr_wrrd.enc.v' in ../source_code/rtl/sdram/enc_file/sdr_wrrd.enc.v(19)
HDL-1007 : analyze verilog file ../source_code/rtl/frame_fifo/afifo_16_32_256.v
HDL-1007 : analyze verilog file ../source_code/rtl/frame_fifo/afifo_32_16_256.v
HDL-1007 : analyze verilog file ../source_code/rtl/frame_fifo/frame_fifo_read.v
HDL-1007 : analyze verilog file ../source_code/rtl/frame_fifo/frame_fifo_write.v
HDL-1007 : analyze verilog file ../source_code/rtl/frame_fifo/frame_read_write.v
HDL-1007 : analyze verilog file ../source_code/rtl/sdram/sdram.v
HDL-1007 : analyze included file ../source_code/rtl/sdram/enc_file/global_def.v in ../source_code/rtl/sdram/sdram.v(10)
HDL-1007 : back to file '../source_code/rtl/sdram/sdram.v' in ../source_code/rtl/sdram/sdram.v(10)
HDL-1007 : undeclared symbol 'SDR_CKE', assumed default net type 'wire' in ../source_code/rtl/sdram/sdram.v(89)
HDL-1007 : analyze verilog file ../source_code/rtl/sdram/enc_file/sdr_init_ref.enc.v
HDL-1007 : analyze included file ../source_code/rtl/sdram/enc_file/global_def.v in ../source_code/rtl/sdram/enc_file/sdr_init_ref.enc.v(11)
HDL-1007 : back to file '../source_code/rtl/sdram/enc_file/sdr_init_ref.enc.v' in ../source_code/rtl/sdram/enc_file/sdr_init_ref.enc.v(11)
HDL-1007 : undeclared symbol '**', assumed default net type '**' in ../source_code/rtl/sdram/enc_file/sdr_init_ref.enc.v(57)
HDL-1007 : back to file '../source_code/rtl/sdram/enc_file/sdr_init_ref.enc.v' in ../source_code/rtl/sdram/enc_file/sdr_init_ref.enc.v(149)
HDL-5007 WARNING: concatenation with an unsized literal will be treated as 32 bits in ../source_code/rtl/sdram/enc_file/sdr_init_ref.enc.v(47)
HDL-1007 : analyze verilog file ../source_code/rtl/video_timing/color_bar.v
HDL-1007 : analyze included file ../source_code/rtl/video_timing/video_define.v in ../source_code/rtl/video_timing/color_bar.v(2)
HDL-1007 : back to file '../source_code/rtl/video_timing/color_bar.v' in ../source_code/rtl/video_timing/color_bar.v(2)
HDL-1007 : analyze verilog file ../source_code/rtl/video_timing/video_delay.v
HDL-1007 : analyze verilog file ../source_code/rtl/video_timing/video_timing_data.v
HDL-1007 : analyze verilog file ../source_code/rtl/another/m_synchronization_header.v
HDL-1007 : analyze verilog file ../source_code/rtl/led.v
HDL-1007 : analyze verilog file ../source_code/rtl/ov5640/cmos_capture_data.v
HDL-1007 : analyze verilog file ../source_code/rtl/ov5640/i2c_dri.v
HDL-1007 : analyze verilog file ../source_code/rtl/ov5640/i2c_ov5640_rgb565_cfg.v
HDL-1007 : analyze verilog file ../source_code/rtl/ov5640/ov5640_delay.v
HDL-1007 : analyze verilog file ../source_code/rtl/ov5640/ov5640_dri.v
HDL-1007 : analyze verilog file al_ip/clk_wize.v
HDL-1007 : undeclared symbol 'open', assumed default net type 'wire' in al_ip/clk_wize.v(70)
HDL-1007 : analyze verilog file al_ip/ram.v
HDL-1007 : analyze verilog file ../source_code/rtl/app/addr_crt.v
HDL-1007 : analyze verilog file ../source_code/rtl/app/app.v
HDL-1007 : analyze verilog file ../source_code/rtl/app/vga_disp_rtl.v
HDL-1007 : analyze VHDL file ../source_code/rtl/hdmi_rtl/enc_file/DVITransmitter.enc.vhd
HDL-1007 : analyze entity dvitransmitter in ../source_code/rtl/hdmi_rtl/enc_file/DVITransmitter.enc.vhd(13)
HDL-1007 : analyze architecture ** in ../source_code/rtl/hdmi_rtl/enc_file/DVITransmitter.enc.vhd(2)
HDL-1007 : analyze VHDL file ../source_code/rtl/hdmi_rtl/enc_file/SerializerN_1_lvds.enc.vhd
HDL-1007 : analyze entity ** in ../source_code/rtl/hdmi_rtl/enc_file/SerializerN_1_lvds.enc.vhd(12)
HDL-1007 : analyze architecture ** in ../source_code/rtl/hdmi_rtl/enc_file/SerializerN_1_lvds.enc.vhd(25)
HDL-1007 : analyze VHDL file ../source_code/rtl/hdmi_rtl/enc_file/SerializerN_1_lvds_dat.enc.vhd
HDL-1007 : analyze entity ** in ../source_code/rtl/hdmi_rtl/enc_file/SerializerN_1_lvds_dat.enc.vhd(14)
HDL-1007 : analyze architecture ** in ../source_code/rtl/hdmi_rtl/enc_file/SerializerN_1_lvds_dat.enc.vhd(28)
HDL-1007 : analyze VHDL file ../source_code/rtl/hdmi_rtl/enc_file/TMDSEncoder.enc.vhd
HDL-1007 : analyze entity ** in ../source_code/rtl/hdmi_rtl/enc_file/TMDSEncoder.enc.vhd(13)
HDL-1007 : analyze architecture ** in ../source_code/rtl/hdmi_rtl/enc_file/TMDSEncoder.enc.vhd(24)
HDL-1007 : analyze verilog file ../source_code/rtl/hdmi_rtl/enc_file/video_tpg_1024768.enc.v
HDL-5007 WARNING: literal value ** truncated to fit in ** bits in ../source_code/rtl/hdmi_rtl/enc_file/video_tpg_1024768.enc.v(231)
HDL-1007 : back to file '../source_code/rtl/hdmi_rtl/enc_file/video_tpg_1024768.enc.v' in ../source_code/rtl/hdmi_rtl/enc_file/video_tpg_1024768.enc.v(1)
HDL-1007 : analyze verilog file ../source_code/rtl/hdmi_rtl/enc_file/video_tpg_1080p.enc.v
HDL-1007 : back to file '../source_code/rtl/hdmi_rtl/enc_file/video_tpg_1080p.enc.v' in ../source_code/rtl/hdmi_rtl/enc_file/video_tpg_1080p.enc.v(1)
HDL-1007 : analyze verilog file ../source_code/rtl/hdmi_rtl/enc_file/video_tpg_12801024p.enc.v
HDL-1007 : back to file '../source_code/rtl/hdmi_rtl/enc_file/video_tpg_12801024p.enc.v' in ../source_code/rtl/hdmi_rtl/enc_file/video_tpg_12801024p.enc.v(1)
HDL-1007 : analyze verilog file ../source_code/rtl/hdmi_rtl/enc_file/video_tpg_1280800.enc.v
HDL-5007 WARNING: literal value ** truncated to fit in ** bits in ../source_code/rtl/hdmi_rtl/enc_file/video_tpg_1280800.enc.v(233)
HDL-1007 : back to file '../source_code/rtl/hdmi_rtl/enc_file/video_tpg_1280800.enc.v' in ../source_code/rtl/hdmi_rtl/enc_file/video_tpg_1280800.enc.v(1)
HDL-1007 : analyze verilog file ../source_code/rtl/hdmi_rtl/enc_file/video_tpg_16801050p.enc.v
HDL-1007 : back to file '../source_code/rtl/hdmi_rtl/enc_file/video_tpg_16801050p.enc.v' in ../source_code/rtl/hdmi_rtl/enc_file/video_tpg_16801050p.enc.v(1)
HDL-1007 : analyze verilog file ../source_code/rtl/hdmi_rtl/enc_file/video_tpg_800600.enc.v
HDL-1007 : back to file '../source_code/rtl/hdmi_rtl/enc_file/video_tpg_800600.enc.v' in ../source_code/rtl/hdmi_rtl/enc_file/video_tpg_800600.enc.v(1)
HDL-1007 : analyze VHDL file ../source_code/rtl/hdmi_rtl/hdmi_tx.vhd
HDL-1007 : analyze entity hdmi_tx in ../source_code/rtl/hdmi_rtl/hdmi_tx.vhd(11)
HDL-1007 : analyze architecture behavioral in ../source_code/rtl/hdmi_rtl/hdmi_tx.vhd(33)
HDL-1007 : analyze verilog file ../source_code/rtl/hdmi_rtl/vga_disp_rtl.v
HDL-7201 CRITICAL-WARNING: overwrite current module 'vga_disp_rtl' in ../source_code/rtl/hdmi_rtl/vga_disp_rtl.v(1)
HDL-7307 CRITICAL-WARNING: previous definition of design element module 'vga_disp_rtl' is here. This is because multiple modules(values) with the same name are defined. Please consider rewriting code in ../source_code/rtl/app/vga_disp_rtl.v(1)
HDL-1007 : analyze verilog file ../source_code/rtl/another/fire_detect.v
HDL-1007 : analyze verilog file ../source_code/rtl/another/intrusion_detect.v
RUN-1002 : start command "commit_param -step design"
RUN-1001 : Print Global Property
RUN-1001 : --------------------------------------------------------
RUN-1001 :   Parameters   |  Settings  |  Default Values  |  Note  
RUN-1001 : --------------------------------------------------------
RUN-1001 :   enable_seed  |    off     |       off        |        
RUN-1001 :     message    |  standard  |     standard     |        
RUN-1001 :   qor_monitor  |     on     |        on        |        
RUN-1001 :   syn_ip_flow  |    off     |       off        |        
RUN-1001 :     thread     |    auto    |       auto       |        
RUN-1001 : --------------------------------------------------------
RUN-1001 : Print Design Property
RUN-1001 : ----------------------------------------------------------------
RUN-1001 :       Parameters       |  Settings  |  Default Values  |  Note  
RUN-1001 : ----------------------------------------------------------------
RUN-1001 :   default_reg_initial  |    auto    |       auto       |        
RUN-1001 :    hdl_warning_level   |   normal   |      normal      |        
RUN-1001 : ----------------------------------------------------------------
HDL-1007 : analyze verilog file last_attempt.v
HDL-1007 : undeclared symbol 'phy_reset', assumed default net type 'wire' in last_attempt.v(166)
HDL-1007 : undeclared symbol 'VGA_HSYNC', assumed default net type 'wire' in last_attempt.v(334)
HDL-1007 : undeclared symbol 'VGA_VSYNC', assumed default net type 'wire' in last_attempt.v(335)
HDL-1007 : undeclared symbol 'rd_en', assumed default net type 'wire' in last_attempt.v(337)
HDL-1007 : undeclared symbol 'tpg_data_done', assumed default net type 'wire' in last_attempt.v(700)
HDL-1007 : undeclared symbol 'full_flag', assumed default net type 'wire' in last_attempt.v(734)
HDL-1007 : undeclared symbol 'input_local_udp_port_num', assumed default net type 'wire' in last_attempt.v(765)
HDL-1007 : undeclared symbol 'input_local_udp_port_num_valid', assumed default net type 'wire' in last_attempt.v(766)
HDL-1007 : undeclared symbol 'input_local_ip_address_valid', assumed default net type 'wire' in last_attempt.v(769)
HDL-8007 ERROR: 'intrusion_video_out' is not declared in last_attempt.v(643)
HDL-8007 ERROR: 'fire_video_out' is not declared in last_attempt.v(644)
HDL-8007 ERROR: 'intrusion_hs_out' is not declared in last_attempt.v(645)
HDL-8007 ERROR: 'fire_hs_out' is not declared in last_attempt.v(646)
HDL-8007 ERROR: 'intrusion_vs_out' is not declared in last_attempt.v(647)
HDL-8007 ERROR: 'fire_vs_out' is not declared in last_attempt.v(648)
HDL-8007 ERROR: 'intrusion_de_out' is not declared in last_attempt.v(649)
HDL-8007 ERROR: 'fire_de_out' is not declared in last_attempt.v(650)
HDL-8007 ERROR: ignore module module due to previous errors in last_attempt.v(6)
HDL-1007 : analyze VHDL file ../source_code/rtl/hdmi_rtl/enc_file/DVITransmitter.enc.vhd
HDL-1007 : analyze entity dvitransmitter in ../source_code/rtl/hdmi_rtl/enc_file/DVITransmitter.enc.vhd(13)
HDL-1007 : analyze architecture ** in ../source_code/rtl/hdmi_rtl/enc_file/DVITransmitter.enc.vhd(2)
HDL-1007 : analyze VHDL file ../source_code/rtl/hdmi_rtl/enc_file/SerializerN_1_lvds.enc.vhd
HDL-1007 : analyze entity ** in ../source_code/rtl/hdmi_rtl/enc_file/SerializerN_1_lvds.enc.vhd(12)
HDL-1007 : analyze architecture ** in ../source_code/rtl/hdmi_rtl/enc_file/SerializerN_1_lvds.enc.vhd(25)
HDL-1007 : analyze VHDL file ../source_code/rtl/hdmi_rtl/enc_file/SerializerN_1_lvds_dat.enc.vhd
HDL-1007 : analyze entity ** in ../source_code/rtl/hdmi_rtl/enc_file/SerializerN_1_lvds_dat.enc.vhd(14)
HDL-1007 : analyze architecture ** in ../source_code/rtl/hdmi_rtl/enc_file/SerializerN_1_lvds_dat.enc.vhd(28)
HDL-1007 : analyze VHDL file ../source_code/rtl/hdmi_rtl/enc_file/TMDSEncoder.enc.vhd
HDL-1007 : analyze entity ** in ../source_code/rtl/hdmi_rtl/enc_file/TMDSEncoder.enc.vhd(13)
HDL-1007 : analyze architecture ** in ../source_code/rtl/hdmi_rtl/enc_file/TMDSEncoder.enc.vhd(24)
HDL-1007 : analyze verilog file ../source_code/rtl/hdmi_rtl/enc_file/video_tpg_1024768.enc.v
HDL-5007 WARNING: literal value ** truncated to fit in ** bits in ../source_code/rtl/hdmi_rtl/enc_file/video_tpg_1024768.enc.v(231)
HDL-1007 : back to file '../source_code/rtl/hdmi_rtl/enc_file/video_tpg_1024768.enc.v' in ../source_code/rtl/hdmi_rtl/enc_file/video_tpg_1024768.enc.v(1)
HDL-1007 : analyze verilog file ../source_code/rtl/hdmi_rtl/enc_file/video_tpg_1080p.enc.v
HDL-1007 : back to file '../source_code/rtl/hdmi_rtl/enc_file/video_tpg_1080p.enc.v' in ../source_code/rtl/hdmi_rtl/enc_file/video_tpg_1080p.enc.v(1)
HDL-1007 : analyze verilog file ../source_code/rtl/hdmi_rtl/enc_file/video_tpg_12801024p.enc.v
HDL-1007 : back to file '../source_code/rtl/hdmi_rtl/enc_file/video_tpg_12801024p.enc.v' in ../source_code/rtl/hdmi_rtl/enc_file/video_tpg_12801024p.enc.v(1)
HDL-1007 : analyze verilog file ../source_code/rtl/hdmi_rtl/enc_file/video_tpg_1280800.enc.v
HDL-5007 WARNING: literal value ** truncated to fit in ** bits in ../source_code/rtl/hdmi_rtl/enc_file/video_tpg_1280800.enc.v(233)
HDL-1007 : back to file '../source_code/rtl/hdmi_rtl/enc_file/video_tpg_1280800.enc.v' in ../source_code/rtl/hdmi_rtl/enc_file/video_tpg_1280800.enc.v(1)
HDL-1007 : analyze verilog file ../source_code/rtl/hdmi_rtl/enc_file/video_tpg_16801050p.enc.v
HDL-1007 : back to file '../source_code/rtl/hdmi_rtl/enc_file/video_tpg_16801050p.enc.v' in ../source_code/rtl/hdmi_rtl/enc_file/video_tpg_16801050p.enc.v(1)
HDL-1007 : analyze verilog file ../source_code/rtl/hdmi_rtl/enc_file/video_tpg_800600.enc.v
HDL-1007 : back to file '../source_code/rtl/hdmi_rtl/enc_file/video_tpg_800600.enc.v' in ../source_code/rtl/hdmi_rtl/enc_file/video_tpg_800600.enc.v(1)
HDL-1007 : analyze VHDL file ../source_code/rtl/hdmi_rtl/hdmi_tx.vhd
HDL-1007 : analyze entity hdmi_tx in ../source_code/rtl/hdmi_rtl/hdmi_tx.vhd(11)
HDL-1007 : analyze architecture behavioral in ../source_code/rtl/hdmi_rtl/hdmi_tx.vhd(33)
HDL-1007 : analyze verilog file ../source_code/rtl/hdmi_rtl/vga_disp_rtl.v
HDL-1007 : analyze verilog file ../source_code/rtl/another/fire_detect.v
HDL-1007 : analyze verilog file ../source_code/rtl/another/intrusion_detect.v
HDL-5007 WARNING: The file last_attempt.v will not be compiled since it is not included by any other files. Set it as 'global include' if it should be compiled.
RUN-1002 : start command "commit_param -step design"
RUN-1001 : Print Global Property
RUN-1001 : --------------------------------------------------------
RUN-1001 :   Parameters   |  Settings  |  Default Values  |  Note  
RUN-1001 : --------------------------------------------------------
RUN-1001 :   enable_seed  |    off     |       off        |        
RUN-1001 :     message    |  standard  |     standard     |        
RUN-1001 :   qor_monitor  |     on     |        on        |        
RUN-1001 :   syn_ip_flow  |    off     |       off        |        
RUN-1001 :     thread     |    auto    |       auto       |        
RUN-1001 : --------------------------------------------------------
RUN-1001 : Print Design Property
RUN-1001 : ----------------------------------------------------------------
RUN-1001 :       Parameters       |  Settings  |  Default Values  |  Note  
RUN-1001 : ----------------------------------------------------------------
RUN-1001 :   default_reg_initial  |    auto    |       auto       |        
RUN-1001 :    hdl_warning_level   |   normal   |      normal      |        
RUN-1001 : ----------------------------------------------------------------
HDL-1007 : analyze verilog file last_attempt.v
HDL-1007 : undeclared symbol 'phy_reset', assumed default net type 'wire' in last_attempt.v(166)
HDL-1007 : undeclared symbol 'VGA_HSYNC', assumed default net type 'wire' in last_attempt.v(334)
HDL-1007 : undeclared symbol 'VGA_VSYNC', assumed default net type 'wire' in last_attempt.v(335)
HDL-1007 : undeclared symbol 'rd_en', assumed default net type 'wire' in last_attempt.v(337)
HDL-1007 : undeclared symbol 'tpg_data_done', assumed default net type 'wire' in last_attempt.v(714)
HDL-1007 : undeclared symbol 'full_flag', assumed default net type 'wire' in last_attempt.v(748)
HDL-1007 : undeclared symbol 'input_local_udp_port_num', assumed default net type 'wire' in last_attempt.v(779)
HDL-1007 : undeclared symbol 'input_local_udp_port_num_valid', assumed default net type 'wire' in last_attempt.v(780)
HDL-1007 : undeclared symbol 'input_local_ip_address_valid', assumed default net type 'wire' in last_attempt.v(783)
HDL-1007 : analyze verilog file ../source_code/rtl/udp/BUFGMUX.v
HDL-1007 : analyze verilog file ../source_code/rtl/udp/IDDR.v
HDL-1007 : analyze verilog file ../source_code/rtl/udp/ODDR.v
HDL-1007 : analyze verilog file ../source_code/rtl/udp/RAMB16_S9_S9.v
HDL-1007 : undeclared symbol 'open', assumed default net type 'wire' in ../source_code/rtl/udp/RAMB16_S9_S9.v(109)
HDL-1007 : analyze verilog file ../source_code/rtl/udp/clk_gen_rst_gen.v
HDL-1007 : analyze verilog file ../source_code/rtl/udp/div_clk_gen.v
HDL-1007 : analyze verilog file ../source_code/rtl/udp/rgmii_interface.v
HDL-1007 : analyze verilog file ../source_code/rtl/udp/rx_client_fifo.v
HDL-5370 WARNING: parameter 'WAIT_s' becomes localparam in 'rx_client_fifo' with formal parameter declaration list in ../source_code/rtl/udp/rx_client_fifo.v(49)
HDL-5370 WARNING: parameter 'QUEUE1_s' becomes localparam in 'rx_client_fifo' with formal parameter declaration list in ../source_code/rtl/udp/rx_client_fifo.v(50)
HDL-5370 WARNING: parameter 'QUEUE2_s' becomes localparam in 'rx_client_fifo' with formal parameter declaration list in ../source_code/rtl/udp/rx_client_fifo.v(51)
HDL-5370 WARNING: parameter 'QUEUE3_s' becomes localparam in 'rx_client_fifo' with formal parameter declaration list in ../source_code/rtl/udp/rx_client_fifo.v(52)
HDL-5370 WARNING: parameter 'QUEUE_SOF_s' becomes localparam in 'rx_client_fifo' with formal parameter declaration list in ../source_code/rtl/udp/rx_client_fifo.v(53)
HDL-5370 WARNING: parameter 'SOF_s' becomes localparam in 'rx_client_fifo' with formal parameter declaration list in ../source_code/rtl/udp/rx_client_fifo.v(54)
HDL-5370 WARNING: parameter 'DATA_s' becomes localparam in 'rx_client_fifo' with formal parameter declaration list in ../source_code/rtl/udp/rx_client_fifo.v(55)
HDL-5370 WARNING: parameter 'EOF_s' becomes localparam in 'rx_client_fifo' with formal parameter declaration list in ../source_code/rtl/udp/rx_client_fifo.v(56)
HDL-5370 WARNING: parameter 'IDLE_s' becomes localparam in 'rx_client_fifo' with formal parameter declaration list in ../source_code/rtl/udp/rx_client_fifo.v(62)
HDL-5370 WARNING: parameter 'FRAME_s' becomes localparam in 'rx_client_fifo' with formal parameter declaration list in ../source_code/rtl/udp/rx_client_fifo.v(63)
HDL-5370 Similar messages will be suppressed.
HDL-1007 : analyze verilog file ../source_code/rtl/udp/temac_block.v
HDL-1007 : analyze verilog file ../source_code/rtl/udp/temac_clk_gen.v
HDL-1007 : analyze verilog file ../source_code/rtl/udp/tx_client_fifo.v
HDL-5370 WARNING: parameter 'IDLE_s' becomes localparam in 'tx_client_fifo' with formal parameter declaration list in ../source_code/rtl/udp/tx_client_fifo.v(53)
HDL-5370 WARNING: parameter 'QUEUE1_s' becomes localparam in 'tx_client_fifo' with formal parameter declaration list in ../source_code/rtl/udp/tx_client_fifo.v(54)
HDL-5370 WARNING: parameter 'QUEUE2_s' becomes localparam in 'tx_client_fifo' with formal parameter declaration list in ../source_code/rtl/udp/tx_client_fifo.v(55)
HDL-5370 WARNING: parameter 'QUEUE3_s' becomes localparam in 'tx_client_fifo' with formal parameter declaration list in ../source_code/rtl/udp/tx_client_fifo.v(56)
HDL-5370 WARNING: parameter 'QUEUE_ACK_s' becomes localparam in 'tx_client_fifo' with formal parameter declaration list in ../source_code/rtl/udp/tx_client_fifo.v(57)
HDL-5370 WARNING: parameter 'WAIT_ACK_s' becomes localparam in 'tx_client_fifo' with formal parameter declaration list in ../source_code/rtl/udp/tx_client_fifo.v(58)
HDL-5370 WARNING: parameter 'FRAME_s' becomes localparam in 'tx_client_fifo' with formal parameter declaration list in ../source_code/rtl/udp/tx_client_fifo.v(59)
HDL-5370 WARNING: parameter 'DROP_s' becomes localparam in 'tx_client_fifo' with formal parameter declaration list in ../source_code/rtl/udp/tx_client_fifo.v(60)
HDL-5370 WARNING: parameter 'RETRANSMIT_s' becomes localparam in 'tx_client_fifo' with formal parameter declaration list in ../source_code/rtl/udp/tx_client_fifo.v(61)
HDL-5370 WARNING: parameter 'WAIT_s' becomes localparam in 'tx_client_fifo' with formal parameter declaration list in ../source_code/rtl/udp/tx_client_fifo.v(67)
HDL-5370 Similar messages will be suppressed.
HDL-1007 : analyze verilog file ../source_code/rtl/udp/tx_clk_en_gen.v
HDL-1007 : analyze verilog file ../source_code/rtl/udp/udp_data_tpg.v
HDL-1007 : analyze verilog file ../source_code/rtl/udp/udp_ip_protocol_stack_merge.enc.v
HDL-1007 : back to file '../source_code/rtl/udp/udp_ip_protocol_stack_merge.enc.v' in ../source_code/rtl/udp/udp_ip_protocol_stack_merge.enc.v(56)
HDL-1007 : undeclared symbol '**', assumed default net type '**' in ../source_code/rtl/udp/udp_ip_protocol_stack_merge.enc.v(2638)
HDL-1007 : back to file '../source_code/rtl/udp/udp_ip_protocol_stack_merge.enc.v' in ../source_code/rtl/udp/udp_ip_protocol_stack_merge.enc.v(420)
HDL-1007 : analyze verilog file ../source_code/rtl/udp/udp_loopback.v
HDL-1007 : analyze verilog file al_ip/TEMAC_CORE/RTL/include/define.v
HDL-1007 : analyze verilog file al_ip/TEMAC_CORE/RTL/TEMAC_CORE_aead6cd6dadd.v
HDL-5007 WARNING: column 1032 exceeds maximum value 1023 in al_ip/TEMAC_CORE/RTL/TEMAC_CORE_aead6cd6dadd.v(30)
HDL-1007 : back to file 'al_ip/TEMAC_CORE/RTL/TEMAC_CORE_aead6cd6dadd.v' in al_ip/TEMAC_CORE/RTL/TEMAC_CORE_aead6cd6dadd.v(86)
HDL-5007 WARNING: event expressions must result in a singular type in al_ip/TEMAC_CORE/RTL/TEMAC_CORE_aead6cd6dadd.v(3001)
HDL-1007 : undeclared symbol '**', assumed default net type '**' in al_ip/TEMAC_CORE/RTL/TEMAC_CORE_aead6cd6dadd.v(5050)
HDL-1007 : undeclared symbol '**', assumed default net type '**' in al_ip/TEMAC_CORE/RTL/TEMAC_CORE_aead6cd6dadd.v(5458)
HDL-5007 WARNING: column 1035 exceeds maximum value 1023 in al_ip/TEMAC_CORE/RTL/TEMAC_CORE_aead6cd6dadd.v(6001)
HDL-1007 : back to file 'al_ip/TEMAC_CORE/RTL/TEMAC_CORE_aead6cd6dadd.v' in al_ip/TEMAC_CORE/RTL/TEMAC_CORE_aead6cd6dadd.v(260)
HDL-1007 : analyze verilog file al_ip/TEMAC_CORE/RTL/mac_core_aead6cd6dadd.v
HDL-1007 : analyze verilog file al_ip/TEMAC_CORE/TEMAC_CORE.v
HDL-1007 : analyze verilog file al_ip/pll_gen.v
HDL-1007 : undeclared symbol 'pll_gen_open0', assumed default net type 'wire' in al_ip/pll_gen.v(99)
HDL-1007 : undeclared symbol 'pll_gen_open8', assumed default net type 'wire' in al_ip/pll_gen.v(105)
HDL-1007 : undeclared symbol 'pll_gen_open7', assumed default net type 'wire' in al_ip/pll_gen.v(105)
HDL-1007 : undeclared symbol 'pll_gen_open6', assumed default net type 'wire' in al_ip/pll_gen.v(105)
HDL-1007 : undeclared symbol 'pll_gen_open5', assumed default net type 'wire' in al_ip/pll_gen.v(105)
HDL-1007 : undeclared symbol 'pll_gen_open4', assumed default net type 'wire' in al_ip/pll_gen.v(105)
HDL-1007 : undeclared symbol 'pll_gen_open3', assumed default net type 'wire' in al_ip/pll_gen.v(105)
HDL-1007 : undeclared symbol 'pll_gen_open2', assumed default net type 'wire' in al_ip/pll_gen.v(105)
HDL-1007 : undeclared symbol 'pll_gen_open1', assumed default net type 'wire' in al_ip/pll_gen.v(105)
HDL-1007 : analyze verilog file al_ip/sys_pll.v
HDL-1007 : undeclared symbol 'sys_pll_open0', assumed default net type 'wire' in al_ip/sys_pll.v(77)
HDL-1007 : undeclared symbol 'sys_pll_open1', assumed default net type 'wire' in al_ip/sys_pll.v(83)
HDL-1007 : undeclared symbol 'sys_pll_open9', assumed default net type 'wire' in al_ip/sys_pll.v(89)
HDL-1007 : undeclared symbol 'sys_pll_open8', assumed default net type 'wire' in al_ip/sys_pll.v(89)
HDL-1007 : undeclared symbol 'sys_pll_open7', assumed default net type 'wire' in al_ip/sys_pll.v(89)
HDL-1007 : undeclared symbol 'sys_pll_open6', assumed default net type 'wire' in al_ip/sys_pll.v(89)
HDL-1007 : undeclared symbol 'sys_pll_open5', assumed default net type 'wire' in al_ip/sys_pll.v(89)
HDL-1007 : undeclared symbol 'sys_pll_open4', assumed default net type 'wire' in al_ip/sys_pll.v(89)
HDL-1007 : undeclared symbol 'sys_pll_open3', assumed default net type 'wire' in al_ip/sys_pll.v(89)
HDL-1007 : undeclared symbol 'sys_pll_open2', assumed default net type 'wire' in al_ip/sys_pll.v(89)
HDL-1007 : undeclared symbol 'sys_pll_open11', assumed default net type 'wire' in al_ip/sys_pll.v(91)
HDL-1007 : undeclared symbol 'sys_pll_open10', assumed default net type 'wire' in al_ip/sys_pll.v(91)
HDL-1007 : analyze verilog file ../source_code/rtl/sd_card/ax_debounce.v
HDL-1007 : analyze verilog file ../source_code/rtl/sd_card/bmp_read.v
HDL-1007 : analyze verilog file ../source_code/rtl/sd_card/sd_card_bmp.v
HDL-1007 : analyze verilog file ../source_code/rtl/sd_card/sd_card_cmd.v
HDL-1007 : analyze verilog file ../source_code/rtl/sd_card/sd_card_sec_read_write.v
HDL-1007 : analyze verilog file ../source_code/rtl/sd_card/sd_card_top.v
HDL-1007 : analyze verilog file ../source_code/rtl/sd_card/spi_master.v
HDL-1007 : analyze verilog file ../source_code/rtl/sdram/enc_file/global_def.v
HDL-1007 : analyze verilog file ../source_code/rtl/sdram/enc_file/sdr_as_ram.enc.v
HDL-1007 : back to file '../source_code/rtl/sdram/enc_file/sdr_as_ram.enc.v' in ../source_code/rtl/sdram/enc_file/sdr_as_ram.enc.v(54)
HDL-1007 : analyze verilog file ../source_code/rtl/sdram/enc_file/sdr_wrrd.enc.v
HDL-5007 WARNING: concatenation with an unsized literal will be treated as 32 bits in ../source_code/rtl/sdram/enc_file/sdr_wrrd.enc.v(283)
HDL-1007 : back to file '../source_code/rtl/sdram/enc_file/sdr_wrrd.enc.v' in ../source_code/rtl/sdram/enc_file/sdr_wrrd.enc.v(19)
HDL-1007 : analyze verilog file ../source_code/rtl/frame_fifo/afifo_16_32_256.v
HDL-1007 : analyze verilog file ../source_code/rtl/frame_fifo/afifo_32_16_256.v
HDL-1007 : analyze verilog file ../source_code/rtl/frame_fifo/frame_fifo_read.v
HDL-1007 : analyze verilog file ../source_code/rtl/frame_fifo/frame_fifo_write.v
HDL-1007 : analyze verilog file ../source_code/rtl/frame_fifo/frame_read_write.v
HDL-1007 : analyze verilog file ../source_code/rtl/sdram/sdram.v
HDL-1007 : analyze included file ../source_code/rtl/sdram/enc_file/global_def.v in ../source_code/rtl/sdram/sdram.v(10)
HDL-1007 : back to file '../source_code/rtl/sdram/sdram.v' in ../source_code/rtl/sdram/sdram.v(10)
HDL-1007 : undeclared symbol 'SDR_CKE', assumed default net type 'wire' in ../source_code/rtl/sdram/sdram.v(89)
HDL-1007 : analyze verilog file ../source_code/rtl/sdram/enc_file/sdr_init_ref.enc.v
HDL-1007 : analyze included file ../source_code/rtl/sdram/enc_file/global_def.v in ../source_code/rtl/sdram/enc_file/sdr_init_ref.enc.v(11)
HDL-1007 : back to file '../source_code/rtl/sdram/enc_file/sdr_init_ref.enc.v' in ../source_code/rtl/sdram/enc_file/sdr_init_ref.enc.v(11)
HDL-1007 : undeclared symbol '**', assumed default net type '**' in ../source_code/rtl/sdram/enc_file/sdr_init_ref.enc.v(57)
HDL-1007 : back to file '../source_code/rtl/sdram/enc_file/sdr_init_ref.enc.v' in ../source_code/rtl/sdram/enc_file/sdr_init_ref.enc.v(149)
HDL-5007 WARNING: concatenation with an unsized literal will be treated as 32 bits in ../source_code/rtl/sdram/enc_file/sdr_init_ref.enc.v(47)
HDL-1007 : analyze verilog file ../source_code/rtl/video_timing/color_bar.v
HDL-1007 : analyze included file ../source_code/rtl/video_timing/video_define.v in ../source_code/rtl/video_timing/color_bar.v(2)
HDL-1007 : back to file '../source_code/rtl/video_timing/color_bar.v' in ../source_code/rtl/video_timing/color_bar.v(2)
HDL-1007 : analyze verilog file ../source_code/rtl/video_timing/video_delay.v
HDL-1007 : analyze verilog file ../source_code/rtl/video_timing/video_timing_data.v
HDL-1007 : analyze verilog file ../source_code/rtl/another/m_synchronization_header.v
HDL-1007 : analyze verilog file ../source_code/rtl/led.v
HDL-1007 : analyze verilog file ../source_code/rtl/ov5640/cmos_capture_data.v
HDL-1007 : analyze verilog file ../source_code/rtl/ov5640/i2c_dri.v
HDL-1007 : analyze verilog file ../source_code/rtl/ov5640/i2c_ov5640_rgb565_cfg.v
HDL-1007 : analyze verilog file ../source_code/rtl/ov5640/ov5640_delay.v
HDL-1007 : analyze verilog file ../source_code/rtl/ov5640/ov5640_dri.v
HDL-1007 : analyze verilog file al_ip/clk_wize.v
HDL-1007 : undeclared symbol 'open', assumed default net type 'wire' in al_ip/clk_wize.v(70)
HDL-1007 : analyze verilog file al_ip/ram.v
HDL-1007 : analyze verilog file ../source_code/rtl/app/addr_crt.v
HDL-1007 : analyze verilog file ../source_code/rtl/app/app.v
HDL-1007 : analyze verilog file ../source_code/rtl/app/vga_disp_rtl.v
HDL-1007 : analyze VHDL file ../source_code/rtl/hdmi_rtl/enc_file/DVITransmitter.enc.vhd
HDL-1007 : analyze entity dvitransmitter in ../source_code/rtl/hdmi_rtl/enc_file/DVITransmitter.enc.vhd(13)
HDL-1007 : analyze architecture ** in ../source_code/rtl/hdmi_rtl/enc_file/DVITransmitter.enc.vhd(2)
HDL-1007 : analyze VHDL file ../source_code/rtl/hdmi_rtl/enc_file/SerializerN_1_lvds.enc.vhd
HDL-1007 : analyze entity ** in ../source_code/rtl/hdmi_rtl/enc_file/SerializerN_1_lvds.enc.vhd(12)
HDL-1007 : analyze architecture ** in ../source_code/rtl/hdmi_rtl/enc_file/SerializerN_1_lvds.enc.vhd(25)
HDL-1007 : analyze VHDL file ../source_code/rtl/hdmi_rtl/enc_file/SerializerN_1_lvds_dat.enc.vhd
HDL-1007 : analyze entity ** in ../source_code/rtl/hdmi_rtl/enc_file/SerializerN_1_lvds_dat.enc.vhd(14)
HDL-1007 : analyze architecture ** in ../source_code/rtl/hdmi_rtl/enc_file/SerializerN_1_lvds_dat.enc.vhd(28)
HDL-1007 : analyze VHDL file ../source_code/rtl/hdmi_rtl/enc_file/TMDSEncoder.enc.vhd
HDL-1007 : analyze entity ** in ../source_code/rtl/hdmi_rtl/enc_file/TMDSEncoder.enc.vhd(13)
HDL-1007 : analyze architecture ** in ../source_code/rtl/hdmi_rtl/enc_file/TMDSEncoder.enc.vhd(24)
HDL-1007 : analyze verilog file ../source_code/rtl/hdmi_rtl/enc_file/video_tpg_1024768.enc.v
HDL-5007 WARNING: literal value ** truncated to fit in ** bits in ../source_code/rtl/hdmi_rtl/enc_file/video_tpg_1024768.enc.v(231)
HDL-1007 : back to file '../source_code/rtl/hdmi_rtl/enc_file/video_tpg_1024768.enc.v' in ../source_code/rtl/hdmi_rtl/enc_file/video_tpg_1024768.enc.v(1)
HDL-1007 : analyze verilog file ../source_code/rtl/hdmi_rtl/enc_file/video_tpg_1080p.enc.v
HDL-1007 : back to file '../source_code/rtl/hdmi_rtl/enc_file/video_tpg_1080p.enc.v' in ../source_code/rtl/hdmi_rtl/enc_file/video_tpg_1080p.enc.v(1)
HDL-1007 : analyze verilog file ../source_code/rtl/hdmi_rtl/enc_file/video_tpg_12801024p.enc.v
HDL-1007 : back to file '../source_code/rtl/hdmi_rtl/enc_file/video_tpg_12801024p.enc.v' in ../source_code/rtl/hdmi_rtl/enc_file/video_tpg_12801024p.enc.v(1)
HDL-1007 : analyze verilog file ../source_code/rtl/hdmi_rtl/enc_file/video_tpg_1280800.enc.v
HDL-5007 WARNING: literal value ** truncated to fit in ** bits in ../source_code/rtl/hdmi_rtl/enc_file/video_tpg_1280800.enc.v(233)
HDL-1007 : back to file '../source_code/rtl/hdmi_rtl/enc_file/video_tpg_1280800.enc.v' in ../source_code/rtl/hdmi_rtl/enc_file/video_tpg_1280800.enc.v(1)
HDL-1007 : analyze verilog file ../source_code/rtl/hdmi_rtl/enc_file/video_tpg_16801050p.enc.v
HDL-1007 : back to file '../source_code/rtl/hdmi_rtl/enc_file/video_tpg_16801050p.enc.v' in ../source_code/rtl/hdmi_rtl/enc_file/video_tpg_16801050p.enc.v(1)
HDL-1007 : analyze verilog file ../source_code/rtl/hdmi_rtl/enc_file/video_tpg_800600.enc.v
HDL-1007 : back to file '../source_code/rtl/hdmi_rtl/enc_file/video_tpg_800600.enc.v' in ../source_code/rtl/hdmi_rtl/enc_file/video_tpg_800600.enc.v(1)
HDL-1007 : analyze VHDL file ../source_code/rtl/hdmi_rtl/hdmi_tx.vhd
HDL-1007 : analyze entity hdmi_tx in ../source_code/rtl/hdmi_rtl/hdmi_tx.vhd(11)
HDL-1007 : analyze architecture behavioral in ../source_code/rtl/hdmi_rtl/hdmi_tx.vhd(33)
HDL-1007 : analyze verilog file ../source_code/rtl/hdmi_rtl/vga_disp_rtl.v
HDL-7201 CRITICAL-WARNING: overwrite current module 'vga_disp_rtl' in ../source_code/rtl/hdmi_rtl/vga_disp_rtl.v(1)
HDL-7307 CRITICAL-WARNING: previous definition of design element module 'vga_disp_rtl' is here. This is because multiple modules(values) with the same name are defined. Please consider rewriting code in ../source_code/rtl/app/vga_disp_rtl.v(1)
HDL-1007 : analyze verilog file ../source_code/rtl/another/fire_detect.v
HDL-1007 : analyze verilog file ../source_code/rtl/another/intrusion_detect.v
RUN-1002 : start command "commit_param -step design"
RUN-1001 : Print Global Property
RUN-1001 : --------------------------------------------------------
RUN-1001 :   Parameters   |  Settings  |  Default Values  |  Note  
RUN-1001 : --------------------------------------------------------
RUN-1001 :   enable_seed  |    off     |       off        |        
RUN-1001 :     message    |  standard  |     standard     |        
RUN-1001 :   qor_monitor  |     on     |        on        |        
RUN-1001 :   syn_ip_flow  |    off     |       off        |        
RUN-1001 :     thread     |    auto    |       auto       |        
RUN-1001 : --------------------------------------------------------
RUN-1001 : Print Design Property
RUN-1001 : ----------------------------------------------------------------
RUN-1001 :       Parameters       |  Settings  |  Default Values  |  Note  
RUN-1001 : ----------------------------------------------------------------
RUN-1001 :   default_reg_initial  |    auto    |       auto       |        
RUN-1001 :    hdl_warning_level   |   normal   |      normal      |        
RUN-1001 : ----------------------------------------------------------------
HDL-1007 : analyze verilog file last_attempt.v
HDL-1007 : undeclared symbol 'phy_reset', assumed default net type 'wire' in last_attempt.v(166)
HDL-1007 : undeclared symbol 'VGA_HSYNC', assumed default net type 'wire' in last_attempt.v(334)
HDL-1007 : undeclared symbol 'VGA_VSYNC', assumed default net type 'wire' in last_attempt.v(335)
HDL-1007 : undeclared symbol 'rd_en', assumed default net type 'wire' in last_attempt.v(337)
HDL-1007 : undeclared symbol 'key_bg_capture', assumed default net type 'wire' in last_attempt.v(690)
HDL-1007 : undeclared symbol 'tpg_data_done', assumed default net type 'wire' in last_attempt.v(746)
HDL-1007 : undeclared symbol 'full_flag', assumed default net type 'wire' in last_attempt.v(780)
HDL-1007 : undeclared symbol 'input_local_udp_port_num', assumed default net type 'wire' in last_attempt.v(811)
HDL-1007 : undeclared symbol 'input_local_udp_port_num_valid', assumed default net type 'wire' in last_attempt.v(812)
HDL-1007 : undeclared symbol 'input_local_ip_address_valid', assumed default net type 'wire' in last_attempt.v(815)
HDL-1007 : analyze verilog file ../source_code/rtl/udp/BUFGMUX.v
HDL-1007 : analyze verilog file ../source_code/rtl/udp/IDDR.v
HDL-1007 : analyze verilog file ../source_code/rtl/udp/ODDR.v
HDL-1007 : analyze verilog file ../source_code/rtl/udp/RAMB16_S9_S9.v
HDL-1007 : undeclared symbol 'open', assumed default net type 'wire' in ../source_code/rtl/udp/RAMB16_S9_S9.v(109)
HDL-1007 : analyze verilog file ../source_code/rtl/udp/clk_gen_rst_gen.v
HDL-1007 : analyze verilog file ../source_code/rtl/udp/div_clk_gen.v
HDL-1007 : analyze verilog file ../source_code/rtl/udp/rgmii_interface.v
HDL-1007 : analyze verilog file ../source_code/rtl/udp/rx_client_fifo.v
HDL-5370 WARNING: parameter 'WAIT_s' becomes localparam in 'rx_client_fifo' with formal parameter declaration list in ../source_code/rtl/udp/rx_client_fifo.v(49)
HDL-5370 WARNING: parameter 'QUEUE1_s' becomes localparam in 'rx_client_fifo' with formal parameter declaration list in ../source_code/rtl/udp/rx_client_fifo.v(50)
HDL-5370 WARNING: parameter 'QUEUE2_s' becomes localparam in 'rx_client_fifo' with formal parameter declaration list in ../source_code/rtl/udp/rx_client_fifo.v(51)
HDL-5370 WARNING: parameter 'QUEUE3_s' becomes localparam in 'rx_client_fifo' with formal parameter declaration list in ../source_code/rtl/udp/rx_client_fifo.v(52)
HDL-5370 WARNING: parameter 'QUEUE_SOF_s' becomes localparam in 'rx_client_fifo' with formal parameter declaration list in ../source_code/rtl/udp/rx_client_fifo.v(53)
HDL-5370 WARNING: parameter 'SOF_s' becomes localparam in 'rx_client_fifo' with formal parameter declaration list in ../source_code/rtl/udp/rx_client_fifo.v(54)
HDL-5370 WARNING: parameter 'DATA_s' becomes localparam in 'rx_client_fifo' with formal parameter declaration list in ../source_code/rtl/udp/rx_client_fifo.v(55)
HDL-5370 WARNING: parameter 'EOF_s' becomes localparam in 'rx_client_fifo' with formal parameter declaration list in ../source_code/rtl/udp/rx_client_fifo.v(56)
HDL-5370 WARNING: parameter 'IDLE_s' becomes localparam in 'rx_client_fifo' with formal parameter declaration list in ../source_code/rtl/udp/rx_client_fifo.v(62)
HDL-5370 WARNING: parameter 'FRAME_s' becomes localparam in 'rx_client_fifo' with formal parameter declaration list in ../source_code/rtl/udp/rx_client_fifo.v(63)
HDL-5370 Similar messages will be suppressed.
HDL-1007 : analyze verilog file ../source_code/rtl/udp/temac_block.v
HDL-1007 : analyze verilog file ../source_code/rtl/udp/temac_clk_gen.v
HDL-1007 : analyze verilog file ../source_code/rtl/udp/tx_client_fifo.v
HDL-5370 WARNING: parameter 'IDLE_s' becomes localparam in 'tx_client_fifo' with formal parameter declaration list in ../source_code/rtl/udp/tx_client_fifo.v(53)
HDL-5370 WARNING: parameter 'QUEUE1_s' becomes localparam in 'tx_client_fifo' with formal parameter declaration list in ../source_code/rtl/udp/tx_client_fifo.v(54)
HDL-5370 WARNING: parameter 'QUEUE2_s' becomes localparam in 'tx_client_fifo' with formal parameter declaration list in ../source_code/rtl/udp/tx_client_fifo.v(55)
HDL-5370 WARNING: parameter 'QUEUE3_s' becomes localparam in 'tx_client_fifo' with formal parameter declaration list in ../source_code/rtl/udp/tx_client_fifo.v(56)
HDL-5370 WARNING: parameter 'QUEUE_ACK_s' becomes localparam in 'tx_client_fifo' with formal parameter declaration list in ../source_code/rtl/udp/tx_client_fifo.v(57)
HDL-5370 WARNING: parameter 'WAIT_ACK_s' becomes localparam in 'tx_client_fifo' with formal parameter declaration list in ../source_code/rtl/udp/tx_client_fifo.v(58)
HDL-5370 WARNING: parameter 'FRAME_s' becomes localparam in 'tx_client_fifo' with formal parameter declaration list in ../source_code/rtl/udp/tx_client_fifo.v(59)
HDL-5370 WARNING: parameter 'DROP_s' becomes localparam in 'tx_client_fifo' with formal parameter declaration list in ../source_code/rtl/udp/tx_client_fifo.v(60)
HDL-5370 WARNING: parameter 'RETRANSMIT_s' becomes localparam in 'tx_client_fifo' with formal parameter declaration list in ../source_code/rtl/udp/tx_client_fifo.v(61)
HDL-5370 WARNING: parameter 'WAIT_s' becomes localparam in 'tx_client_fifo' with formal parameter declaration list in ../source_code/rtl/udp/tx_client_fifo.v(67)
HDL-5370 Similar messages will be suppressed.
HDL-1007 : analyze verilog file ../source_code/rtl/udp/tx_clk_en_gen.v
HDL-1007 : analyze verilog file ../source_code/rtl/udp/udp_data_tpg.v
HDL-1007 : analyze verilog file ../source_code/rtl/udp/udp_ip_protocol_stack_merge.enc.v
HDL-1007 : back to file '../source_code/rtl/udp/udp_ip_protocol_stack_merge.enc.v' in ../source_code/rtl/udp/udp_ip_protocol_stack_merge.enc.v(56)
HDL-1007 : undeclared symbol '**', assumed default net type '**' in ../source_code/rtl/udp/udp_ip_protocol_stack_merge.enc.v(2638)
HDL-1007 : back to file '../source_code/rtl/udp/udp_ip_protocol_stack_merge.enc.v' in ../source_code/rtl/udp/udp_ip_protocol_stack_merge.enc.v(420)
HDL-1007 : analyze verilog file ../source_code/rtl/udp/udp_loopback.v
HDL-1007 : analyze verilog file al_ip/TEMAC_CORE/RTL/include/define.v
HDL-1007 : analyze verilog file al_ip/TEMAC_CORE/RTL/TEMAC_CORE_aead6cd6dadd.v
HDL-5007 WARNING: column 1032 exceeds maximum value 1023 in al_ip/TEMAC_CORE/RTL/TEMAC_CORE_aead6cd6dadd.v(30)
HDL-1007 : back to file 'al_ip/TEMAC_CORE/RTL/TEMAC_CORE_aead6cd6dadd.v' in al_ip/TEMAC_CORE/RTL/TEMAC_CORE_aead6cd6dadd.v(86)
HDL-5007 WARNING: event expressions must result in a singular type in al_ip/TEMAC_CORE/RTL/TEMAC_CORE_aead6cd6dadd.v(3001)
HDL-1007 : undeclared symbol '**', assumed default net type '**' in al_ip/TEMAC_CORE/RTL/TEMAC_CORE_aead6cd6dadd.v(5050)
HDL-1007 : undeclared symbol '**', assumed default net type '**' in al_ip/TEMAC_CORE/RTL/TEMAC_CORE_aead6cd6dadd.v(5458)
HDL-5007 WARNING: column 1035 exceeds maximum value 1023 in al_ip/TEMAC_CORE/RTL/TEMAC_CORE_aead6cd6dadd.v(6001)
HDL-1007 : back to file 'al_ip/TEMAC_CORE/RTL/TEMAC_CORE_aead6cd6dadd.v' in al_ip/TEMAC_CORE/RTL/TEMAC_CORE_aead6cd6dadd.v(260)
HDL-1007 : analyze verilog file al_ip/TEMAC_CORE/RTL/mac_core_aead6cd6dadd.v
HDL-1007 : analyze verilog file al_ip/TEMAC_CORE/TEMAC_CORE.v
HDL-1007 : analyze verilog file al_ip/pll_gen.v
HDL-1007 : undeclared symbol 'pll_gen_open0', assumed default net type 'wire' in al_ip/pll_gen.v(99)
HDL-1007 : undeclared symbol 'pll_gen_open8', assumed default net type 'wire' in al_ip/pll_gen.v(105)
HDL-1007 : undeclared symbol 'pll_gen_open7', assumed default net type 'wire' in al_ip/pll_gen.v(105)
HDL-1007 : undeclared symbol 'pll_gen_open6', assumed default net type 'wire' in al_ip/pll_gen.v(105)
HDL-1007 : undeclared symbol 'pll_gen_open5', assumed default net type 'wire' in al_ip/pll_gen.v(105)
HDL-1007 : undeclared symbol 'pll_gen_open4', assumed default net type 'wire' in al_ip/pll_gen.v(105)
HDL-1007 : undeclared symbol 'pll_gen_open3', assumed default net type 'wire' in al_ip/pll_gen.v(105)
HDL-1007 : undeclared symbol 'pll_gen_open2', assumed default net type 'wire' in al_ip/pll_gen.v(105)
HDL-1007 : undeclared symbol 'pll_gen_open1', assumed default net type 'wire' in al_ip/pll_gen.v(105)
HDL-1007 : analyze verilog file al_ip/sys_pll.v
HDL-1007 : undeclared symbol 'sys_pll_open0', assumed default net type 'wire' in al_ip/sys_pll.v(77)
HDL-1007 : undeclared symbol 'sys_pll_open1', assumed default net type 'wire' in al_ip/sys_pll.v(83)
HDL-1007 : undeclared symbol 'sys_pll_open9', assumed default net type 'wire' in al_ip/sys_pll.v(89)
HDL-1007 : undeclared symbol 'sys_pll_open8', assumed default net type 'wire' in al_ip/sys_pll.v(89)
HDL-1007 : undeclared symbol 'sys_pll_open7', assumed default net type 'wire' in al_ip/sys_pll.v(89)
HDL-1007 : undeclared symbol 'sys_pll_open6', assumed default net type 'wire' in al_ip/sys_pll.v(89)
HDL-1007 : undeclared symbol 'sys_pll_open5', assumed default net type 'wire' in al_ip/sys_pll.v(89)
HDL-1007 : undeclared symbol 'sys_pll_open4', assumed default net type 'wire' in al_ip/sys_pll.v(89)
HDL-1007 : undeclared symbol 'sys_pll_open3', assumed default net type 'wire' in al_ip/sys_pll.v(89)
HDL-1007 : undeclared symbol 'sys_pll_open2', assumed default net type 'wire' in al_ip/sys_pll.v(89)
HDL-1007 : undeclared symbol 'sys_pll_open11', assumed default net type 'wire' in al_ip/sys_pll.v(91)
HDL-1007 : undeclared symbol 'sys_pll_open10', assumed default net type 'wire' in al_ip/sys_pll.v(91)
HDL-1007 : analyze verilog file ../source_code/rtl/sd_card/ax_debounce.v
HDL-1007 : analyze verilog file ../source_code/rtl/sd_card/bmp_read.v
HDL-1007 : analyze verilog file ../source_code/rtl/sd_card/sd_card_bmp.v
HDL-1007 : analyze verilog file ../source_code/rtl/sd_card/sd_card_cmd.v
HDL-1007 : analyze verilog file ../source_code/rtl/sd_card/sd_card_sec_read_write.v
HDL-1007 : analyze verilog file ../source_code/rtl/sd_card/sd_card_top.v
HDL-1007 : analyze verilog file ../source_code/rtl/sd_card/spi_master.v
HDL-1007 : analyze verilog file ../source_code/rtl/sdram/enc_file/global_def.v
HDL-1007 : analyze verilog file ../source_code/rtl/sdram/enc_file/sdr_as_ram.enc.v
HDL-1007 : back to file '../source_code/rtl/sdram/enc_file/sdr_as_ram.enc.v' in ../source_code/rtl/sdram/enc_file/sdr_as_ram.enc.v(54)
HDL-1007 : analyze verilog file ../source_code/rtl/sdram/enc_file/sdr_wrrd.enc.v
HDL-5007 WARNING: concatenation with an unsized literal will be treated as 32 bits in ../source_code/rtl/sdram/enc_file/sdr_wrrd.enc.v(283)
HDL-1007 : back to file '../source_code/rtl/sdram/enc_file/sdr_wrrd.enc.v' in ../source_code/rtl/sdram/enc_file/sdr_wrrd.enc.v(19)
HDL-1007 : analyze verilog file ../source_code/rtl/frame_fifo/afifo_16_32_256.v
HDL-1007 : analyze verilog file ../source_code/rtl/frame_fifo/afifo_32_16_256.v
HDL-1007 : analyze verilog file ../source_code/rtl/frame_fifo/frame_fifo_read.v
HDL-1007 : analyze verilog file ../source_code/rtl/frame_fifo/frame_fifo_write.v
HDL-1007 : analyze verilog file ../source_code/rtl/frame_fifo/frame_read_write.v
HDL-1007 : analyze verilog file ../source_code/rtl/sdram/sdram.v
HDL-1007 : analyze included file ../source_code/rtl/sdram/enc_file/global_def.v in ../source_code/rtl/sdram/sdram.v(10)
HDL-1007 : back to file '../source_code/rtl/sdram/sdram.v' in ../source_code/rtl/sdram/sdram.v(10)
HDL-1007 : undeclared symbol 'SDR_CKE', assumed default net type 'wire' in ../source_code/rtl/sdram/sdram.v(89)
HDL-1007 : analyze verilog file ../source_code/rtl/sdram/enc_file/sdr_init_ref.enc.v
HDL-1007 : analyze included file ../source_code/rtl/sdram/enc_file/global_def.v in ../source_code/rtl/sdram/enc_file/sdr_init_ref.enc.v(11)
HDL-1007 : back to file '../source_code/rtl/sdram/enc_file/sdr_init_ref.enc.v' in ../source_code/rtl/sdram/enc_file/sdr_init_ref.enc.v(11)
HDL-1007 : undeclared symbol '**', assumed default net type '**' in ../source_code/rtl/sdram/enc_file/sdr_init_ref.enc.v(57)
HDL-1007 : back to file '../source_code/rtl/sdram/enc_file/sdr_init_ref.enc.v' in ../source_code/rtl/sdram/enc_file/sdr_init_ref.enc.v(149)
HDL-5007 WARNING: concatenation with an unsized literal will be treated as 32 bits in ../source_code/rtl/sdram/enc_file/sdr_init_ref.enc.v(47)
HDL-1007 : analyze verilog file ../source_code/rtl/video_timing/color_bar.v
HDL-1007 : analyze included file ../source_code/rtl/video_timing/video_define.v in ../source_code/rtl/video_timing/color_bar.v(2)
HDL-1007 : back to file '../source_code/rtl/video_timing/color_bar.v' in ../source_code/rtl/video_timing/color_bar.v(2)
HDL-1007 : analyze verilog file ../source_code/rtl/video_timing/video_delay.v
HDL-1007 : analyze verilog file ../source_code/rtl/video_timing/video_timing_data.v
HDL-1007 : analyze verilog file ../source_code/rtl/another/m_synchronization_header.v
HDL-1007 : analyze verilog file ../source_code/rtl/led.v
HDL-1007 : analyze verilog file ../source_code/rtl/ov5640/cmos_capture_data.v
HDL-1007 : analyze verilog file ../source_code/rtl/ov5640/i2c_dri.v
HDL-1007 : analyze verilog file ../source_code/rtl/ov5640/i2c_ov5640_rgb565_cfg.v
HDL-1007 : analyze verilog file ../source_code/rtl/ov5640/ov5640_delay.v
HDL-1007 : analyze verilog file ../source_code/rtl/ov5640/ov5640_dri.v
HDL-1007 : analyze verilog file al_ip/clk_wize.v
HDL-1007 : undeclared symbol 'open', assumed default net type 'wire' in al_ip/clk_wize.v(70)
HDL-1007 : analyze verilog file al_ip/ram.v
HDL-1007 : analyze verilog file ../source_code/rtl/app/addr_crt.v
HDL-1007 : analyze verilog file ../source_code/rtl/app/app.v
HDL-1007 : analyze verilog file ../source_code/rtl/app/vga_disp_rtl.v
HDL-1007 : analyze VHDL file ../source_code/rtl/hdmi_rtl/enc_file/DVITransmitter.enc.vhd
HDL-1007 : analyze entity dvitransmitter in ../source_code/rtl/hdmi_rtl/enc_file/DVITransmitter.enc.vhd(13)
HDL-1007 : analyze architecture ** in ../source_code/rtl/hdmi_rtl/enc_file/DVITransmitter.enc.vhd(2)
HDL-1007 : analyze VHDL file ../source_code/rtl/hdmi_rtl/enc_file/SerializerN_1_lvds.enc.vhd
HDL-1007 : analyze entity ** in ../source_code/rtl/hdmi_rtl/enc_file/SerializerN_1_lvds.enc.vhd(12)
HDL-1007 : analyze architecture ** in ../source_code/rtl/hdmi_rtl/enc_file/SerializerN_1_lvds.enc.vhd(25)
HDL-1007 : analyze VHDL file ../source_code/rtl/hdmi_rtl/enc_file/SerializerN_1_lvds_dat.enc.vhd
HDL-1007 : analyze entity ** in ../source_code/rtl/hdmi_rtl/enc_file/SerializerN_1_lvds_dat.enc.vhd(14)
HDL-1007 : analyze architecture ** in ../source_code/rtl/hdmi_rtl/enc_file/SerializerN_1_lvds_dat.enc.vhd(28)
HDL-1007 : analyze VHDL file ../source_code/rtl/hdmi_rtl/enc_file/TMDSEncoder.enc.vhd
HDL-1007 : analyze entity ** in ../source_code/rtl/hdmi_rtl/enc_file/TMDSEncoder.enc.vhd(13)
HDL-1007 : analyze architecture ** in ../source_code/rtl/hdmi_rtl/enc_file/TMDSEncoder.enc.vhd(24)
HDL-1007 : analyze verilog file ../source_code/rtl/hdmi_rtl/enc_file/video_tpg_1024768.enc.v
HDL-5007 WARNING: literal value ** truncated to fit in ** bits in ../source_code/rtl/hdmi_rtl/enc_file/video_tpg_1024768.enc.v(231)
HDL-1007 : back to file '../source_code/rtl/hdmi_rtl/enc_file/video_tpg_1024768.enc.v' in ../source_code/rtl/hdmi_rtl/enc_file/video_tpg_1024768.enc.v(1)
HDL-1007 : analyze verilog file ../source_code/rtl/hdmi_rtl/enc_file/video_tpg_1080p.enc.v
HDL-1007 : back to file '../source_code/rtl/hdmi_rtl/enc_file/video_tpg_1080p.enc.v' in ../source_code/rtl/hdmi_rtl/enc_file/video_tpg_1080p.enc.v(1)
HDL-1007 : analyze verilog file ../source_code/rtl/hdmi_rtl/enc_file/video_tpg_12801024p.enc.v
HDL-1007 : back to file '../source_code/rtl/hdmi_rtl/enc_file/video_tpg_12801024p.enc.v' in ../source_code/rtl/hdmi_rtl/enc_file/video_tpg_12801024p.enc.v(1)
HDL-1007 : analyze verilog file ../source_code/rtl/hdmi_rtl/enc_file/video_tpg_1280800.enc.v
HDL-5007 WARNING: literal value ** truncated to fit in ** bits in ../source_code/rtl/hdmi_rtl/enc_file/video_tpg_1280800.enc.v(233)
HDL-1007 : back to file '../source_code/rtl/hdmi_rtl/enc_file/video_tpg_1280800.enc.v' in ../source_code/rtl/hdmi_rtl/enc_file/video_tpg_1280800.enc.v(1)
HDL-1007 : analyze verilog file ../source_code/rtl/hdmi_rtl/enc_file/video_tpg_16801050p.enc.v
HDL-1007 : back to file '../source_code/rtl/hdmi_rtl/enc_file/video_tpg_16801050p.enc.v' in ../source_code/rtl/hdmi_rtl/enc_file/video_tpg_16801050p.enc.v(1)
HDL-1007 : analyze verilog file ../source_code/rtl/hdmi_rtl/enc_file/video_tpg_800600.enc.v
HDL-1007 : back to file '../source_code/rtl/hdmi_rtl/enc_file/video_tpg_800600.enc.v' in ../source_code/rtl/hdmi_rtl/enc_file/video_tpg_800600.enc.v(1)
HDL-1007 : analyze VHDL file ../source_code/rtl/hdmi_rtl/hdmi_tx.vhd
HDL-1007 : analyze entity hdmi_tx in ../source_code/rtl/hdmi_rtl/hdmi_tx.vhd(11)
HDL-1007 : analyze architecture behavioral in ../source_code/rtl/hdmi_rtl/hdmi_tx.vhd(33)
HDL-1007 : analyze verilog file ../source_code/rtl/hdmi_rtl/vga_disp_rtl.v
HDL-7201 CRITICAL-WARNING: overwrite current module 'vga_disp_rtl' in ../source_code/rtl/hdmi_rtl/vga_disp_rtl.v(1)
HDL-7307 CRITICAL-WARNING: previous definition of design element module 'vga_disp_rtl' is here. This is because multiple modules(values) with the same name are defined. Please consider rewriting code in ../source_code/rtl/app/vga_disp_rtl.v(1)
HDL-1007 : analyze verilog file ../source_code/rtl/another/fire_detect.v
HDL-1007 : analyze verilog file ../source_code/rtl/another/intrusion_detect.v
PRJ-1412 : reset_run syn_1 phy_1.
PRJ-1409 : launch_runs syn_1 phy_1  -jobs 6.
PRJ-1410 : Run syn_1 success.
PRJ-1416 : stop_run syn_1.
PRJ-1416 : stop_run phy_1.
RUN-1002 : start command "save_best_bits"
PRJ-1410 : Run phy_1 success.
RUN-1002 : start command "import_db D:/FPGA/workplace6_2_1/last_attempt/prj/last_attempt_Runs/syn_1/last_attempt_gate.db"
RUN-1001 : Importing database generated by Tang Dynasty, V6.2.168116.
RUN-1001 : Database version number 46207
RUN-1001 : Import flow parameters
RUN-1001 : Import netlist
RUN-1001 : Import timing constraints
RUN-1001 : Import IO constraints
RUN-1001 : Import Inst constraints
RUN-1001 : Import ChipWatcher
RUN-1001 : Import design success TD_VERSION=6.2.168116 , DB_VERSION=46207
RUN-1002 : start command "commit_param -step design"
RUN-1001 : Print Global Property
RUN-1001 : --------------------------------------------------------
RUN-1001 :   Parameters   |  Settings  |  Default Values  |  Note  
RUN-1001 : --------------------------------------------------------
RUN-1001 :   enable_seed  |    off     |       off        |        
RUN-1001 :     message    |  standard  |     standard     |        
RUN-1001 :   qor_monitor  |     on     |        on        |        
RUN-1001 :   syn_ip_flow  |    off     |       off        |        
RUN-1001 :     thread     |    auto    |       auto       |        
RUN-1001 : --------------------------------------------------------
RUN-1001 : Print Design Property
RUN-1001 : ----------------------------------------------------------------
RUN-1001 :       Parameters       |  Settings  |  Default Values  |  Note  
RUN-1001 : ----------------------------------------------------------------
RUN-1001 :   default_reg_initial  |    auto    |       auto       |        
RUN-1001 :    hdl_warning_level   |   normal   |      normal      |        
RUN-1001 : ----------------------------------------------------------------
HDL-1007 : analyze verilog file last_attempt.v
HDL-1007 : undeclared symbol 'phy_reset', assumed default net type 'wire' in last_attempt.v(166)
HDL-1007 : undeclared symbol 'VGA_HSYNC', assumed default net type 'wire' in last_attempt.v(334)
HDL-1007 : undeclared symbol 'VGA_VSYNC', assumed default net type 'wire' in last_attempt.v(335)
HDL-1007 : undeclared symbol 'rd_en', assumed default net type 'wire' in last_attempt.v(337)
HDL-1007 : undeclared symbol 'key_bg_capture', assumed default net type 'wire' in last_attempt.v(690)
HDL-1007 : undeclared symbol 'tpg_data_done', assumed default net type 'wire' in last_attempt.v(746)
HDL-1007 : undeclared symbol 'full_flag', assumed default net type 'wire' in last_attempt.v(780)
HDL-1007 : undeclared symbol 'input_local_udp_port_num', assumed default net type 'wire' in last_attempt.v(811)
HDL-1007 : undeclared symbol 'input_local_udp_port_num_valid', assumed default net type 'wire' in last_attempt.v(812)
HDL-1007 : undeclared symbol 'input_local_ip_address_valid', assumed default net type 'wire' in last_attempt.v(815)
HDL-1007 : analyze verilog file ../source_code/rtl/udp/BUFGMUX.v
HDL-1007 : analyze verilog file ../source_code/rtl/udp/IDDR.v
HDL-1007 : analyze verilog file ../source_code/rtl/udp/ODDR.v
HDL-1007 : analyze verilog file ../source_code/rtl/udp/RAMB16_S9_S9.v
HDL-1007 : undeclared symbol 'open', assumed default net type 'wire' in ../source_code/rtl/udp/RAMB16_S9_S9.v(109)
HDL-1007 : analyze verilog file ../source_code/rtl/udp/clk_gen_rst_gen.v
HDL-1007 : analyze verilog file ../source_code/rtl/udp/div_clk_gen.v
HDL-1007 : analyze verilog file ../source_code/rtl/udp/rgmii_interface.v
HDL-1007 : analyze verilog file ../source_code/rtl/udp/rx_client_fifo.v
HDL-5370 WARNING: parameter 'WAIT_s' becomes localparam in 'rx_client_fifo' with formal parameter declaration list in ../source_code/rtl/udp/rx_client_fifo.v(49)
HDL-5370 WARNING: parameter 'QUEUE1_s' becomes localparam in 'rx_client_fifo' with formal parameter declaration list in ../source_code/rtl/udp/rx_client_fifo.v(50)
HDL-5370 WARNING: parameter 'QUEUE2_s' becomes localparam in 'rx_client_fifo' with formal parameter declaration list in ../source_code/rtl/udp/rx_client_fifo.v(51)
HDL-5370 WARNING: parameter 'QUEUE3_s' becomes localparam in 'rx_client_fifo' with formal parameter declaration list in ../source_code/rtl/udp/rx_client_fifo.v(52)
HDL-5370 WARNING: parameter 'QUEUE_SOF_s' becomes localparam in 'rx_client_fifo' with formal parameter declaration list in ../source_code/rtl/udp/rx_client_fifo.v(53)
HDL-5370 WARNING: parameter 'SOF_s' becomes localparam in 'rx_client_fifo' with formal parameter declaration list in ../source_code/rtl/udp/rx_client_fifo.v(54)
HDL-5370 WARNING: parameter 'DATA_s' becomes localparam in 'rx_client_fifo' with formal parameter declaration list in ../source_code/rtl/udp/rx_client_fifo.v(55)
HDL-5370 WARNING: parameter 'EOF_s' becomes localparam in 'rx_client_fifo' with formal parameter declaration list in ../source_code/rtl/udp/rx_client_fifo.v(56)
HDL-5370 WARNING: parameter 'IDLE_s' becomes localparam in 'rx_client_fifo' with formal parameter declaration list in ../source_code/rtl/udp/rx_client_fifo.v(62)
HDL-5370 WARNING: parameter 'FRAME_s' becomes localparam in 'rx_client_fifo' with formal parameter declaration list in ../source_code/rtl/udp/rx_client_fifo.v(63)
HDL-5370 Similar messages will be suppressed.
HDL-1007 : analyze verilog file ../source_code/rtl/udp/temac_block.v
HDL-1007 : analyze verilog file ../source_code/rtl/udp/temac_clk_gen.v
HDL-1007 : analyze verilog file ../source_code/rtl/udp/tx_client_fifo.v
HDL-5370 WARNING: parameter 'IDLE_s' becomes localparam in 'tx_client_fifo' with formal parameter declaration list in ../source_code/rtl/udp/tx_client_fifo.v(53)
HDL-5370 WARNING: parameter 'QUEUE1_s' becomes localparam in 'tx_client_fifo' with formal parameter declaration list in ../source_code/rtl/udp/tx_client_fifo.v(54)
HDL-5370 WARNING: parameter 'QUEUE2_s' becomes localparam in 'tx_client_fifo' with formal parameter declaration list in ../source_code/rtl/udp/tx_client_fifo.v(55)
HDL-5370 WARNING: parameter 'QUEUE3_s' becomes localparam in 'tx_client_fifo' with formal parameter declaration list in ../source_code/rtl/udp/tx_client_fifo.v(56)
HDL-5370 WARNING: parameter 'QUEUE_ACK_s' becomes localparam in 'tx_client_fifo' with formal parameter declaration list in ../source_code/rtl/udp/tx_client_fifo.v(57)
HDL-5370 WARNING: parameter 'WAIT_ACK_s' becomes localparam in 'tx_client_fifo' with formal parameter declaration list in ../source_code/rtl/udp/tx_client_fifo.v(58)
HDL-5370 WARNING: parameter 'FRAME_s' becomes localparam in 'tx_client_fifo' with formal parameter declaration list in ../source_code/rtl/udp/tx_client_fifo.v(59)
HDL-5370 WARNING: parameter 'DROP_s' becomes localparam in 'tx_client_fifo' with formal parameter declaration list in ../source_code/rtl/udp/tx_client_fifo.v(60)
HDL-5370 WARNING: parameter 'RETRANSMIT_s' becomes localparam in 'tx_client_fifo' with formal parameter declaration list in ../source_code/rtl/udp/tx_client_fifo.v(61)
HDL-5370 WARNING: parameter 'WAIT_s' becomes localparam in 'tx_client_fifo' with formal parameter declaration list in ../source_code/rtl/udp/tx_client_fifo.v(67)
HDL-5370 Similar messages will be suppressed.
HDL-1007 : analyze verilog file ../source_code/rtl/udp/tx_clk_en_gen.v
HDL-1007 : analyze verilog file ../source_code/rtl/udp/udp_data_tpg.v
HDL-1007 : analyze verilog file ../source_code/rtl/udp/udp_ip_protocol_stack_merge.enc.v
HDL-1007 : back to file '../source_code/rtl/udp/udp_ip_protocol_stack_merge.enc.v' in ../source_code/rtl/udp/udp_ip_protocol_stack_merge.enc.v(56)
HDL-1007 : undeclared symbol '**', assumed default net type '**' in ../source_code/rtl/udp/udp_ip_protocol_stack_merge.enc.v(2638)
HDL-1007 : back to file '../source_code/rtl/udp/udp_ip_protocol_stack_merge.enc.v' in ../source_code/rtl/udp/udp_ip_protocol_stack_merge.enc.v(420)
HDL-1007 : analyze verilog file ../source_code/rtl/udp/udp_loopback.v
HDL-1007 : analyze verilog file al_ip/TEMAC_CORE/RTL/include/define.v
HDL-1007 : analyze verilog file al_ip/TEMAC_CORE/RTL/TEMAC_CORE_aead6cd6dadd.v
HDL-5007 WARNING: column 1032 exceeds maximum value 1023 in al_ip/TEMAC_CORE/RTL/TEMAC_CORE_aead6cd6dadd.v(30)
HDL-1007 : back to file 'al_ip/TEMAC_CORE/RTL/TEMAC_CORE_aead6cd6dadd.v' in al_ip/TEMAC_CORE/RTL/TEMAC_CORE_aead6cd6dadd.v(86)
HDL-5007 WARNING: event expressions must result in a singular type in al_ip/TEMAC_CORE/RTL/TEMAC_CORE_aead6cd6dadd.v(3001)
HDL-1007 : undeclared symbol '**', assumed default net type '**' in al_ip/TEMAC_CORE/RTL/TEMAC_CORE_aead6cd6dadd.v(5050)
HDL-1007 : undeclared symbol '**', assumed default net type '**' in al_ip/TEMAC_CORE/RTL/TEMAC_CORE_aead6cd6dadd.v(5458)
HDL-5007 WARNING: column 1035 exceeds maximum value 1023 in al_ip/TEMAC_CORE/RTL/TEMAC_CORE_aead6cd6dadd.v(6001)
HDL-1007 : back to file 'al_ip/TEMAC_CORE/RTL/TEMAC_CORE_aead6cd6dadd.v' in al_ip/TEMAC_CORE/RTL/TEMAC_CORE_aead6cd6dadd.v(260)
HDL-1007 : analyze verilog file al_ip/TEMAC_CORE/RTL/mac_core_aead6cd6dadd.v
HDL-1007 : analyze verilog file al_ip/TEMAC_CORE/TEMAC_CORE.v
HDL-1007 : analyze verilog file al_ip/pll_gen.v
HDL-1007 : undeclared symbol 'pll_gen_open0', assumed default net type 'wire' in al_ip/pll_gen.v(99)
HDL-1007 : undeclared symbol 'pll_gen_open8', assumed default net type 'wire' in al_ip/pll_gen.v(105)
HDL-1007 : undeclared symbol 'pll_gen_open7', assumed default net type 'wire' in al_ip/pll_gen.v(105)
HDL-1007 : undeclared symbol 'pll_gen_open6', assumed default net type 'wire' in al_ip/pll_gen.v(105)
HDL-1007 : undeclared symbol 'pll_gen_open5', assumed default net type 'wire' in al_ip/pll_gen.v(105)
HDL-1007 : undeclared symbol 'pll_gen_open4', assumed default net type 'wire' in al_ip/pll_gen.v(105)
HDL-1007 : undeclared symbol 'pll_gen_open3', assumed default net type 'wire' in al_ip/pll_gen.v(105)
HDL-1007 : undeclared symbol 'pll_gen_open2', assumed default net type 'wire' in al_ip/pll_gen.v(105)
HDL-1007 : undeclared symbol 'pll_gen_open1', assumed default net type 'wire' in al_ip/pll_gen.v(105)
HDL-1007 : analyze verilog file al_ip/sys_pll.v
HDL-1007 : undeclared symbol 'sys_pll_open0', assumed default net type 'wire' in al_ip/sys_pll.v(77)
HDL-1007 : undeclared symbol 'sys_pll_open1', assumed default net type 'wire' in al_ip/sys_pll.v(83)
HDL-1007 : undeclared symbol 'sys_pll_open9', assumed default net type 'wire' in al_ip/sys_pll.v(89)
HDL-1007 : undeclared symbol 'sys_pll_open8', assumed default net type 'wire' in al_ip/sys_pll.v(89)
HDL-1007 : undeclared symbol 'sys_pll_open7', assumed default net type 'wire' in al_ip/sys_pll.v(89)
HDL-1007 : undeclared symbol 'sys_pll_open6', assumed default net type 'wire' in al_ip/sys_pll.v(89)
HDL-1007 : undeclared symbol 'sys_pll_open5', assumed default net type 'wire' in al_ip/sys_pll.v(89)
HDL-1007 : undeclared symbol 'sys_pll_open4', assumed default net type 'wire' in al_ip/sys_pll.v(89)
HDL-1007 : undeclared symbol 'sys_pll_open3', assumed default net type 'wire' in al_ip/sys_pll.v(89)
HDL-1007 : undeclared symbol 'sys_pll_open2', assumed default net type 'wire' in al_ip/sys_pll.v(89)
HDL-1007 : undeclared symbol 'sys_pll_open11', assumed default net type 'wire' in al_ip/sys_pll.v(91)
HDL-1007 : undeclared symbol 'sys_pll_open10', assumed default net type 'wire' in al_ip/sys_pll.v(91)
HDL-1007 : analyze verilog file ../source_code/rtl/sd_card/ax_debounce.v
HDL-1007 : analyze verilog file ../source_code/rtl/sd_card/bmp_read.v
HDL-1007 : analyze verilog file ../source_code/rtl/sd_card/sd_card_bmp.v
HDL-1007 : analyze verilog file ../source_code/rtl/sd_card/sd_card_cmd.v
HDL-1007 : analyze verilog file ../source_code/rtl/sd_card/sd_card_sec_read_write.v
HDL-1007 : analyze verilog file ../source_code/rtl/sd_card/sd_card_top.v
HDL-1007 : analyze verilog file ../source_code/rtl/sd_card/spi_master.v
HDL-1007 : analyze verilog file ../source_code/rtl/sdram/enc_file/global_def.v
HDL-1007 : analyze verilog file ../source_code/rtl/sdram/enc_file/sdr_as_ram.enc.v
HDL-1007 : back to file '../source_code/rtl/sdram/enc_file/sdr_as_ram.enc.v' in ../source_code/rtl/sdram/enc_file/sdr_as_ram.enc.v(54)
HDL-1007 : analyze verilog file ../source_code/rtl/sdram/enc_file/sdr_wrrd.enc.v
HDL-5007 WARNING: concatenation with an unsized literal will be treated as 32 bits in ../source_code/rtl/sdram/enc_file/sdr_wrrd.enc.v(283)
HDL-1007 : back to file '../source_code/rtl/sdram/enc_file/sdr_wrrd.enc.v' in ../source_code/rtl/sdram/enc_file/sdr_wrrd.enc.v(19)
HDL-1007 : analyze verilog file ../source_code/rtl/frame_fifo/afifo_16_32_256.v
HDL-1007 : analyze verilog file ../source_code/rtl/frame_fifo/afifo_32_16_256.v
HDL-1007 : analyze verilog file ../source_code/rtl/frame_fifo/frame_fifo_read.v
HDL-1007 : analyze verilog file ../source_code/rtl/frame_fifo/frame_fifo_write.v
HDL-1007 : analyze verilog file ../source_code/rtl/frame_fifo/frame_read_write.v
HDL-1007 : analyze verilog file ../source_code/rtl/sdram/sdram.v
HDL-1007 : analyze included file ../source_code/rtl/sdram/enc_file/global_def.v in ../source_code/rtl/sdram/sdram.v(10)
HDL-1007 : back to file '../source_code/rtl/sdram/sdram.v' in ../source_code/rtl/sdram/sdram.v(10)
HDL-1007 : undeclared symbol 'SDR_CKE', assumed default net type 'wire' in ../source_code/rtl/sdram/sdram.v(89)
HDL-1007 : analyze verilog file ../source_code/rtl/sdram/enc_file/sdr_init_ref.enc.v
HDL-1007 : analyze included file ../source_code/rtl/sdram/enc_file/global_def.v in ../source_code/rtl/sdram/enc_file/sdr_init_ref.enc.v(11)
HDL-1007 : back to file '../source_code/rtl/sdram/enc_file/sdr_init_ref.enc.v' in ../source_code/rtl/sdram/enc_file/sdr_init_ref.enc.v(11)
HDL-1007 : undeclared symbol '**', assumed default net type '**' in ../source_code/rtl/sdram/enc_file/sdr_init_ref.enc.v(57)
HDL-1007 : back to file '../source_code/rtl/sdram/enc_file/sdr_init_ref.enc.v' in ../source_code/rtl/sdram/enc_file/sdr_init_ref.enc.v(149)
HDL-5007 WARNING: concatenation with an unsized literal will be treated as 32 bits in ../source_code/rtl/sdram/enc_file/sdr_init_ref.enc.v(47)
HDL-1007 : analyze verilog file ../source_code/rtl/video_timing/color_bar.v
HDL-1007 : analyze included file ../source_code/rtl/video_timing/video_define.v in ../source_code/rtl/video_timing/color_bar.v(2)
HDL-1007 : back to file '../source_code/rtl/video_timing/color_bar.v' in ../source_code/rtl/video_timing/color_bar.v(2)
HDL-1007 : analyze verilog file ../source_code/rtl/video_timing/video_delay.v
HDL-1007 : analyze verilog file ../source_code/rtl/video_timing/video_timing_data.v
HDL-1007 : analyze verilog file ../source_code/rtl/another/m_synchronization_header.v
HDL-1007 : analyze verilog file ../source_code/rtl/led.v
HDL-1007 : analyze verilog file ../source_code/rtl/ov5640/cmos_capture_data.v
HDL-1007 : analyze verilog file ../source_code/rtl/ov5640/i2c_dri.v
HDL-1007 : analyze verilog file ../source_code/rtl/ov5640/i2c_ov5640_rgb565_cfg.v
HDL-1007 : analyze verilog file ../source_code/rtl/ov5640/ov5640_delay.v
HDL-1007 : analyze verilog file ../source_code/rtl/ov5640/ov5640_dri.v
HDL-1007 : analyze verilog file al_ip/clk_wize.v
HDL-1007 : undeclared symbol 'open', assumed default net type 'wire' in al_ip/clk_wize.v(70)
HDL-1007 : analyze verilog file al_ip/ram.v
HDL-1007 : analyze verilog file ../source_code/rtl/app/addr_crt.v
HDL-1007 : analyze verilog file ../source_code/rtl/app/app.v
HDL-1007 : analyze verilog file ../source_code/rtl/app/vga_disp_rtl.v
HDL-1007 : analyze VHDL file ../source_code/rtl/hdmi_rtl/enc_file/DVITransmitter.enc.vhd
HDL-1007 : analyze entity dvitransmitter in ../source_code/rtl/hdmi_rtl/enc_file/DVITransmitter.enc.vhd(13)
HDL-1007 : analyze architecture ** in ../source_code/rtl/hdmi_rtl/enc_file/DVITransmitter.enc.vhd(2)
HDL-1007 : analyze VHDL file ../source_code/rtl/hdmi_rtl/enc_file/SerializerN_1_lvds.enc.vhd
HDL-1007 : analyze entity ** in ../source_code/rtl/hdmi_rtl/enc_file/SerializerN_1_lvds.enc.vhd(12)
HDL-1007 : analyze architecture ** in ../source_code/rtl/hdmi_rtl/enc_file/SerializerN_1_lvds.enc.vhd(25)
HDL-1007 : analyze VHDL file ../source_code/rtl/hdmi_rtl/enc_file/SerializerN_1_lvds_dat.enc.vhd
HDL-1007 : analyze entity ** in ../source_code/rtl/hdmi_rtl/enc_file/SerializerN_1_lvds_dat.enc.vhd(14)
HDL-1007 : analyze architecture ** in ../source_code/rtl/hdmi_rtl/enc_file/SerializerN_1_lvds_dat.enc.vhd(28)
HDL-1007 : analyze VHDL file ../source_code/rtl/hdmi_rtl/enc_file/TMDSEncoder.enc.vhd
HDL-1007 : analyze entity ** in ../source_code/rtl/hdmi_rtl/enc_file/TMDSEncoder.enc.vhd(13)
HDL-1007 : analyze architecture ** in ../source_code/rtl/hdmi_rtl/enc_file/TMDSEncoder.enc.vhd(24)
HDL-1007 : analyze verilog file ../source_code/rtl/hdmi_rtl/enc_file/video_tpg_1024768.enc.v
HDL-5007 WARNING: literal value ** truncated to fit in ** bits in ../source_code/rtl/hdmi_rtl/enc_file/video_tpg_1024768.enc.v(231)
HDL-1007 : back to file '../source_code/rtl/hdmi_rtl/enc_file/video_tpg_1024768.enc.v' in ../source_code/rtl/hdmi_rtl/enc_file/video_tpg_1024768.enc.v(1)
HDL-1007 : analyze verilog file ../source_code/rtl/hdmi_rtl/enc_file/video_tpg_1080p.enc.v
HDL-1007 : back to file '../source_code/rtl/hdmi_rtl/enc_file/video_tpg_1080p.enc.v' in ../source_code/rtl/hdmi_rtl/enc_file/video_tpg_1080p.enc.v(1)
HDL-1007 : analyze verilog file ../source_code/rtl/hdmi_rtl/enc_file/video_tpg_12801024p.enc.v
HDL-1007 : back to file '../source_code/rtl/hdmi_rtl/enc_file/video_tpg_12801024p.enc.v' in ../source_code/rtl/hdmi_rtl/enc_file/video_tpg_12801024p.enc.v(1)
HDL-1007 : analyze verilog file ../source_code/rtl/hdmi_rtl/enc_file/video_tpg_1280800.enc.v
HDL-5007 WARNING: literal value ** truncated to fit in ** bits in ../source_code/rtl/hdmi_rtl/enc_file/video_tpg_1280800.enc.v(233)
HDL-1007 : back to file '../source_code/rtl/hdmi_rtl/enc_file/video_tpg_1280800.enc.v' in ../source_code/rtl/hdmi_rtl/enc_file/video_tpg_1280800.enc.v(1)
HDL-1007 : analyze verilog file ../source_code/rtl/hdmi_rtl/enc_file/video_tpg_16801050p.enc.v
HDL-1007 : back to file '../source_code/rtl/hdmi_rtl/enc_file/video_tpg_16801050p.enc.v' in ../source_code/rtl/hdmi_rtl/enc_file/video_tpg_16801050p.enc.v(1)
HDL-1007 : analyze verilog file ../source_code/rtl/hdmi_rtl/enc_file/video_tpg_800600.enc.v
HDL-1007 : back to file '../source_code/rtl/hdmi_rtl/enc_file/video_tpg_800600.enc.v' in ../source_code/rtl/hdmi_rtl/enc_file/video_tpg_800600.enc.v(1)
HDL-1007 : analyze VHDL file ../source_code/rtl/hdmi_rtl/hdmi_tx.vhd
HDL-1007 : analyze entity hdmi_tx in ../source_code/rtl/hdmi_rtl/hdmi_tx.vhd(11)
HDL-1007 : analyze architecture behavioral in ../source_code/rtl/hdmi_rtl/hdmi_tx.vhd(33)
HDL-1007 : analyze verilog file ../source_code/rtl/hdmi_rtl/vga_disp_rtl.v
HDL-7201 CRITICAL-WARNING: overwrite current module 'vga_disp_rtl' in ../source_code/rtl/hdmi_rtl/vga_disp_rtl.v(1)
HDL-7307 CRITICAL-WARNING: previous definition of design element module 'vga_disp_rtl' is here. This is because multiple modules(values) with the same name are defined. Please consider rewriting code in ../source_code/rtl/app/vga_disp_rtl.v(1)
HDL-1007 : analyze verilog file ../source_code/rtl/another/fire_detect.v
HDL-1007 : analyze verilog file ../source_code/rtl/another/intrusion_detect.v
PRJ-1412 : reset_run syn_1 phy_1.
PRJ-1409 : launch_runs syn_1 phy_1  -jobs 6.
PRJ-1410 : Run syn_1 success.
PRJ-1410 : Run phy_1 success.
RUN-1002 : start command "save_best_bits"
PRJ-1424 : The implemented result of phy_1 is saved as best result.
RUN-1002 : start command "import_db D:/FPGA/workplace6_2_1/last_attempt/prj/last_attempt_Runs/phy_1/last_attempt_pr.db"
RUN-1001 : Importing database generated by Tang Dynasty, V6.2.168116.
RUN-1001 : Database version number 46207
RUN-1001 : Import flow parameters
RUN-1001 : Import netlist
PHY-1001 : Generate detailed routing grids ...
PHY-1001 : End build routing graph; 0.459932s wall, 0.390625s user + 0.093750s system = 0.484375s CPU (105.3%)

PHY-1001 : Build lut bridge;  0.056669s wall, 0.062500s user + 0.000000s system = 0.062500s CPU (110.3%)

PHY-1001 : Generate nets ...
PHY-1001 : net clk_50_dup_1 will be routed on clock mesh
PHY-1001 : clock net temac_clk will be merged with clock u_clk_gen/u_pll_0/clk0_buf
PHY-1001 : net udp_clk will be routed on clock mesh
PHY-1001 : net U3/u2_ram/SDRAM_CLK will be routed on clock mesh
PHY-1001 : net U3/u2_ram/u1_init_ref/Sdr_clk will be routed on clock mesh
PHY-1001 : clock net u_ov5640_dri/u_i2c_dr/dri_clk_syn_4 will be merged with clock u_ov5640_dri/u_i2c_dr/dri_clk
PHY-1001 : clock net u2_udp_loopback/app_tx_data_read_syn_4 will be merged with clock u2_udp_loopback/app_tx_data_read
PHY-1001 : clock net frame_read_write_m0/write_clk_syn_4 will be merged with clock frame_read_write_m0/write_clk
PHY-1001 : clock net cam_pclk_syn_4 will be merged with clock cam_pclk_dup_1
PHY-1001 : clock net sd_card_bmp_m0/bmp_read_m0/clk will be merged with clock tf0_sys_pll/clk0_buf
PHY-1001 : net u2_hdmi_tx/Inst_DVITransmitter/PCLK_I will be routed on clock mesh
PHY-1001 : clock net u2_hdmi_tx/Inst_DVITransmitter/PCLK_X5_I will be merged with clock u0_clk_wize/clk0_buf
PHY-1001 : clock net u4_trimac_block/rx_clk will be merged with clock phy1_rgmii_rx_clk_dup_1
PHY-1001 : net u4_trimac_block/u1_rgmii_interface/rgmii_txc_ddr/clk will be routed on clock mesh
PHY-1001 : eco open net = 0
PHY-1001 : 811 feed throughs used by 536 nets
RUN-1001 : Import phy database
RUN-1001 : Import timing constraints
RUN-1001 : Import IO constraints
RUN-1001 : Import Inst constraints
RUN-1001 : Import ChipWatcher
RUN-1001 : Import design success TD_VERSION=6.2.168116 , DB_VERSION=46207
RUN-1003 : finish command "import_db D:/FPGA/workplace6_2_1/last_attempt/prj/last_attempt_Runs/phy_1/last_attempt_pr.db" in  3.789658s wall, 3.625000s user + 0.406250s system = 4.031250s CPU (106.4%)

RUN-1004 : used memory is 855 MB, reserved memory is 787 MB, peak memory is 928 MB
RUN-1002 : start command "commit_param -step design"
RUN-1001 : Print Global Property
RUN-1001 : --------------------------------------------------------
RUN-1001 :   Parameters   |  Settings  |  Default Values  |  Note  
RUN-1001 : --------------------------------------------------------
RUN-1001 :   enable_seed  |    off     |       off        |        
RUN-1001 :     message    |  standard  |     standard     |        
RUN-1001 :   qor_monitor  |     on     |        on        |        
RUN-1001 :   syn_ip_flow  |    off     |       off        |        
RUN-1001 :     thread     |    auto    |       auto       |        
RUN-1001 : --------------------------------------------------------
RUN-1001 : Print Design Property
RUN-1001 : ----------------------------------------------------------------
RUN-1001 :       Parameters       |  Settings  |  Default Values  |  Note  
RUN-1001 : ----------------------------------------------------------------
RUN-1001 :   default_reg_initial  |    auto    |       auto       |        
RUN-1001 :    hdl_warning_level   |   normal   |      normal      |        
RUN-1001 : ----------------------------------------------------------------
HDL-1007 : analyze verilog file last_attempt.v
HDL-8007 ERROR: syntax error near 'input' in last_attempt.v(12)
HDL-8007 ERROR: Verilog 2000 keyword 'input' used in incorrect context in last_attempt.v(12)
HDL-1007 : analyze VHDL file ../source_code/rtl/hdmi_rtl/enc_file/DVITransmitter.enc.vhd
HDL-1007 : analyze entity dvitransmitter in ../source_code/rtl/hdmi_rtl/enc_file/DVITransmitter.enc.vhd(13)
HDL-1007 : analyze architecture ** in ../source_code/rtl/hdmi_rtl/enc_file/DVITransmitter.enc.vhd(2)
HDL-1007 : analyze VHDL file ../source_code/rtl/hdmi_rtl/enc_file/SerializerN_1_lvds.enc.vhd
HDL-1007 : analyze entity ** in ../source_code/rtl/hdmi_rtl/enc_file/SerializerN_1_lvds.enc.vhd(12)
HDL-1007 : analyze architecture ** in ../source_code/rtl/hdmi_rtl/enc_file/SerializerN_1_lvds.enc.vhd(25)
HDL-1007 : analyze VHDL file ../source_code/rtl/hdmi_rtl/enc_file/SerializerN_1_lvds_dat.enc.vhd
HDL-1007 : analyze entity ** in ../source_code/rtl/hdmi_rtl/enc_file/SerializerN_1_lvds_dat.enc.vhd(14)
HDL-1007 : analyze architecture ** in ../source_code/rtl/hdmi_rtl/enc_file/SerializerN_1_lvds_dat.enc.vhd(28)
HDL-1007 : analyze VHDL file ../source_code/rtl/hdmi_rtl/enc_file/TMDSEncoder.enc.vhd
HDL-1007 : analyze entity ** in ../source_code/rtl/hdmi_rtl/enc_file/TMDSEncoder.enc.vhd(13)
HDL-1007 : analyze architecture ** in ../source_code/rtl/hdmi_rtl/enc_file/TMDSEncoder.enc.vhd(24)
HDL-1007 : analyze verilog file ../source_code/rtl/hdmi_rtl/enc_file/video_tpg_1024768.enc.v
HDL-5007 WARNING: literal value ** truncated to fit in ** bits in ../source_code/rtl/hdmi_rtl/enc_file/video_tpg_1024768.enc.v(231)
HDL-1007 : back to file '../source_code/rtl/hdmi_rtl/enc_file/video_tpg_1024768.enc.v' in ../source_code/rtl/hdmi_rtl/enc_file/video_tpg_1024768.enc.v(1)
HDL-1007 : analyze verilog file ../source_code/rtl/hdmi_rtl/enc_file/video_tpg_1080p.enc.v
HDL-1007 : back to file '../source_code/rtl/hdmi_rtl/enc_file/video_tpg_1080p.enc.v' in ../source_code/rtl/hdmi_rtl/enc_file/video_tpg_1080p.enc.v(1)
HDL-1007 : analyze verilog file ../source_code/rtl/hdmi_rtl/enc_file/video_tpg_12801024p.enc.v
HDL-1007 : back to file '../source_code/rtl/hdmi_rtl/enc_file/video_tpg_12801024p.enc.v' in ../source_code/rtl/hdmi_rtl/enc_file/video_tpg_12801024p.enc.v(1)
HDL-1007 : analyze verilog file ../source_code/rtl/hdmi_rtl/enc_file/video_tpg_1280800.enc.v
HDL-5007 WARNING: literal value ** truncated to fit in ** bits in ../source_code/rtl/hdmi_rtl/enc_file/video_tpg_1280800.enc.v(233)
HDL-1007 : back to file '../source_code/rtl/hdmi_rtl/enc_file/video_tpg_1280800.enc.v' in ../source_code/rtl/hdmi_rtl/enc_file/video_tpg_1280800.enc.v(1)
HDL-1007 : analyze verilog file ../source_code/rtl/hdmi_rtl/enc_file/video_tpg_16801050p.enc.v
HDL-1007 : back to file '../source_code/rtl/hdmi_rtl/enc_file/video_tpg_16801050p.enc.v' in ../source_code/rtl/hdmi_rtl/enc_file/video_tpg_16801050p.enc.v(1)
HDL-1007 : analyze verilog file ../source_code/rtl/hdmi_rtl/enc_file/video_tpg_800600.enc.v
HDL-1007 : back to file '../source_code/rtl/hdmi_rtl/enc_file/video_tpg_800600.enc.v' in ../source_code/rtl/hdmi_rtl/enc_file/video_tpg_800600.enc.v(1)
HDL-1007 : analyze VHDL file ../source_code/rtl/hdmi_rtl/hdmi_tx.vhd
HDL-1007 : analyze entity hdmi_tx in ../source_code/rtl/hdmi_rtl/hdmi_tx.vhd(11)
HDL-1007 : analyze architecture behavioral in ../source_code/rtl/hdmi_rtl/hdmi_tx.vhd(33)
HDL-1007 : analyze verilog file ../source_code/rtl/hdmi_rtl/vga_disp_rtl.v
HDL-1007 : analyze verilog file ../source_code/rtl/another/fire_detect.v
HDL-1007 : analyze verilog file ../source_code/rtl/another/intrusion_detect.v
HDL-5007 WARNING: The file last_attempt.v will not be compiled since it is not included by any other files. Set it as 'global include' if it should be compiled.
RUN-1002 : start command "commit_param -step design"
RUN-1001 : Print Global Property
RUN-1001 : --------------------------------------------------------
RUN-1001 :   Parameters   |  Settings  |  Default Values  |  Note  
RUN-1001 : --------------------------------------------------------
RUN-1001 :   enable_seed  |    off     |       off        |        
RUN-1001 :     message    |  standard  |     standard     |        
RUN-1001 :   qor_monitor  |     on     |        on        |        
RUN-1001 :   syn_ip_flow  |    off     |       off        |        
RUN-1001 :     thread     |    auto    |       auto       |        
RUN-1001 : --------------------------------------------------------
RUN-1001 : Print Design Property
RUN-1001 : ----------------------------------------------------------------
RUN-1001 :       Parameters       |  Settings  |  Default Values  |  Note  
RUN-1001 : ----------------------------------------------------------------
RUN-1001 :   default_reg_initial  |    auto    |       auto       |        
RUN-1001 :    hdl_warning_level   |   normal   |      normal      |        
RUN-1001 : ----------------------------------------------------------------
HDL-1007 : analyze verilog file last_attempt.v
HDL-1007 : undeclared symbol 'phy_reset', assumed default net type 'wire' in last_attempt.v(167)
HDL-1007 : undeclared symbol 'VGA_HSYNC', assumed default net type 'wire' in last_attempt.v(335)
HDL-1007 : undeclared symbol 'VGA_VSYNC', assumed default net type 'wire' in last_attempt.v(336)
HDL-1007 : undeclared symbol 'rd_en', assumed default net type 'wire' in last_attempt.v(338)
HDL-1007 : undeclared symbol 'tpg_data_done', assumed default net type 'wire' in last_attempt.v(747)
HDL-1007 : undeclared symbol 'full_flag', assumed default net type 'wire' in last_attempt.v(781)
HDL-1007 : undeclared symbol 'input_local_udp_port_num', assumed default net type 'wire' in last_attempt.v(812)
HDL-1007 : undeclared symbol 'input_local_udp_port_num_valid', assumed default net type 'wire' in last_attempt.v(813)
HDL-1007 : undeclared symbol 'input_local_ip_address_valid', assumed default net type 'wire' in last_attempt.v(816)
HDL-1007 : analyze verilog file ../source_code/rtl/udp/BUFGMUX.v
HDL-1007 : analyze verilog file ../source_code/rtl/udp/IDDR.v
HDL-1007 : analyze verilog file ../source_code/rtl/udp/ODDR.v
HDL-1007 : analyze verilog file ../source_code/rtl/udp/RAMB16_S9_S9.v
HDL-1007 : undeclared symbol 'open', assumed default net type 'wire' in ../source_code/rtl/udp/RAMB16_S9_S9.v(109)
HDL-1007 : analyze verilog file ../source_code/rtl/udp/clk_gen_rst_gen.v
HDL-1007 : analyze verilog file ../source_code/rtl/udp/div_clk_gen.v
HDL-1007 : analyze verilog file ../source_code/rtl/udp/rgmii_interface.v
HDL-1007 : analyze verilog file ../source_code/rtl/udp/rx_client_fifo.v
HDL-5370 WARNING: parameter 'WAIT_s' becomes localparam in 'rx_client_fifo' with formal parameter declaration list in ../source_code/rtl/udp/rx_client_fifo.v(49)
HDL-5370 WARNING: parameter 'QUEUE1_s' becomes localparam in 'rx_client_fifo' with formal parameter declaration list in ../source_code/rtl/udp/rx_client_fifo.v(50)
HDL-5370 WARNING: parameter 'QUEUE2_s' becomes localparam in 'rx_client_fifo' with formal parameter declaration list in ../source_code/rtl/udp/rx_client_fifo.v(51)
HDL-5370 WARNING: parameter 'QUEUE3_s' becomes localparam in 'rx_client_fifo' with formal parameter declaration list in ../source_code/rtl/udp/rx_client_fifo.v(52)
HDL-5370 WARNING: parameter 'QUEUE_SOF_s' becomes localparam in 'rx_client_fifo' with formal parameter declaration list in ../source_code/rtl/udp/rx_client_fifo.v(53)
HDL-5370 WARNING: parameter 'SOF_s' becomes localparam in 'rx_client_fifo' with formal parameter declaration list in ../source_code/rtl/udp/rx_client_fifo.v(54)
HDL-5370 WARNING: parameter 'DATA_s' becomes localparam in 'rx_client_fifo' with formal parameter declaration list in ../source_code/rtl/udp/rx_client_fifo.v(55)
HDL-5370 WARNING: parameter 'EOF_s' becomes localparam in 'rx_client_fifo' with formal parameter declaration list in ../source_code/rtl/udp/rx_client_fifo.v(56)
HDL-5370 WARNING: parameter 'IDLE_s' becomes localparam in 'rx_client_fifo' with formal parameter declaration list in ../source_code/rtl/udp/rx_client_fifo.v(62)
HDL-5370 WARNING: parameter 'FRAME_s' becomes localparam in 'rx_client_fifo' with formal parameter declaration list in ../source_code/rtl/udp/rx_client_fifo.v(63)
HDL-5370 Similar messages will be suppressed.
HDL-1007 : analyze verilog file ../source_code/rtl/udp/temac_block.v
HDL-1007 : analyze verilog file ../source_code/rtl/udp/temac_clk_gen.v
HDL-1007 : analyze verilog file ../source_code/rtl/udp/tx_client_fifo.v
HDL-5370 WARNING: parameter 'IDLE_s' becomes localparam in 'tx_client_fifo' with formal parameter declaration list in ../source_code/rtl/udp/tx_client_fifo.v(53)
HDL-5370 WARNING: parameter 'QUEUE1_s' becomes localparam in 'tx_client_fifo' with formal parameter declaration list in ../source_code/rtl/udp/tx_client_fifo.v(54)
HDL-5370 WARNING: parameter 'QUEUE2_s' becomes localparam in 'tx_client_fifo' with formal parameter declaration list in ../source_code/rtl/udp/tx_client_fifo.v(55)
HDL-5370 WARNING: parameter 'QUEUE3_s' becomes localparam in 'tx_client_fifo' with formal parameter declaration list in ../source_code/rtl/udp/tx_client_fifo.v(56)
HDL-5370 WARNING: parameter 'QUEUE_ACK_s' becomes localparam in 'tx_client_fifo' with formal parameter declaration list in ../source_code/rtl/udp/tx_client_fifo.v(57)
HDL-5370 WARNING: parameter 'WAIT_ACK_s' becomes localparam in 'tx_client_fifo' with formal parameter declaration list in ../source_code/rtl/udp/tx_client_fifo.v(58)
HDL-5370 WARNING: parameter 'FRAME_s' becomes localparam in 'tx_client_fifo' with formal parameter declaration list in ../source_code/rtl/udp/tx_client_fifo.v(59)
HDL-5370 WARNING: parameter 'DROP_s' becomes localparam in 'tx_client_fifo' with formal parameter declaration list in ../source_code/rtl/udp/tx_client_fifo.v(60)
HDL-5370 WARNING: parameter 'RETRANSMIT_s' becomes localparam in 'tx_client_fifo' with formal parameter declaration list in ../source_code/rtl/udp/tx_client_fifo.v(61)
HDL-5370 WARNING: parameter 'WAIT_s' becomes localparam in 'tx_client_fifo' with formal parameter declaration list in ../source_code/rtl/udp/tx_client_fifo.v(67)
HDL-5370 Similar messages will be suppressed.
HDL-1007 : analyze verilog file ../source_code/rtl/udp/tx_clk_en_gen.v
HDL-1007 : analyze verilog file ../source_code/rtl/udp/udp_data_tpg.v
HDL-1007 : analyze verilog file ../source_code/rtl/udp/udp_ip_protocol_stack_merge.enc.v
HDL-1007 : back to file '../source_code/rtl/udp/udp_ip_protocol_stack_merge.enc.v' in ../source_code/rtl/udp/udp_ip_protocol_stack_merge.enc.v(56)
HDL-1007 : undeclared symbol '**', assumed default net type '**' in ../source_code/rtl/udp/udp_ip_protocol_stack_merge.enc.v(2638)
HDL-1007 : back to file '../source_code/rtl/udp/udp_ip_protocol_stack_merge.enc.v' in ../source_code/rtl/udp/udp_ip_protocol_stack_merge.enc.v(420)
HDL-1007 : analyze verilog file ../source_code/rtl/udp/udp_loopback.v
HDL-1007 : analyze verilog file al_ip/TEMAC_CORE/RTL/include/define.v
HDL-1007 : analyze verilog file al_ip/TEMAC_CORE/RTL/TEMAC_CORE_aead6cd6dadd.v
HDL-5007 WARNING: column 1032 exceeds maximum value 1023 in al_ip/TEMAC_CORE/RTL/TEMAC_CORE_aead6cd6dadd.v(30)
HDL-1007 : back to file 'al_ip/TEMAC_CORE/RTL/TEMAC_CORE_aead6cd6dadd.v' in al_ip/TEMAC_CORE/RTL/TEMAC_CORE_aead6cd6dadd.v(86)
HDL-5007 WARNING: event expressions must result in a singular type in al_ip/TEMAC_CORE/RTL/TEMAC_CORE_aead6cd6dadd.v(3001)
HDL-1007 : undeclared symbol '**', assumed default net type '**' in al_ip/TEMAC_CORE/RTL/TEMAC_CORE_aead6cd6dadd.v(5050)
HDL-1007 : undeclared symbol '**', assumed default net type '**' in al_ip/TEMAC_CORE/RTL/TEMAC_CORE_aead6cd6dadd.v(5458)
HDL-5007 WARNING: column 1035 exceeds maximum value 1023 in al_ip/TEMAC_CORE/RTL/TEMAC_CORE_aead6cd6dadd.v(6001)
HDL-1007 : back to file 'al_ip/TEMAC_CORE/RTL/TEMAC_CORE_aead6cd6dadd.v' in al_ip/TEMAC_CORE/RTL/TEMAC_CORE_aead6cd6dadd.v(260)
HDL-1007 : analyze verilog file al_ip/TEMAC_CORE/RTL/mac_core_aead6cd6dadd.v
HDL-1007 : analyze verilog file al_ip/TEMAC_CORE/TEMAC_CORE.v
HDL-1007 : analyze verilog file al_ip/pll_gen.v
HDL-1007 : undeclared symbol 'pll_gen_open0', assumed default net type 'wire' in al_ip/pll_gen.v(99)
HDL-1007 : undeclared symbol 'pll_gen_open8', assumed default net type 'wire' in al_ip/pll_gen.v(105)
HDL-1007 : undeclared symbol 'pll_gen_open7', assumed default net type 'wire' in al_ip/pll_gen.v(105)
HDL-1007 : undeclared symbol 'pll_gen_open6', assumed default net type 'wire' in al_ip/pll_gen.v(105)
HDL-1007 : undeclared symbol 'pll_gen_open5', assumed default net type 'wire' in al_ip/pll_gen.v(105)
HDL-1007 : undeclared symbol 'pll_gen_open4', assumed default net type 'wire' in al_ip/pll_gen.v(105)
HDL-1007 : undeclared symbol 'pll_gen_open3', assumed default net type 'wire' in al_ip/pll_gen.v(105)
HDL-1007 : undeclared symbol 'pll_gen_open2', assumed default net type 'wire' in al_ip/pll_gen.v(105)
HDL-1007 : undeclared symbol 'pll_gen_open1', assumed default net type 'wire' in al_ip/pll_gen.v(105)
HDL-1007 : analyze verilog file al_ip/sys_pll.v
HDL-1007 : undeclared symbol 'sys_pll_open0', assumed default net type 'wire' in al_ip/sys_pll.v(77)
HDL-1007 : undeclared symbol 'sys_pll_open1', assumed default net type 'wire' in al_ip/sys_pll.v(83)
HDL-1007 : undeclared symbol 'sys_pll_open9', assumed default net type 'wire' in al_ip/sys_pll.v(89)
HDL-1007 : undeclared symbol 'sys_pll_open8', assumed default net type 'wire' in al_ip/sys_pll.v(89)
HDL-1007 : undeclared symbol 'sys_pll_open7', assumed default net type 'wire' in al_ip/sys_pll.v(89)
HDL-1007 : undeclared symbol 'sys_pll_open6', assumed default net type 'wire' in al_ip/sys_pll.v(89)
HDL-1007 : undeclared symbol 'sys_pll_open5', assumed default net type 'wire' in al_ip/sys_pll.v(89)
HDL-1007 : undeclared symbol 'sys_pll_open4', assumed default net type 'wire' in al_ip/sys_pll.v(89)
HDL-1007 : undeclared symbol 'sys_pll_open3', assumed default net type 'wire' in al_ip/sys_pll.v(89)
HDL-1007 : undeclared symbol 'sys_pll_open2', assumed default net type 'wire' in al_ip/sys_pll.v(89)
HDL-1007 : undeclared symbol 'sys_pll_open11', assumed default net type 'wire' in al_ip/sys_pll.v(91)
HDL-1007 : undeclared symbol 'sys_pll_open10', assumed default net type 'wire' in al_ip/sys_pll.v(91)
HDL-1007 : analyze verilog file ../source_code/rtl/sd_card/ax_debounce.v
HDL-1007 : analyze verilog file ../source_code/rtl/sd_card/bmp_read.v
HDL-1007 : analyze verilog file ../source_code/rtl/sd_card/sd_card_bmp.v
HDL-1007 : analyze verilog file ../source_code/rtl/sd_card/sd_card_cmd.v
HDL-1007 : analyze verilog file ../source_code/rtl/sd_card/sd_card_sec_read_write.v
HDL-1007 : analyze verilog file ../source_code/rtl/sd_card/sd_card_top.v
HDL-1007 : analyze verilog file ../source_code/rtl/sd_card/spi_master.v
HDL-1007 : analyze verilog file ../source_code/rtl/sdram/enc_file/global_def.v
HDL-1007 : analyze verilog file ../source_code/rtl/sdram/enc_file/sdr_as_ram.enc.v
HDL-1007 : back to file '../source_code/rtl/sdram/enc_file/sdr_as_ram.enc.v' in ../source_code/rtl/sdram/enc_file/sdr_as_ram.enc.v(54)
HDL-1007 : analyze verilog file ../source_code/rtl/sdram/enc_file/sdr_wrrd.enc.v
HDL-5007 WARNING: concatenation with an unsized literal will be treated as 32 bits in ../source_code/rtl/sdram/enc_file/sdr_wrrd.enc.v(283)
HDL-1007 : back to file '../source_code/rtl/sdram/enc_file/sdr_wrrd.enc.v' in ../source_code/rtl/sdram/enc_file/sdr_wrrd.enc.v(19)
HDL-1007 : analyze verilog file ../source_code/rtl/frame_fifo/afifo_16_32_256.v
HDL-1007 : analyze verilog file ../source_code/rtl/frame_fifo/afifo_32_16_256.v
HDL-1007 : analyze verilog file ../source_code/rtl/frame_fifo/frame_fifo_read.v
HDL-1007 : analyze verilog file ../source_code/rtl/frame_fifo/frame_fifo_write.v
HDL-1007 : analyze verilog file ../source_code/rtl/frame_fifo/frame_read_write.v
HDL-1007 : analyze verilog file ../source_code/rtl/sdram/sdram.v
HDL-1007 : analyze included file ../source_code/rtl/sdram/enc_file/global_def.v in ../source_code/rtl/sdram/sdram.v(10)
HDL-1007 : back to file '../source_code/rtl/sdram/sdram.v' in ../source_code/rtl/sdram/sdram.v(10)
HDL-1007 : undeclared symbol 'SDR_CKE', assumed default net type 'wire' in ../source_code/rtl/sdram/sdram.v(89)
HDL-1007 : analyze verilog file ../source_code/rtl/sdram/enc_file/sdr_init_ref.enc.v
HDL-1007 : analyze included file ../source_code/rtl/sdram/enc_file/global_def.v in ../source_code/rtl/sdram/enc_file/sdr_init_ref.enc.v(11)
HDL-1007 : back to file '../source_code/rtl/sdram/enc_file/sdr_init_ref.enc.v' in ../source_code/rtl/sdram/enc_file/sdr_init_ref.enc.v(11)
HDL-1007 : undeclared symbol '**', assumed default net type '**' in ../source_code/rtl/sdram/enc_file/sdr_init_ref.enc.v(57)
HDL-1007 : back to file '../source_code/rtl/sdram/enc_file/sdr_init_ref.enc.v' in ../source_code/rtl/sdram/enc_file/sdr_init_ref.enc.v(149)
HDL-5007 WARNING: concatenation with an unsized literal will be treated as 32 bits in ../source_code/rtl/sdram/enc_file/sdr_init_ref.enc.v(47)
HDL-1007 : analyze verilog file ../source_code/rtl/video_timing/color_bar.v
HDL-1007 : analyze included file ../source_code/rtl/video_timing/video_define.v in ../source_code/rtl/video_timing/color_bar.v(2)
HDL-1007 : back to file '../source_code/rtl/video_timing/color_bar.v' in ../source_code/rtl/video_timing/color_bar.v(2)
HDL-1007 : analyze verilog file ../source_code/rtl/video_timing/video_delay.v
HDL-1007 : analyze verilog file ../source_code/rtl/video_timing/video_timing_data.v
HDL-1007 : analyze verilog file ../source_code/rtl/another/m_synchronization_header.v
HDL-1007 : analyze verilog file ../source_code/rtl/led.v
HDL-1007 : analyze verilog file ../source_code/rtl/ov5640/cmos_capture_data.v
HDL-1007 : analyze verilog file ../source_code/rtl/ov5640/i2c_dri.v
HDL-1007 : analyze verilog file ../source_code/rtl/ov5640/i2c_ov5640_rgb565_cfg.v
HDL-1007 : analyze verilog file ../source_code/rtl/ov5640/ov5640_delay.v
HDL-1007 : analyze verilog file ../source_code/rtl/ov5640/ov5640_dri.v
HDL-1007 : analyze verilog file al_ip/clk_wize.v
HDL-1007 : undeclared symbol 'open', assumed default net type 'wire' in al_ip/clk_wize.v(70)
HDL-1007 : analyze verilog file al_ip/ram.v
HDL-1007 : analyze verilog file ../source_code/rtl/app/addr_crt.v
HDL-1007 : analyze verilog file ../source_code/rtl/app/app.v
HDL-1007 : analyze verilog file ../source_code/rtl/app/vga_disp_rtl.v
HDL-1007 : analyze VHDL file ../source_code/rtl/hdmi_rtl/enc_file/DVITransmitter.enc.vhd
HDL-1007 : analyze entity dvitransmitter in ../source_code/rtl/hdmi_rtl/enc_file/DVITransmitter.enc.vhd(13)
HDL-1007 : analyze architecture ** in ../source_code/rtl/hdmi_rtl/enc_file/DVITransmitter.enc.vhd(2)
HDL-1007 : analyze VHDL file ../source_code/rtl/hdmi_rtl/enc_file/SerializerN_1_lvds.enc.vhd
HDL-1007 : analyze entity ** in ../source_code/rtl/hdmi_rtl/enc_file/SerializerN_1_lvds.enc.vhd(12)
HDL-1007 : analyze architecture ** in ../source_code/rtl/hdmi_rtl/enc_file/SerializerN_1_lvds.enc.vhd(25)
HDL-1007 : analyze VHDL file ../source_code/rtl/hdmi_rtl/enc_file/SerializerN_1_lvds_dat.enc.vhd
HDL-1007 : analyze entity ** in ../source_code/rtl/hdmi_rtl/enc_file/SerializerN_1_lvds_dat.enc.vhd(14)
HDL-1007 : analyze architecture ** in ../source_code/rtl/hdmi_rtl/enc_file/SerializerN_1_lvds_dat.enc.vhd(28)
HDL-1007 : analyze VHDL file ../source_code/rtl/hdmi_rtl/enc_file/TMDSEncoder.enc.vhd
HDL-1007 : analyze entity ** in ../source_code/rtl/hdmi_rtl/enc_file/TMDSEncoder.enc.vhd(13)
HDL-1007 : analyze architecture ** in ../source_code/rtl/hdmi_rtl/enc_file/TMDSEncoder.enc.vhd(24)
HDL-1007 : analyze verilog file ../source_code/rtl/hdmi_rtl/enc_file/video_tpg_1024768.enc.v
HDL-5007 WARNING: literal value ** truncated to fit in ** bits in ../source_code/rtl/hdmi_rtl/enc_file/video_tpg_1024768.enc.v(231)
HDL-1007 : back to file '../source_code/rtl/hdmi_rtl/enc_file/video_tpg_1024768.enc.v' in ../source_code/rtl/hdmi_rtl/enc_file/video_tpg_1024768.enc.v(1)
HDL-1007 : analyze verilog file ../source_code/rtl/hdmi_rtl/enc_file/video_tpg_1080p.enc.v
HDL-1007 : back to file '../source_code/rtl/hdmi_rtl/enc_file/video_tpg_1080p.enc.v' in ../source_code/rtl/hdmi_rtl/enc_file/video_tpg_1080p.enc.v(1)
HDL-1007 : analyze verilog file ../source_code/rtl/hdmi_rtl/enc_file/video_tpg_12801024p.enc.v
HDL-1007 : back to file '../source_code/rtl/hdmi_rtl/enc_file/video_tpg_12801024p.enc.v' in ../source_code/rtl/hdmi_rtl/enc_file/video_tpg_12801024p.enc.v(1)
HDL-1007 : analyze verilog file ../source_code/rtl/hdmi_rtl/enc_file/video_tpg_1280800.enc.v
HDL-5007 WARNING: literal value ** truncated to fit in ** bits in ../source_code/rtl/hdmi_rtl/enc_file/video_tpg_1280800.enc.v(233)
HDL-1007 : back to file '../source_code/rtl/hdmi_rtl/enc_file/video_tpg_1280800.enc.v' in ../source_code/rtl/hdmi_rtl/enc_file/video_tpg_1280800.enc.v(1)
HDL-1007 : analyze verilog file ../source_code/rtl/hdmi_rtl/enc_file/video_tpg_16801050p.enc.v
HDL-1007 : back to file '../source_code/rtl/hdmi_rtl/enc_file/video_tpg_16801050p.enc.v' in ../source_code/rtl/hdmi_rtl/enc_file/video_tpg_16801050p.enc.v(1)
HDL-1007 : analyze verilog file ../source_code/rtl/hdmi_rtl/enc_file/video_tpg_800600.enc.v
HDL-1007 : back to file '../source_code/rtl/hdmi_rtl/enc_file/video_tpg_800600.enc.v' in ../source_code/rtl/hdmi_rtl/enc_file/video_tpg_800600.enc.v(1)
HDL-1007 : analyze VHDL file ../source_code/rtl/hdmi_rtl/hdmi_tx.vhd
HDL-1007 : analyze entity hdmi_tx in ../source_code/rtl/hdmi_rtl/hdmi_tx.vhd(11)
HDL-1007 : analyze architecture behavioral in ../source_code/rtl/hdmi_rtl/hdmi_tx.vhd(33)
HDL-1007 : analyze verilog file ../source_code/rtl/hdmi_rtl/vga_disp_rtl.v
HDL-7201 CRITICAL-WARNING: overwrite current module 'vga_disp_rtl' in ../source_code/rtl/hdmi_rtl/vga_disp_rtl.v(1)
HDL-7307 CRITICAL-WARNING: previous definition of design element module 'vga_disp_rtl' is here. This is because multiple modules(values) with the same name are defined. Please consider rewriting code in ../source_code/rtl/app/vga_disp_rtl.v(1)
HDL-1007 : analyze verilog file ../source_code/rtl/another/fire_detect.v
HDL-1007 : analyze verilog file ../source_code/rtl/another/intrusion_detect.v
RUN-1002 : start command "commit_param -step design"
RUN-1001 : Print Global Property
RUN-1001 : --------------------------------------------------------
RUN-1001 :   Parameters   |  Settings  |  Default Values  |  Note  
RUN-1001 : --------------------------------------------------------
RUN-1001 :   enable_seed  |    off     |       off        |        
RUN-1001 :     message    |  standard  |     standard     |        
RUN-1001 :   qor_monitor  |     on     |        on        |        
RUN-1001 :   syn_ip_flow  |    off     |       off        |        
RUN-1001 :     thread     |    auto    |       auto       |        
RUN-1001 : --------------------------------------------------------
RUN-1001 : Print Design Property
RUN-1001 : ----------------------------------------------------------------
RUN-1001 :       Parameters       |  Settings  |  Default Values  |  Note  
RUN-1001 : ----------------------------------------------------------------
RUN-1001 :   default_reg_initial  |    auto    |       auto       |        
RUN-1001 :    hdl_warning_level   |   normal   |      normal      |        
RUN-1001 : ----------------------------------------------------------------
HDL-1007 : analyze verilog file last_attempt.v
HDL-1007 : undeclared symbol 'phy_reset', assumed default net type 'wire' in last_attempt.v(167)
HDL-1007 : undeclared symbol 'VGA_HSYNC', assumed default net type 'wire' in last_attempt.v(335)
HDL-1007 : undeclared symbol 'VGA_VSYNC', assumed default net type 'wire' in last_attempt.v(336)
HDL-1007 : undeclared symbol 'rd_en', assumed default net type 'wire' in last_attempt.v(338)
HDL-1007 : undeclared symbol 'tpg_data_done', assumed default net type 'wire' in last_attempt.v(747)
HDL-1007 : undeclared symbol 'full_flag', assumed default net type 'wire' in last_attempt.v(781)
HDL-1007 : undeclared symbol 'input_local_udp_port_num', assumed default net type 'wire' in last_attempt.v(812)
HDL-1007 : undeclared symbol 'input_local_udp_port_num_valid', assumed default net type 'wire' in last_attempt.v(813)
HDL-1007 : undeclared symbol 'input_local_ip_address_valid', assumed default net type 'wire' in last_attempt.v(816)
HDL-1007 : analyze verilog file ../source_code/rtl/udp/BUFGMUX.v
HDL-1007 : analyze verilog file ../source_code/rtl/udp/IDDR.v
HDL-1007 : analyze verilog file ../source_code/rtl/udp/ODDR.v
HDL-1007 : analyze verilog file ../source_code/rtl/udp/RAMB16_S9_S9.v
HDL-1007 : undeclared symbol 'open', assumed default net type 'wire' in ../source_code/rtl/udp/RAMB16_S9_S9.v(109)
HDL-1007 : analyze verilog file ../source_code/rtl/udp/clk_gen_rst_gen.v
HDL-1007 : analyze verilog file ../source_code/rtl/udp/div_clk_gen.v
HDL-1007 : analyze verilog file ../source_code/rtl/udp/rgmii_interface.v
HDL-1007 : analyze verilog file ../source_code/rtl/udp/rx_client_fifo.v
HDL-5370 WARNING: parameter 'WAIT_s' becomes localparam in 'rx_client_fifo' with formal parameter declaration list in ../source_code/rtl/udp/rx_client_fifo.v(49)
HDL-5370 WARNING: parameter 'QUEUE1_s' becomes localparam in 'rx_client_fifo' with formal parameter declaration list in ../source_code/rtl/udp/rx_client_fifo.v(50)
HDL-5370 WARNING: parameter 'QUEUE2_s' becomes localparam in 'rx_client_fifo' with formal parameter declaration list in ../source_code/rtl/udp/rx_client_fifo.v(51)
HDL-5370 WARNING: parameter 'QUEUE3_s' becomes localparam in 'rx_client_fifo' with formal parameter declaration list in ../source_code/rtl/udp/rx_client_fifo.v(52)
HDL-5370 WARNING: parameter 'QUEUE_SOF_s' becomes localparam in 'rx_client_fifo' with formal parameter declaration list in ../source_code/rtl/udp/rx_client_fifo.v(53)
HDL-5370 WARNING: parameter 'SOF_s' becomes localparam in 'rx_client_fifo' with formal parameter declaration list in ../source_code/rtl/udp/rx_client_fifo.v(54)
HDL-5370 WARNING: parameter 'DATA_s' becomes localparam in 'rx_client_fifo' with formal parameter declaration list in ../source_code/rtl/udp/rx_client_fifo.v(55)
HDL-5370 WARNING: parameter 'EOF_s' becomes localparam in 'rx_client_fifo' with formal parameter declaration list in ../source_code/rtl/udp/rx_client_fifo.v(56)
HDL-5370 WARNING: parameter 'IDLE_s' becomes localparam in 'rx_client_fifo' with formal parameter declaration list in ../source_code/rtl/udp/rx_client_fifo.v(62)
HDL-5370 WARNING: parameter 'FRAME_s' becomes localparam in 'rx_client_fifo' with formal parameter declaration list in ../source_code/rtl/udp/rx_client_fifo.v(63)
HDL-5370 Similar messages will be suppressed.
HDL-1007 : analyze verilog file ../source_code/rtl/udp/temac_block.v
HDL-1007 : analyze verilog file ../source_code/rtl/udp/temac_clk_gen.v
HDL-1007 : analyze verilog file ../source_code/rtl/udp/tx_client_fifo.v
HDL-5370 WARNING: parameter 'IDLE_s' becomes localparam in 'tx_client_fifo' with formal parameter declaration list in ../source_code/rtl/udp/tx_client_fifo.v(53)
HDL-5370 WARNING: parameter 'QUEUE1_s' becomes localparam in 'tx_client_fifo' with formal parameter declaration list in ../source_code/rtl/udp/tx_client_fifo.v(54)
HDL-5370 WARNING: parameter 'QUEUE2_s' becomes localparam in 'tx_client_fifo' with formal parameter declaration list in ../source_code/rtl/udp/tx_client_fifo.v(55)
HDL-5370 WARNING: parameter 'QUEUE3_s' becomes localparam in 'tx_client_fifo' with formal parameter declaration list in ../source_code/rtl/udp/tx_client_fifo.v(56)
HDL-5370 WARNING: parameter 'QUEUE_ACK_s' becomes localparam in 'tx_client_fifo' with formal parameter declaration list in ../source_code/rtl/udp/tx_client_fifo.v(57)
HDL-5370 WARNING: parameter 'WAIT_ACK_s' becomes localparam in 'tx_client_fifo' with formal parameter declaration list in ../source_code/rtl/udp/tx_client_fifo.v(58)
HDL-5370 WARNING: parameter 'FRAME_s' becomes localparam in 'tx_client_fifo' with formal parameter declaration list in ../source_code/rtl/udp/tx_client_fifo.v(59)
HDL-5370 WARNING: parameter 'DROP_s' becomes localparam in 'tx_client_fifo' with formal parameter declaration list in ../source_code/rtl/udp/tx_client_fifo.v(60)
HDL-5370 WARNING: parameter 'RETRANSMIT_s' becomes localparam in 'tx_client_fifo' with formal parameter declaration list in ../source_code/rtl/udp/tx_client_fifo.v(61)
HDL-5370 WARNING: parameter 'WAIT_s' becomes localparam in 'tx_client_fifo' with formal parameter declaration list in ../source_code/rtl/udp/tx_client_fifo.v(67)
HDL-5370 Similar messages will be suppressed.
HDL-1007 : analyze verilog file ../source_code/rtl/udp/tx_clk_en_gen.v
HDL-1007 : analyze verilog file ../source_code/rtl/udp/udp_data_tpg.v
HDL-1007 : analyze verilog file ../source_code/rtl/udp/udp_ip_protocol_stack_merge.enc.v
HDL-1007 : back to file '../source_code/rtl/udp/udp_ip_protocol_stack_merge.enc.v' in ../source_code/rtl/udp/udp_ip_protocol_stack_merge.enc.v(56)
HDL-1007 : undeclared symbol '**', assumed default net type '**' in ../source_code/rtl/udp/udp_ip_protocol_stack_merge.enc.v(2638)
HDL-1007 : back to file '../source_code/rtl/udp/udp_ip_protocol_stack_merge.enc.v' in ../source_code/rtl/udp/udp_ip_protocol_stack_merge.enc.v(420)
HDL-1007 : analyze verilog file ../source_code/rtl/udp/udp_loopback.v
HDL-1007 : analyze verilog file al_ip/TEMAC_CORE/RTL/include/define.v
HDL-1007 : analyze verilog file al_ip/TEMAC_CORE/RTL/TEMAC_CORE_aead6cd6dadd.v
HDL-5007 WARNING: column 1032 exceeds maximum value 1023 in al_ip/TEMAC_CORE/RTL/TEMAC_CORE_aead6cd6dadd.v(30)
HDL-1007 : back to file 'al_ip/TEMAC_CORE/RTL/TEMAC_CORE_aead6cd6dadd.v' in al_ip/TEMAC_CORE/RTL/TEMAC_CORE_aead6cd6dadd.v(86)
HDL-5007 WARNING: event expressions must result in a singular type in al_ip/TEMAC_CORE/RTL/TEMAC_CORE_aead6cd6dadd.v(3001)
HDL-1007 : undeclared symbol '**', assumed default net type '**' in al_ip/TEMAC_CORE/RTL/TEMAC_CORE_aead6cd6dadd.v(5050)
HDL-1007 : undeclared symbol '**', assumed default net type '**' in al_ip/TEMAC_CORE/RTL/TEMAC_CORE_aead6cd6dadd.v(5458)
HDL-5007 WARNING: column 1035 exceeds maximum value 1023 in al_ip/TEMAC_CORE/RTL/TEMAC_CORE_aead6cd6dadd.v(6001)
HDL-1007 : back to file 'al_ip/TEMAC_CORE/RTL/TEMAC_CORE_aead6cd6dadd.v' in al_ip/TEMAC_CORE/RTL/TEMAC_CORE_aead6cd6dadd.v(260)
HDL-1007 : analyze verilog file al_ip/TEMAC_CORE/RTL/mac_core_aead6cd6dadd.v
HDL-1007 : analyze verilog file al_ip/TEMAC_CORE/TEMAC_CORE.v
HDL-1007 : analyze verilog file al_ip/pll_gen.v
HDL-1007 : undeclared symbol 'pll_gen_open0', assumed default net type 'wire' in al_ip/pll_gen.v(99)
HDL-1007 : undeclared symbol 'pll_gen_open8', assumed default net type 'wire' in al_ip/pll_gen.v(105)
HDL-1007 : undeclared symbol 'pll_gen_open7', assumed default net type 'wire' in al_ip/pll_gen.v(105)
HDL-1007 : undeclared symbol 'pll_gen_open6', assumed default net type 'wire' in al_ip/pll_gen.v(105)
HDL-1007 : undeclared symbol 'pll_gen_open5', assumed default net type 'wire' in al_ip/pll_gen.v(105)
HDL-1007 : undeclared symbol 'pll_gen_open4', assumed default net type 'wire' in al_ip/pll_gen.v(105)
HDL-1007 : undeclared symbol 'pll_gen_open3', assumed default net type 'wire' in al_ip/pll_gen.v(105)
HDL-1007 : undeclared symbol 'pll_gen_open2', assumed default net type 'wire' in al_ip/pll_gen.v(105)
HDL-1007 : undeclared symbol 'pll_gen_open1', assumed default net type 'wire' in al_ip/pll_gen.v(105)
HDL-1007 : analyze verilog file al_ip/sys_pll.v
HDL-1007 : undeclared symbol 'sys_pll_open0', assumed default net type 'wire' in al_ip/sys_pll.v(77)
HDL-1007 : undeclared symbol 'sys_pll_open1', assumed default net type 'wire' in al_ip/sys_pll.v(83)
HDL-1007 : undeclared symbol 'sys_pll_open9', assumed default net type 'wire' in al_ip/sys_pll.v(89)
HDL-1007 : undeclared symbol 'sys_pll_open8', assumed default net type 'wire' in al_ip/sys_pll.v(89)
HDL-1007 : undeclared symbol 'sys_pll_open7', assumed default net type 'wire' in al_ip/sys_pll.v(89)
HDL-1007 : undeclared symbol 'sys_pll_open6', assumed default net type 'wire' in al_ip/sys_pll.v(89)
HDL-1007 : undeclared symbol 'sys_pll_open5', assumed default net type 'wire' in al_ip/sys_pll.v(89)
HDL-1007 : undeclared symbol 'sys_pll_open4', assumed default net type 'wire' in al_ip/sys_pll.v(89)
HDL-1007 : undeclared symbol 'sys_pll_open3', assumed default net type 'wire' in al_ip/sys_pll.v(89)
HDL-1007 : undeclared symbol 'sys_pll_open2', assumed default net type 'wire' in al_ip/sys_pll.v(89)
HDL-1007 : undeclared symbol 'sys_pll_open11', assumed default net type 'wire' in al_ip/sys_pll.v(91)
HDL-1007 : undeclared symbol 'sys_pll_open10', assumed default net type 'wire' in al_ip/sys_pll.v(91)
HDL-1007 : analyze verilog file ../source_code/rtl/sd_card/ax_debounce.v
HDL-1007 : analyze verilog file ../source_code/rtl/sd_card/bmp_read.v
HDL-1007 : analyze verilog file ../source_code/rtl/sd_card/sd_card_bmp.v
HDL-1007 : analyze verilog file ../source_code/rtl/sd_card/sd_card_cmd.v
HDL-1007 : analyze verilog file ../source_code/rtl/sd_card/sd_card_sec_read_write.v
HDL-1007 : analyze verilog file ../source_code/rtl/sd_card/sd_card_top.v
HDL-1007 : analyze verilog file ../source_code/rtl/sd_card/spi_master.v
HDL-1007 : analyze verilog file ../source_code/rtl/sdram/enc_file/global_def.v
HDL-1007 : analyze verilog file ../source_code/rtl/sdram/enc_file/sdr_as_ram.enc.v
HDL-1007 : back to file '../source_code/rtl/sdram/enc_file/sdr_as_ram.enc.v' in ../source_code/rtl/sdram/enc_file/sdr_as_ram.enc.v(54)
HDL-1007 : analyze verilog file ../source_code/rtl/sdram/enc_file/sdr_wrrd.enc.v
HDL-5007 WARNING: concatenation with an unsized literal will be treated as 32 bits in ../source_code/rtl/sdram/enc_file/sdr_wrrd.enc.v(283)
HDL-1007 : back to file '../source_code/rtl/sdram/enc_file/sdr_wrrd.enc.v' in ../source_code/rtl/sdram/enc_file/sdr_wrrd.enc.v(19)
HDL-1007 : analyze verilog file ../source_code/rtl/frame_fifo/afifo_16_32_256.v
HDL-1007 : analyze verilog file ../source_code/rtl/frame_fifo/afifo_32_16_256.v
HDL-1007 : analyze verilog file ../source_code/rtl/frame_fifo/frame_fifo_read.v
HDL-1007 : analyze verilog file ../source_code/rtl/frame_fifo/frame_fifo_write.v
HDL-1007 : analyze verilog file ../source_code/rtl/frame_fifo/frame_read_write.v
HDL-1007 : analyze verilog file ../source_code/rtl/sdram/sdram.v
HDL-1007 : analyze included file ../source_code/rtl/sdram/enc_file/global_def.v in ../source_code/rtl/sdram/sdram.v(10)
HDL-1007 : back to file '../source_code/rtl/sdram/sdram.v' in ../source_code/rtl/sdram/sdram.v(10)
HDL-1007 : undeclared symbol 'SDR_CKE', assumed default net type 'wire' in ../source_code/rtl/sdram/sdram.v(89)
HDL-1007 : analyze verilog file ../source_code/rtl/sdram/enc_file/sdr_init_ref.enc.v
HDL-1007 : analyze included file ../source_code/rtl/sdram/enc_file/global_def.v in ../source_code/rtl/sdram/enc_file/sdr_init_ref.enc.v(11)
HDL-1007 : back to file '../source_code/rtl/sdram/enc_file/sdr_init_ref.enc.v' in ../source_code/rtl/sdram/enc_file/sdr_init_ref.enc.v(11)
HDL-1007 : undeclared symbol '**', assumed default net type '**' in ../source_code/rtl/sdram/enc_file/sdr_init_ref.enc.v(57)
HDL-1007 : back to file '../source_code/rtl/sdram/enc_file/sdr_init_ref.enc.v' in ../source_code/rtl/sdram/enc_file/sdr_init_ref.enc.v(149)
HDL-5007 WARNING: concatenation with an unsized literal will be treated as 32 bits in ../source_code/rtl/sdram/enc_file/sdr_init_ref.enc.v(47)
HDL-1007 : analyze verilog file ../source_code/rtl/video_timing/color_bar.v
HDL-1007 : analyze included file ../source_code/rtl/video_timing/video_define.v in ../source_code/rtl/video_timing/color_bar.v(2)
HDL-1007 : back to file '../source_code/rtl/video_timing/color_bar.v' in ../source_code/rtl/video_timing/color_bar.v(2)
HDL-1007 : analyze verilog file ../source_code/rtl/video_timing/video_delay.v
HDL-1007 : analyze verilog file ../source_code/rtl/video_timing/video_timing_data.v
HDL-1007 : analyze verilog file ../source_code/rtl/another/m_synchronization_header.v
HDL-1007 : analyze verilog file ../source_code/rtl/led.v
HDL-1007 : analyze verilog file ../source_code/rtl/ov5640/cmos_capture_data.v
HDL-1007 : analyze verilog file ../source_code/rtl/ov5640/i2c_dri.v
HDL-1007 : analyze verilog file ../source_code/rtl/ov5640/i2c_ov5640_rgb565_cfg.v
HDL-1007 : analyze verilog file ../source_code/rtl/ov5640/ov5640_delay.v
HDL-1007 : analyze verilog file ../source_code/rtl/ov5640/ov5640_dri.v
HDL-1007 : analyze verilog file al_ip/clk_wize.v
HDL-1007 : undeclared symbol 'open', assumed default net type 'wire' in al_ip/clk_wize.v(70)
HDL-1007 : analyze verilog file al_ip/ram.v
HDL-1007 : analyze verilog file ../source_code/rtl/app/addr_crt.v
HDL-1007 : analyze verilog file ../source_code/rtl/app/app.v
HDL-1007 : analyze verilog file ../source_code/rtl/app/vga_disp_rtl.v
HDL-1007 : analyze VHDL file ../source_code/rtl/hdmi_rtl/enc_file/DVITransmitter.enc.vhd
HDL-1007 : analyze entity dvitransmitter in ../source_code/rtl/hdmi_rtl/enc_file/DVITransmitter.enc.vhd(13)
HDL-1007 : analyze architecture ** in ../source_code/rtl/hdmi_rtl/enc_file/DVITransmitter.enc.vhd(2)
HDL-1007 : analyze VHDL file ../source_code/rtl/hdmi_rtl/enc_file/SerializerN_1_lvds.enc.vhd
HDL-1007 : analyze entity ** in ../source_code/rtl/hdmi_rtl/enc_file/SerializerN_1_lvds.enc.vhd(12)
HDL-1007 : analyze architecture ** in ../source_code/rtl/hdmi_rtl/enc_file/SerializerN_1_lvds.enc.vhd(25)
HDL-1007 : analyze VHDL file ../source_code/rtl/hdmi_rtl/enc_file/SerializerN_1_lvds_dat.enc.vhd
HDL-1007 : analyze entity ** in ../source_code/rtl/hdmi_rtl/enc_file/SerializerN_1_lvds_dat.enc.vhd(14)
HDL-1007 : analyze architecture ** in ../source_code/rtl/hdmi_rtl/enc_file/SerializerN_1_lvds_dat.enc.vhd(28)
HDL-1007 : analyze VHDL file ../source_code/rtl/hdmi_rtl/enc_file/TMDSEncoder.enc.vhd
HDL-1007 : analyze entity ** in ../source_code/rtl/hdmi_rtl/enc_file/TMDSEncoder.enc.vhd(13)
HDL-1007 : analyze architecture ** in ../source_code/rtl/hdmi_rtl/enc_file/TMDSEncoder.enc.vhd(24)
HDL-1007 : analyze verilog file ../source_code/rtl/hdmi_rtl/enc_file/video_tpg_1024768.enc.v
HDL-5007 WARNING: literal value ** truncated to fit in ** bits in ../source_code/rtl/hdmi_rtl/enc_file/video_tpg_1024768.enc.v(231)
HDL-1007 : back to file '../source_code/rtl/hdmi_rtl/enc_file/video_tpg_1024768.enc.v' in ../source_code/rtl/hdmi_rtl/enc_file/video_tpg_1024768.enc.v(1)
HDL-1007 : analyze verilog file ../source_code/rtl/hdmi_rtl/enc_file/video_tpg_1080p.enc.v
HDL-1007 : back to file '../source_code/rtl/hdmi_rtl/enc_file/video_tpg_1080p.enc.v' in ../source_code/rtl/hdmi_rtl/enc_file/video_tpg_1080p.enc.v(1)
HDL-1007 : analyze verilog file ../source_code/rtl/hdmi_rtl/enc_file/video_tpg_12801024p.enc.v
HDL-1007 : back to file '../source_code/rtl/hdmi_rtl/enc_file/video_tpg_12801024p.enc.v' in ../source_code/rtl/hdmi_rtl/enc_file/video_tpg_12801024p.enc.v(1)
HDL-1007 : analyze verilog file ../source_code/rtl/hdmi_rtl/enc_file/video_tpg_1280800.enc.v
HDL-5007 WARNING: literal value ** truncated to fit in ** bits in ../source_code/rtl/hdmi_rtl/enc_file/video_tpg_1280800.enc.v(233)
HDL-1007 : back to file '../source_code/rtl/hdmi_rtl/enc_file/video_tpg_1280800.enc.v' in ../source_code/rtl/hdmi_rtl/enc_file/video_tpg_1280800.enc.v(1)
HDL-1007 : analyze verilog file ../source_code/rtl/hdmi_rtl/enc_file/video_tpg_16801050p.enc.v
HDL-1007 : back to file '../source_code/rtl/hdmi_rtl/enc_file/video_tpg_16801050p.enc.v' in ../source_code/rtl/hdmi_rtl/enc_file/video_tpg_16801050p.enc.v(1)
HDL-1007 : analyze verilog file ../source_code/rtl/hdmi_rtl/enc_file/video_tpg_800600.enc.v
HDL-1007 : back to file '../source_code/rtl/hdmi_rtl/enc_file/video_tpg_800600.enc.v' in ../source_code/rtl/hdmi_rtl/enc_file/video_tpg_800600.enc.v(1)
HDL-1007 : analyze VHDL file ../source_code/rtl/hdmi_rtl/hdmi_tx.vhd
HDL-1007 : analyze entity hdmi_tx in ../source_code/rtl/hdmi_rtl/hdmi_tx.vhd(11)
HDL-1007 : analyze architecture behavioral in ../source_code/rtl/hdmi_rtl/hdmi_tx.vhd(33)
HDL-1007 : analyze verilog file ../source_code/rtl/hdmi_rtl/vga_disp_rtl.v
HDL-7201 CRITICAL-WARNING: overwrite current module 'vga_disp_rtl' in ../source_code/rtl/hdmi_rtl/vga_disp_rtl.v(1)
HDL-7307 CRITICAL-WARNING: previous definition of design element module 'vga_disp_rtl' is here. This is because multiple modules(values) with the same name are defined. Please consider rewriting code in ../source_code/rtl/app/vga_disp_rtl.v(1)
HDL-1007 : analyze verilog file ../source_code/rtl/another/fire_detect.v
HDL-1007 : analyze verilog file ../source_code/rtl/another/intrusion_detect.v
RUN-1002 : start command "commit_param -step design"
RUN-1001 : Print Global Property
RUN-1001 : --------------------------------------------------------
RUN-1001 :   Parameters   |  Settings  |  Default Values  |  Note  
RUN-1001 : --------------------------------------------------------
RUN-1001 :   enable_seed  |    off     |       off        |        
RUN-1001 :     message    |  standard  |     standard     |        
RUN-1001 :   qor_monitor  |     on     |        on        |        
RUN-1001 :   syn_ip_flow  |    off     |       off        |        
RUN-1001 :     thread     |    auto    |       auto       |        
RUN-1001 : --------------------------------------------------------
RUN-1001 : Print Design Property
RUN-1001 : ----------------------------------------------------------------
RUN-1001 :       Parameters       |  Settings  |  Default Values  |  Note  
RUN-1001 : ----------------------------------------------------------------
RUN-1001 :   default_reg_initial  |    auto    |       auto       |        
RUN-1001 :    hdl_warning_level   |   normal   |      normal      |        
RUN-1001 : ----------------------------------------------------------------
HDL-1007 : analyze verilog file last_attempt.v
HDL-1007 : undeclared symbol 'phy_reset', assumed default net type 'wire' in last_attempt.v(167)
HDL-1007 : undeclared symbol 'VGA_HSYNC', assumed default net type 'wire' in last_attempt.v(335)
HDL-1007 : undeclared symbol 'VGA_VSYNC', assumed default net type 'wire' in last_attempt.v(336)
HDL-1007 : undeclared symbol 'rd_en', assumed default net type 'wire' in last_attempt.v(338)
HDL-1007 : undeclared symbol 'tpg_data_done', assumed default net type 'wire' in last_attempt.v(748)
HDL-1007 : undeclared symbol 'full_flag', assumed default net type 'wire' in last_attempt.v(782)
HDL-1007 : undeclared symbol 'input_local_udp_port_num', assumed default net type 'wire' in last_attempt.v(813)
HDL-1007 : undeclared symbol 'input_local_udp_port_num_valid', assumed default net type 'wire' in last_attempt.v(814)
HDL-1007 : undeclared symbol 'input_local_ip_address_valid', assumed default net type 'wire' in last_attempt.v(817)
HDL-1007 : analyze verilog file ../source_code/rtl/udp/BUFGMUX.v
HDL-1007 : analyze verilog file ../source_code/rtl/udp/IDDR.v
HDL-1007 : analyze verilog file ../source_code/rtl/udp/ODDR.v
HDL-1007 : analyze verilog file ../source_code/rtl/udp/RAMB16_S9_S9.v
HDL-1007 : undeclared symbol 'open', assumed default net type 'wire' in ../source_code/rtl/udp/RAMB16_S9_S9.v(109)
HDL-1007 : analyze verilog file ../source_code/rtl/udp/clk_gen_rst_gen.v
HDL-1007 : analyze verilog file ../source_code/rtl/udp/div_clk_gen.v
HDL-1007 : analyze verilog file ../source_code/rtl/udp/rgmii_interface.v
HDL-1007 : analyze verilog file ../source_code/rtl/udp/rx_client_fifo.v
HDL-5370 WARNING: parameter 'WAIT_s' becomes localparam in 'rx_client_fifo' with formal parameter declaration list in ../source_code/rtl/udp/rx_client_fifo.v(49)
HDL-5370 WARNING: parameter 'QUEUE1_s' becomes localparam in 'rx_client_fifo' with formal parameter declaration list in ../source_code/rtl/udp/rx_client_fifo.v(50)
HDL-5370 WARNING: parameter 'QUEUE2_s' becomes localparam in 'rx_client_fifo' with formal parameter declaration list in ../source_code/rtl/udp/rx_client_fifo.v(51)
HDL-5370 WARNING: parameter 'QUEUE3_s' becomes localparam in 'rx_client_fifo' with formal parameter declaration list in ../source_code/rtl/udp/rx_client_fifo.v(52)
HDL-5370 WARNING: parameter 'QUEUE_SOF_s' becomes localparam in 'rx_client_fifo' with formal parameter declaration list in ../source_code/rtl/udp/rx_client_fifo.v(53)
HDL-5370 WARNING: parameter 'SOF_s' becomes localparam in 'rx_client_fifo' with formal parameter declaration list in ../source_code/rtl/udp/rx_client_fifo.v(54)
HDL-5370 WARNING: parameter 'DATA_s' becomes localparam in 'rx_client_fifo' with formal parameter declaration list in ../source_code/rtl/udp/rx_client_fifo.v(55)
HDL-5370 WARNING: parameter 'EOF_s' becomes localparam in 'rx_client_fifo' with formal parameter declaration list in ../source_code/rtl/udp/rx_client_fifo.v(56)
HDL-5370 WARNING: parameter 'IDLE_s' becomes localparam in 'rx_client_fifo' with formal parameter declaration list in ../source_code/rtl/udp/rx_client_fifo.v(62)
HDL-5370 WARNING: parameter 'FRAME_s' becomes localparam in 'rx_client_fifo' with formal parameter declaration list in ../source_code/rtl/udp/rx_client_fifo.v(63)
HDL-5370 Similar messages will be suppressed.
HDL-1007 : analyze verilog file ../source_code/rtl/udp/temac_block.v
HDL-1007 : analyze verilog file ../source_code/rtl/udp/temac_clk_gen.v
HDL-1007 : analyze verilog file ../source_code/rtl/udp/tx_client_fifo.v
HDL-5370 WARNING: parameter 'IDLE_s' becomes localparam in 'tx_client_fifo' with formal parameter declaration list in ../source_code/rtl/udp/tx_client_fifo.v(53)
HDL-5370 WARNING: parameter 'QUEUE1_s' becomes localparam in 'tx_client_fifo' with formal parameter declaration list in ../source_code/rtl/udp/tx_client_fifo.v(54)
HDL-5370 WARNING: parameter 'QUEUE2_s' becomes localparam in 'tx_client_fifo' with formal parameter declaration list in ../source_code/rtl/udp/tx_client_fifo.v(55)
HDL-5370 WARNING: parameter 'QUEUE3_s' becomes localparam in 'tx_client_fifo' with formal parameter declaration list in ../source_code/rtl/udp/tx_client_fifo.v(56)
HDL-5370 WARNING: parameter 'QUEUE_ACK_s' becomes localparam in 'tx_client_fifo' with formal parameter declaration list in ../source_code/rtl/udp/tx_client_fifo.v(57)
HDL-5370 WARNING: parameter 'WAIT_ACK_s' becomes localparam in 'tx_client_fifo' with formal parameter declaration list in ../source_code/rtl/udp/tx_client_fifo.v(58)
HDL-5370 WARNING: parameter 'FRAME_s' becomes localparam in 'tx_client_fifo' with formal parameter declaration list in ../source_code/rtl/udp/tx_client_fifo.v(59)
HDL-5370 WARNING: parameter 'DROP_s' becomes localparam in 'tx_client_fifo' with formal parameter declaration list in ../source_code/rtl/udp/tx_client_fifo.v(60)
HDL-5370 WARNING: parameter 'RETRANSMIT_s' becomes localparam in 'tx_client_fifo' with formal parameter declaration list in ../source_code/rtl/udp/tx_client_fifo.v(61)
HDL-5370 WARNING: parameter 'WAIT_s' becomes localparam in 'tx_client_fifo' with formal parameter declaration list in ../source_code/rtl/udp/tx_client_fifo.v(67)
HDL-5370 Similar messages will be suppressed.
HDL-1007 : analyze verilog file ../source_code/rtl/udp/tx_clk_en_gen.v
HDL-1007 : analyze verilog file ../source_code/rtl/udp/udp_data_tpg.v
HDL-1007 : analyze verilog file ../source_code/rtl/udp/udp_ip_protocol_stack_merge.enc.v
HDL-1007 : back to file '../source_code/rtl/udp/udp_ip_protocol_stack_merge.enc.v' in ../source_code/rtl/udp/udp_ip_protocol_stack_merge.enc.v(56)
HDL-1007 : undeclared symbol '**', assumed default net type '**' in ../source_code/rtl/udp/udp_ip_protocol_stack_merge.enc.v(2638)
HDL-1007 : back to file '../source_code/rtl/udp/udp_ip_protocol_stack_merge.enc.v' in ../source_code/rtl/udp/udp_ip_protocol_stack_merge.enc.v(420)
HDL-1007 : analyze verilog file ../source_code/rtl/udp/udp_loopback.v
HDL-1007 : analyze verilog file al_ip/TEMAC_CORE/RTL/include/define.v
HDL-1007 : analyze verilog file al_ip/TEMAC_CORE/RTL/TEMAC_CORE_aead6cd6dadd.v
HDL-5007 WARNING: column 1032 exceeds maximum value 1023 in al_ip/TEMAC_CORE/RTL/TEMAC_CORE_aead6cd6dadd.v(30)
HDL-1007 : back to file 'al_ip/TEMAC_CORE/RTL/TEMAC_CORE_aead6cd6dadd.v' in al_ip/TEMAC_CORE/RTL/TEMAC_CORE_aead6cd6dadd.v(86)
HDL-5007 WARNING: event expressions must result in a singular type in al_ip/TEMAC_CORE/RTL/TEMAC_CORE_aead6cd6dadd.v(3001)
HDL-1007 : undeclared symbol '**', assumed default net type '**' in al_ip/TEMAC_CORE/RTL/TEMAC_CORE_aead6cd6dadd.v(5050)
HDL-1007 : undeclared symbol '**', assumed default net type '**' in al_ip/TEMAC_CORE/RTL/TEMAC_CORE_aead6cd6dadd.v(5458)
HDL-5007 WARNING: column 1035 exceeds maximum value 1023 in al_ip/TEMAC_CORE/RTL/TEMAC_CORE_aead6cd6dadd.v(6001)
HDL-1007 : back to file 'al_ip/TEMAC_CORE/RTL/TEMAC_CORE_aead6cd6dadd.v' in al_ip/TEMAC_CORE/RTL/TEMAC_CORE_aead6cd6dadd.v(260)
HDL-1007 : analyze verilog file al_ip/TEMAC_CORE/RTL/mac_core_aead6cd6dadd.v
HDL-1007 : analyze verilog file al_ip/TEMAC_CORE/TEMAC_CORE.v
HDL-1007 : analyze verilog file al_ip/pll_gen.v
HDL-1007 : undeclared symbol 'pll_gen_open0', assumed default net type 'wire' in al_ip/pll_gen.v(99)
HDL-1007 : undeclared symbol 'pll_gen_open8', assumed default net type 'wire' in al_ip/pll_gen.v(105)
HDL-1007 : undeclared symbol 'pll_gen_open7', assumed default net type 'wire' in al_ip/pll_gen.v(105)
HDL-1007 : undeclared symbol 'pll_gen_open6', assumed default net type 'wire' in al_ip/pll_gen.v(105)
HDL-1007 : undeclared symbol 'pll_gen_open5', assumed default net type 'wire' in al_ip/pll_gen.v(105)
HDL-1007 : undeclared symbol 'pll_gen_open4', assumed default net type 'wire' in al_ip/pll_gen.v(105)
HDL-1007 : undeclared symbol 'pll_gen_open3', assumed default net type 'wire' in al_ip/pll_gen.v(105)
HDL-1007 : undeclared symbol 'pll_gen_open2', assumed default net type 'wire' in al_ip/pll_gen.v(105)
HDL-1007 : undeclared symbol 'pll_gen_open1', assumed default net type 'wire' in al_ip/pll_gen.v(105)
HDL-1007 : analyze verilog file al_ip/sys_pll.v
HDL-1007 : undeclared symbol 'sys_pll_open0', assumed default net type 'wire' in al_ip/sys_pll.v(77)
HDL-1007 : undeclared symbol 'sys_pll_open1', assumed default net type 'wire' in al_ip/sys_pll.v(83)
HDL-1007 : undeclared symbol 'sys_pll_open9', assumed default net type 'wire' in al_ip/sys_pll.v(89)
HDL-1007 : undeclared symbol 'sys_pll_open8', assumed default net type 'wire' in al_ip/sys_pll.v(89)
HDL-1007 : undeclared symbol 'sys_pll_open7', assumed default net type 'wire' in al_ip/sys_pll.v(89)
HDL-1007 : undeclared symbol 'sys_pll_open6', assumed default net type 'wire' in al_ip/sys_pll.v(89)
HDL-1007 : undeclared symbol 'sys_pll_open5', assumed default net type 'wire' in al_ip/sys_pll.v(89)
HDL-1007 : undeclared symbol 'sys_pll_open4', assumed default net type 'wire' in al_ip/sys_pll.v(89)
HDL-1007 : undeclared symbol 'sys_pll_open3', assumed default net type 'wire' in al_ip/sys_pll.v(89)
HDL-1007 : undeclared symbol 'sys_pll_open2', assumed default net type 'wire' in al_ip/sys_pll.v(89)
HDL-1007 : undeclared symbol 'sys_pll_open11', assumed default net type 'wire' in al_ip/sys_pll.v(91)
HDL-1007 : undeclared symbol 'sys_pll_open10', assumed default net type 'wire' in al_ip/sys_pll.v(91)
HDL-1007 : analyze verilog file ../source_code/rtl/sd_card/ax_debounce.v
HDL-1007 : analyze verilog file ../source_code/rtl/sd_card/bmp_read.v
HDL-1007 : analyze verilog file ../source_code/rtl/sd_card/sd_card_bmp.v
HDL-1007 : analyze verilog file ../source_code/rtl/sd_card/sd_card_cmd.v
HDL-1007 : analyze verilog file ../source_code/rtl/sd_card/sd_card_sec_read_write.v
HDL-1007 : analyze verilog file ../source_code/rtl/sd_card/sd_card_top.v
HDL-1007 : analyze verilog file ../source_code/rtl/sd_card/spi_master.v
HDL-1007 : analyze verilog file ../source_code/rtl/sdram/enc_file/global_def.v
HDL-1007 : analyze verilog file ../source_code/rtl/sdram/enc_file/sdr_as_ram.enc.v
HDL-1007 : back to file '../source_code/rtl/sdram/enc_file/sdr_as_ram.enc.v' in ../source_code/rtl/sdram/enc_file/sdr_as_ram.enc.v(54)
HDL-1007 : analyze verilog file ../source_code/rtl/sdram/enc_file/sdr_wrrd.enc.v
HDL-5007 WARNING: concatenation with an unsized literal will be treated as 32 bits in ../source_code/rtl/sdram/enc_file/sdr_wrrd.enc.v(283)
HDL-1007 : back to file '../source_code/rtl/sdram/enc_file/sdr_wrrd.enc.v' in ../source_code/rtl/sdram/enc_file/sdr_wrrd.enc.v(19)
HDL-1007 : analyze verilog file ../source_code/rtl/frame_fifo/afifo_16_32_256.v
HDL-1007 : analyze verilog file ../source_code/rtl/frame_fifo/afifo_32_16_256.v
HDL-1007 : analyze verilog file ../source_code/rtl/frame_fifo/frame_fifo_read.v
HDL-1007 : analyze verilog file ../source_code/rtl/frame_fifo/frame_fifo_write.v
HDL-1007 : analyze verilog file ../source_code/rtl/frame_fifo/frame_read_write.v
HDL-1007 : analyze verilog file ../source_code/rtl/sdram/sdram.v
HDL-1007 : analyze included file ../source_code/rtl/sdram/enc_file/global_def.v in ../source_code/rtl/sdram/sdram.v(10)
HDL-1007 : back to file '../source_code/rtl/sdram/sdram.v' in ../source_code/rtl/sdram/sdram.v(10)
HDL-1007 : undeclared symbol 'SDR_CKE', assumed default net type 'wire' in ../source_code/rtl/sdram/sdram.v(89)
HDL-1007 : analyze verilog file ../source_code/rtl/sdram/enc_file/sdr_init_ref.enc.v
HDL-1007 : analyze included file ../source_code/rtl/sdram/enc_file/global_def.v in ../source_code/rtl/sdram/enc_file/sdr_init_ref.enc.v(11)
HDL-1007 : back to file '../source_code/rtl/sdram/enc_file/sdr_init_ref.enc.v' in ../source_code/rtl/sdram/enc_file/sdr_init_ref.enc.v(11)
HDL-1007 : undeclared symbol '**', assumed default net type '**' in ../source_code/rtl/sdram/enc_file/sdr_init_ref.enc.v(57)
HDL-1007 : back to file '../source_code/rtl/sdram/enc_file/sdr_init_ref.enc.v' in ../source_code/rtl/sdram/enc_file/sdr_init_ref.enc.v(149)
HDL-5007 WARNING: concatenation with an unsized literal will be treated as 32 bits in ../source_code/rtl/sdram/enc_file/sdr_init_ref.enc.v(47)
HDL-1007 : analyze verilog file ../source_code/rtl/video_timing/color_bar.v
HDL-1007 : analyze included file ../source_code/rtl/video_timing/video_define.v in ../source_code/rtl/video_timing/color_bar.v(2)
HDL-1007 : back to file '../source_code/rtl/video_timing/color_bar.v' in ../source_code/rtl/video_timing/color_bar.v(2)
HDL-1007 : analyze verilog file ../source_code/rtl/video_timing/video_delay.v
HDL-1007 : analyze verilog file ../source_code/rtl/video_timing/video_timing_data.v
HDL-1007 : analyze verilog file ../source_code/rtl/another/m_synchronization_header.v
HDL-1007 : analyze verilog file ../source_code/rtl/led.v
HDL-1007 : analyze verilog file ../source_code/rtl/ov5640/cmos_capture_data.v
HDL-1007 : analyze verilog file ../source_code/rtl/ov5640/i2c_dri.v
HDL-1007 : analyze verilog file ../source_code/rtl/ov5640/i2c_ov5640_rgb565_cfg.v
HDL-1007 : analyze verilog file ../source_code/rtl/ov5640/ov5640_delay.v
HDL-1007 : analyze verilog file ../source_code/rtl/ov5640/ov5640_dri.v
HDL-1007 : analyze verilog file al_ip/clk_wize.v
HDL-1007 : undeclared symbol 'open', assumed default net type 'wire' in al_ip/clk_wize.v(70)
HDL-1007 : analyze verilog file al_ip/ram.v
HDL-1007 : analyze verilog file ../source_code/rtl/app/addr_crt.v
HDL-1007 : analyze verilog file ../source_code/rtl/app/app.v
HDL-1007 : analyze verilog file ../source_code/rtl/app/vga_disp_rtl.v
HDL-1007 : analyze VHDL file ../source_code/rtl/hdmi_rtl/enc_file/DVITransmitter.enc.vhd
HDL-1007 : analyze entity dvitransmitter in ../source_code/rtl/hdmi_rtl/enc_file/DVITransmitter.enc.vhd(13)
HDL-1007 : analyze architecture ** in ../source_code/rtl/hdmi_rtl/enc_file/DVITransmitter.enc.vhd(2)
HDL-1007 : analyze VHDL file ../source_code/rtl/hdmi_rtl/enc_file/SerializerN_1_lvds.enc.vhd
HDL-1007 : analyze entity ** in ../source_code/rtl/hdmi_rtl/enc_file/SerializerN_1_lvds.enc.vhd(12)
HDL-1007 : analyze architecture ** in ../source_code/rtl/hdmi_rtl/enc_file/SerializerN_1_lvds.enc.vhd(25)
HDL-1007 : analyze VHDL file ../source_code/rtl/hdmi_rtl/enc_file/SerializerN_1_lvds_dat.enc.vhd
HDL-1007 : analyze entity ** in ../source_code/rtl/hdmi_rtl/enc_file/SerializerN_1_lvds_dat.enc.vhd(14)
HDL-1007 : analyze architecture ** in ../source_code/rtl/hdmi_rtl/enc_file/SerializerN_1_lvds_dat.enc.vhd(28)
HDL-1007 : analyze VHDL file ../source_code/rtl/hdmi_rtl/enc_file/TMDSEncoder.enc.vhd
HDL-1007 : analyze entity ** in ../source_code/rtl/hdmi_rtl/enc_file/TMDSEncoder.enc.vhd(13)
HDL-1007 : analyze architecture ** in ../source_code/rtl/hdmi_rtl/enc_file/TMDSEncoder.enc.vhd(24)
HDL-1007 : analyze verilog file ../source_code/rtl/hdmi_rtl/enc_file/video_tpg_1024768.enc.v
HDL-5007 WARNING: literal value ** truncated to fit in ** bits in ../source_code/rtl/hdmi_rtl/enc_file/video_tpg_1024768.enc.v(231)
HDL-1007 : back to file '../source_code/rtl/hdmi_rtl/enc_file/video_tpg_1024768.enc.v' in ../source_code/rtl/hdmi_rtl/enc_file/video_tpg_1024768.enc.v(1)
HDL-1007 : analyze verilog file ../source_code/rtl/hdmi_rtl/enc_file/video_tpg_1080p.enc.v
HDL-1007 : back to file '../source_code/rtl/hdmi_rtl/enc_file/video_tpg_1080p.enc.v' in ../source_code/rtl/hdmi_rtl/enc_file/video_tpg_1080p.enc.v(1)
HDL-1007 : analyze verilog file ../source_code/rtl/hdmi_rtl/enc_file/video_tpg_12801024p.enc.v
HDL-1007 : back to file '../source_code/rtl/hdmi_rtl/enc_file/video_tpg_12801024p.enc.v' in ../source_code/rtl/hdmi_rtl/enc_file/video_tpg_12801024p.enc.v(1)
HDL-1007 : analyze verilog file ../source_code/rtl/hdmi_rtl/enc_file/video_tpg_1280800.enc.v
HDL-5007 WARNING: literal value ** truncated to fit in ** bits in ../source_code/rtl/hdmi_rtl/enc_file/video_tpg_1280800.enc.v(233)
HDL-1007 : back to file '../source_code/rtl/hdmi_rtl/enc_file/video_tpg_1280800.enc.v' in ../source_code/rtl/hdmi_rtl/enc_file/video_tpg_1280800.enc.v(1)
HDL-1007 : analyze verilog file ../source_code/rtl/hdmi_rtl/enc_file/video_tpg_16801050p.enc.v
HDL-1007 : back to file '../source_code/rtl/hdmi_rtl/enc_file/video_tpg_16801050p.enc.v' in ../source_code/rtl/hdmi_rtl/enc_file/video_tpg_16801050p.enc.v(1)
HDL-1007 : analyze verilog file ../source_code/rtl/hdmi_rtl/enc_file/video_tpg_800600.enc.v
HDL-1007 : back to file '../source_code/rtl/hdmi_rtl/enc_file/video_tpg_800600.enc.v' in ../source_code/rtl/hdmi_rtl/enc_file/video_tpg_800600.enc.v(1)
HDL-1007 : analyze VHDL file ../source_code/rtl/hdmi_rtl/hdmi_tx.vhd
HDL-1007 : analyze entity hdmi_tx in ../source_code/rtl/hdmi_rtl/hdmi_tx.vhd(11)
HDL-1007 : analyze architecture behavioral in ../source_code/rtl/hdmi_rtl/hdmi_tx.vhd(33)
HDL-1007 : analyze verilog file ../source_code/rtl/hdmi_rtl/vga_disp_rtl.v
HDL-7201 CRITICAL-WARNING: overwrite current module 'vga_disp_rtl' in ../source_code/rtl/hdmi_rtl/vga_disp_rtl.v(1)
HDL-7307 CRITICAL-WARNING: previous definition of design element module 'vga_disp_rtl' is here. This is because multiple modules(values) with the same name are defined. Please consider rewriting code in ../source_code/rtl/app/vga_disp_rtl.v(1)
HDL-1007 : analyze verilog file ../source_code/rtl/another/fire_detect.v
HDL-1007 : analyze verilog file ../source_code/rtl/another/intrusion_detect.v
RUN-1002 : start command "commit_param -step design"
RUN-1001 : Print Global Property
RUN-1001 : --------------------------------------------------------
RUN-1001 :   Parameters   |  Settings  |  Default Values  |  Note  
RUN-1001 : --------------------------------------------------------
RUN-1001 :   enable_seed  |    off     |       off        |        
RUN-1001 :     message    |  standard  |     standard     |        
RUN-1001 :   qor_monitor  |     on     |        on        |        
RUN-1001 :   syn_ip_flow  |    off     |       off        |        
RUN-1001 :     thread     |    auto    |       auto       |        
RUN-1001 : --------------------------------------------------------
RUN-1001 : Print Design Property
RUN-1001 : ----------------------------------------------------------------
RUN-1001 :       Parameters       |  Settings  |  Default Values  |  Note  
RUN-1001 : ----------------------------------------------------------------
RUN-1001 :   default_reg_initial  |    auto    |       auto       |        
RUN-1001 :    hdl_warning_level   |   normal   |      normal      |        
RUN-1001 : ----------------------------------------------------------------
HDL-1007 : analyze verilog file last_attempt.v
HDL-1007 : undeclared symbol 'phy_reset', assumed default net type 'wire' in last_attempt.v(167)
HDL-1007 : undeclared symbol 'VGA_HSYNC', assumed default net type 'wire' in last_attempt.v(335)
HDL-1007 : undeclared symbol 'VGA_VSYNC', assumed default net type 'wire' in last_attempt.v(336)
HDL-1007 : undeclared symbol 'rd_en', assumed default net type 'wire' in last_attempt.v(338)
HDL-1007 : undeclared symbol 'tpg_data_done', assumed default net type 'wire' in last_attempt.v(753)
HDL-1007 : undeclared symbol 'full_flag', assumed default net type 'wire' in last_attempt.v(787)
HDL-1007 : undeclared symbol 'input_local_udp_port_num', assumed default net type 'wire' in last_attempt.v(818)
HDL-1007 : undeclared symbol 'input_local_udp_port_num_valid', assumed default net type 'wire' in last_attempt.v(819)
HDL-1007 : undeclared symbol 'input_local_ip_address_valid', assumed default net type 'wire' in last_attempt.v(822)
HDL-1007 : analyze verilog file ../source_code/rtl/udp/BUFGMUX.v
HDL-1007 : analyze verilog file ../source_code/rtl/udp/IDDR.v
HDL-1007 : analyze verilog file ../source_code/rtl/udp/ODDR.v
HDL-1007 : analyze verilog file ../source_code/rtl/udp/RAMB16_S9_S9.v
HDL-1007 : undeclared symbol 'open', assumed default net type 'wire' in ../source_code/rtl/udp/RAMB16_S9_S9.v(109)
HDL-1007 : analyze verilog file ../source_code/rtl/udp/clk_gen_rst_gen.v
HDL-1007 : analyze verilog file ../source_code/rtl/udp/div_clk_gen.v
HDL-1007 : analyze verilog file ../source_code/rtl/udp/rgmii_interface.v
HDL-1007 : analyze verilog file ../source_code/rtl/udp/rx_client_fifo.v
HDL-5370 WARNING: parameter 'WAIT_s' becomes localparam in 'rx_client_fifo' with formal parameter declaration list in ../source_code/rtl/udp/rx_client_fifo.v(49)
HDL-5370 WARNING: parameter 'QUEUE1_s' becomes localparam in 'rx_client_fifo' with formal parameter declaration list in ../source_code/rtl/udp/rx_client_fifo.v(50)
HDL-5370 WARNING: parameter 'QUEUE2_s' becomes localparam in 'rx_client_fifo' with formal parameter declaration list in ../source_code/rtl/udp/rx_client_fifo.v(51)
HDL-5370 WARNING: parameter 'QUEUE3_s' becomes localparam in 'rx_client_fifo' with formal parameter declaration list in ../source_code/rtl/udp/rx_client_fifo.v(52)
HDL-5370 WARNING: parameter 'QUEUE_SOF_s' becomes localparam in 'rx_client_fifo' with formal parameter declaration list in ../source_code/rtl/udp/rx_client_fifo.v(53)
HDL-5370 WARNING: parameter 'SOF_s' becomes localparam in 'rx_client_fifo' with formal parameter declaration list in ../source_code/rtl/udp/rx_client_fifo.v(54)
HDL-5370 WARNING: parameter 'DATA_s' becomes localparam in 'rx_client_fifo' with formal parameter declaration list in ../source_code/rtl/udp/rx_client_fifo.v(55)
HDL-5370 WARNING: parameter 'EOF_s' becomes localparam in 'rx_client_fifo' with formal parameter declaration list in ../source_code/rtl/udp/rx_client_fifo.v(56)
HDL-5370 WARNING: parameter 'IDLE_s' becomes localparam in 'rx_client_fifo' with formal parameter declaration list in ../source_code/rtl/udp/rx_client_fifo.v(62)
HDL-5370 WARNING: parameter 'FRAME_s' becomes localparam in 'rx_client_fifo' with formal parameter declaration list in ../source_code/rtl/udp/rx_client_fifo.v(63)
HDL-5370 Similar messages will be suppressed.
HDL-1007 : analyze verilog file ../source_code/rtl/udp/temac_block.v
HDL-1007 : analyze verilog file ../source_code/rtl/udp/temac_clk_gen.v
HDL-1007 : analyze verilog file ../source_code/rtl/udp/tx_client_fifo.v
HDL-5370 WARNING: parameter 'IDLE_s' becomes localparam in 'tx_client_fifo' with formal parameter declaration list in ../source_code/rtl/udp/tx_client_fifo.v(53)
HDL-5370 WARNING: parameter 'QUEUE1_s' becomes localparam in 'tx_client_fifo' with formal parameter declaration list in ../source_code/rtl/udp/tx_client_fifo.v(54)
HDL-5370 WARNING: parameter 'QUEUE2_s' becomes localparam in 'tx_client_fifo' with formal parameter declaration list in ../source_code/rtl/udp/tx_client_fifo.v(55)
HDL-5370 WARNING: parameter 'QUEUE3_s' becomes localparam in 'tx_client_fifo' with formal parameter declaration list in ../source_code/rtl/udp/tx_client_fifo.v(56)
HDL-5370 WARNING: parameter 'QUEUE_ACK_s' becomes localparam in 'tx_client_fifo' with formal parameter declaration list in ../source_code/rtl/udp/tx_client_fifo.v(57)
HDL-5370 WARNING: parameter 'WAIT_ACK_s' becomes localparam in 'tx_client_fifo' with formal parameter declaration list in ../source_code/rtl/udp/tx_client_fifo.v(58)
HDL-5370 WARNING: parameter 'FRAME_s' becomes localparam in 'tx_client_fifo' with formal parameter declaration list in ../source_code/rtl/udp/tx_client_fifo.v(59)
HDL-5370 WARNING: parameter 'DROP_s' becomes localparam in 'tx_client_fifo' with formal parameter declaration list in ../source_code/rtl/udp/tx_client_fifo.v(60)
HDL-5370 WARNING: parameter 'RETRANSMIT_s' becomes localparam in 'tx_client_fifo' with formal parameter declaration list in ../source_code/rtl/udp/tx_client_fifo.v(61)
HDL-5370 WARNING: parameter 'WAIT_s' becomes localparam in 'tx_client_fifo' with formal parameter declaration list in ../source_code/rtl/udp/tx_client_fifo.v(67)
HDL-5370 Similar messages will be suppressed.
HDL-1007 : analyze verilog file ../source_code/rtl/udp/tx_clk_en_gen.v
HDL-1007 : analyze verilog file ../source_code/rtl/udp/udp_data_tpg.v
HDL-1007 : analyze verilog file ../source_code/rtl/udp/udp_ip_protocol_stack_merge.enc.v
HDL-1007 : back to file '../source_code/rtl/udp/udp_ip_protocol_stack_merge.enc.v' in ../source_code/rtl/udp/udp_ip_protocol_stack_merge.enc.v(56)
HDL-1007 : undeclared symbol '**', assumed default net type '**' in ../source_code/rtl/udp/udp_ip_protocol_stack_merge.enc.v(2638)
HDL-1007 : back to file '../source_code/rtl/udp/udp_ip_protocol_stack_merge.enc.v' in ../source_code/rtl/udp/udp_ip_protocol_stack_merge.enc.v(420)
HDL-1007 : analyze verilog file ../source_code/rtl/udp/udp_loopback.v
HDL-1007 : analyze verilog file al_ip/TEMAC_CORE/RTL/include/define.v
HDL-1007 : analyze verilog file al_ip/TEMAC_CORE/RTL/TEMAC_CORE_aead6cd6dadd.v
HDL-5007 WARNING: column 1032 exceeds maximum value 1023 in al_ip/TEMAC_CORE/RTL/TEMAC_CORE_aead6cd6dadd.v(30)
HDL-1007 : back to file 'al_ip/TEMAC_CORE/RTL/TEMAC_CORE_aead6cd6dadd.v' in al_ip/TEMAC_CORE/RTL/TEMAC_CORE_aead6cd6dadd.v(86)
HDL-5007 WARNING: event expressions must result in a singular type in al_ip/TEMAC_CORE/RTL/TEMAC_CORE_aead6cd6dadd.v(3001)
HDL-1007 : undeclared symbol '**', assumed default net type '**' in al_ip/TEMAC_CORE/RTL/TEMAC_CORE_aead6cd6dadd.v(5050)
HDL-1007 : undeclared symbol '**', assumed default net type '**' in al_ip/TEMAC_CORE/RTL/TEMAC_CORE_aead6cd6dadd.v(5458)
HDL-5007 WARNING: column 1035 exceeds maximum value 1023 in al_ip/TEMAC_CORE/RTL/TEMAC_CORE_aead6cd6dadd.v(6001)
HDL-1007 : back to file 'al_ip/TEMAC_CORE/RTL/TEMAC_CORE_aead6cd6dadd.v' in al_ip/TEMAC_CORE/RTL/TEMAC_CORE_aead6cd6dadd.v(260)
HDL-1007 : analyze verilog file al_ip/TEMAC_CORE/RTL/mac_core_aead6cd6dadd.v
HDL-1007 : analyze verilog file al_ip/TEMAC_CORE/TEMAC_CORE.v
HDL-1007 : analyze verilog file al_ip/pll_gen.v
HDL-1007 : undeclared symbol 'pll_gen_open0', assumed default net type 'wire' in al_ip/pll_gen.v(99)
HDL-1007 : undeclared symbol 'pll_gen_open8', assumed default net type 'wire' in al_ip/pll_gen.v(105)
HDL-1007 : undeclared symbol 'pll_gen_open7', assumed default net type 'wire' in al_ip/pll_gen.v(105)
HDL-1007 : undeclared symbol 'pll_gen_open6', assumed default net type 'wire' in al_ip/pll_gen.v(105)
HDL-1007 : undeclared symbol 'pll_gen_open5', assumed default net type 'wire' in al_ip/pll_gen.v(105)
HDL-1007 : undeclared symbol 'pll_gen_open4', assumed default net type 'wire' in al_ip/pll_gen.v(105)
HDL-1007 : undeclared symbol 'pll_gen_open3', assumed default net type 'wire' in al_ip/pll_gen.v(105)
HDL-1007 : undeclared symbol 'pll_gen_open2', assumed default net type 'wire' in al_ip/pll_gen.v(105)
HDL-1007 : undeclared symbol 'pll_gen_open1', assumed default net type 'wire' in al_ip/pll_gen.v(105)
HDL-1007 : analyze verilog file al_ip/sys_pll.v
HDL-1007 : undeclared symbol 'sys_pll_open0', assumed default net type 'wire' in al_ip/sys_pll.v(77)
HDL-1007 : undeclared symbol 'sys_pll_open1', assumed default net type 'wire' in al_ip/sys_pll.v(83)
HDL-1007 : undeclared symbol 'sys_pll_open9', assumed default net type 'wire' in al_ip/sys_pll.v(89)
HDL-1007 : undeclared symbol 'sys_pll_open8', assumed default net type 'wire' in al_ip/sys_pll.v(89)
HDL-1007 : undeclared symbol 'sys_pll_open7', assumed default net type 'wire' in al_ip/sys_pll.v(89)
HDL-1007 : undeclared symbol 'sys_pll_open6', assumed default net type 'wire' in al_ip/sys_pll.v(89)
HDL-1007 : undeclared symbol 'sys_pll_open5', assumed default net type 'wire' in al_ip/sys_pll.v(89)
HDL-1007 : undeclared symbol 'sys_pll_open4', assumed default net type 'wire' in al_ip/sys_pll.v(89)
HDL-1007 : undeclared symbol 'sys_pll_open3', assumed default net type 'wire' in al_ip/sys_pll.v(89)
HDL-1007 : undeclared symbol 'sys_pll_open2', assumed default net type 'wire' in al_ip/sys_pll.v(89)
HDL-1007 : undeclared symbol 'sys_pll_open11', assumed default net type 'wire' in al_ip/sys_pll.v(91)
HDL-1007 : undeclared symbol 'sys_pll_open10', assumed default net type 'wire' in al_ip/sys_pll.v(91)
HDL-1007 : analyze verilog file ../source_code/rtl/sd_card/ax_debounce.v
HDL-1007 : analyze verilog file ../source_code/rtl/sd_card/bmp_read.v
HDL-1007 : analyze verilog file ../source_code/rtl/sd_card/sd_card_bmp.v
HDL-1007 : analyze verilog file ../source_code/rtl/sd_card/sd_card_cmd.v
HDL-1007 : analyze verilog file ../source_code/rtl/sd_card/sd_card_sec_read_write.v
HDL-1007 : analyze verilog file ../source_code/rtl/sd_card/sd_card_top.v
HDL-1007 : analyze verilog file ../source_code/rtl/sd_card/spi_master.v
HDL-1007 : analyze verilog file ../source_code/rtl/sdram/enc_file/global_def.v
HDL-1007 : analyze verilog file ../source_code/rtl/sdram/enc_file/sdr_as_ram.enc.v
HDL-1007 : back to file '../source_code/rtl/sdram/enc_file/sdr_as_ram.enc.v' in ../source_code/rtl/sdram/enc_file/sdr_as_ram.enc.v(54)
HDL-1007 : analyze verilog file ../source_code/rtl/sdram/enc_file/sdr_wrrd.enc.v
HDL-5007 WARNING: concatenation with an unsized literal will be treated as 32 bits in ../source_code/rtl/sdram/enc_file/sdr_wrrd.enc.v(283)
HDL-1007 : back to file '../source_code/rtl/sdram/enc_file/sdr_wrrd.enc.v' in ../source_code/rtl/sdram/enc_file/sdr_wrrd.enc.v(19)
HDL-1007 : analyze verilog file ../source_code/rtl/frame_fifo/afifo_16_32_256.v
HDL-1007 : analyze verilog file ../source_code/rtl/frame_fifo/afifo_32_16_256.v
HDL-1007 : analyze verilog file ../source_code/rtl/frame_fifo/frame_fifo_read.v
HDL-1007 : analyze verilog file ../source_code/rtl/frame_fifo/frame_fifo_write.v
HDL-1007 : analyze verilog file ../source_code/rtl/frame_fifo/frame_read_write.v
HDL-1007 : analyze verilog file ../source_code/rtl/sdram/sdram.v
HDL-1007 : analyze included file ../source_code/rtl/sdram/enc_file/global_def.v in ../source_code/rtl/sdram/sdram.v(10)
HDL-1007 : back to file '../source_code/rtl/sdram/sdram.v' in ../source_code/rtl/sdram/sdram.v(10)
HDL-1007 : undeclared symbol 'SDR_CKE', assumed default net type 'wire' in ../source_code/rtl/sdram/sdram.v(89)
HDL-1007 : analyze verilog file ../source_code/rtl/sdram/enc_file/sdr_init_ref.enc.v
HDL-1007 : analyze included file ../source_code/rtl/sdram/enc_file/global_def.v in ../source_code/rtl/sdram/enc_file/sdr_init_ref.enc.v(11)
HDL-1007 : back to file '../source_code/rtl/sdram/enc_file/sdr_init_ref.enc.v' in ../source_code/rtl/sdram/enc_file/sdr_init_ref.enc.v(11)
HDL-1007 : undeclared symbol '**', assumed default net type '**' in ../source_code/rtl/sdram/enc_file/sdr_init_ref.enc.v(57)
HDL-1007 : back to file '../source_code/rtl/sdram/enc_file/sdr_init_ref.enc.v' in ../source_code/rtl/sdram/enc_file/sdr_init_ref.enc.v(149)
HDL-5007 WARNING: concatenation with an unsized literal will be treated as 32 bits in ../source_code/rtl/sdram/enc_file/sdr_init_ref.enc.v(47)
HDL-1007 : analyze verilog file ../source_code/rtl/video_timing/color_bar.v
HDL-1007 : analyze included file ../source_code/rtl/video_timing/video_define.v in ../source_code/rtl/video_timing/color_bar.v(2)
HDL-1007 : back to file '../source_code/rtl/video_timing/color_bar.v' in ../source_code/rtl/video_timing/color_bar.v(2)
HDL-1007 : analyze verilog file ../source_code/rtl/video_timing/video_delay.v
HDL-1007 : analyze verilog file ../source_code/rtl/video_timing/video_timing_data.v
HDL-1007 : analyze verilog file ../source_code/rtl/another/m_synchronization_header.v
HDL-1007 : analyze verilog file ../source_code/rtl/led.v
HDL-1007 : analyze verilog file ../source_code/rtl/ov5640/cmos_capture_data.v
HDL-1007 : analyze verilog file ../source_code/rtl/ov5640/i2c_dri.v
HDL-1007 : analyze verilog file ../source_code/rtl/ov5640/i2c_ov5640_rgb565_cfg.v
HDL-1007 : analyze verilog file ../source_code/rtl/ov5640/ov5640_delay.v
HDL-1007 : analyze verilog file ../source_code/rtl/ov5640/ov5640_dri.v
HDL-1007 : analyze verilog file al_ip/clk_wize.v
HDL-1007 : undeclared symbol 'open', assumed default net type 'wire' in al_ip/clk_wize.v(70)
HDL-1007 : analyze verilog file al_ip/ram.v
HDL-1007 : analyze verilog file ../source_code/rtl/app/addr_crt.v
HDL-1007 : analyze verilog file ../source_code/rtl/app/app.v
HDL-1007 : analyze verilog file ../source_code/rtl/app/vga_disp_rtl.v
HDL-1007 : analyze VHDL file ../source_code/rtl/hdmi_rtl/enc_file/DVITransmitter.enc.vhd
HDL-1007 : analyze entity dvitransmitter in ../source_code/rtl/hdmi_rtl/enc_file/DVITransmitter.enc.vhd(13)
HDL-1007 : analyze architecture ** in ../source_code/rtl/hdmi_rtl/enc_file/DVITransmitter.enc.vhd(2)
HDL-1007 : analyze VHDL file ../source_code/rtl/hdmi_rtl/enc_file/SerializerN_1_lvds.enc.vhd
HDL-1007 : analyze entity ** in ../source_code/rtl/hdmi_rtl/enc_file/SerializerN_1_lvds.enc.vhd(12)
HDL-1007 : analyze architecture ** in ../source_code/rtl/hdmi_rtl/enc_file/SerializerN_1_lvds.enc.vhd(25)
HDL-1007 : analyze VHDL file ../source_code/rtl/hdmi_rtl/enc_file/SerializerN_1_lvds_dat.enc.vhd
HDL-1007 : analyze entity ** in ../source_code/rtl/hdmi_rtl/enc_file/SerializerN_1_lvds_dat.enc.vhd(14)
HDL-1007 : analyze architecture ** in ../source_code/rtl/hdmi_rtl/enc_file/SerializerN_1_lvds_dat.enc.vhd(28)
HDL-1007 : analyze VHDL file ../source_code/rtl/hdmi_rtl/enc_file/TMDSEncoder.enc.vhd
HDL-1007 : analyze entity ** in ../source_code/rtl/hdmi_rtl/enc_file/TMDSEncoder.enc.vhd(13)
HDL-1007 : analyze architecture ** in ../source_code/rtl/hdmi_rtl/enc_file/TMDSEncoder.enc.vhd(24)
HDL-1007 : analyze verilog file ../source_code/rtl/hdmi_rtl/enc_file/video_tpg_1024768.enc.v
HDL-5007 WARNING: literal value ** truncated to fit in ** bits in ../source_code/rtl/hdmi_rtl/enc_file/video_tpg_1024768.enc.v(231)
HDL-1007 : back to file '../source_code/rtl/hdmi_rtl/enc_file/video_tpg_1024768.enc.v' in ../source_code/rtl/hdmi_rtl/enc_file/video_tpg_1024768.enc.v(1)
HDL-1007 : analyze verilog file ../source_code/rtl/hdmi_rtl/enc_file/video_tpg_1080p.enc.v
HDL-1007 : back to file '../source_code/rtl/hdmi_rtl/enc_file/video_tpg_1080p.enc.v' in ../source_code/rtl/hdmi_rtl/enc_file/video_tpg_1080p.enc.v(1)
HDL-1007 : analyze verilog file ../source_code/rtl/hdmi_rtl/enc_file/video_tpg_12801024p.enc.v
HDL-1007 : back to file '../source_code/rtl/hdmi_rtl/enc_file/video_tpg_12801024p.enc.v' in ../source_code/rtl/hdmi_rtl/enc_file/video_tpg_12801024p.enc.v(1)
HDL-1007 : analyze verilog file ../source_code/rtl/hdmi_rtl/enc_file/video_tpg_1280800.enc.v
HDL-5007 WARNING: literal value ** truncated to fit in ** bits in ../source_code/rtl/hdmi_rtl/enc_file/video_tpg_1280800.enc.v(233)
HDL-1007 : back to file '../source_code/rtl/hdmi_rtl/enc_file/video_tpg_1280800.enc.v' in ../source_code/rtl/hdmi_rtl/enc_file/video_tpg_1280800.enc.v(1)
HDL-1007 : analyze verilog file ../source_code/rtl/hdmi_rtl/enc_file/video_tpg_16801050p.enc.v
HDL-1007 : back to file '../source_code/rtl/hdmi_rtl/enc_file/video_tpg_16801050p.enc.v' in ../source_code/rtl/hdmi_rtl/enc_file/video_tpg_16801050p.enc.v(1)
HDL-1007 : analyze verilog file ../source_code/rtl/hdmi_rtl/enc_file/video_tpg_800600.enc.v
HDL-1007 : back to file '../source_code/rtl/hdmi_rtl/enc_file/video_tpg_800600.enc.v' in ../source_code/rtl/hdmi_rtl/enc_file/video_tpg_800600.enc.v(1)
HDL-1007 : analyze VHDL file ../source_code/rtl/hdmi_rtl/hdmi_tx.vhd
HDL-1007 : analyze entity hdmi_tx in ../source_code/rtl/hdmi_rtl/hdmi_tx.vhd(11)
HDL-1007 : analyze architecture behavioral in ../source_code/rtl/hdmi_rtl/hdmi_tx.vhd(33)
HDL-1007 : analyze verilog file ../source_code/rtl/hdmi_rtl/vga_disp_rtl.v
HDL-7201 CRITICAL-WARNING: overwrite current module 'vga_disp_rtl' in ../source_code/rtl/hdmi_rtl/vga_disp_rtl.v(1)
HDL-7307 CRITICAL-WARNING: previous definition of design element module 'vga_disp_rtl' is here. This is because multiple modules(values) with the same name are defined. Please consider rewriting code in ../source_code/rtl/app/vga_disp_rtl.v(1)
HDL-1007 : analyze verilog file ../source_code/rtl/another/fire_detect.v
HDL-1007 : analyze verilog file ../source_code/rtl/another/intrusion_detect.v
RUN-1002 : start command "commit_param -step design"
RUN-1001 : Print Global Property
RUN-1001 : --------------------------------------------------------
RUN-1001 :   Parameters   |  Settings  |  Default Values  |  Note  
RUN-1001 : --------------------------------------------------------
RUN-1001 :   enable_seed  |    off     |       off        |        
RUN-1001 :     message    |  standard  |     standard     |        
RUN-1001 :   qor_monitor  |     on     |        on        |        
RUN-1001 :   syn_ip_flow  |    off     |       off        |        
RUN-1001 :     thread     |    auto    |       auto       |        
RUN-1001 : --------------------------------------------------------
RUN-1001 : Print Design Property
RUN-1001 : ----------------------------------------------------------------
RUN-1001 :       Parameters       |  Settings  |  Default Values  |  Note  
RUN-1001 : ----------------------------------------------------------------
RUN-1001 :   default_reg_initial  |    auto    |       auto       |        
RUN-1001 :    hdl_warning_level   |   normal   |      normal      |        
RUN-1001 : ----------------------------------------------------------------
HDL-1007 : analyze verilog file last_attempt.v
HDL-1007 : undeclared symbol 'phy_reset', assumed default net type 'wire' in last_attempt.v(167)
HDL-1007 : undeclared symbol 'VGA_HSYNC', assumed default net type 'wire' in last_attempt.v(335)
HDL-1007 : undeclared symbol 'VGA_VSYNC', assumed default net type 'wire' in last_attempt.v(336)
HDL-1007 : undeclared symbol 'rd_en', assumed default net type 'wire' in last_attempt.v(338)
HDL-1007 : undeclared symbol 'tpg_data_done', assumed default net type 'wire' in last_attempt.v(761)
HDL-1007 : undeclared symbol 'full_flag', assumed default net type 'wire' in last_attempt.v(795)
HDL-1007 : undeclared symbol 'input_local_udp_port_num', assumed default net type 'wire' in last_attempt.v(826)
HDL-1007 : undeclared symbol 'input_local_udp_port_num_valid', assumed default net type 'wire' in last_attempt.v(827)
HDL-1007 : undeclared symbol 'input_local_ip_address_valid', assumed default net type 'wire' in last_attempt.v(830)
HDL-1007 : analyze verilog file ../source_code/rtl/udp/BUFGMUX.v
HDL-1007 : analyze verilog file ../source_code/rtl/udp/IDDR.v
HDL-1007 : analyze verilog file ../source_code/rtl/udp/ODDR.v
HDL-1007 : analyze verilog file ../source_code/rtl/udp/RAMB16_S9_S9.v
HDL-1007 : undeclared symbol 'open', assumed default net type 'wire' in ../source_code/rtl/udp/RAMB16_S9_S9.v(109)
HDL-1007 : analyze verilog file ../source_code/rtl/udp/clk_gen_rst_gen.v
HDL-1007 : analyze verilog file ../source_code/rtl/udp/div_clk_gen.v
HDL-1007 : analyze verilog file ../source_code/rtl/udp/rgmii_interface.v
HDL-1007 : analyze verilog file ../source_code/rtl/udp/rx_client_fifo.v
HDL-5370 WARNING: parameter 'WAIT_s' becomes localparam in 'rx_client_fifo' with formal parameter declaration list in ../source_code/rtl/udp/rx_client_fifo.v(49)
HDL-5370 WARNING: parameter 'QUEUE1_s' becomes localparam in 'rx_client_fifo' with formal parameter declaration list in ../source_code/rtl/udp/rx_client_fifo.v(50)
HDL-5370 WARNING: parameter 'QUEUE2_s' becomes localparam in 'rx_client_fifo' with formal parameter declaration list in ../source_code/rtl/udp/rx_client_fifo.v(51)
HDL-5370 WARNING: parameter 'QUEUE3_s' becomes localparam in 'rx_client_fifo' with formal parameter declaration list in ../source_code/rtl/udp/rx_client_fifo.v(52)
HDL-5370 WARNING: parameter 'QUEUE_SOF_s' becomes localparam in 'rx_client_fifo' with formal parameter declaration list in ../source_code/rtl/udp/rx_client_fifo.v(53)
HDL-5370 WARNING: parameter 'SOF_s' becomes localparam in 'rx_client_fifo' with formal parameter declaration list in ../source_code/rtl/udp/rx_client_fifo.v(54)
HDL-5370 WARNING: parameter 'DATA_s' becomes localparam in 'rx_client_fifo' with formal parameter declaration list in ../source_code/rtl/udp/rx_client_fifo.v(55)
HDL-5370 WARNING: parameter 'EOF_s' becomes localparam in 'rx_client_fifo' with formal parameter declaration list in ../source_code/rtl/udp/rx_client_fifo.v(56)
HDL-5370 WARNING: parameter 'IDLE_s' becomes localparam in 'rx_client_fifo' with formal parameter declaration list in ../source_code/rtl/udp/rx_client_fifo.v(62)
HDL-5370 WARNING: parameter 'FRAME_s' becomes localparam in 'rx_client_fifo' with formal parameter declaration list in ../source_code/rtl/udp/rx_client_fifo.v(63)
HDL-5370 Similar messages will be suppressed.
HDL-1007 : analyze verilog file ../source_code/rtl/udp/temac_block.v
HDL-1007 : analyze verilog file ../source_code/rtl/udp/temac_clk_gen.v
HDL-1007 : analyze verilog file ../source_code/rtl/udp/tx_client_fifo.v
HDL-5370 WARNING: parameter 'IDLE_s' becomes localparam in 'tx_client_fifo' with formal parameter declaration list in ../source_code/rtl/udp/tx_client_fifo.v(53)
HDL-5370 WARNING: parameter 'QUEUE1_s' becomes localparam in 'tx_client_fifo' with formal parameter declaration list in ../source_code/rtl/udp/tx_client_fifo.v(54)
HDL-5370 WARNING: parameter 'QUEUE2_s' becomes localparam in 'tx_client_fifo' with formal parameter declaration list in ../source_code/rtl/udp/tx_client_fifo.v(55)
HDL-5370 WARNING: parameter 'QUEUE3_s' becomes localparam in 'tx_client_fifo' with formal parameter declaration list in ../source_code/rtl/udp/tx_client_fifo.v(56)
HDL-5370 WARNING: parameter 'QUEUE_ACK_s' becomes localparam in 'tx_client_fifo' with formal parameter declaration list in ../source_code/rtl/udp/tx_client_fifo.v(57)
HDL-5370 WARNING: parameter 'WAIT_ACK_s' becomes localparam in 'tx_client_fifo' with formal parameter declaration list in ../source_code/rtl/udp/tx_client_fifo.v(58)
HDL-5370 WARNING: parameter 'FRAME_s' becomes localparam in 'tx_client_fifo' with formal parameter declaration list in ../source_code/rtl/udp/tx_client_fifo.v(59)
HDL-5370 WARNING: parameter 'DROP_s' becomes localparam in 'tx_client_fifo' with formal parameter declaration list in ../source_code/rtl/udp/tx_client_fifo.v(60)
HDL-5370 WARNING: parameter 'RETRANSMIT_s' becomes localparam in 'tx_client_fifo' with formal parameter declaration list in ../source_code/rtl/udp/tx_client_fifo.v(61)
HDL-5370 WARNING: parameter 'WAIT_s' becomes localparam in 'tx_client_fifo' with formal parameter declaration list in ../source_code/rtl/udp/tx_client_fifo.v(67)
HDL-5370 Similar messages will be suppressed.
HDL-1007 : analyze verilog file ../source_code/rtl/udp/tx_clk_en_gen.v
HDL-1007 : analyze verilog file ../source_code/rtl/udp/udp_data_tpg.v
HDL-1007 : analyze verilog file ../source_code/rtl/udp/udp_ip_protocol_stack_merge.enc.v
HDL-1007 : back to file '../source_code/rtl/udp/udp_ip_protocol_stack_merge.enc.v' in ../source_code/rtl/udp/udp_ip_protocol_stack_merge.enc.v(56)
HDL-1007 : undeclared symbol '**', assumed default net type '**' in ../source_code/rtl/udp/udp_ip_protocol_stack_merge.enc.v(2638)
HDL-1007 : back to file '../source_code/rtl/udp/udp_ip_protocol_stack_merge.enc.v' in ../source_code/rtl/udp/udp_ip_protocol_stack_merge.enc.v(420)
HDL-1007 : analyze verilog file ../source_code/rtl/udp/udp_loopback.v
HDL-1007 : analyze verilog file al_ip/TEMAC_CORE/RTL/include/define.v
HDL-1007 : analyze verilog file al_ip/TEMAC_CORE/RTL/TEMAC_CORE_aead6cd6dadd.v
HDL-5007 WARNING: column 1032 exceeds maximum value 1023 in al_ip/TEMAC_CORE/RTL/TEMAC_CORE_aead6cd6dadd.v(30)
HDL-1007 : back to file 'al_ip/TEMAC_CORE/RTL/TEMAC_CORE_aead6cd6dadd.v' in al_ip/TEMAC_CORE/RTL/TEMAC_CORE_aead6cd6dadd.v(86)
HDL-5007 WARNING: event expressions must result in a singular type in al_ip/TEMAC_CORE/RTL/TEMAC_CORE_aead6cd6dadd.v(3001)
HDL-1007 : undeclared symbol '**', assumed default net type '**' in al_ip/TEMAC_CORE/RTL/TEMAC_CORE_aead6cd6dadd.v(5050)
HDL-1007 : undeclared symbol '**', assumed default net type '**' in al_ip/TEMAC_CORE/RTL/TEMAC_CORE_aead6cd6dadd.v(5458)
HDL-5007 WARNING: column 1035 exceeds maximum value 1023 in al_ip/TEMAC_CORE/RTL/TEMAC_CORE_aead6cd6dadd.v(6001)
HDL-1007 : back to file 'al_ip/TEMAC_CORE/RTL/TEMAC_CORE_aead6cd6dadd.v' in al_ip/TEMAC_CORE/RTL/TEMAC_CORE_aead6cd6dadd.v(260)
HDL-1007 : analyze verilog file al_ip/TEMAC_CORE/RTL/mac_core_aead6cd6dadd.v
HDL-1007 : analyze verilog file al_ip/TEMAC_CORE/TEMAC_CORE.v
HDL-1007 : analyze verilog file al_ip/pll_gen.v
HDL-1007 : undeclared symbol 'pll_gen_open0', assumed default net type 'wire' in al_ip/pll_gen.v(99)
HDL-1007 : undeclared symbol 'pll_gen_open8', assumed default net type 'wire' in al_ip/pll_gen.v(105)
HDL-1007 : undeclared symbol 'pll_gen_open7', assumed default net type 'wire' in al_ip/pll_gen.v(105)
HDL-1007 : undeclared symbol 'pll_gen_open6', assumed default net type 'wire' in al_ip/pll_gen.v(105)
HDL-1007 : undeclared symbol 'pll_gen_open5', assumed default net type 'wire' in al_ip/pll_gen.v(105)
HDL-1007 : undeclared symbol 'pll_gen_open4', assumed default net type 'wire' in al_ip/pll_gen.v(105)
HDL-1007 : undeclared symbol 'pll_gen_open3', assumed default net type 'wire' in al_ip/pll_gen.v(105)
HDL-1007 : undeclared symbol 'pll_gen_open2', assumed default net type 'wire' in al_ip/pll_gen.v(105)
HDL-1007 : undeclared symbol 'pll_gen_open1', assumed default net type 'wire' in al_ip/pll_gen.v(105)
HDL-1007 : analyze verilog file al_ip/sys_pll.v
HDL-1007 : undeclared symbol 'sys_pll_open0', assumed default net type 'wire' in al_ip/sys_pll.v(77)
HDL-1007 : undeclared symbol 'sys_pll_open1', assumed default net type 'wire' in al_ip/sys_pll.v(83)
HDL-1007 : undeclared symbol 'sys_pll_open9', assumed default net type 'wire' in al_ip/sys_pll.v(89)
HDL-1007 : undeclared symbol 'sys_pll_open8', assumed default net type 'wire' in al_ip/sys_pll.v(89)
HDL-1007 : undeclared symbol 'sys_pll_open7', assumed default net type 'wire' in al_ip/sys_pll.v(89)
HDL-1007 : undeclared symbol 'sys_pll_open6', assumed default net type 'wire' in al_ip/sys_pll.v(89)
HDL-1007 : undeclared symbol 'sys_pll_open5', assumed default net type 'wire' in al_ip/sys_pll.v(89)
HDL-1007 : undeclared symbol 'sys_pll_open4', assumed default net type 'wire' in al_ip/sys_pll.v(89)
HDL-1007 : undeclared symbol 'sys_pll_open3', assumed default net type 'wire' in al_ip/sys_pll.v(89)
HDL-1007 : undeclared symbol 'sys_pll_open2', assumed default net type 'wire' in al_ip/sys_pll.v(89)
HDL-1007 : undeclared symbol 'sys_pll_open11', assumed default net type 'wire' in al_ip/sys_pll.v(91)
HDL-1007 : undeclared symbol 'sys_pll_open10', assumed default net type 'wire' in al_ip/sys_pll.v(91)
HDL-1007 : analyze verilog file ../source_code/rtl/sd_card/ax_debounce.v
HDL-1007 : analyze verilog file ../source_code/rtl/sd_card/bmp_read.v
HDL-1007 : analyze verilog file ../source_code/rtl/sd_card/sd_card_bmp.v
HDL-1007 : analyze verilog file ../source_code/rtl/sd_card/sd_card_cmd.v
HDL-1007 : analyze verilog file ../source_code/rtl/sd_card/sd_card_sec_read_write.v
HDL-1007 : analyze verilog file ../source_code/rtl/sd_card/sd_card_top.v
HDL-1007 : analyze verilog file ../source_code/rtl/sd_card/spi_master.v
HDL-1007 : analyze verilog file ../source_code/rtl/sdram/enc_file/global_def.v
HDL-1007 : analyze verilog file ../source_code/rtl/sdram/enc_file/sdr_as_ram.enc.v
HDL-1007 : back to file '../source_code/rtl/sdram/enc_file/sdr_as_ram.enc.v' in ../source_code/rtl/sdram/enc_file/sdr_as_ram.enc.v(54)
HDL-1007 : analyze verilog file ../source_code/rtl/sdram/enc_file/sdr_wrrd.enc.v
HDL-5007 WARNING: concatenation with an unsized literal will be treated as 32 bits in ../source_code/rtl/sdram/enc_file/sdr_wrrd.enc.v(283)
HDL-1007 : back to file '../source_code/rtl/sdram/enc_file/sdr_wrrd.enc.v' in ../source_code/rtl/sdram/enc_file/sdr_wrrd.enc.v(19)
HDL-1007 : analyze verilog file ../source_code/rtl/frame_fifo/afifo_16_32_256.v
HDL-1007 : analyze verilog file ../source_code/rtl/frame_fifo/afifo_32_16_256.v
HDL-1007 : analyze verilog file ../source_code/rtl/frame_fifo/frame_fifo_read.v
HDL-1007 : analyze verilog file ../source_code/rtl/frame_fifo/frame_fifo_write.v
HDL-1007 : analyze verilog file ../source_code/rtl/frame_fifo/frame_read_write.v
HDL-1007 : analyze verilog file ../source_code/rtl/sdram/sdram.v
HDL-1007 : analyze included file ../source_code/rtl/sdram/enc_file/global_def.v in ../source_code/rtl/sdram/sdram.v(10)
HDL-1007 : back to file '../source_code/rtl/sdram/sdram.v' in ../source_code/rtl/sdram/sdram.v(10)
HDL-1007 : undeclared symbol 'SDR_CKE', assumed default net type 'wire' in ../source_code/rtl/sdram/sdram.v(89)
HDL-1007 : analyze verilog file ../source_code/rtl/sdram/enc_file/sdr_init_ref.enc.v
HDL-1007 : analyze included file ../source_code/rtl/sdram/enc_file/global_def.v in ../source_code/rtl/sdram/enc_file/sdr_init_ref.enc.v(11)
HDL-1007 : back to file '../source_code/rtl/sdram/enc_file/sdr_init_ref.enc.v' in ../source_code/rtl/sdram/enc_file/sdr_init_ref.enc.v(11)
HDL-1007 : undeclared symbol '**', assumed default net type '**' in ../source_code/rtl/sdram/enc_file/sdr_init_ref.enc.v(57)
HDL-1007 : back to file '../source_code/rtl/sdram/enc_file/sdr_init_ref.enc.v' in ../source_code/rtl/sdram/enc_file/sdr_init_ref.enc.v(149)
HDL-5007 WARNING: concatenation with an unsized literal will be treated as 32 bits in ../source_code/rtl/sdram/enc_file/sdr_init_ref.enc.v(47)
HDL-1007 : analyze verilog file ../source_code/rtl/video_timing/color_bar.v
HDL-1007 : analyze included file ../source_code/rtl/video_timing/video_define.v in ../source_code/rtl/video_timing/color_bar.v(2)
HDL-1007 : back to file '../source_code/rtl/video_timing/color_bar.v' in ../source_code/rtl/video_timing/color_bar.v(2)
HDL-1007 : analyze verilog file ../source_code/rtl/video_timing/video_delay.v
HDL-1007 : analyze verilog file ../source_code/rtl/video_timing/video_timing_data.v
HDL-1007 : analyze verilog file ../source_code/rtl/another/m_synchronization_header.v
HDL-1007 : analyze verilog file ../source_code/rtl/led.v
HDL-1007 : analyze verilog file ../source_code/rtl/ov5640/cmos_capture_data.v
HDL-1007 : analyze verilog file ../source_code/rtl/ov5640/i2c_dri.v
HDL-1007 : analyze verilog file ../source_code/rtl/ov5640/i2c_ov5640_rgb565_cfg.v
HDL-1007 : analyze verilog file ../source_code/rtl/ov5640/ov5640_delay.v
HDL-1007 : analyze verilog file ../source_code/rtl/ov5640/ov5640_dri.v
HDL-1007 : analyze verilog file al_ip/clk_wize.v
HDL-1007 : undeclared symbol 'open', assumed default net type 'wire' in al_ip/clk_wize.v(70)
HDL-1007 : analyze verilog file al_ip/ram.v
HDL-1007 : analyze verilog file ../source_code/rtl/app/addr_crt.v
HDL-1007 : analyze verilog file ../source_code/rtl/app/app.v
HDL-1007 : analyze verilog file ../source_code/rtl/app/vga_disp_rtl.v
HDL-1007 : analyze VHDL file ../source_code/rtl/hdmi_rtl/enc_file/DVITransmitter.enc.vhd
HDL-1007 : analyze entity dvitransmitter in ../source_code/rtl/hdmi_rtl/enc_file/DVITransmitter.enc.vhd(13)
HDL-1007 : analyze architecture ** in ../source_code/rtl/hdmi_rtl/enc_file/DVITransmitter.enc.vhd(2)
HDL-1007 : analyze VHDL file ../source_code/rtl/hdmi_rtl/enc_file/SerializerN_1_lvds.enc.vhd
HDL-1007 : analyze entity ** in ../source_code/rtl/hdmi_rtl/enc_file/SerializerN_1_lvds.enc.vhd(12)
HDL-1007 : analyze architecture ** in ../source_code/rtl/hdmi_rtl/enc_file/SerializerN_1_lvds.enc.vhd(25)
HDL-1007 : analyze VHDL file ../source_code/rtl/hdmi_rtl/enc_file/SerializerN_1_lvds_dat.enc.vhd
HDL-1007 : analyze entity ** in ../source_code/rtl/hdmi_rtl/enc_file/SerializerN_1_lvds_dat.enc.vhd(14)
HDL-1007 : analyze architecture ** in ../source_code/rtl/hdmi_rtl/enc_file/SerializerN_1_lvds_dat.enc.vhd(28)
HDL-1007 : analyze VHDL file ../source_code/rtl/hdmi_rtl/enc_file/TMDSEncoder.enc.vhd
HDL-1007 : analyze entity ** in ../source_code/rtl/hdmi_rtl/enc_file/TMDSEncoder.enc.vhd(13)
HDL-1007 : analyze architecture ** in ../source_code/rtl/hdmi_rtl/enc_file/TMDSEncoder.enc.vhd(24)
HDL-1007 : analyze verilog file ../source_code/rtl/hdmi_rtl/enc_file/video_tpg_1024768.enc.v
HDL-5007 WARNING: literal value ** truncated to fit in ** bits in ../source_code/rtl/hdmi_rtl/enc_file/video_tpg_1024768.enc.v(231)
HDL-1007 : back to file '../source_code/rtl/hdmi_rtl/enc_file/video_tpg_1024768.enc.v' in ../source_code/rtl/hdmi_rtl/enc_file/video_tpg_1024768.enc.v(1)
HDL-1007 : analyze verilog file ../source_code/rtl/hdmi_rtl/enc_file/video_tpg_1080p.enc.v
HDL-1007 : back to file '../source_code/rtl/hdmi_rtl/enc_file/video_tpg_1080p.enc.v' in ../source_code/rtl/hdmi_rtl/enc_file/video_tpg_1080p.enc.v(1)
HDL-1007 : analyze verilog file ../source_code/rtl/hdmi_rtl/enc_file/video_tpg_12801024p.enc.v
HDL-1007 : back to file '../source_code/rtl/hdmi_rtl/enc_file/video_tpg_12801024p.enc.v' in ../source_code/rtl/hdmi_rtl/enc_file/video_tpg_12801024p.enc.v(1)
HDL-1007 : analyze verilog file ../source_code/rtl/hdmi_rtl/enc_file/video_tpg_1280800.enc.v
HDL-5007 WARNING: literal value ** truncated to fit in ** bits in ../source_code/rtl/hdmi_rtl/enc_file/video_tpg_1280800.enc.v(233)
HDL-1007 : back to file '../source_code/rtl/hdmi_rtl/enc_file/video_tpg_1280800.enc.v' in ../source_code/rtl/hdmi_rtl/enc_file/video_tpg_1280800.enc.v(1)
HDL-1007 : analyze verilog file ../source_code/rtl/hdmi_rtl/enc_file/video_tpg_16801050p.enc.v
HDL-1007 : back to file '../source_code/rtl/hdmi_rtl/enc_file/video_tpg_16801050p.enc.v' in ../source_code/rtl/hdmi_rtl/enc_file/video_tpg_16801050p.enc.v(1)
HDL-1007 : analyze verilog file ../source_code/rtl/hdmi_rtl/enc_file/video_tpg_800600.enc.v
HDL-1007 : back to file '../source_code/rtl/hdmi_rtl/enc_file/video_tpg_800600.enc.v' in ../source_code/rtl/hdmi_rtl/enc_file/video_tpg_800600.enc.v(1)
HDL-1007 : analyze VHDL file ../source_code/rtl/hdmi_rtl/hdmi_tx.vhd
HDL-1007 : analyze entity hdmi_tx in ../source_code/rtl/hdmi_rtl/hdmi_tx.vhd(11)
HDL-1007 : analyze architecture behavioral in ../source_code/rtl/hdmi_rtl/hdmi_tx.vhd(33)
HDL-1007 : analyze verilog file ../source_code/rtl/hdmi_rtl/vga_disp_rtl.v
HDL-7201 CRITICAL-WARNING: overwrite current module 'vga_disp_rtl' in ../source_code/rtl/hdmi_rtl/vga_disp_rtl.v(1)
HDL-7307 CRITICAL-WARNING: previous definition of design element module 'vga_disp_rtl' is here. This is because multiple modules(values) with the same name are defined. Please consider rewriting code in ../source_code/rtl/app/vga_disp_rtl.v(1)
HDL-1007 : analyze verilog file ../source_code/rtl/another/fire_detect.v
HDL-1007 : analyze verilog file ../source_code/rtl/another/intrusion_detect.v
RUN-1002 : start command "commit_param -step design"
RUN-1001 : Print Global Property
RUN-1001 : --------------------------------------------------------
RUN-1001 :   Parameters   |  Settings  |  Default Values  |  Note  
RUN-1001 : --------------------------------------------------------
RUN-1001 :   enable_seed  |    off     |       off        |        
RUN-1001 :     message    |  standard  |     standard     |        
RUN-1001 :   qor_monitor  |     on     |        on        |        
RUN-1001 :   syn_ip_flow  |    off     |       off        |        
RUN-1001 :     thread     |    auto    |       auto       |        
RUN-1001 : --------------------------------------------------------
RUN-1001 : Print Design Property
RUN-1001 : ----------------------------------------------------------------
RUN-1001 :       Parameters       |  Settings  |  Default Values  |  Note  
RUN-1001 : ----------------------------------------------------------------
RUN-1001 :   default_reg_initial  |    auto    |       auto       |        
RUN-1001 :    hdl_warning_level   |   normal   |      normal      |        
RUN-1001 : ----------------------------------------------------------------
HDL-1007 : analyze verilog file last_attempt.v
HDL-1007 : undeclared symbol 'phy_reset', assumed default net type 'wire' in last_attempt.v(167)
HDL-1007 : undeclared symbol 'VGA_HSYNC', assumed default net type 'wire' in last_attempt.v(335)
HDL-1007 : undeclared symbol 'VGA_VSYNC', assumed default net type 'wire' in last_attempt.v(336)
HDL-1007 : undeclared symbol 'rd_en', assumed default net type 'wire' in last_attempt.v(338)
HDL-1007 : undeclared symbol 'tpg_data_done', assumed default net type 'wire' in last_attempt.v(765)
HDL-1007 : undeclared symbol 'full_flag', assumed default net type 'wire' in last_attempt.v(799)
HDL-1007 : undeclared symbol 'input_local_udp_port_num', assumed default net type 'wire' in last_attempt.v(830)
HDL-1007 : undeclared symbol 'input_local_udp_port_num_valid', assumed default net type 'wire' in last_attempt.v(831)
HDL-1007 : undeclared symbol 'input_local_ip_address_valid', assumed default net type 'wire' in last_attempt.v(834)
HDL-1007 : analyze verilog file ../source_code/rtl/udp/BUFGMUX.v
HDL-1007 : analyze verilog file ../source_code/rtl/udp/IDDR.v
HDL-1007 : analyze verilog file ../source_code/rtl/udp/ODDR.v
HDL-1007 : analyze verilog file ../source_code/rtl/udp/RAMB16_S9_S9.v
HDL-1007 : undeclared symbol 'open', assumed default net type 'wire' in ../source_code/rtl/udp/RAMB16_S9_S9.v(109)
HDL-1007 : analyze verilog file ../source_code/rtl/udp/clk_gen_rst_gen.v
HDL-1007 : analyze verilog file ../source_code/rtl/udp/div_clk_gen.v
HDL-1007 : analyze verilog file ../source_code/rtl/udp/rgmii_interface.v
HDL-1007 : analyze verilog file ../source_code/rtl/udp/rx_client_fifo.v
HDL-5370 WARNING: parameter 'WAIT_s' becomes localparam in 'rx_client_fifo' with formal parameter declaration list in ../source_code/rtl/udp/rx_client_fifo.v(49)
HDL-5370 WARNING: parameter 'QUEUE1_s' becomes localparam in 'rx_client_fifo' with formal parameter declaration list in ../source_code/rtl/udp/rx_client_fifo.v(50)
HDL-5370 WARNING: parameter 'QUEUE2_s' becomes localparam in 'rx_client_fifo' with formal parameter declaration list in ../source_code/rtl/udp/rx_client_fifo.v(51)
HDL-5370 WARNING: parameter 'QUEUE3_s' becomes localparam in 'rx_client_fifo' with formal parameter declaration list in ../source_code/rtl/udp/rx_client_fifo.v(52)
HDL-5370 WARNING: parameter 'QUEUE_SOF_s' becomes localparam in 'rx_client_fifo' with formal parameter declaration list in ../source_code/rtl/udp/rx_client_fifo.v(53)
HDL-5370 WARNING: parameter 'SOF_s' becomes localparam in 'rx_client_fifo' with formal parameter declaration list in ../source_code/rtl/udp/rx_client_fifo.v(54)
HDL-5370 WARNING: parameter 'DATA_s' becomes localparam in 'rx_client_fifo' with formal parameter declaration list in ../source_code/rtl/udp/rx_client_fifo.v(55)
HDL-5370 WARNING: parameter 'EOF_s' becomes localparam in 'rx_client_fifo' with formal parameter declaration list in ../source_code/rtl/udp/rx_client_fifo.v(56)
HDL-5370 WARNING: parameter 'IDLE_s' becomes localparam in 'rx_client_fifo' with formal parameter declaration list in ../source_code/rtl/udp/rx_client_fifo.v(62)
HDL-5370 WARNING: parameter 'FRAME_s' becomes localparam in 'rx_client_fifo' with formal parameter declaration list in ../source_code/rtl/udp/rx_client_fifo.v(63)
HDL-5370 Similar messages will be suppressed.
HDL-1007 : analyze verilog file ../source_code/rtl/udp/temac_block.v
HDL-1007 : analyze verilog file ../source_code/rtl/udp/temac_clk_gen.v
HDL-1007 : analyze verilog file ../source_code/rtl/udp/tx_client_fifo.v
HDL-5370 WARNING: parameter 'IDLE_s' becomes localparam in 'tx_client_fifo' with formal parameter declaration list in ../source_code/rtl/udp/tx_client_fifo.v(53)
HDL-5370 WARNING: parameter 'QUEUE1_s' becomes localparam in 'tx_client_fifo' with formal parameter declaration list in ../source_code/rtl/udp/tx_client_fifo.v(54)
HDL-5370 WARNING: parameter 'QUEUE2_s' becomes localparam in 'tx_client_fifo' with formal parameter declaration list in ../source_code/rtl/udp/tx_client_fifo.v(55)
HDL-5370 WARNING: parameter 'QUEUE3_s' becomes localparam in 'tx_client_fifo' with formal parameter declaration list in ../source_code/rtl/udp/tx_client_fifo.v(56)
HDL-5370 WARNING: parameter 'QUEUE_ACK_s' becomes localparam in 'tx_client_fifo' with formal parameter declaration list in ../source_code/rtl/udp/tx_client_fifo.v(57)
HDL-5370 WARNING: parameter 'WAIT_ACK_s' becomes localparam in 'tx_client_fifo' with formal parameter declaration list in ../source_code/rtl/udp/tx_client_fifo.v(58)
HDL-5370 WARNING: parameter 'FRAME_s' becomes localparam in 'tx_client_fifo' with formal parameter declaration list in ../source_code/rtl/udp/tx_client_fifo.v(59)
HDL-5370 WARNING: parameter 'DROP_s' becomes localparam in 'tx_client_fifo' with formal parameter declaration list in ../source_code/rtl/udp/tx_client_fifo.v(60)
HDL-5370 WARNING: parameter 'RETRANSMIT_s' becomes localparam in 'tx_client_fifo' with formal parameter declaration list in ../source_code/rtl/udp/tx_client_fifo.v(61)
HDL-5370 WARNING: parameter 'WAIT_s' becomes localparam in 'tx_client_fifo' with formal parameter declaration list in ../source_code/rtl/udp/tx_client_fifo.v(67)
HDL-5370 Similar messages will be suppressed.
HDL-1007 : analyze verilog file ../source_code/rtl/udp/tx_clk_en_gen.v
HDL-1007 : analyze verilog file ../source_code/rtl/udp/udp_data_tpg.v
HDL-1007 : analyze verilog file ../source_code/rtl/udp/udp_ip_protocol_stack_merge.enc.v
HDL-1007 : back to file '../source_code/rtl/udp/udp_ip_protocol_stack_merge.enc.v' in ../source_code/rtl/udp/udp_ip_protocol_stack_merge.enc.v(56)
HDL-1007 : undeclared symbol '**', assumed default net type '**' in ../source_code/rtl/udp/udp_ip_protocol_stack_merge.enc.v(2638)
HDL-1007 : back to file '../source_code/rtl/udp/udp_ip_protocol_stack_merge.enc.v' in ../source_code/rtl/udp/udp_ip_protocol_stack_merge.enc.v(420)
HDL-1007 : analyze verilog file ../source_code/rtl/udp/udp_loopback.v
HDL-1007 : analyze verilog file al_ip/TEMAC_CORE/RTL/include/define.v
HDL-1007 : analyze verilog file al_ip/TEMAC_CORE/RTL/TEMAC_CORE_aead6cd6dadd.v
HDL-5007 WARNING: column 1032 exceeds maximum value 1023 in al_ip/TEMAC_CORE/RTL/TEMAC_CORE_aead6cd6dadd.v(30)
HDL-1007 : back to file 'al_ip/TEMAC_CORE/RTL/TEMAC_CORE_aead6cd6dadd.v' in al_ip/TEMAC_CORE/RTL/TEMAC_CORE_aead6cd6dadd.v(86)
HDL-5007 WARNING: event expressions must result in a singular type in al_ip/TEMAC_CORE/RTL/TEMAC_CORE_aead6cd6dadd.v(3001)
HDL-1007 : undeclared symbol '**', assumed default net type '**' in al_ip/TEMAC_CORE/RTL/TEMAC_CORE_aead6cd6dadd.v(5050)
HDL-1007 : undeclared symbol '**', assumed default net type '**' in al_ip/TEMAC_CORE/RTL/TEMAC_CORE_aead6cd6dadd.v(5458)
HDL-5007 WARNING: column 1035 exceeds maximum value 1023 in al_ip/TEMAC_CORE/RTL/TEMAC_CORE_aead6cd6dadd.v(6001)
HDL-1007 : back to file 'al_ip/TEMAC_CORE/RTL/TEMAC_CORE_aead6cd6dadd.v' in al_ip/TEMAC_CORE/RTL/TEMAC_CORE_aead6cd6dadd.v(260)
HDL-1007 : analyze verilog file al_ip/TEMAC_CORE/RTL/mac_core_aead6cd6dadd.v
HDL-1007 : analyze verilog file al_ip/TEMAC_CORE/TEMAC_CORE.v
HDL-1007 : analyze verilog file al_ip/pll_gen.v
HDL-1007 : undeclared symbol 'pll_gen_open0', assumed default net type 'wire' in al_ip/pll_gen.v(99)
HDL-1007 : undeclared symbol 'pll_gen_open8', assumed default net type 'wire' in al_ip/pll_gen.v(105)
HDL-1007 : undeclared symbol 'pll_gen_open7', assumed default net type 'wire' in al_ip/pll_gen.v(105)
HDL-1007 : undeclared symbol 'pll_gen_open6', assumed default net type 'wire' in al_ip/pll_gen.v(105)
HDL-1007 : undeclared symbol 'pll_gen_open5', assumed default net type 'wire' in al_ip/pll_gen.v(105)
HDL-1007 : undeclared symbol 'pll_gen_open4', assumed default net type 'wire' in al_ip/pll_gen.v(105)
HDL-1007 : undeclared symbol 'pll_gen_open3', assumed default net type 'wire' in al_ip/pll_gen.v(105)
HDL-1007 : undeclared symbol 'pll_gen_open2', assumed default net type 'wire' in al_ip/pll_gen.v(105)
HDL-1007 : undeclared symbol 'pll_gen_open1', assumed default net type 'wire' in al_ip/pll_gen.v(105)
HDL-1007 : analyze verilog file al_ip/sys_pll.v
HDL-1007 : undeclared symbol 'sys_pll_open0', assumed default net type 'wire' in al_ip/sys_pll.v(77)
HDL-1007 : undeclared symbol 'sys_pll_open1', assumed default net type 'wire' in al_ip/sys_pll.v(83)
HDL-1007 : undeclared symbol 'sys_pll_open9', assumed default net type 'wire' in al_ip/sys_pll.v(89)
HDL-1007 : undeclared symbol 'sys_pll_open8', assumed default net type 'wire' in al_ip/sys_pll.v(89)
HDL-1007 : undeclared symbol 'sys_pll_open7', assumed default net type 'wire' in al_ip/sys_pll.v(89)
HDL-1007 : undeclared symbol 'sys_pll_open6', assumed default net type 'wire' in al_ip/sys_pll.v(89)
HDL-1007 : undeclared symbol 'sys_pll_open5', assumed default net type 'wire' in al_ip/sys_pll.v(89)
HDL-1007 : undeclared symbol 'sys_pll_open4', assumed default net type 'wire' in al_ip/sys_pll.v(89)
HDL-1007 : undeclared symbol 'sys_pll_open3', assumed default net type 'wire' in al_ip/sys_pll.v(89)
HDL-1007 : undeclared symbol 'sys_pll_open2', assumed default net type 'wire' in al_ip/sys_pll.v(89)
HDL-1007 : undeclared symbol 'sys_pll_open11', assumed default net type 'wire' in al_ip/sys_pll.v(91)
HDL-1007 : undeclared symbol 'sys_pll_open10', assumed default net type 'wire' in al_ip/sys_pll.v(91)
HDL-1007 : analyze verilog file ../source_code/rtl/sd_card/ax_debounce.v
HDL-1007 : analyze verilog file ../source_code/rtl/sd_card/bmp_read.v
HDL-1007 : analyze verilog file ../source_code/rtl/sd_card/sd_card_bmp.v
HDL-1007 : analyze verilog file ../source_code/rtl/sd_card/sd_card_cmd.v
HDL-1007 : analyze verilog file ../source_code/rtl/sd_card/sd_card_sec_read_write.v
HDL-1007 : analyze verilog file ../source_code/rtl/sd_card/sd_card_top.v
HDL-1007 : analyze verilog file ../source_code/rtl/sd_card/spi_master.v
HDL-1007 : analyze verilog file ../source_code/rtl/sdram/enc_file/global_def.v
HDL-1007 : analyze verilog file ../source_code/rtl/sdram/enc_file/sdr_as_ram.enc.v
HDL-1007 : back to file '../source_code/rtl/sdram/enc_file/sdr_as_ram.enc.v' in ../source_code/rtl/sdram/enc_file/sdr_as_ram.enc.v(54)
HDL-1007 : analyze verilog file ../source_code/rtl/sdram/enc_file/sdr_wrrd.enc.v
HDL-5007 WARNING: concatenation with an unsized literal will be treated as 32 bits in ../source_code/rtl/sdram/enc_file/sdr_wrrd.enc.v(283)
HDL-1007 : back to file '../source_code/rtl/sdram/enc_file/sdr_wrrd.enc.v' in ../source_code/rtl/sdram/enc_file/sdr_wrrd.enc.v(19)
HDL-1007 : analyze verilog file ../source_code/rtl/frame_fifo/afifo_16_32_256.v
HDL-1007 : analyze verilog file ../source_code/rtl/frame_fifo/afifo_32_16_256.v
HDL-1007 : analyze verilog file ../source_code/rtl/frame_fifo/frame_fifo_read.v
HDL-1007 : analyze verilog file ../source_code/rtl/frame_fifo/frame_fifo_write.v
HDL-1007 : analyze verilog file ../source_code/rtl/frame_fifo/frame_read_write.v
HDL-1007 : analyze verilog file ../source_code/rtl/sdram/sdram.v
HDL-1007 : analyze included file ../source_code/rtl/sdram/enc_file/global_def.v in ../source_code/rtl/sdram/sdram.v(10)
HDL-1007 : back to file '../source_code/rtl/sdram/sdram.v' in ../source_code/rtl/sdram/sdram.v(10)
HDL-1007 : undeclared symbol 'SDR_CKE', assumed default net type 'wire' in ../source_code/rtl/sdram/sdram.v(89)
HDL-1007 : analyze verilog file ../source_code/rtl/sdram/enc_file/sdr_init_ref.enc.v
HDL-1007 : analyze included file ../source_code/rtl/sdram/enc_file/global_def.v in ../source_code/rtl/sdram/enc_file/sdr_init_ref.enc.v(11)
HDL-1007 : back to file '../source_code/rtl/sdram/enc_file/sdr_init_ref.enc.v' in ../source_code/rtl/sdram/enc_file/sdr_init_ref.enc.v(11)
HDL-1007 : undeclared symbol '**', assumed default net type '**' in ../source_code/rtl/sdram/enc_file/sdr_init_ref.enc.v(57)
HDL-1007 : back to file '../source_code/rtl/sdram/enc_file/sdr_init_ref.enc.v' in ../source_code/rtl/sdram/enc_file/sdr_init_ref.enc.v(149)
HDL-5007 WARNING: concatenation with an unsized literal will be treated as 32 bits in ../source_code/rtl/sdram/enc_file/sdr_init_ref.enc.v(47)
HDL-1007 : analyze verilog file ../source_code/rtl/video_timing/color_bar.v
HDL-1007 : analyze included file ../source_code/rtl/video_timing/video_define.v in ../source_code/rtl/video_timing/color_bar.v(2)
HDL-1007 : back to file '../source_code/rtl/video_timing/color_bar.v' in ../source_code/rtl/video_timing/color_bar.v(2)
HDL-1007 : analyze verilog file ../source_code/rtl/video_timing/video_delay.v
HDL-1007 : analyze verilog file ../source_code/rtl/video_timing/video_timing_data.v
HDL-1007 : analyze verilog file ../source_code/rtl/another/m_synchronization_header.v
HDL-1007 : analyze verilog file ../source_code/rtl/led.v
HDL-1007 : analyze verilog file ../source_code/rtl/ov5640/cmos_capture_data.v
HDL-1007 : analyze verilog file ../source_code/rtl/ov5640/i2c_dri.v
HDL-1007 : analyze verilog file ../source_code/rtl/ov5640/i2c_ov5640_rgb565_cfg.v
HDL-1007 : analyze verilog file ../source_code/rtl/ov5640/ov5640_delay.v
HDL-1007 : analyze verilog file ../source_code/rtl/ov5640/ov5640_dri.v
HDL-1007 : analyze verilog file al_ip/clk_wize.v
HDL-1007 : undeclared symbol 'open', assumed default net type 'wire' in al_ip/clk_wize.v(70)
HDL-1007 : analyze verilog file al_ip/ram.v
HDL-1007 : analyze verilog file ../source_code/rtl/app/addr_crt.v
HDL-1007 : analyze verilog file ../source_code/rtl/app/app.v
HDL-1007 : analyze verilog file ../source_code/rtl/app/vga_disp_rtl.v
HDL-1007 : analyze VHDL file ../source_code/rtl/hdmi_rtl/enc_file/DVITransmitter.enc.vhd
HDL-1007 : analyze entity dvitransmitter in ../source_code/rtl/hdmi_rtl/enc_file/DVITransmitter.enc.vhd(13)
HDL-1007 : analyze architecture ** in ../source_code/rtl/hdmi_rtl/enc_file/DVITransmitter.enc.vhd(2)
HDL-1007 : analyze VHDL file ../source_code/rtl/hdmi_rtl/enc_file/SerializerN_1_lvds.enc.vhd
HDL-1007 : analyze entity ** in ../source_code/rtl/hdmi_rtl/enc_file/SerializerN_1_lvds.enc.vhd(12)
HDL-1007 : analyze architecture ** in ../source_code/rtl/hdmi_rtl/enc_file/SerializerN_1_lvds.enc.vhd(25)
HDL-1007 : analyze VHDL file ../source_code/rtl/hdmi_rtl/enc_file/SerializerN_1_lvds_dat.enc.vhd
HDL-1007 : analyze entity ** in ../source_code/rtl/hdmi_rtl/enc_file/SerializerN_1_lvds_dat.enc.vhd(14)
HDL-1007 : analyze architecture ** in ../source_code/rtl/hdmi_rtl/enc_file/SerializerN_1_lvds_dat.enc.vhd(28)
HDL-1007 : analyze VHDL file ../source_code/rtl/hdmi_rtl/enc_file/TMDSEncoder.enc.vhd
HDL-1007 : analyze entity ** in ../source_code/rtl/hdmi_rtl/enc_file/TMDSEncoder.enc.vhd(13)
HDL-1007 : analyze architecture ** in ../source_code/rtl/hdmi_rtl/enc_file/TMDSEncoder.enc.vhd(24)
HDL-1007 : analyze verilog file ../source_code/rtl/hdmi_rtl/enc_file/video_tpg_1024768.enc.v
HDL-5007 WARNING: literal value ** truncated to fit in ** bits in ../source_code/rtl/hdmi_rtl/enc_file/video_tpg_1024768.enc.v(231)
HDL-1007 : back to file '../source_code/rtl/hdmi_rtl/enc_file/video_tpg_1024768.enc.v' in ../source_code/rtl/hdmi_rtl/enc_file/video_tpg_1024768.enc.v(1)
HDL-1007 : analyze verilog file ../source_code/rtl/hdmi_rtl/enc_file/video_tpg_1080p.enc.v
HDL-1007 : back to file '../source_code/rtl/hdmi_rtl/enc_file/video_tpg_1080p.enc.v' in ../source_code/rtl/hdmi_rtl/enc_file/video_tpg_1080p.enc.v(1)
HDL-1007 : analyze verilog file ../source_code/rtl/hdmi_rtl/enc_file/video_tpg_12801024p.enc.v
HDL-1007 : back to file '../source_code/rtl/hdmi_rtl/enc_file/video_tpg_12801024p.enc.v' in ../source_code/rtl/hdmi_rtl/enc_file/video_tpg_12801024p.enc.v(1)
HDL-1007 : analyze verilog file ../source_code/rtl/hdmi_rtl/enc_file/video_tpg_1280800.enc.v
HDL-5007 WARNING: literal value ** truncated to fit in ** bits in ../source_code/rtl/hdmi_rtl/enc_file/video_tpg_1280800.enc.v(233)
HDL-1007 : back to file '../source_code/rtl/hdmi_rtl/enc_file/video_tpg_1280800.enc.v' in ../source_code/rtl/hdmi_rtl/enc_file/video_tpg_1280800.enc.v(1)
HDL-1007 : analyze verilog file ../source_code/rtl/hdmi_rtl/enc_file/video_tpg_16801050p.enc.v
HDL-1007 : back to file '../source_code/rtl/hdmi_rtl/enc_file/video_tpg_16801050p.enc.v' in ../source_code/rtl/hdmi_rtl/enc_file/video_tpg_16801050p.enc.v(1)
HDL-1007 : analyze verilog file ../source_code/rtl/hdmi_rtl/enc_file/video_tpg_800600.enc.v
HDL-1007 : back to file '../source_code/rtl/hdmi_rtl/enc_file/video_tpg_800600.enc.v' in ../source_code/rtl/hdmi_rtl/enc_file/video_tpg_800600.enc.v(1)
HDL-1007 : analyze VHDL file ../source_code/rtl/hdmi_rtl/hdmi_tx.vhd
HDL-1007 : analyze entity hdmi_tx in ../source_code/rtl/hdmi_rtl/hdmi_tx.vhd(11)
HDL-1007 : analyze architecture behavioral in ../source_code/rtl/hdmi_rtl/hdmi_tx.vhd(33)
HDL-1007 : analyze verilog file ../source_code/rtl/hdmi_rtl/vga_disp_rtl.v
HDL-7201 CRITICAL-WARNING: overwrite current module 'vga_disp_rtl' in ../source_code/rtl/hdmi_rtl/vga_disp_rtl.v(1)
HDL-7307 CRITICAL-WARNING: previous definition of design element module 'vga_disp_rtl' is here. This is because multiple modules(values) with the same name are defined. Please consider rewriting code in ../source_code/rtl/app/vga_disp_rtl.v(1)
HDL-1007 : analyze verilog file ../source_code/rtl/another/fire_detect.v
HDL-1007 : analyze verilog file ../source_code/rtl/another/intrusion_detect.v
RUN-1002 : start command "commit_param -step design"
RUN-1001 : Print Global Property
RUN-1001 : --------------------------------------------------------
RUN-1001 :   Parameters   |  Settings  |  Default Values  |  Note  
RUN-1001 : --------------------------------------------------------
RUN-1001 :   enable_seed  |    off     |       off        |        
RUN-1001 :     message    |  standard  |     standard     |        
RUN-1001 :   qor_monitor  |     on     |        on        |        
RUN-1001 :   syn_ip_flow  |    off     |       off        |        
RUN-1001 :     thread     |    auto    |       auto       |        
RUN-1001 : --------------------------------------------------------
RUN-1001 : Print Design Property
RUN-1001 : ----------------------------------------------------------------
RUN-1001 :       Parameters       |  Settings  |  Default Values  |  Note  
RUN-1001 : ----------------------------------------------------------------
RUN-1001 :   default_reg_initial  |    auto    |       auto       |        
RUN-1001 :    hdl_warning_level   |   normal   |      normal      |        
RUN-1001 : ----------------------------------------------------------------
HDL-1007 : analyze verilog file last_attempt.v
HDL-1007 : undeclared symbol 'phy_reset', assumed default net type 'wire' in last_attempt.v(167)
HDL-1007 : undeclared symbol 'VGA_HSYNC', assumed default net type 'wire' in last_attempt.v(335)
HDL-1007 : undeclared symbol 'VGA_VSYNC', assumed default net type 'wire' in last_attempt.v(336)
HDL-1007 : undeclared symbol 'rd_en', assumed default net type 'wire' in last_attempt.v(338)
HDL-1007 : undeclared symbol 'tpg_data_done', assumed default net type 'wire' in last_attempt.v(784)
HDL-1007 : undeclared symbol 'full_flag', assumed default net type 'wire' in last_attempt.v(818)
HDL-1007 : undeclared symbol 'input_local_udp_port_num', assumed default net type 'wire' in last_attempt.v(849)
HDL-1007 : undeclared symbol 'input_local_udp_port_num_valid', assumed default net type 'wire' in last_attempt.v(850)
HDL-1007 : undeclared symbol 'input_local_ip_address_valid', assumed default net type 'wire' in last_attempt.v(853)
HDL-1007 : analyze verilog file ../source_code/rtl/udp/BUFGMUX.v
HDL-1007 : analyze verilog file ../source_code/rtl/udp/IDDR.v
HDL-1007 : analyze verilog file ../source_code/rtl/udp/ODDR.v
HDL-1007 : analyze verilog file ../source_code/rtl/udp/RAMB16_S9_S9.v
HDL-1007 : undeclared symbol 'open', assumed default net type 'wire' in ../source_code/rtl/udp/RAMB16_S9_S9.v(109)
HDL-1007 : analyze verilog file ../source_code/rtl/udp/clk_gen_rst_gen.v
HDL-1007 : analyze verilog file ../source_code/rtl/udp/div_clk_gen.v
HDL-1007 : analyze verilog file ../source_code/rtl/udp/rgmii_interface.v
HDL-1007 : analyze verilog file ../source_code/rtl/udp/rx_client_fifo.v
HDL-5370 WARNING: parameter 'WAIT_s' becomes localparam in 'rx_client_fifo' with formal parameter declaration list in ../source_code/rtl/udp/rx_client_fifo.v(49)
HDL-5370 WARNING: parameter 'QUEUE1_s' becomes localparam in 'rx_client_fifo' with formal parameter declaration list in ../source_code/rtl/udp/rx_client_fifo.v(50)
HDL-5370 WARNING: parameter 'QUEUE2_s' becomes localparam in 'rx_client_fifo' with formal parameter declaration list in ../source_code/rtl/udp/rx_client_fifo.v(51)
HDL-5370 WARNING: parameter 'QUEUE3_s' becomes localparam in 'rx_client_fifo' with formal parameter declaration list in ../source_code/rtl/udp/rx_client_fifo.v(52)
HDL-5370 WARNING: parameter 'QUEUE_SOF_s' becomes localparam in 'rx_client_fifo' with formal parameter declaration list in ../source_code/rtl/udp/rx_client_fifo.v(53)
HDL-5370 WARNING: parameter 'SOF_s' becomes localparam in 'rx_client_fifo' with formal parameter declaration list in ../source_code/rtl/udp/rx_client_fifo.v(54)
HDL-5370 WARNING: parameter 'DATA_s' becomes localparam in 'rx_client_fifo' with formal parameter declaration list in ../source_code/rtl/udp/rx_client_fifo.v(55)
HDL-5370 WARNING: parameter 'EOF_s' becomes localparam in 'rx_client_fifo' with formal parameter declaration list in ../source_code/rtl/udp/rx_client_fifo.v(56)
HDL-5370 WARNING: parameter 'IDLE_s' becomes localparam in 'rx_client_fifo' with formal parameter declaration list in ../source_code/rtl/udp/rx_client_fifo.v(62)
HDL-5370 WARNING: parameter 'FRAME_s' becomes localparam in 'rx_client_fifo' with formal parameter declaration list in ../source_code/rtl/udp/rx_client_fifo.v(63)
HDL-5370 Similar messages will be suppressed.
HDL-1007 : analyze verilog file ../source_code/rtl/udp/temac_block.v
HDL-1007 : analyze verilog file ../source_code/rtl/udp/temac_clk_gen.v
HDL-1007 : analyze verilog file ../source_code/rtl/udp/tx_client_fifo.v
HDL-5370 WARNING: parameter 'IDLE_s' becomes localparam in 'tx_client_fifo' with formal parameter declaration list in ../source_code/rtl/udp/tx_client_fifo.v(53)
HDL-5370 WARNING: parameter 'QUEUE1_s' becomes localparam in 'tx_client_fifo' with formal parameter declaration list in ../source_code/rtl/udp/tx_client_fifo.v(54)
HDL-5370 WARNING: parameter 'QUEUE2_s' becomes localparam in 'tx_client_fifo' with formal parameter declaration list in ../source_code/rtl/udp/tx_client_fifo.v(55)
HDL-5370 WARNING: parameter 'QUEUE3_s' becomes localparam in 'tx_client_fifo' with formal parameter declaration list in ../source_code/rtl/udp/tx_client_fifo.v(56)
HDL-5370 WARNING: parameter 'QUEUE_ACK_s' becomes localparam in 'tx_client_fifo' with formal parameter declaration list in ../source_code/rtl/udp/tx_client_fifo.v(57)
HDL-5370 WARNING: parameter 'WAIT_ACK_s' becomes localparam in 'tx_client_fifo' with formal parameter declaration list in ../source_code/rtl/udp/tx_client_fifo.v(58)
HDL-5370 WARNING: parameter 'FRAME_s' becomes localparam in 'tx_client_fifo' with formal parameter declaration list in ../source_code/rtl/udp/tx_client_fifo.v(59)
HDL-5370 WARNING: parameter 'DROP_s' becomes localparam in 'tx_client_fifo' with formal parameter declaration list in ../source_code/rtl/udp/tx_client_fifo.v(60)
HDL-5370 WARNING: parameter 'RETRANSMIT_s' becomes localparam in 'tx_client_fifo' with formal parameter declaration list in ../source_code/rtl/udp/tx_client_fifo.v(61)
HDL-5370 WARNING: parameter 'WAIT_s' becomes localparam in 'tx_client_fifo' with formal parameter declaration list in ../source_code/rtl/udp/tx_client_fifo.v(67)
HDL-5370 Similar messages will be suppressed.
HDL-1007 : analyze verilog file ../source_code/rtl/udp/tx_clk_en_gen.v
HDL-1007 : analyze verilog file ../source_code/rtl/udp/udp_data_tpg.v
HDL-1007 : analyze verilog file ../source_code/rtl/udp/udp_ip_protocol_stack_merge.enc.v
HDL-1007 : back to file '../source_code/rtl/udp/udp_ip_protocol_stack_merge.enc.v' in ../source_code/rtl/udp/udp_ip_protocol_stack_merge.enc.v(56)
HDL-1007 : undeclared symbol '**', assumed default net type '**' in ../source_code/rtl/udp/udp_ip_protocol_stack_merge.enc.v(2638)
HDL-1007 : back to file '../source_code/rtl/udp/udp_ip_protocol_stack_merge.enc.v' in ../source_code/rtl/udp/udp_ip_protocol_stack_merge.enc.v(420)
HDL-1007 : analyze verilog file ../source_code/rtl/udp/udp_loopback.v
HDL-1007 : analyze verilog file al_ip/TEMAC_CORE/RTL/include/define.v
HDL-1007 : analyze verilog file al_ip/TEMAC_CORE/RTL/TEMAC_CORE_aead6cd6dadd.v
HDL-5007 WARNING: column 1032 exceeds maximum value 1023 in al_ip/TEMAC_CORE/RTL/TEMAC_CORE_aead6cd6dadd.v(30)
HDL-1007 : back to file 'al_ip/TEMAC_CORE/RTL/TEMAC_CORE_aead6cd6dadd.v' in al_ip/TEMAC_CORE/RTL/TEMAC_CORE_aead6cd6dadd.v(86)
HDL-5007 WARNING: event expressions must result in a singular type in al_ip/TEMAC_CORE/RTL/TEMAC_CORE_aead6cd6dadd.v(3001)
HDL-1007 : undeclared symbol '**', assumed default net type '**' in al_ip/TEMAC_CORE/RTL/TEMAC_CORE_aead6cd6dadd.v(5050)
HDL-1007 : undeclared symbol '**', assumed default net type '**' in al_ip/TEMAC_CORE/RTL/TEMAC_CORE_aead6cd6dadd.v(5458)
HDL-5007 WARNING: column 1035 exceeds maximum value 1023 in al_ip/TEMAC_CORE/RTL/TEMAC_CORE_aead6cd6dadd.v(6001)
HDL-1007 : back to file 'al_ip/TEMAC_CORE/RTL/TEMAC_CORE_aead6cd6dadd.v' in al_ip/TEMAC_CORE/RTL/TEMAC_CORE_aead6cd6dadd.v(260)
HDL-1007 : analyze verilog file al_ip/TEMAC_CORE/RTL/mac_core_aead6cd6dadd.v
HDL-1007 : analyze verilog file al_ip/TEMAC_CORE/TEMAC_CORE.v
HDL-1007 : analyze verilog file al_ip/pll_gen.v
HDL-1007 : undeclared symbol 'pll_gen_open0', assumed default net type 'wire' in al_ip/pll_gen.v(99)
HDL-1007 : undeclared symbol 'pll_gen_open8', assumed default net type 'wire' in al_ip/pll_gen.v(105)
HDL-1007 : undeclared symbol 'pll_gen_open7', assumed default net type 'wire' in al_ip/pll_gen.v(105)
HDL-1007 : undeclared symbol 'pll_gen_open6', assumed default net type 'wire' in al_ip/pll_gen.v(105)
HDL-1007 : undeclared symbol 'pll_gen_open5', assumed default net type 'wire' in al_ip/pll_gen.v(105)
HDL-1007 : undeclared symbol 'pll_gen_open4', assumed default net type 'wire' in al_ip/pll_gen.v(105)
HDL-1007 : undeclared symbol 'pll_gen_open3', assumed default net type 'wire' in al_ip/pll_gen.v(105)
HDL-1007 : undeclared symbol 'pll_gen_open2', assumed default net type 'wire' in al_ip/pll_gen.v(105)
HDL-1007 : undeclared symbol 'pll_gen_open1', assumed default net type 'wire' in al_ip/pll_gen.v(105)
HDL-1007 : analyze verilog file al_ip/sys_pll.v
HDL-1007 : undeclared symbol 'sys_pll_open0', assumed default net type 'wire' in al_ip/sys_pll.v(77)
HDL-1007 : undeclared symbol 'sys_pll_open1', assumed default net type 'wire' in al_ip/sys_pll.v(83)
HDL-1007 : undeclared symbol 'sys_pll_open9', assumed default net type 'wire' in al_ip/sys_pll.v(89)
HDL-1007 : undeclared symbol 'sys_pll_open8', assumed default net type 'wire' in al_ip/sys_pll.v(89)
HDL-1007 : undeclared symbol 'sys_pll_open7', assumed default net type 'wire' in al_ip/sys_pll.v(89)
HDL-1007 : undeclared symbol 'sys_pll_open6', assumed default net type 'wire' in al_ip/sys_pll.v(89)
HDL-1007 : undeclared symbol 'sys_pll_open5', assumed default net type 'wire' in al_ip/sys_pll.v(89)
HDL-1007 : undeclared symbol 'sys_pll_open4', assumed default net type 'wire' in al_ip/sys_pll.v(89)
HDL-1007 : undeclared symbol 'sys_pll_open3', assumed default net type 'wire' in al_ip/sys_pll.v(89)
HDL-1007 : undeclared symbol 'sys_pll_open2', assumed default net type 'wire' in al_ip/sys_pll.v(89)
HDL-1007 : undeclared symbol 'sys_pll_open11', assumed default net type 'wire' in al_ip/sys_pll.v(91)
HDL-1007 : undeclared symbol 'sys_pll_open10', assumed default net type 'wire' in al_ip/sys_pll.v(91)
HDL-1007 : analyze verilog file ../source_code/rtl/sd_card/ax_debounce.v
HDL-1007 : analyze verilog file ../source_code/rtl/sd_card/bmp_read.v
HDL-1007 : analyze verilog file ../source_code/rtl/sd_card/sd_card_bmp.v
HDL-1007 : analyze verilog file ../source_code/rtl/sd_card/sd_card_cmd.v
HDL-1007 : analyze verilog file ../source_code/rtl/sd_card/sd_card_sec_read_write.v
HDL-1007 : analyze verilog file ../source_code/rtl/sd_card/sd_card_top.v
HDL-1007 : analyze verilog file ../source_code/rtl/sd_card/spi_master.v
HDL-1007 : analyze verilog file ../source_code/rtl/sdram/enc_file/global_def.v
HDL-1007 : analyze verilog file ../source_code/rtl/sdram/enc_file/sdr_as_ram.enc.v
HDL-1007 : back to file '../source_code/rtl/sdram/enc_file/sdr_as_ram.enc.v' in ../source_code/rtl/sdram/enc_file/sdr_as_ram.enc.v(54)
HDL-1007 : analyze verilog file ../source_code/rtl/sdram/enc_file/sdr_wrrd.enc.v
HDL-5007 WARNING: concatenation with an unsized literal will be treated as 32 bits in ../source_code/rtl/sdram/enc_file/sdr_wrrd.enc.v(283)
HDL-1007 : back to file '../source_code/rtl/sdram/enc_file/sdr_wrrd.enc.v' in ../source_code/rtl/sdram/enc_file/sdr_wrrd.enc.v(19)
HDL-1007 : analyze verilog file ../source_code/rtl/frame_fifo/afifo_16_32_256.v
HDL-1007 : analyze verilog file ../source_code/rtl/frame_fifo/afifo_32_16_256.v
HDL-1007 : analyze verilog file ../source_code/rtl/frame_fifo/frame_fifo_read.v
HDL-1007 : analyze verilog file ../source_code/rtl/frame_fifo/frame_fifo_write.v
HDL-1007 : analyze verilog file ../source_code/rtl/frame_fifo/frame_read_write.v
HDL-1007 : analyze verilog file ../source_code/rtl/sdram/sdram.v
HDL-1007 : analyze included file ../source_code/rtl/sdram/enc_file/global_def.v in ../source_code/rtl/sdram/sdram.v(10)
HDL-1007 : back to file '../source_code/rtl/sdram/sdram.v' in ../source_code/rtl/sdram/sdram.v(10)
HDL-1007 : undeclared symbol 'SDR_CKE', assumed default net type 'wire' in ../source_code/rtl/sdram/sdram.v(89)
HDL-1007 : analyze verilog file ../source_code/rtl/sdram/enc_file/sdr_init_ref.enc.v
HDL-1007 : analyze included file ../source_code/rtl/sdram/enc_file/global_def.v in ../source_code/rtl/sdram/enc_file/sdr_init_ref.enc.v(11)
HDL-1007 : back to file '../source_code/rtl/sdram/enc_file/sdr_init_ref.enc.v' in ../source_code/rtl/sdram/enc_file/sdr_init_ref.enc.v(11)
HDL-1007 : undeclared symbol '**', assumed default net type '**' in ../source_code/rtl/sdram/enc_file/sdr_init_ref.enc.v(57)
HDL-1007 : back to file '../source_code/rtl/sdram/enc_file/sdr_init_ref.enc.v' in ../source_code/rtl/sdram/enc_file/sdr_init_ref.enc.v(149)
HDL-5007 WARNING: concatenation with an unsized literal will be treated as 32 bits in ../source_code/rtl/sdram/enc_file/sdr_init_ref.enc.v(47)
HDL-1007 : analyze verilog file ../source_code/rtl/video_timing/color_bar.v
HDL-1007 : analyze included file ../source_code/rtl/video_timing/video_define.v in ../source_code/rtl/video_timing/color_bar.v(2)
HDL-1007 : back to file '../source_code/rtl/video_timing/color_bar.v' in ../source_code/rtl/video_timing/color_bar.v(2)
HDL-1007 : analyze verilog file ../source_code/rtl/video_timing/video_delay.v
HDL-1007 : analyze verilog file ../source_code/rtl/video_timing/video_timing_data.v
HDL-1007 : analyze verilog file ../source_code/rtl/another/m_synchronization_header.v
HDL-1007 : analyze verilog file ../source_code/rtl/led.v
HDL-1007 : analyze verilog file ../source_code/rtl/ov5640/cmos_capture_data.v
HDL-1007 : analyze verilog file ../source_code/rtl/ov5640/i2c_dri.v
HDL-1007 : analyze verilog file ../source_code/rtl/ov5640/i2c_ov5640_rgb565_cfg.v
HDL-1007 : analyze verilog file ../source_code/rtl/ov5640/ov5640_delay.v
HDL-1007 : analyze verilog file ../source_code/rtl/ov5640/ov5640_dri.v
HDL-1007 : analyze verilog file al_ip/clk_wize.v
HDL-1007 : undeclared symbol 'open', assumed default net type 'wire' in al_ip/clk_wize.v(70)
HDL-1007 : analyze verilog file al_ip/ram.v
HDL-1007 : analyze verilog file ../source_code/rtl/app/addr_crt.v
HDL-1007 : analyze verilog file ../source_code/rtl/app/app.v
HDL-1007 : analyze verilog file ../source_code/rtl/app/vga_disp_rtl.v
HDL-1007 : analyze VHDL file ../source_code/rtl/hdmi_rtl/enc_file/DVITransmitter.enc.vhd
HDL-1007 : analyze entity dvitransmitter in ../source_code/rtl/hdmi_rtl/enc_file/DVITransmitter.enc.vhd(13)
HDL-1007 : analyze architecture ** in ../source_code/rtl/hdmi_rtl/enc_file/DVITransmitter.enc.vhd(2)
HDL-1007 : analyze VHDL file ../source_code/rtl/hdmi_rtl/enc_file/SerializerN_1_lvds.enc.vhd
HDL-1007 : analyze entity ** in ../source_code/rtl/hdmi_rtl/enc_file/SerializerN_1_lvds.enc.vhd(12)
HDL-1007 : analyze architecture ** in ../source_code/rtl/hdmi_rtl/enc_file/SerializerN_1_lvds.enc.vhd(25)
HDL-1007 : analyze VHDL file ../source_code/rtl/hdmi_rtl/enc_file/SerializerN_1_lvds_dat.enc.vhd
HDL-1007 : analyze entity ** in ../source_code/rtl/hdmi_rtl/enc_file/SerializerN_1_lvds_dat.enc.vhd(14)
HDL-1007 : analyze architecture ** in ../source_code/rtl/hdmi_rtl/enc_file/SerializerN_1_lvds_dat.enc.vhd(28)
HDL-1007 : analyze VHDL file ../source_code/rtl/hdmi_rtl/enc_file/TMDSEncoder.enc.vhd
HDL-1007 : analyze entity ** in ../source_code/rtl/hdmi_rtl/enc_file/TMDSEncoder.enc.vhd(13)
HDL-1007 : analyze architecture ** in ../source_code/rtl/hdmi_rtl/enc_file/TMDSEncoder.enc.vhd(24)
HDL-1007 : analyze verilog file ../source_code/rtl/hdmi_rtl/enc_file/video_tpg_1024768.enc.v
HDL-5007 WARNING: literal value ** truncated to fit in ** bits in ../source_code/rtl/hdmi_rtl/enc_file/video_tpg_1024768.enc.v(231)
HDL-1007 : back to file '../source_code/rtl/hdmi_rtl/enc_file/video_tpg_1024768.enc.v' in ../source_code/rtl/hdmi_rtl/enc_file/video_tpg_1024768.enc.v(1)
HDL-1007 : analyze verilog file ../source_code/rtl/hdmi_rtl/enc_file/video_tpg_1080p.enc.v
HDL-1007 : back to file '../source_code/rtl/hdmi_rtl/enc_file/video_tpg_1080p.enc.v' in ../source_code/rtl/hdmi_rtl/enc_file/video_tpg_1080p.enc.v(1)
HDL-1007 : analyze verilog file ../source_code/rtl/hdmi_rtl/enc_file/video_tpg_12801024p.enc.v
HDL-1007 : back to file '../source_code/rtl/hdmi_rtl/enc_file/video_tpg_12801024p.enc.v' in ../source_code/rtl/hdmi_rtl/enc_file/video_tpg_12801024p.enc.v(1)
HDL-1007 : analyze verilog file ../source_code/rtl/hdmi_rtl/enc_file/video_tpg_1280800.enc.v
HDL-5007 WARNING: literal value ** truncated to fit in ** bits in ../source_code/rtl/hdmi_rtl/enc_file/video_tpg_1280800.enc.v(233)
HDL-1007 : back to file '../source_code/rtl/hdmi_rtl/enc_file/video_tpg_1280800.enc.v' in ../source_code/rtl/hdmi_rtl/enc_file/video_tpg_1280800.enc.v(1)
HDL-1007 : analyze verilog file ../source_code/rtl/hdmi_rtl/enc_file/video_tpg_16801050p.enc.v
HDL-1007 : back to file '../source_code/rtl/hdmi_rtl/enc_file/video_tpg_16801050p.enc.v' in ../source_code/rtl/hdmi_rtl/enc_file/video_tpg_16801050p.enc.v(1)
HDL-1007 : analyze verilog file ../source_code/rtl/hdmi_rtl/enc_file/video_tpg_800600.enc.v
HDL-1007 : back to file '../source_code/rtl/hdmi_rtl/enc_file/video_tpg_800600.enc.v' in ../source_code/rtl/hdmi_rtl/enc_file/video_tpg_800600.enc.v(1)
HDL-1007 : analyze VHDL file ../source_code/rtl/hdmi_rtl/hdmi_tx.vhd
HDL-1007 : analyze entity hdmi_tx in ../source_code/rtl/hdmi_rtl/hdmi_tx.vhd(11)
HDL-1007 : analyze architecture behavioral in ../source_code/rtl/hdmi_rtl/hdmi_tx.vhd(33)
HDL-1007 : analyze verilog file ../source_code/rtl/hdmi_rtl/vga_disp_rtl.v
HDL-7201 CRITICAL-WARNING: overwrite current module 'vga_disp_rtl' in ../source_code/rtl/hdmi_rtl/vga_disp_rtl.v(1)
HDL-7307 CRITICAL-WARNING: previous definition of design element module 'vga_disp_rtl' is here. This is because multiple modules(values) with the same name are defined. Please consider rewriting code in ../source_code/rtl/app/vga_disp_rtl.v(1)
HDL-1007 : analyze verilog file ../source_code/rtl/another/fire_detect.v
HDL-1007 : analyze verilog file ../source_code/rtl/another/intrusion_detect.v
RUN-1002 : start command "commit_param -step design"
RUN-1001 : Print Global Property
RUN-1001 : --------------------------------------------------------
RUN-1001 :   Parameters   |  Settings  |  Default Values  |  Note  
RUN-1001 : --------------------------------------------------------
RUN-1001 :   enable_seed  |    off     |       off        |        
RUN-1001 :     message    |  standard  |     standard     |        
RUN-1001 :   qor_monitor  |     on     |        on        |        
RUN-1001 :   syn_ip_flow  |    off     |       off        |        
RUN-1001 :     thread     |    auto    |       auto       |        
RUN-1001 : --------------------------------------------------------
RUN-1001 : Print Design Property
RUN-1001 : ----------------------------------------------------------------
RUN-1001 :       Parameters       |  Settings  |  Default Values  |  Note  
RUN-1001 : ----------------------------------------------------------------
RUN-1001 :   default_reg_initial  |    auto    |       auto       |        
RUN-1001 :    hdl_warning_level   |   normal   |      normal      |        
RUN-1001 : ----------------------------------------------------------------
HDL-1007 : analyze verilog file last_attempt.v
HDL-1007 : undeclared symbol 'phy_reset', assumed default net type 'wire' in last_attempt.v(167)
HDL-1007 : undeclared symbol 'VGA_HSYNC', assumed default net type 'wire' in last_attempt.v(335)
HDL-1007 : undeclared symbol 'VGA_VSYNC', assumed default net type 'wire' in last_attempt.v(336)
HDL-1007 : undeclared symbol 'rd_en', assumed default net type 'wire' in last_attempt.v(338)
HDL-1007 : undeclared symbol 'tpg_data_done', assumed default net type 'wire' in last_attempt.v(784)
HDL-1007 : undeclared symbol 'full_flag', assumed default net type 'wire' in last_attempt.v(818)
HDL-1007 : undeclared symbol 'input_local_udp_port_num', assumed default net type 'wire' in last_attempt.v(849)
HDL-1007 : undeclared symbol 'input_local_udp_port_num_valid', assumed default net type 'wire' in last_attempt.v(850)
HDL-1007 : undeclared symbol 'input_local_ip_address_valid', assumed default net type 'wire' in last_attempt.v(853)
HDL-1007 : analyze verilog file ../source_code/rtl/udp/BUFGMUX.v
HDL-1007 : analyze verilog file ../source_code/rtl/udp/IDDR.v
HDL-1007 : analyze verilog file ../source_code/rtl/udp/ODDR.v
HDL-1007 : analyze verilog file ../source_code/rtl/udp/RAMB16_S9_S9.v
HDL-1007 : undeclared symbol 'open', assumed default net type 'wire' in ../source_code/rtl/udp/RAMB16_S9_S9.v(109)
HDL-1007 : analyze verilog file ../source_code/rtl/udp/clk_gen_rst_gen.v
HDL-1007 : analyze verilog file ../source_code/rtl/udp/div_clk_gen.v
HDL-1007 : analyze verilog file ../source_code/rtl/udp/rgmii_interface.v
HDL-1007 : analyze verilog file ../source_code/rtl/udp/rx_client_fifo.v
HDL-5370 WARNING: parameter 'WAIT_s' becomes localparam in 'rx_client_fifo' with formal parameter declaration list in ../source_code/rtl/udp/rx_client_fifo.v(49)
HDL-5370 WARNING: parameter 'QUEUE1_s' becomes localparam in 'rx_client_fifo' with formal parameter declaration list in ../source_code/rtl/udp/rx_client_fifo.v(50)
HDL-5370 WARNING: parameter 'QUEUE2_s' becomes localparam in 'rx_client_fifo' with formal parameter declaration list in ../source_code/rtl/udp/rx_client_fifo.v(51)
HDL-5370 WARNING: parameter 'QUEUE3_s' becomes localparam in 'rx_client_fifo' with formal parameter declaration list in ../source_code/rtl/udp/rx_client_fifo.v(52)
HDL-5370 WARNING: parameter 'QUEUE_SOF_s' becomes localparam in 'rx_client_fifo' with formal parameter declaration list in ../source_code/rtl/udp/rx_client_fifo.v(53)
HDL-5370 WARNING: parameter 'SOF_s' becomes localparam in 'rx_client_fifo' with formal parameter declaration list in ../source_code/rtl/udp/rx_client_fifo.v(54)
HDL-5370 WARNING: parameter 'DATA_s' becomes localparam in 'rx_client_fifo' with formal parameter declaration list in ../source_code/rtl/udp/rx_client_fifo.v(55)
HDL-5370 WARNING: parameter 'EOF_s' becomes localparam in 'rx_client_fifo' with formal parameter declaration list in ../source_code/rtl/udp/rx_client_fifo.v(56)
HDL-5370 WARNING: parameter 'IDLE_s' becomes localparam in 'rx_client_fifo' with formal parameter declaration list in ../source_code/rtl/udp/rx_client_fifo.v(62)
HDL-5370 WARNING: parameter 'FRAME_s' becomes localparam in 'rx_client_fifo' with formal parameter declaration list in ../source_code/rtl/udp/rx_client_fifo.v(63)
HDL-5370 Similar messages will be suppressed.
HDL-1007 : analyze verilog file ../source_code/rtl/udp/temac_block.v
HDL-1007 : analyze verilog file ../source_code/rtl/udp/temac_clk_gen.v
HDL-1007 : analyze verilog file ../source_code/rtl/udp/tx_client_fifo.v
HDL-5370 WARNING: parameter 'IDLE_s' becomes localparam in 'tx_client_fifo' with formal parameter declaration list in ../source_code/rtl/udp/tx_client_fifo.v(53)
HDL-5370 WARNING: parameter 'QUEUE1_s' becomes localparam in 'tx_client_fifo' with formal parameter declaration list in ../source_code/rtl/udp/tx_client_fifo.v(54)
HDL-5370 WARNING: parameter 'QUEUE2_s' becomes localparam in 'tx_client_fifo' with formal parameter declaration list in ../source_code/rtl/udp/tx_client_fifo.v(55)
HDL-5370 WARNING: parameter 'QUEUE3_s' becomes localparam in 'tx_client_fifo' with formal parameter declaration list in ../source_code/rtl/udp/tx_client_fifo.v(56)
HDL-5370 WARNING: parameter 'QUEUE_ACK_s' becomes localparam in 'tx_client_fifo' with formal parameter declaration list in ../source_code/rtl/udp/tx_client_fifo.v(57)
HDL-5370 WARNING: parameter 'WAIT_ACK_s' becomes localparam in 'tx_client_fifo' with formal parameter declaration list in ../source_code/rtl/udp/tx_client_fifo.v(58)
HDL-5370 WARNING: parameter 'FRAME_s' becomes localparam in 'tx_client_fifo' with formal parameter declaration list in ../source_code/rtl/udp/tx_client_fifo.v(59)
HDL-5370 WARNING: parameter 'DROP_s' becomes localparam in 'tx_client_fifo' with formal parameter declaration list in ../source_code/rtl/udp/tx_client_fifo.v(60)
HDL-5370 WARNING: parameter 'RETRANSMIT_s' becomes localparam in 'tx_client_fifo' with formal parameter declaration list in ../source_code/rtl/udp/tx_client_fifo.v(61)
HDL-5370 WARNING: parameter 'WAIT_s' becomes localparam in 'tx_client_fifo' with formal parameter declaration list in ../source_code/rtl/udp/tx_client_fifo.v(67)
HDL-5370 Similar messages will be suppressed.
HDL-1007 : analyze verilog file ../source_code/rtl/udp/tx_clk_en_gen.v
HDL-1007 : analyze verilog file ../source_code/rtl/udp/udp_data_tpg.v
HDL-1007 : analyze verilog file ../source_code/rtl/udp/udp_ip_protocol_stack_merge.enc.v
HDL-1007 : back to file '../source_code/rtl/udp/udp_ip_protocol_stack_merge.enc.v' in ../source_code/rtl/udp/udp_ip_protocol_stack_merge.enc.v(56)
HDL-1007 : undeclared symbol '**', assumed default net type '**' in ../source_code/rtl/udp/udp_ip_protocol_stack_merge.enc.v(2638)
HDL-1007 : back to file '../source_code/rtl/udp/udp_ip_protocol_stack_merge.enc.v' in ../source_code/rtl/udp/udp_ip_protocol_stack_merge.enc.v(420)
HDL-1007 : analyze verilog file ../source_code/rtl/udp/udp_loopback.v
HDL-1007 : analyze verilog file al_ip/TEMAC_CORE/RTL/include/define.v
HDL-1007 : analyze verilog file al_ip/TEMAC_CORE/RTL/TEMAC_CORE_aead6cd6dadd.v
HDL-5007 WARNING: column 1032 exceeds maximum value 1023 in al_ip/TEMAC_CORE/RTL/TEMAC_CORE_aead6cd6dadd.v(30)
HDL-1007 : back to file 'al_ip/TEMAC_CORE/RTL/TEMAC_CORE_aead6cd6dadd.v' in al_ip/TEMAC_CORE/RTL/TEMAC_CORE_aead6cd6dadd.v(86)
HDL-5007 WARNING: event expressions must result in a singular type in al_ip/TEMAC_CORE/RTL/TEMAC_CORE_aead6cd6dadd.v(3001)
HDL-1007 : undeclared symbol '**', assumed default net type '**' in al_ip/TEMAC_CORE/RTL/TEMAC_CORE_aead6cd6dadd.v(5050)
HDL-1007 : undeclared symbol '**', assumed default net type '**' in al_ip/TEMAC_CORE/RTL/TEMAC_CORE_aead6cd6dadd.v(5458)
HDL-5007 WARNING: column 1035 exceeds maximum value 1023 in al_ip/TEMAC_CORE/RTL/TEMAC_CORE_aead6cd6dadd.v(6001)
HDL-1007 : back to file 'al_ip/TEMAC_CORE/RTL/TEMAC_CORE_aead6cd6dadd.v' in al_ip/TEMAC_CORE/RTL/TEMAC_CORE_aead6cd6dadd.v(260)
HDL-1007 : analyze verilog file al_ip/TEMAC_CORE/RTL/mac_core_aead6cd6dadd.v
HDL-1007 : analyze verilog file al_ip/TEMAC_CORE/TEMAC_CORE.v
HDL-1007 : analyze verilog file al_ip/pll_gen.v
HDL-1007 : undeclared symbol 'pll_gen_open0', assumed default net type 'wire' in al_ip/pll_gen.v(99)
HDL-1007 : undeclared symbol 'pll_gen_open8', assumed default net type 'wire' in al_ip/pll_gen.v(105)
HDL-1007 : undeclared symbol 'pll_gen_open7', assumed default net type 'wire' in al_ip/pll_gen.v(105)
HDL-1007 : undeclared symbol 'pll_gen_open6', assumed default net type 'wire' in al_ip/pll_gen.v(105)
HDL-1007 : undeclared symbol 'pll_gen_open5', assumed default net type 'wire' in al_ip/pll_gen.v(105)
HDL-1007 : undeclared symbol 'pll_gen_open4', assumed default net type 'wire' in al_ip/pll_gen.v(105)
HDL-1007 : undeclared symbol 'pll_gen_open3', assumed default net type 'wire' in al_ip/pll_gen.v(105)
HDL-1007 : undeclared symbol 'pll_gen_open2', assumed default net type 'wire' in al_ip/pll_gen.v(105)
HDL-1007 : undeclared symbol 'pll_gen_open1', assumed default net type 'wire' in al_ip/pll_gen.v(105)
HDL-1007 : analyze verilog file al_ip/sys_pll.v
HDL-1007 : undeclared symbol 'sys_pll_open0', assumed default net type 'wire' in al_ip/sys_pll.v(77)
HDL-1007 : undeclared symbol 'sys_pll_open1', assumed default net type 'wire' in al_ip/sys_pll.v(83)
HDL-1007 : undeclared symbol 'sys_pll_open9', assumed default net type 'wire' in al_ip/sys_pll.v(89)
HDL-1007 : undeclared symbol 'sys_pll_open8', assumed default net type 'wire' in al_ip/sys_pll.v(89)
HDL-1007 : undeclared symbol 'sys_pll_open7', assumed default net type 'wire' in al_ip/sys_pll.v(89)
HDL-1007 : undeclared symbol 'sys_pll_open6', assumed default net type 'wire' in al_ip/sys_pll.v(89)
HDL-1007 : undeclared symbol 'sys_pll_open5', assumed default net type 'wire' in al_ip/sys_pll.v(89)
HDL-1007 : undeclared symbol 'sys_pll_open4', assumed default net type 'wire' in al_ip/sys_pll.v(89)
HDL-1007 : undeclared symbol 'sys_pll_open3', assumed default net type 'wire' in al_ip/sys_pll.v(89)
HDL-1007 : undeclared symbol 'sys_pll_open2', assumed default net type 'wire' in al_ip/sys_pll.v(89)
HDL-1007 : undeclared symbol 'sys_pll_open11', assumed default net type 'wire' in al_ip/sys_pll.v(91)
HDL-1007 : undeclared symbol 'sys_pll_open10', assumed default net type 'wire' in al_ip/sys_pll.v(91)
HDL-1007 : analyze verilog file ../source_code/rtl/sd_card/ax_debounce.v
HDL-1007 : analyze verilog file ../source_code/rtl/sd_card/bmp_read.v
HDL-1007 : analyze verilog file ../source_code/rtl/sd_card/sd_card_bmp.v
HDL-1007 : analyze verilog file ../source_code/rtl/sd_card/sd_card_cmd.v
HDL-1007 : analyze verilog file ../source_code/rtl/sd_card/sd_card_sec_read_write.v
HDL-1007 : analyze verilog file ../source_code/rtl/sd_card/sd_card_top.v
HDL-1007 : analyze verilog file ../source_code/rtl/sd_card/spi_master.v
HDL-1007 : analyze verilog file ../source_code/rtl/sdram/enc_file/global_def.v
HDL-1007 : analyze verilog file ../source_code/rtl/sdram/enc_file/sdr_as_ram.enc.v
HDL-1007 : back to file '../source_code/rtl/sdram/enc_file/sdr_as_ram.enc.v' in ../source_code/rtl/sdram/enc_file/sdr_as_ram.enc.v(54)
HDL-1007 : analyze verilog file ../source_code/rtl/sdram/enc_file/sdr_wrrd.enc.v
HDL-5007 WARNING: concatenation with an unsized literal will be treated as 32 bits in ../source_code/rtl/sdram/enc_file/sdr_wrrd.enc.v(283)
HDL-1007 : back to file '../source_code/rtl/sdram/enc_file/sdr_wrrd.enc.v' in ../source_code/rtl/sdram/enc_file/sdr_wrrd.enc.v(19)
HDL-1007 : analyze verilog file ../source_code/rtl/frame_fifo/afifo_16_32_256.v
HDL-1007 : analyze verilog file ../source_code/rtl/frame_fifo/afifo_32_16_256.v
HDL-1007 : analyze verilog file ../source_code/rtl/frame_fifo/frame_fifo_read.v
HDL-1007 : analyze verilog file ../source_code/rtl/frame_fifo/frame_fifo_write.v
HDL-1007 : analyze verilog file ../source_code/rtl/frame_fifo/frame_read_write.v
HDL-1007 : analyze verilog file ../source_code/rtl/sdram/sdram.v
HDL-1007 : analyze included file ../source_code/rtl/sdram/enc_file/global_def.v in ../source_code/rtl/sdram/sdram.v(10)
HDL-1007 : back to file '../source_code/rtl/sdram/sdram.v' in ../source_code/rtl/sdram/sdram.v(10)
HDL-1007 : undeclared symbol 'SDR_CKE', assumed default net type 'wire' in ../source_code/rtl/sdram/sdram.v(89)
HDL-1007 : analyze verilog file ../source_code/rtl/sdram/enc_file/sdr_init_ref.enc.v
HDL-1007 : analyze included file ../source_code/rtl/sdram/enc_file/global_def.v in ../source_code/rtl/sdram/enc_file/sdr_init_ref.enc.v(11)
HDL-1007 : back to file '../source_code/rtl/sdram/enc_file/sdr_init_ref.enc.v' in ../source_code/rtl/sdram/enc_file/sdr_init_ref.enc.v(11)
HDL-1007 : undeclared symbol '**', assumed default net type '**' in ../source_code/rtl/sdram/enc_file/sdr_init_ref.enc.v(57)
HDL-1007 : back to file '../source_code/rtl/sdram/enc_file/sdr_init_ref.enc.v' in ../source_code/rtl/sdram/enc_file/sdr_init_ref.enc.v(149)
HDL-5007 WARNING: concatenation with an unsized literal will be treated as 32 bits in ../source_code/rtl/sdram/enc_file/sdr_init_ref.enc.v(47)
HDL-1007 : analyze verilog file ../source_code/rtl/video_timing/color_bar.v
HDL-1007 : analyze included file ../source_code/rtl/video_timing/video_define.v in ../source_code/rtl/video_timing/color_bar.v(2)
HDL-1007 : back to file '../source_code/rtl/video_timing/color_bar.v' in ../source_code/rtl/video_timing/color_bar.v(2)
HDL-1007 : analyze verilog file ../source_code/rtl/video_timing/video_delay.v
HDL-1007 : analyze verilog file ../source_code/rtl/video_timing/video_timing_data.v
HDL-1007 : analyze verilog file ../source_code/rtl/another/m_synchronization_header.v
HDL-1007 : analyze verilog file ../source_code/rtl/led.v
HDL-1007 : analyze verilog file ../source_code/rtl/ov5640/cmos_capture_data.v
HDL-1007 : analyze verilog file ../source_code/rtl/ov5640/i2c_dri.v
HDL-1007 : analyze verilog file ../source_code/rtl/ov5640/i2c_ov5640_rgb565_cfg.v
HDL-1007 : analyze verilog file ../source_code/rtl/ov5640/ov5640_delay.v
HDL-1007 : analyze verilog file ../source_code/rtl/ov5640/ov5640_dri.v
HDL-1007 : analyze verilog file al_ip/clk_wize.v
HDL-1007 : undeclared symbol 'open', assumed default net type 'wire' in al_ip/clk_wize.v(70)
HDL-1007 : analyze verilog file al_ip/ram.v
HDL-1007 : analyze verilog file ../source_code/rtl/app/addr_crt.v
HDL-1007 : analyze verilog file ../source_code/rtl/app/app.v
HDL-1007 : analyze verilog file ../source_code/rtl/app/vga_disp_rtl.v
HDL-1007 : analyze VHDL file ../source_code/rtl/hdmi_rtl/enc_file/DVITransmitter.enc.vhd
HDL-1007 : analyze entity dvitransmitter in ../source_code/rtl/hdmi_rtl/enc_file/DVITransmitter.enc.vhd(13)
HDL-1007 : analyze architecture ** in ../source_code/rtl/hdmi_rtl/enc_file/DVITransmitter.enc.vhd(2)
HDL-1007 : analyze VHDL file ../source_code/rtl/hdmi_rtl/enc_file/SerializerN_1_lvds.enc.vhd
HDL-1007 : analyze entity ** in ../source_code/rtl/hdmi_rtl/enc_file/SerializerN_1_lvds.enc.vhd(12)
HDL-1007 : analyze architecture ** in ../source_code/rtl/hdmi_rtl/enc_file/SerializerN_1_lvds.enc.vhd(25)
HDL-1007 : analyze VHDL file ../source_code/rtl/hdmi_rtl/enc_file/SerializerN_1_lvds_dat.enc.vhd
HDL-1007 : analyze entity ** in ../source_code/rtl/hdmi_rtl/enc_file/SerializerN_1_lvds_dat.enc.vhd(14)
HDL-1007 : analyze architecture ** in ../source_code/rtl/hdmi_rtl/enc_file/SerializerN_1_lvds_dat.enc.vhd(28)
HDL-1007 : analyze VHDL file ../source_code/rtl/hdmi_rtl/enc_file/TMDSEncoder.enc.vhd
HDL-1007 : analyze entity ** in ../source_code/rtl/hdmi_rtl/enc_file/TMDSEncoder.enc.vhd(13)
HDL-1007 : analyze architecture ** in ../source_code/rtl/hdmi_rtl/enc_file/TMDSEncoder.enc.vhd(24)
HDL-1007 : analyze verilog file ../source_code/rtl/hdmi_rtl/enc_file/video_tpg_1024768.enc.v
HDL-5007 WARNING: literal value ** truncated to fit in ** bits in ../source_code/rtl/hdmi_rtl/enc_file/video_tpg_1024768.enc.v(231)
HDL-1007 : back to file '../source_code/rtl/hdmi_rtl/enc_file/video_tpg_1024768.enc.v' in ../source_code/rtl/hdmi_rtl/enc_file/video_tpg_1024768.enc.v(1)
HDL-1007 : analyze verilog file ../source_code/rtl/hdmi_rtl/enc_file/video_tpg_1080p.enc.v
HDL-1007 : back to file '../source_code/rtl/hdmi_rtl/enc_file/video_tpg_1080p.enc.v' in ../source_code/rtl/hdmi_rtl/enc_file/video_tpg_1080p.enc.v(1)
HDL-1007 : analyze verilog file ../source_code/rtl/hdmi_rtl/enc_file/video_tpg_12801024p.enc.v
HDL-1007 : back to file '../source_code/rtl/hdmi_rtl/enc_file/video_tpg_12801024p.enc.v' in ../source_code/rtl/hdmi_rtl/enc_file/video_tpg_12801024p.enc.v(1)
HDL-1007 : analyze verilog file ../source_code/rtl/hdmi_rtl/enc_file/video_tpg_1280800.enc.v
HDL-5007 WARNING: literal value ** truncated to fit in ** bits in ../source_code/rtl/hdmi_rtl/enc_file/video_tpg_1280800.enc.v(233)
HDL-1007 : back to file '../source_code/rtl/hdmi_rtl/enc_file/video_tpg_1280800.enc.v' in ../source_code/rtl/hdmi_rtl/enc_file/video_tpg_1280800.enc.v(1)
HDL-1007 : analyze verilog file ../source_code/rtl/hdmi_rtl/enc_file/video_tpg_16801050p.enc.v
HDL-1007 : back to file '../source_code/rtl/hdmi_rtl/enc_file/video_tpg_16801050p.enc.v' in ../source_code/rtl/hdmi_rtl/enc_file/video_tpg_16801050p.enc.v(1)
HDL-1007 : analyze verilog file ../source_code/rtl/hdmi_rtl/enc_file/video_tpg_800600.enc.v
HDL-1007 : back to file '../source_code/rtl/hdmi_rtl/enc_file/video_tpg_800600.enc.v' in ../source_code/rtl/hdmi_rtl/enc_file/video_tpg_800600.enc.v(1)
HDL-1007 : analyze VHDL file ../source_code/rtl/hdmi_rtl/hdmi_tx.vhd
HDL-1007 : analyze entity hdmi_tx in ../source_code/rtl/hdmi_rtl/hdmi_tx.vhd(11)
HDL-1007 : analyze architecture behavioral in ../source_code/rtl/hdmi_rtl/hdmi_tx.vhd(33)
HDL-1007 : analyze verilog file ../source_code/rtl/hdmi_rtl/vga_disp_rtl.v
HDL-7201 CRITICAL-WARNING: overwrite current module 'vga_disp_rtl' in ../source_code/rtl/hdmi_rtl/vga_disp_rtl.v(1)
HDL-7307 CRITICAL-WARNING: previous definition of design element module 'vga_disp_rtl' is here. This is because multiple modules(values) with the same name are defined. Please consider rewriting code in ../source_code/rtl/app/vga_disp_rtl.v(1)
HDL-1007 : analyze verilog file ../source_code/rtl/another/fire_detect.v
HDL-1007 : analyze verilog file ../source_code/rtl/another/intrusion_detect.v
RUN-1002 : start command "commit_param -step design"
RUN-1001 : Print Global Property
RUN-1001 : --------------------------------------------------------
RUN-1001 :   Parameters   |  Settings  |  Default Values  |  Note  
RUN-1001 : --------------------------------------------------------
RUN-1001 :   enable_seed  |    off     |       off        |        
RUN-1001 :     message    |  standard  |     standard     |        
RUN-1001 :   qor_monitor  |     on     |        on        |        
RUN-1001 :   syn_ip_flow  |    off     |       off        |        
RUN-1001 :     thread     |    auto    |       auto       |        
RUN-1001 : --------------------------------------------------------
RUN-1001 : Print Design Property
RUN-1001 : ----------------------------------------------------------------
RUN-1001 :       Parameters       |  Settings  |  Default Values  |  Note  
RUN-1001 : ----------------------------------------------------------------
RUN-1001 :   default_reg_initial  |    auto    |       auto       |        
RUN-1001 :    hdl_warning_level   |   normal   |      normal      |        
RUN-1001 : ----------------------------------------------------------------
HDL-1007 : analyze verilog file last_attempt.v
HDL-1007 : undeclared symbol 'phy_reset', assumed default net type 'wire' in last_attempt.v(167)
HDL-1007 : undeclared symbol 'VGA_HSYNC', assumed default net type 'wire' in last_attempt.v(335)
HDL-1007 : undeclared symbol 'VGA_VSYNC', assumed default net type 'wire' in last_attempt.v(336)
HDL-1007 : undeclared symbol 'rd_en', assumed default net type 'wire' in last_attempt.v(338)
HDL-1007 : undeclared symbol 'tpg_data_done', assumed default net type 'wire' in last_attempt.v(784)
HDL-1007 : undeclared symbol 'full_flag', assumed default net type 'wire' in last_attempt.v(818)
HDL-1007 : undeclared symbol 'input_local_udp_port_num', assumed default net type 'wire' in last_attempt.v(849)
HDL-1007 : undeclared symbol 'input_local_udp_port_num_valid', assumed default net type 'wire' in last_attempt.v(850)
HDL-1007 : undeclared symbol 'input_local_ip_address_valid', assumed default net type 'wire' in last_attempt.v(853)
HDL-1007 : analyze verilog file ../source_code/rtl/udp/BUFGMUX.v
HDL-1007 : analyze verilog file ../source_code/rtl/udp/IDDR.v
HDL-1007 : analyze verilog file ../source_code/rtl/udp/ODDR.v
HDL-1007 : analyze verilog file ../source_code/rtl/udp/RAMB16_S9_S9.v
HDL-1007 : undeclared symbol 'open', assumed default net type 'wire' in ../source_code/rtl/udp/RAMB16_S9_S9.v(109)
HDL-1007 : analyze verilog file ../source_code/rtl/udp/clk_gen_rst_gen.v
HDL-1007 : analyze verilog file ../source_code/rtl/udp/div_clk_gen.v
HDL-1007 : analyze verilog file ../source_code/rtl/udp/rgmii_interface.v
HDL-1007 : analyze verilog file ../source_code/rtl/udp/rx_client_fifo.v
HDL-5370 WARNING: parameter 'WAIT_s' becomes localparam in 'rx_client_fifo' with formal parameter declaration list in ../source_code/rtl/udp/rx_client_fifo.v(49)
HDL-5370 WARNING: parameter 'QUEUE1_s' becomes localparam in 'rx_client_fifo' with formal parameter declaration list in ../source_code/rtl/udp/rx_client_fifo.v(50)
HDL-5370 WARNING: parameter 'QUEUE2_s' becomes localparam in 'rx_client_fifo' with formal parameter declaration list in ../source_code/rtl/udp/rx_client_fifo.v(51)
HDL-5370 WARNING: parameter 'QUEUE3_s' becomes localparam in 'rx_client_fifo' with formal parameter declaration list in ../source_code/rtl/udp/rx_client_fifo.v(52)
HDL-5370 WARNING: parameter 'QUEUE_SOF_s' becomes localparam in 'rx_client_fifo' with formal parameter declaration list in ../source_code/rtl/udp/rx_client_fifo.v(53)
HDL-5370 WARNING: parameter 'SOF_s' becomes localparam in 'rx_client_fifo' with formal parameter declaration list in ../source_code/rtl/udp/rx_client_fifo.v(54)
HDL-5370 WARNING: parameter 'DATA_s' becomes localparam in 'rx_client_fifo' with formal parameter declaration list in ../source_code/rtl/udp/rx_client_fifo.v(55)
HDL-5370 WARNING: parameter 'EOF_s' becomes localparam in 'rx_client_fifo' with formal parameter declaration list in ../source_code/rtl/udp/rx_client_fifo.v(56)
HDL-5370 WARNING: parameter 'IDLE_s' becomes localparam in 'rx_client_fifo' with formal parameter declaration list in ../source_code/rtl/udp/rx_client_fifo.v(62)
HDL-5370 WARNING: parameter 'FRAME_s' becomes localparam in 'rx_client_fifo' with formal parameter declaration list in ../source_code/rtl/udp/rx_client_fifo.v(63)
HDL-5370 Similar messages will be suppressed.
HDL-1007 : analyze verilog file ../source_code/rtl/udp/temac_block.v
HDL-1007 : analyze verilog file ../source_code/rtl/udp/temac_clk_gen.v
HDL-1007 : analyze verilog file ../source_code/rtl/udp/tx_client_fifo.v
HDL-5370 WARNING: parameter 'IDLE_s' becomes localparam in 'tx_client_fifo' with formal parameter declaration list in ../source_code/rtl/udp/tx_client_fifo.v(53)
HDL-5370 WARNING: parameter 'QUEUE1_s' becomes localparam in 'tx_client_fifo' with formal parameter declaration list in ../source_code/rtl/udp/tx_client_fifo.v(54)
HDL-5370 WARNING: parameter 'QUEUE2_s' becomes localparam in 'tx_client_fifo' with formal parameter declaration list in ../source_code/rtl/udp/tx_client_fifo.v(55)
HDL-5370 WARNING: parameter 'QUEUE3_s' becomes localparam in 'tx_client_fifo' with formal parameter declaration list in ../source_code/rtl/udp/tx_client_fifo.v(56)
HDL-5370 WARNING: parameter 'QUEUE_ACK_s' becomes localparam in 'tx_client_fifo' with formal parameter declaration list in ../source_code/rtl/udp/tx_client_fifo.v(57)
HDL-5370 WARNING: parameter 'WAIT_ACK_s' becomes localparam in 'tx_client_fifo' with formal parameter declaration list in ../source_code/rtl/udp/tx_client_fifo.v(58)
HDL-5370 WARNING: parameter 'FRAME_s' becomes localparam in 'tx_client_fifo' with formal parameter declaration list in ../source_code/rtl/udp/tx_client_fifo.v(59)
HDL-5370 WARNING: parameter 'DROP_s' becomes localparam in 'tx_client_fifo' with formal parameter declaration list in ../source_code/rtl/udp/tx_client_fifo.v(60)
HDL-5370 WARNING: parameter 'RETRANSMIT_s' becomes localparam in 'tx_client_fifo' with formal parameter declaration list in ../source_code/rtl/udp/tx_client_fifo.v(61)
HDL-5370 WARNING: parameter 'WAIT_s' becomes localparam in 'tx_client_fifo' with formal parameter declaration list in ../source_code/rtl/udp/tx_client_fifo.v(67)
HDL-5370 Similar messages will be suppressed.
HDL-1007 : analyze verilog file ../source_code/rtl/udp/tx_clk_en_gen.v
HDL-1007 : analyze verilog file ../source_code/rtl/udp/udp_data_tpg.v
HDL-1007 : analyze verilog file ../source_code/rtl/udp/udp_ip_protocol_stack_merge.enc.v
HDL-1007 : back to file '../source_code/rtl/udp/udp_ip_protocol_stack_merge.enc.v' in ../source_code/rtl/udp/udp_ip_protocol_stack_merge.enc.v(56)
HDL-1007 : undeclared symbol '**', assumed default net type '**' in ../source_code/rtl/udp/udp_ip_protocol_stack_merge.enc.v(2638)
HDL-1007 : back to file '../source_code/rtl/udp/udp_ip_protocol_stack_merge.enc.v' in ../source_code/rtl/udp/udp_ip_protocol_stack_merge.enc.v(420)
HDL-1007 : analyze verilog file ../source_code/rtl/udp/udp_loopback.v
HDL-1007 : analyze verilog file al_ip/TEMAC_CORE/RTL/include/define.v
HDL-1007 : analyze verilog file al_ip/TEMAC_CORE/RTL/TEMAC_CORE_aead6cd6dadd.v
HDL-5007 WARNING: column 1032 exceeds maximum value 1023 in al_ip/TEMAC_CORE/RTL/TEMAC_CORE_aead6cd6dadd.v(30)
HDL-1007 : back to file 'al_ip/TEMAC_CORE/RTL/TEMAC_CORE_aead6cd6dadd.v' in al_ip/TEMAC_CORE/RTL/TEMAC_CORE_aead6cd6dadd.v(86)
HDL-5007 WARNING: event expressions must result in a singular type in al_ip/TEMAC_CORE/RTL/TEMAC_CORE_aead6cd6dadd.v(3001)
HDL-1007 : undeclared symbol '**', assumed default net type '**' in al_ip/TEMAC_CORE/RTL/TEMAC_CORE_aead6cd6dadd.v(5050)
HDL-1007 : undeclared symbol '**', assumed default net type '**' in al_ip/TEMAC_CORE/RTL/TEMAC_CORE_aead6cd6dadd.v(5458)
HDL-5007 WARNING: column 1035 exceeds maximum value 1023 in al_ip/TEMAC_CORE/RTL/TEMAC_CORE_aead6cd6dadd.v(6001)
HDL-1007 : back to file 'al_ip/TEMAC_CORE/RTL/TEMAC_CORE_aead6cd6dadd.v' in al_ip/TEMAC_CORE/RTL/TEMAC_CORE_aead6cd6dadd.v(260)
HDL-1007 : analyze verilog file al_ip/TEMAC_CORE/RTL/mac_core_aead6cd6dadd.v
HDL-1007 : analyze verilog file al_ip/TEMAC_CORE/TEMAC_CORE.v
HDL-1007 : analyze verilog file al_ip/pll_gen.v
HDL-1007 : undeclared symbol 'pll_gen_open0', assumed default net type 'wire' in al_ip/pll_gen.v(99)
HDL-1007 : undeclared symbol 'pll_gen_open8', assumed default net type 'wire' in al_ip/pll_gen.v(105)
HDL-1007 : undeclared symbol 'pll_gen_open7', assumed default net type 'wire' in al_ip/pll_gen.v(105)
HDL-1007 : undeclared symbol 'pll_gen_open6', assumed default net type 'wire' in al_ip/pll_gen.v(105)
HDL-1007 : undeclared symbol 'pll_gen_open5', assumed default net type 'wire' in al_ip/pll_gen.v(105)
HDL-1007 : undeclared symbol 'pll_gen_open4', assumed default net type 'wire' in al_ip/pll_gen.v(105)
HDL-1007 : undeclared symbol 'pll_gen_open3', assumed default net type 'wire' in al_ip/pll_gen.v(105)
HDL-1007 : undeclared symbol 'pll_gen_open2', assumed default net type 'wire' in al_ip/pll_gen.v(105)
HDL-1007 : undeclared symbol 'pll_gen_open1', assumed default net type 'wire' in al_ip/pll_gen.v(105)
HDL-1007 : analyze verilog file al_ip/sys_pll.v
HDL-1007 : undeclared symbol 'sys_pll_open0', assumed default net type 'wire' in al_ip/sys_pll.v(77)
HDL-1007 : undeclared symbol 'sys_pll_open1', assumed default net type 'wire' in al_ip/sys_pll.v(83)
HDL-1007 : undeclared symbol 'sys_pll_open9', assumed default net type 'wire' in al_ip/sys_pll.v(89)
HDL-1007 : undeclared symbol 'sys_pll_open8', assumed default net type 'wire' in al_ip/sys_pll.v(89)
HDL-1007 : undeclared symbol 'sys_pll_open7', assumed default net type 'wire' in al_ip/sys_pll.v(89)
HDL-1007 : undeclared symbol 'sys_pll_open6', assumed default net type 'wire' in al_ip/sys_pll.v(89)
HDL-1007 : undeclared symbol 'sys_pll_open5', assumed default net type 'wire' in al_ip/sys_pll.v(89)
HDL-1007 : undeclared symbol 'sys_pll_open4', assumed default net type 'wire' in al_ip/sys_pll.v(89)
HDL-1007 : undeclared symbol 'sys_pll_open3', assumed default net type 'wire' in al_ip/sys_pll.v(89)
HDL-1007 : undeclared symbol 'sys_pll_open2', assumed default net type 'wire' in al_ip/sys_pll.v(89)
HDL-1007 : undeclared symbol 'sys_pll_open11', assumed default net type 'wire' in al_ip/sys_pll.v(91)
HDL-1007 : undeclared symbol 'sys_pll_open10', assumed default net type 'wire' in al_ip/sys_pll.v(91)
HDL-1007 : analyze verilog file ../source_code/rtl/sd_card/ax_debounce.v
HDL-1007 : analyze verilog file ../source_code/rtl/sd_card/bmp_read.v
HDL-1007 : analyze verilog file ../source_code/rtl/sd_card/sd_card_bmp.v
HDL-1007 : analyze verilog file ../source_code/rtl/sd_card/sd_card_cmd.v
HDL-1007 : analyze verilog file ../source_code/rtl/sd_card/sd_card_sec_read_write.v
HDL-1007 : analyze verilog file ../source_code/rtl/sd_card/sd_card_top.v
HDL-1007 : analyze verilog file ../source_code/rtl/sd_card/spi_master.v
HDL-1007 : analyze verilog file ../source_code/rtl/sdram/enc_file/global_def.v
HDL-1007 : analyze verilog file ../source_code/rtl/sdram/enc_file/sdr_as_ram.enc.v
HDL-1007 : back to file '../source_code/rtl/sdram/enc_file/sdr_as_ram.enc.v' in ../source_code/rtl/sdram/enc_file/sdr_as_ram.enc.v(54)
HDL-1007 : analyze verilog file ../source_code/rtl/sdram/enc_file/sdr_wrrd.enc.v
HDL-5007 WARNING: concatenation with an unsized literal will be treated as 32 bits in ../source_code/rtl/sdram/enc_file/sdr_wrrd.enc.v(283)
HDL-1007 : back to file '../source_code/rtl/sdram/enc_file/sdr_wrrd.enc.v' in ../source_code/rtl/sdram/enc_file/sdr_wrrd.enc.v(19)
HDL-1007 : analyze verilog file ../source_code/rtl/frame_fifo/afifo_16_32_256.v
HDL-1007 : analyze verilog file ../source_code/rtl/frame_fifo/afifo_32_16_256.v
HDL-1007 : analyze verilog file ../source_code/rtl/frame_fifo/frame_fifo_read.v
HDL-1007 : analyze verilog file ../source_code/rtl/frame_fifo/frame_fifo_write.v
HDL-1007 : analyze verilog file ../source_code/rtl/frame_fifo/frame_read_write.v
HDL-1007 : analyze verilog file ../source_code/rtl/sdram/sdram.v
HDL-1007 : analyze included file ../source_code/rtl/sdram/enc_file/global_def.v in ../source_code/rtl/sdram/sdram.v(10)
HDL-1007 : back to file '../source_code/rtl/sdram/sdram.v' in ../source_code/rtl/sdram/sdram.v(10)
HDL-1007 : undeclared symbol 'SDR_CKE', assumed default net type 'wire' in ../source_code/rtl/sdram/sdram.v(89)
HDL-1007 : analyze verilog file ../source_code/rtl/sdram/enc_file/sdr_init_ref.enc.v
HDL-1007 : analyze included file ../source_code/rtl/sdram/enc_file/global_def.v in ../source_code/rtl/sdram/enc_file/sdr_init_ref.enc.v(11)
HDL-1007 : back to file '../source_code/rtl/sdram/enc_file/sdr_init_ref.enc.v' in ../source_code/rtl/sdram/enc_file/sdr_init_ref.enc.v(11)
HDL-1007 : undeclared symbol '**', assumed default net type '**' in ../source_code/rtl/sdram/enc_file/sdr_init_ref.enc.v(57)
HDL-1007 : back to file '../source_code/rtl/sdram/enc_file/sdr_init_ref.enc.v' in ../source_code/rtl/sdram/enc_file/sdr_init_ref.enc.v(149)
HDL-5007 WARNING: concatenation with an unsized literal will be treated as 32 bits in ../source_code/rtl/sdram/enc_file/sdr_init_ref.enc.v(47)
HDL-1007 : analyze verilog file ../source_code/rtl/video_timing/color_bar.v
HDL-1007 : analyze included file ../source_code/rtl/video_timing/video_define.v in ../source_code/rtl/video_timing/color_bar.v(2)
HDL-1007 : back to file '../source_code/rtl/video_timing/color_bar.v' in ../source_code/rtl/video_timing/color_bar.v(2)
HDL-1007 : analyze verilog file ../source_code/rtl/video_timing/video_delay.v
HDL-1007 : analyze verilog file ../source_code/rtl/video_timing/video_timing_data.v
HDL-1007 : analyze verilog file ../source_code/rtl/another/m_synchronization_header.v
HDL-1007 : analyze verilog file ../source_code/rtl/led.v
HDL-1007 : analyze verilog file ../source_code/rtl/ov5640/cmos_capture_data.v
HDL-1007 : analyze verilog file ../source_code/rtl/ov5640/i2c_dri.v
HDL-1007 : analyze verilog file ../source_code/rtl/ov5640/i2c_ov5640_rgb565_cfg.v
HDL-1007 : analyze verilog file ../source_code/rtl/ov5640/ov5640_delay.v
HDL-1007 : analyze verilog file ../source_code/rtl/ov5640/ov5640_dri.v
HDL-1007 : analyze verilog file al_ip/clk_wize.v
HDL-1007 : undeclared symbol 'open', assumed default net type 'wire' in al_ip/clk_wize.v(70)
HDL-1007 : analyze verilog file al_ip/ram.v
HDL-1007 : analyze verilog file ../source_code/rtl/app/addr_crt.v
HDL-1007 : analyze verilog file ../source_code/rtl/app/app.v
HDL-1007 : analyze verilog file ../source_code/rtl/app/vga_disp_rtl.v
HDL-1007 : analyze VHDL file ../source_code/rtl/hdmi_rtl/enc_file/DVITransmitter.enc.vhd
HDL-1007 : analyze entity dvitransmitter in ../source_code/rtl/hdmi_rtl/enc_file/DVITransmitter.enc.vhd(13)
HDL-1007 : analyze architecture ** in ../source_code/rtl/hdmi_rtl/enc_file/DVITransmitter.enc.vhd(2)
HDL-1007 : analyze VHDL file ../source_code/rtl/hdmi_rtl/enc_file/SerializerN_1_lvds.enc.vhd
HDL-1007 : analyze entity ** in ../source_code/rtl/hdmi_rtl/enc_file/SerializerN_1_lvds.enc.vhd(12)
HDL-1007 : analyze architecture ** in ../source_code/rtl/hdmi_rtl/enc_file/SerializerN_1_lvds.enc.vhd(25)
HDL-1007 : analyze VHDL file ../source_code/rtl/hdmi_rtl/enc_file/SerializerN_1_lvds_dat.enc.vhd
HDL-1007 : analyze entity ** in ../source_code/rtl/hdmi_rtl/enc_file/SerializerN_1_lvds_dat.enc.vhd(14)
HDL-1007 : analyze architecture ** in ../source_code/rtl/hdmi_rtl/enc_file/SerializerN_1_lvds_dat.enc.vhd(28)
HDL-1007 : analyze VHDL file ../source_code/rtl/hdmi_rtl/enc_file/TMDSEncoder.enc.vhd
HDL-1007 : analyze entity ** in ../source_code/rtl/hdmi_rtl/enc_file/TMDSEncoder.enc.vhd(13)
HDL-1007 : analyze architecture ** in ../source_code/rtl/hdmi_rtl/enc_file/TMDSEncoder.enc.vhd(24)
HDL-1007 : analyze verilog file ../source_code/rtl/hdmi_rtl/enc_file/video_tpg_1024768.enc.v
HDL-5007 WARNING: literal value ** truncated to fit in ** bits in ../source_code/rtl/hdmi_rtl/enc_file/video_tpg_1024768.enc.v(231)
HDL-1007 : back to file '../source_code/rtl/hdmi_rtl/enc_file/video_tpg_1024768.enc.v' in ../source_code/rtl/hdmi_rtl/enc_file/video_tpg_1024768.enc.v(1)
HDL-1007 : analyze verilog file ../source_code/rtl/hdmi_rtl/enc_file/video_tpg_1080p.enc.v
HDL-1007 : back to file '../source_code/rtl/hdmi_rtl/enc_file/video_tpg_1080p.enc.v' in ../source_code/rtl/hdmi_rtl/enc_file/video_tpg_1080p.enc.v(1)
HDL-1007 : analyze verilog file ../source_code/rtl/hdmi_rtl/enc_file/video_tpg_12801024p.enc.v
HDL-1007 : back to file '../source_code/rtl/hdmi_rtl/enc_file/video_tpg_12801024p.enc.v' in ../source_code/rtl/hdmi_rtl/enc_file/video_tpg_12801024p.enc.v(1)
HDL-1007 : analyze verilog file ../source_code/rtl/hdmi_rtl/enc_file/video_tpg_1280800.enc.v
HDL-5007 WARNING: literal value ** truncated to fit in ** bits in ../source_code/rtl/hdmi_rtl/enc_file/video_tpg_1280800.enc.v(233)
HDL-1007 : back to file '../source_code/rtl/hdmi_rtl/enc_file/video_tpg_1280800.enc.v' in ../source_code/rtl/hdmi_rtl/enc_file/video_tpg_1280800.enc.v(1)
HDL-1007 : analyze verilog file ../source_code/rtl/hdmi_rtl/enc_file/video_tpg_16801050p.enc.v
HDL-1007 : back to file '../source_code/rtl/hdmi_rtl/enc_file/video_tpg_16801050p.enc.v' in ../source_code/rtl/hdmi_rtl/enc_file/video_tpg_16801050p.enc.v(1)
HDL-1007 : analyze verilog file ../source_code/rtl/hdmi_rtl/enc_file/video_tpg_800600.enc.v
HDL-1007 : back to file '../source_code/rtl/hdmi_rtl/enc_file/video_tpg_800600.enc.v' in ../source_code/rtl/hdmi_rtl/enc_file/video_tpg_800600.enc.v(1)
HDL-1007 : analyze VHDL file ../source_code/rtl/hdmi_rtl/hdmi_tx.vhd
HDL-1007 : analyze entity hdmi_tx in ../source_code/rtl/hdmi_rtl/hdmi_tx.vhd(11)
HDL-1007 : analyze architecture behavioral in ../source_code/rtl/hdmi_rtl/hdmi_tx.vhd(33)
HDL-1007 : analyze verilog file ../source_code/rtl/hdmi_rtl/vga_disp_rtl.v
HDL-7201 CRITICAL-WARNING: overwrite current module 'vga_disp_rtl' in ../source_code/rtl/hdmi_rtl/vga_disp_rtl.v(1)
HDL-7307 CRITICAL-WARNING: previous definition of design element module 'vga_disp_rtl' is here. This is because multiple modules(values) with the same name are defined. Please consider rewriting code in ../source_code/rtl/app/vga_disp_rtl.v(1)
HDL-1007 : analyze verilog file ../source_code/rtl/another/fire_detect.v
HDL-1007 : analyze verilog file ../source_code/rtl/another/intrusion_detect.v
RUN-1002 : start command "commit_param -step design"
RUN-1001 : Print Global Property
RUN-1001 : --------------------------------------------------------
RUN-1001 :   Parameters   |  Settings  |  Default Values  |  Note  
RUN-1001 : --------------------------------------------------------
RUN-1001 :   enable_seed  |    off     |       off        |        
RUN-1001 :     message    |  standard  |     standard     |        
RUN-1001 :   qor_monitor  |     on     |        on        |        
RUN-1001 :   syn_ip_flow  |    off     |       off        |        
RUN-1001 :     thread     |    auto    |       auto       |        
RUN-1001 : --------------------------------------------------------
RUN-1001 : Print Design Property
RUN-1001 : ----------------------------------------------------------------
RUN-1001 :       Parameters       |  Settings  |  Default Values  |  Note  
RUN-1001 : ----------------------------------------------------------------
RUN-1001 :   default_reg_initial  |    auto    |       auto       |        
RUN-1001 :    hdl_warning_level   |   normal   |      normal      |        
RUN-1001 : ----------------------------------------------------------------
HDL-1007 : analyze verilog file last_attempt.v
HDL-1007 : undeclared symbol 'phy_reset', assumed default net type 'wire' in last_attempt.v(167)
HDL-1007 : undeclared symbol 'VGA_HSYNC', assumed default net type 'wire' in last_attempt.v(335)
HDL-1007 : undeclared symbol 'VGA_VSYNC', assumed default net type 'wire' in last_attempt.v(336)
HDL-1007 : undeclared symbol 'rd_en', assumed default net type 'wire' in last_attempt.v(338)
HDL-1007 : undeclared symbol 'tpg_data_done', assumed default net type 'wire' in last_attempt.v(784)
HDL-1007 : undeclared symbol 'full_flag', assumed default net type 'wire' in last_attempt.v(818)
HDL-1007 : undeclared symbol 'input_local_udp_port_num', assumed default net type 'wire' in last_attempt.v(849)
HDL-1007 : undeclared symbol 'input_local_udp_port_num_valid', assumed default net type 'wire' in last_attempt.v(850)
HDL-1007 : undeclared symbol 'input_local_ip_address_valid', assumed default net type 'wire' in last_attempt.v(853)
HDL-1007 : analyze verilog file ../source_code/rtl/udp/BUFGMUX.v
HDL-1007 : analyze verilog file ../source_code/rtl/udp/IDDR.v
HDL-1007 : analyze verilog file ../source_code/rtl/udp/ODDR.v
HDL-1007 : analyze verilog file ../source_code/rtl/udp/RAMB16_S9_S9.v
HDL-1007 : undeclared symbol 'open', assumed default net type 'wire' in ../source_code/rtl/udp/RAMB16_S9_S9.v(109)
HDL-1007 : analyze verilog file ../source_code/rtl/udp/clk_gen_rst_gen.v
HDL-1007 : analyze verilog file ../source_code/rtl/udp/div_clk_gen.v
HDL-1007 : analyze verilog file ../source_code/rtl/udp/rgmii_interface.v
HDL-1007 : analyze verilog file ../source_code/rtl/udp/rx_client_fifo.v
HDL-5370 WARNING: parameter 'WAIT_s' becomes localparam in 'rx_client_fifo' with formal parameter declaration list in ../source_code/rtl/udp/rx_client_fifo.v(49)
HDL-5370 WARNING: parameter 'QUEUE1_s' becomes localparam in 'rx_client_fifo' with formal parameter declaration list in ../source_code/rtl/udp/rx_client_fifo.v(50)
HDL-5370 WARNING: parameter 'QUEUE2_s' becomes localparam in 'rx_client_fifo' with formal parameter declaration list in ../source_code/rtl/udp/rx_client_fifo.v(51)
HDL-5370 WARNING: parameter 'QUEUE3_s' becomes localparam in 'rx_client_fifo' with formal parameter declaration list in ../source_code/rtl/udp/rx_client_fifo.v(52)
HDL-5370 WARNING: parameter 'QUEUE_SOF_s' becomes localparam in 'rx_client_fifo' with formal parameter declaration list in ../source_code/rtl/udp/rx_client_fifo.v(53)
HDL-5370 WARNING: parameter 'SOF_s' becomes localparam in 'rx_client_fifo' with formal parameter declaration list in ../source_code/rtl/udp/rx_client_fifo.v(54)
HDL-5370 WARNING: parameter 'DATA_s' becomes localparam in 'rx_client_fifo' with formal parameter declaration list in ../source_code/rtl/udp/rx_client_fifo.v(55)
HDL-5370 WARNING: parameter 'EOF_s' becomes localparam in 'rx_client_fifo' with formal parameter declaration list in ../source_code/rtl/udp/rx_client_fifo.v(56)
HDL-5370 WARNING: parameter 'IDLE_s' becomes localparam in 'rx_client_fifo' with formal parameter declaration list in ../source_code/rtl/udp/rx_client_fifo.v(62)
HDL-5370 WARNING: parameter 'FRAME_s' becomes localparam in 'rx_client_fifo' with formal parameter declaration list in ../source_code/rtl/udp/rx_client_fifo.v(63)
HDL-5370 Similar messages will be suppressed.
HDL-1007 : analyze verilog file ../source_code/rtl/udp/temac_block.v
HDL-1007 : analyze verilog file ../source_code/rtl/udp/temac_clk_gen.v
HDL-1007 : analyze verilog file ../source_code/rtl/udp/tx_client_fifo.v
HDL-5370 WARNING: parameter 'IDLE_s' becomes localparam in 'tx_client_fifo' with formal parameter declaration list in ../source_code/rtl/udp/tx_client_fifo.v(53)
HDL-5370 WARNING: parameter 'QUEUE1_s' becomes localparam in 'tx_client_fifo' with formal parameter declaration list in ../source_code/rtl/udp/tx_client_fifo.v(54)
HDL-5370 WARNING: parameter 'QUEUE2_s' becomes localparam in 'tx_client_fifo' with formal parameter declaration list in ../source_code/rtl/udp/tx_client_fifo.v(55)
HDL-5370 WARNING: parameter 'QUEUE3_s' becomes localparam in 'tx_client_fifo' with formal parameter declaration list in ../source_code/rtl/udp/tx_client_fifo.v(56)
HDL-5370 WARNING: parameter 'QUEUE_ACK_s' becomes localparam in 'tx_client_fifo' with formal parameter declaration list in ../source_code/rtl/udp/tx_client_fifo.v(57)
HDL-5370 WARNING: parameter 'WAIT_ACK_s' becomes localparam in 'tx_client_fifo' with formal parameter declaration list in ../source_code/rtl/udp/tx_client_fifo.v(58)
HDL-5370 WARNING: parameter 'FRAME_s' becomes localparam in 'tx_client_fifo' with formal parameter declaration list in ../source_code/rtl/udp/tx_client_fifo.v(59)
HDL-5370 WARNING: parameter 'DROP_s' becomes localparam in 'tx_client_fifo' with formal parameter declaration list in ../source_code/rtl/udp/tx_client_fifo.v(60)
HDL-5370 WARNING: parameter 'RETRANSMIT_s' becomes localparam in 'tx_client_fifo' with formal parameter declaration list in ../source_code/rtl/udp/tx_client_fifo.v(61)
HDL-5370 WARNING: parameter 'WAIT_s' becomes localparam in 'tx_client_fifo' with formal parameter declaration list in ../source_code/rtl/udp/tx_client_fifo.v(67)
HDL-5370 Similar messages will be suppressed.
HDL-1007 : analyze verilog file ../source_code/rtl/udp/tx_clk_en_gen.v
HDL-1007 : analyze verilog file ../source_code/rtl/udp/udp_data_tpg.v
HDL-1007 : analyze verilog file ../source_code/rtl/udp/udp_ip_protocol_stack_merge.enc.v
HDL-1007 : back to file '../source_code/rtl/udp/udp_ip_protocol_stack_merge.enc.v' in ../source_code/rtl/udp/udp_ip_protocol_stack_merge.enc.v(56)
HDL-1007 : undeclared symbol '**', assumed default net type '**' in ../source_code/rtl/udp/udp_ip_protocol_stack_merge.enc.v(2638)
HDL-1007 : back to file '../source_code/rtl/udp/udp_ip_protocol_stack_merge.enc.v' in ../source_code/rtl/udp/udp_ip_protocol_stack_merge.enc.v(420)
HDL-1007 : analyze verilog file ../source_code/rtl/udp/udp_loopback.v
HDL-1007 : analyze verilog file al_ip/TEMAC_CORE/RTL/include/define.v
HDL-1007 : analyze verilog file al_ip/TEMAC_CORE/RTL/TEMAC_CORE_aead6cd6dadd.v
HDL-5007 WARNING: column 1032 exceeds maximum value 1023 in al_ip/TEMAC_CORE/RTL/TEMAC_CORE_aead6cd6dadd.v(30)
HDL-1007 : back to file 'al_ip/TEMAC_CORE/RTL/TEMAC_CORE_aead6cd6dadd.v' in al_ip/TEMAC_CORE/RTL/TEMAC_CORE_aead6cd6dadd.v(86)
HDL-5007 WARNING: event expressions must result in a singular type in al_ip/TEMAC_CORE/RTL/TEMAC_CORE_aead6cd6dadd.v(3001)
HDL-1007 : undeclared symbol '**', assumed default net type '**' in al_ip/TEMAC_CORE/RTL/TEMAC_CORE_aead6cd6dadd.v(5050)
HDL-1007 : undeclared symbol '**', assumed default net type '**' in al_ip/TEMAC_CORE/RTL/TEMAC_CORE_aead6cd6dadd.v(5458)
HDL-5007 WARNING: column 1035 exceeds maximum value 1023 in al_ip/TEMAC_CORE/RTL/TEMAC_CORE_aead6cd6dadd.v(6001)
HDL-1007 : back to file 'al_ip/TEMAC_CORE/RTL/TEMAC_CORE_aead6cd6dadd.v' in al_ip/TEMAC_CORE/RTL/TEMAC_CORE_aead6cd6dadd.v(260)
HDL-1007 : analyze verilog file al_ip/TEMAC_CORE/RTL/mac_core_aead6cd6dadd.v
HDL-1007 : analyze verilog file al_ip/TEMAC_CORE/TEMAC_CORE.v
HDL-1007 : analyze verilog file al_ip/pll_gen.v
HDL-1007 : undeclared symbol 'pll_gen_open0', assumed default net type 'wire' in al_ip/pll_gen.v(99)
HDL-1007 : undeclared symbol 'pll_gen_open8', assumed default net type 'wire' in al_ip/pll_gen.v(105)
HDL-1007 : undeclared symbol 'pll_gen_open7', assumed default net type 'wire' in al_ip/pll_gen.v(105)
HDL-1007 : undeclared symbol 'pll_gen_open6', assumed default net type 'wire' in al_ip/pll_gen.v(105)
HDL-1007 : undeclared symbol 'pll_gen_open5', assumed default net type 'wire' in al_ip/pll_gen.v(105)
HDL-1007 : undeclared symbol 'pll_gen_open4', assumed default net type 'wire' in al_ip/pll_gen.v(105)
HDL-1007 : undeclared symbol 'pll_gen_open3', assumed default net type 'wire' in al_ip/pll_gen.v(105)
HDL-1007 : undeclared symbol 'pll_gen_open2', assumed default net type 'wire' in al_ip/pll_gen.v(105)
HDL-1007 : undeclared symbol 'pll_gen_open1', assumed default net type 'wire' in al_ip/pll_gen.v(105)
HDL-1007 : analyze verilog file al_ip/sys_pll.v
HDL-1007 : undeclared symbol 'sys_pll_open0', assumed default net type 'wire' in al_ip/sys_pll.v(77)
HDL-1007 : undeclared symbol 'sys_pll_open1', assumed default net type 'wire' in al_ip/sys_pll.v(83)
HDL-1007 : undeclared symbol 'sys_pll_open9', assumed default net type 'wire' in al_ip/sys_pll.v(89)
HDL-1007 : undeclared symbol 'sys_pll_open8', assumed default net type 'wire' in al_ip/sys_pll.v(89)
HDL-1007 : undeclared symbol 'sys_pll_open7', assumed default net type 'wire' in al_ip/sys_pll.v(89)
HDL-1007 : undeclared symbol 'sys_pll_open6', assumed default net type 'wire' in al_ip/sys_pll.v(89)
HDL-1007 : undeclared symbol 'sys_pll_open5', assumed default net type 'wire' in al_ip/sys_pll.v(89)
HDL-1007 : undeclared symbol 'sys_pll_open4', assumed default net type 'wire' in al_ip/sys_pll.v(89)
HDL-1007 : undeclared symbol 'sys_pll_open3', assumed default net type 'wire' in al_ip/sys_pll.v(89)
HDL-1007 : undeclared symbol 'sys_pll_open2', assumed default net type 'wire' in al_ip/sys_pll.v(89)
HDL-1007 : undeclared symbol 'sys_pll_open11', assumed default net type 'wire' in al_ip/sys_pll.v(91)
HDL-1007 : undeclared symbol 'sys_pll_open10', assumed default net type 'wire' in al_ip/sys_pll.v(91)
HDL-1007 : analyze verilog file ../source_code/rtl/sd_card/ax_debounce.v
HDL-1007 : analyze verilog file ../source_code/rtl/sd_card/bmp_read.v
HDL-1007 : analyze verilog file ../source_code/rtl/sd_card/sd_card_bmp.v
HDL-1007 : analyze verilog file ../source_code/rtl/sd_card/sd_card_cmd.v
HDL-1007 : analyze verilog file ../source_code/rtl/sd_card/sd_card_sec_read_write.v
HDL-1007 : analyze verilog file ../source_code/rtl/sd_card/sd_card_top.v
HDL-1007 : analyze verilog file ../source_code/rtl/sd_card/spi_master.v
HDL-1007 : analyze verilog file ../source_code/rtl/sdram/enc_file/global_def.v
HDL-1007 : analyze verilog file ../source_code/rtl/sdram/enc_file/sdr_as_ram.enc.v
HDL-1007 : back to file '../source_code/rtl/sdram/enc_file/sdr_as_ram.enc.v' in ../source_code/rtl/sdram/enc_file/sdr_as_ram.enc.v(54)
HDL-1007 : analyze verilog file ../source_code/rtl/sdram/enc_file/sdr_wrrd.enc.v
HDL-5007 WARNING: concatenation with an unsized literal will be treated as 32 bits in ../source_code/rtl/sdram/enc_file/sdr_wrrd.enc.v(283)
HDL-1007 : back to file '../source_code/rtl/sdram/enc_file/sdr_wrrd.enc.v' in ../source_code/rtl/sdram/enc_file/sdr_wrrd.enc.v(19)
HDL-1007 : analyze verilog file ../source_code/rtl/frame_fifo/afifo_16_32_256.v
HDL-1007 : analyze verilog file ../source_code/rtl/frame_fifo/afifo_32_16_256.v
HDL-1007 : analyze verilog file ../source_code/rtl/frame_fifo/frame_fifo_read.v
HDL-1007 : analyze verilog file ../source_code/rtl/frame_fifo/frame_fifo_write.v
HDL-1007 : analyze verilog file ../source_code/rtl/frame_fifo/frame_read_write.v
HDL-1007 : analyze verilog file ../source_code/rtl/sdram/sdram.v
HDL-1007 : analyze included file ../source_code/rtl/sdram/enc_file/global_def.v in ../source_code/rtl/sdram/sdram.v(10)
HDL-1007 : back to file '../source_code/rtl/sdram/sdram.v' in ../source_code/rtl/sdram/sdram.v(10)
HDL-1007 : undeclared symbol 'SDR_CKE', assumed default net type 'wire' in ../source_code/rtl/sdram/sdram.v(89)
HDL-1007 : analyze verilog file ../source_code/rtl/sdram/enc_file/sdr_init_ref.enc.v
HDL-1007 : analyze included file ../source_code/rtl/sdram/enc_file/global_def.v in ../source_code/rtl/sdram/enc_file/sdr_init_ref.enc.v(11)
HDL-1007 : back to file '../source_code/rtl/sdram/enc_file/sdr_init_ref.enc.v' in ../source_code/rtl/sdram/enc_file/sdr_init_ref.enc.v(11)
HDL-1007 : undeclared symbol '**', assumed default net type '**' in ../source_code/rtl/sdram/enc_file/sdr_init_ref.enc.v(57)
HDL-1007 : back to file '../source_code/rtl/sdram/enc_file/sdr_init_ref.enc.v' in ../source_code/rtl/sdram/enc_file/sdr_init_ref.enc.v(149)
HDL-5007 WARNING: concatenation with an unsized literal will be treated as 32 bits in ../source_code/rtl/sdram/enc_file/sdr_init_ref.enc.v(47)
HDL-1007 : analyze verilog file ../source_code/rtl/video_timing/color_bar.v
HDL-1007 : analyze included file ../source_code/rtl/video_timing/video_define.v in ../source_code/rtl/video_timing/color_bar.v(2)
HDL-1007 : back to file '../source_code/rtl/video_timing/color_bar.v' in ../source_code/rtl/video_timing/color_bar.v(2)
HDL-1007 : analyze verilog file ../source_code/rtl/video_timing/video_delay.v
HDL-1007 : analyze verilog file ../source_code/rtl/video_timing/video_timing_data.v
HDL-1007 : analyze verilog file ../source_code/rtl/another/m_synchronization_header.v
HDL-1007 : analyze verilog file ../source_code/rtl/led.v
HDL-1007 : analyze verilog file ../source_code/rtl/ov5640/cmos_capture_data.v
HDL-1007 : analyze verilog file ../source_code/rtl/ov5640/i2c_dri.v
HDL-1007 : analyze verilog file ../source_code/rtl/ov5640/i2c_ov5640_rgb565_cfg.v
HDL-1007 : analyze verilog file ../source_code/rtl/ov5640/ov5640_delay.v
HDL-1007 : analyze verilog file ../source_code/rtl/ov5640/ov5640_dri.v
HDL-1007 : analyze verilog file al_ip/clk_wize.v
HDL-1007 : undeclared symbol 'open', assumed default net type 'wire' in al_ip/clk_wize.v(70)
HDL-1007 : analyze verilog file al_ip/ram.v
HDL-1007 : analyze verilog file ../source_code/rtl/app/addr_crt.v
HDL-1007 : analyze verilog file ../source_code/rtl/app/app.v
HDL-1007 : analyze verilog file ../source_code/rtl/app/vga_disp_rtl.v
HDL-1007 : analyze VHDL file ../source_code/rtl/hdmi_rtl/enc_file/DVITransmitter.enc.vhd
HDL-1007 : analyze entity dvitransmitter in ../source_code/rtl/hdmi_rtl/enc_file/DVITransmitter.enc.vhd(13)
HDL-1007 : analyze architecture ** in ../source_code/rtl/hdmi_rtl/enc_file/DVITransmitter.enc.vhd(2)
HDL-1007 : analyze VHDL file ../source_code/rtl/hdmi_rtl/enc_file/SerializerN_1_lvds.enc.vhd
HDL-1007 : analyze entity ** in ../source_code/rtl/hdmi_rtl/enc_file/SerializerN_1_lvds.enc.vhd(12)
HDL-1007 : analyze architecture ** in ../source_code/rtl/hdmi_rtl/enc_file/SerializerN_1_lvds.enc.vhd(25)
HDL-1007 : analyze VHDL file ../source_code/rtl/hdmi_rtl/enc_file/SerializerN_1_lvds_dat.enc.vhd
HDL-1007 : analyze entity ** in ../source_code/rtl/hdmi_rtl/enc_file/SerializerN_1_lvds_dat.enc.vhd(14)
HDL-1007 : analyze architecture ** in ../source_code/rtl/hdmi_rtl/enc_file/SerializerN_1_lvds_dat.enc.vhd(28)
HDL-1007 : analyze VHDL file ../source_code/rtl/hdmi_rtl/enc_file/TMDSEncoder.enc.vhd
HDL-1007 : analyze entity ** in ../source_code/rtl/hdmi_rtl/enc_file/TMDSEncoder.enc.vhd(13)
HDL-1007 : analyze architecture ** in ../source_code/rtl/hdmi_rtl/enc_file/TMDSEncoder.enc.vhd(24)
HDL-1007 : analyze verilog file ../source_code/rtl/hdmi_rtl/enc_file/video_tpg_1024768.enc.v
HDL-5007 WARNING: literal value ** truncated to fit in ** bits in ../source_code/rtl/hdmi_rtl/enc_file/video_tpg_1024768.enc.v(231)
HDL-1007 : back to file '../source_code/rtl/hdmi_rtl/enc_file/video_tpg_1024768.enc.v' in ../source_code/rtl/hdmi_rtl/enc_file/video_tpg_1024768.enc.v(1)
HDL-1007 : analyze verilog file ../source_code/rtl/hdmi_rtl/enc_file/video_tpg_1080p.enc.v
HDL-1007 : back to file '../source_code/rtl/hdmi_rtl/enc_file/video_tpg_1080p.enc.v' in ../source_code/rtl/hdmi_rtl/enc_file/video_tpg_1080p.enc.v(1)
HDL-1007 : analyze verilog file ../source_code/rtl/hdmi_rtl/enc_file/video_tpg_12801024p.enc.v
HDL-1007 : back to file '../source_code/rtl/hdmi_rtl/enc_file/video_tpg_12801024p.enc.v' in ../source_code/rtl/hdmi_rtl/enc_file/video_tpg_12801024p.enc.v(1)
HDL-1007 : analyze verilog file ../source_code/rtl/hdmi_rtl/enc_file/video_tpg_1280800.enc.v
HDL-5007 WARNING: literal value ** truncated to fit in ** bits in ../source_code/rtl/hdmi_rtl/enc_file/video_tpg_1280800.enc.v(233)
HDL-1007 : back to file '../source_code/rtl/hdmi_rtl/enc_file/video_tpg_1280800.enc.v' in ../source_code/rtl/hdmi_rtl/enc_file/video_tpg_1280800.enc.v(1)
HDL-1007 : analyze verilog file ../source_code/rtl/hdmi_rtl/enc_file/video_tpg_16801050p.enc.v
HDL-1007 : back to file '../source_code/rtl/hdmi_rtl/enc_file/video_tpg_16801050p.enc.v' in ../source_code/rtl/hdmi_rtl/enc_file/video_tpg_16801050p.enc.v(1)
HDL-1007 : analyze verilog file ../source_code/rtl/hdmi_rtl/enc_file/video_tpg_800600.enc.v
HDL-1007 : back to file '../source_code/rtl/hdmi_rtl/enc_file/video_tpg_800600.enc.v' in ../source_code/rtl/hdmi_rtl/enc_file/video_tpg_800600.enc.v(1)
HDL-1007 : analyze VHDL file ../source_code/rtl/hdmi_rtl/hdmi_tx.vhd
HDL-1007 : analyze entity hdmi_tx in ../source_code/rtl/hdmi_rtl/hdmi_tx.vhd(11)
HDL-1007 : analyze architecture behavioral in ../source_code/rtl/hdmi_rtl/hdmi_tx.vhd(33)
HDL-1007 : analyze verilog file ../source_code/rtl/hdmi_rtl/vga_disp_rtl.v
HDL-7201 CRITICAL-WARNING: overwrite current module 'vga_disp_rtl' in ../source_code/rtl/hdmi_rtl/vga_disp_rtl.v(1)
HDL-7307 CRITICAL-WARNING: previous definition of design element module 'vga_disp_rtl' is here. This is because multiple modules(values) with the same name are defined. Please consider rewriting code in ../source_code/rtl/app/vga_disp_rtl.v(1)
HDL-1007 : analyze verilog file ../source_code/rtl/another/fire_detect.v
HDL-1007 : analyze verilog file ../source_code/rtl/another/intrusion_detect.v
RUN-1002 : start command "commit_param -step design"
RUN-1001 : Print Global Property
RUN-1001 : --------------------------------------------------------
RUN-1001 :   Parameters   |  Settings  |  Default Values  |  Note  
RUN-1001 : --------------------------------------------------------
RUN-1001 :   enable_seed  |    off     |       off        |        
RUN-1001 :     message    |  standard  |     standard     |        
RUN-1001 :   qor_monitor  |     on     |        on        |        
RUN-1001 :   syn_ip_flow  |    off     |       off        |        
RUN-1001 :     thread     |    auto    |       auto       |        
RUN-1001 : --------------------------------------------------------
RUN-1001 : Print Design Property
RUN-1001 : ----------------------------------------------------------------
RUN-1001 :       Parameters       |  Settings  |  Default Values  |  Note  
RUN-1001 : ----------------------------------------------------------------
RUN-1001 :   default_reg_initial  |    auto    |       auto       |        
RUN-1001 :    hdl_warning_level   |   normal   |      normal      |        
RUN-1001 : ----------------------------------------------------------------
HDL-1007 : analyze verilog file last_attempt.v
HDL-1007 : undeclared symbol 'phy_reset', assumed default net type 'wire' in last_attempt.v(167)
HDL-1007 : undeclared symbol 'VGA_HSYNC', assumed default net type 'wire' in last_attempt.v(335)
HDL-1007 : undeclared symbol 'VGA_VSYNC', assumed default net type 'wire' in last_attempt.v(336)
HDL-1007 : undeclared symbol 'rd_en', assumed default net type 'wire' in last_attempt.v(338)
HDL-1007 : undeclared symbol 'tpg_data_done', assumed default net type 'wire' in last_attempt.v(784)
HDL-1007 : undeclared symbol 'full_flag', assumed default net type 'wire' in last_attempt.v(818)
HDL-1007 : undeclared symbol 'input_local_udp_port_num', assumed default net type 'wire' in last_attempt.v(849)
HDL-1007 : undeclared symbol 'input_local_udp_port_num_valid', assumed default net type 'wire' in last_attempt.v(850)
HDL-1007 : undeclared symbol 'input_local_ip_address_valid', assumed default net type 'wire' in last_attempt.v(853)
HDL-1007 : analyze verilog file ../source_code/rtl/udp/BUFGMUX.v
HDL-1007 : analyze verilog file ../source_code/rtl/udp/IDDR.v
HDL-1007 : analyze verilog file ../source_code/rtl/udp/ODDR.v
HDL-1007 : analyze verilog file ../source_code/rtl/udp/RAMB16_S9_S9.v
HDL-1007 : undeclared symbol 'open', assumed default net type 'wire' in ../source_code/rtl/udp/RAMB16_S9_S9.v(109)
HDL-1007 : analyze verilog file ../source_code/rtl/udp/clk_gen_rst_gen.v
HDL-1007 : analyze verilog file ../source_code/rtl/udp/div_clk_gen.v
HDL-1007 : analyze verilog file ../source_code/rtl/udp/rgmii_interface.v
HDL-1007 : analyze verilog file ../source_code/rtl/udp/rx_client_fifo.v
HDL-5370 WARNING: parameter 'WAIT_s' becomes localparam in 'rx_client_fifo' with formal parameter declaration list in ../source_code/rtl/udp/rx_client_fifo.v(49)
HDL-5370 WARNING: parameter 'QUEUE1_s' becomes localparam in 'rx_client_fifo' with formal parameter declaration list in ../source_code/rtl/udp/rx_client_fifo.v(50)
HDL-5370 WARNING: parameter 'QUEUE2_s' becomes localparam in 'rx_client_fifo' with formal parameter declaration list in ../source_code/rtl/udp/rx_client_fifo.v(51)
HDL-5370 WARNING: parameter 'QUEUE3_s' becomes localparam in 'rx_client_fifo' with formal parameter declaration list in ../source_code/rtl/udp/rx_client_fifo.v(52)
HDL-5370 WARNING: parameter 'QUEUE_SOF_s' becomes localparam in 'rx_client_fifo' with formal parameter declaration list in ../source_code/rtl/udp/rx_client_fifo.v(53)
HDL-5370 WARNING: parameter 'SOF_s' becomes localparam in 'rx_client_fifo' with formal parameter declaration list in ../source_code/rtl/udp/rx_client_fifo.v(54)
HDL-5370 WARNING: parameter 'DATA_s' becomes localparam in 'rx_client_fifo' with formal parameter declaration list in ../source_code/rtl/udp/rx_client_fifo.v(55)
HDL-5370 WARNING: parameter 'EOF_s' becomes localparam in 'rx_client_fifo' with formal parameter declaration list in ../source_code/rtl/udp/rx_client_fifo.v(56)
HDL-5370 WARNING: parameter 'IDLE_s' becomes localparam in 'rx_client_fifo' with formal parameter declaration list in ../source_code/rtl/udp/rx_client_fifo.v(62)
HDL-5370 WARNING: parameter 'FRAME_s' becomes localparam in 'rx_client_fifo' with formal parameter declaration list in ../source_code/rtl/udp/rx_client_fifo.v(63)
HDL-5370 Similar messages will be suppressed.
HDL-1007 : analyze verilog file ../source_code/rtl/udp/temac_block.v
HDL-1007 : analyze verilog file ../source_code/rtl/udp/temac_clk_gen.v
HDL-1007 : analyze verilog file ../source_code/rtl/udp/tx_client_fifo.v
HDL-5370 WARNING: parameter 'IDLE_s' becomes localparam in 'tx_client_fifo' with formal parameter declaration list in ../source_code/rtl/udp/tx_client_fifo.v(53)
HDL-5370 WARNING: parameter 'QUEUE1_s' becomes localparam in 'tx_client_fifo' with formal parameter declaration list in ../source_code/rtl/udp/tx_client_fifo.v(54)
HDL-5370 WARNING: parameter 'QUEUE2_s' becomes localparam in 'tx_client_fifo' with formal parameter declaration list in ../source_code/rtl/udp/tx_client_fifo.v(55)
HDL-5370 WARNING: parameter 'QUEUE3_s' becomes localparam in 'tx_client_fifo' with formal parameter declaration list in ../source_code/rtl/udp/tx_client_fifo.v(56)
HDL-5370 WARNING: parameter 'QUEUE_ACK_s' becomes localparam in 'tx_client_fifo' with formal parameter declaration list in ../source_code/rtl/udp/tx_client_fifo.v(57)
HDL-5370 WARNING: parameter 'WAIT_ACK_s' becomes localparam in 'tx_client_fifo' with formal parameter declaration list in ../source_code/rtl/udp/tx_client_fifo.v(58)
HDL-5370 WARNING: parameter 'FRAME_s' becomes localparam in 'tx_client_fifo' with formal parameter declaration list in ../source_code/rtl/udp/tx_client_fifo.v(59)
HDL-5370 WARNING: parameter 'DROP_s' becomes localparam in 'tx_client_fifo' with formal parameter declaration list in ../source_code/rtl/udp/tx_client_fifo.v(60)
HDL-5370 WARNING: parameter 'RETRANSMIT_s' becomes localparam in 'tx_client_fifo' with formal parameter declaration list in ../source_code/rtl/udp/tx_client_fifo.v(61)
HDL-5370 WARNING: parameter 'WAIT_s' becomes localparam in 'tx_client_fifo' with formal parameter declaration list in ../source_code/rtl/udp/tx_client_fifo.v(67)
HDL-5370 Similar messages will be suppressed.
HDL-1007 : analyze verilog file ../source_code/rtl/udp/tx_clk_en_gen.v
HDL-1007 : analyze verilog file ../source_code/rtl/udp/udp_data_tpg.v
HDL-1007 : analyze verilog file ../source_code/rtl/udp/udp_ip_protocol_stack_merge.enc.v
HDL-1007 : back to file '../source_code/rtl/udp/udp_ip_protocol_stack_merge.enc.v' in ../source_code/rtl/udp/udp_ip_protocol_stack_merge.enc.v(56)
HDL-1007 : undeclared symbol '**', assumed default net type '**' in ../source_code/rtl/udp/udp_ip_protocol_stack_merge.enc.v(2638)
HDL-1007 : back to file '../source_code/rtl/udp/udp_ip_protocol_stack_merge.enc.v' in ../source_code/rtl/udp/udp_ip_protocol_stack_merge.enc.v(420)
HDL-1007 : analyze verilog file ../source_code/rtl/udp/udp_loopback.v
HDL-1007 : analyze verilog file al_ip/TEMAC_CORE/RTL/include/define.v
HDL-1007 : analyze verilog file al_ip/TEMAC_CORE/RTL/TEMAC_CORE_aead6cd6dadd.v
HDL-5007 WARNING: column 1032 exceeds maximum value 1023 in al_ip/TEMAC_CORE/RTL/TEMAC_CORE_aead6cd6dadd.v(30)
HDL-1007 : back to file 'al_ip/TEMAC_CORE/RTL/TEMAC_CORE_aead6cd6dadd.v' in al_ip/TEMAC_CORE/RTL/TEMAC_CORE_aead6cd6dadd.v(86)
HDL-5007 WARNING: event expressions must result in a singular type in al_ip/TEMAC_CORE/RTL/TEMAC_CORE_aead6cd6dadd.v(3001)
HDL-1007 : undeclared symbol '**', assumed default net type '**' in al_ip/TEMAC_CORE/RTL/TEMAC_CORE_aead6cd6dadd.v(5050)
HDL-1007 : undeclared symbol '**', assumed default net type '**' in al_ip/TEMAC_CORE/RTL/TEMAC_CORE_aead6cd6dadd.v(5458)
HDL-5007 WARNING: column 1035 exceeds maximum value 1023 in al_ip/TEMAC_CORE/RTL/TEMAC_CORE_aead6cd6dadd.v(6001)
HDL-1007 : back to file 'al_ip/TEMAC_CORE/RTL/TEMAC_CORE_aead6cd6dadd.v' in al_ip/TEMAC_CORE/RTL/TEMAC_CORE_aead6cd6dadd.v(260)
HDL-1007 : analyze verilog file al_ip/TEMAC_CORE/RTL/mac_core_aead6cd6dadd.v
HDL-1007 : analyze verilog file al_ip/TEMAC_CORE/TEMAC_CORE.v
HDL-1007 : analyze verilog file al_ip/pll_gen.v
HDL-1007 : undeclared symbol 'pll_gen_open0', assumed default net type 'wire' in al_ip/pll_gen.v(99)
HDL-1007 : undeclared symbol 'pll_gen_open8', assumed default net type 'wire' in al_ip/pll_gen.v(105)
HDL-1007 : undeclared symbol 'pll_gen_open7', assumed default net type 'wire' in al_ip/pll_gen.v(105)
HDL-1007 : undeclared symbol 'pll_gen_open6', assumed default net type 'wire' in al_ip/pll_gen.v(105)
HDL-1007 : undeclared symbol 'pll_gen_open5', assumed default net type 'wire' in al_ip/pll_gen.v(105)
HDL-1007 : undeclared symbol 'pll_gen_open4', assumed default net type 'wire' in al_ip/pll_gen.v(105)
HDL-1007 : undeclared symbol 'pll_gen_open3', assumed default net type 'wire' in al_ip/pll_gen.v(105)
HDL-1007 : undeclared symbol 'pll_gen_open2', assumed default net type 'wire' in al_ip/pll_gen.v(105)
HDL-1007 : undeclared symbol 'pll_gen_open1', assumed default net type 'wire' in al_ip/pll_gen.v(105)
HDL-1007 : analyze verilog file al_ip/sys_pll.v
HDL-1007 : undeclared symbol 'sys_pll_open0', assumed default net type 'wire' in al_ip/sys_pll.v(77)
HDL-1007 : undeclared symbol 'sys_pll_open1', assumed default net type 'wire' in al_ip/sys_pll.v(83)
HDL-1007 : undeclared symbol 'sys_pll_open9', assumed default net type 'wire' in al_ip/sys_pll.v(89)
HDL-1007 : undeclared symbol 'sys_pll_open8', assumed default net type 'wire' in al_ip/sys_pll.v(89)
HDL-1007 : undeclared symbol 'sys_pll_open7', assumed default net type 'wire' in al_ip/sys_pll.v(89)
HDL-1007 : undeclared symbol 'sys_pll_open6', assumed default net type 'wire' in al_ip/sys_pll.v(89)
HDL-1007 : undeclared symbol 'sys_pll_open5', assumed default net type 'wire' in al_ip/sys_pll.v(89)
HDL-1007 : undeclared symbol 'sys_pll_open4', assumed default net type 'wire' in al_ip/sys_pll.v(89)
HDL-1007 : undeclared symbol 'sys_pll_open3', assumed default net type 'wire' in al_ip/sys_pll.v(89)
HDL-1007 : undeclared symbol 'sys_pll_open2', assumed default net type 'wire' in al_ip/sys_pll.v(89)
HDL-1007 : undeclared symbol 'sys_pll_open11', assumed default net type 'wire' in al_ip/sys_pll.v(91)
HDL-1007 : undeclared symbol 'sys_pll_open10', assumed default net type 'wire' in al_ip/sys_pll.v(91)
HDL-1007 : analyze verilog file ../source_code/rtl/sd_card/ax_debounce.v
HDL-1007 : analyze verilog file ../source_code/rtl/sd_card/bmp_read.v
HDL-1007 : analyze verilog file ../source_code/rtl/sd_card/sd_card_bmp.v
HDL-1007 : analyze verilog file ../source_code/rtl/sd_card/sd_card_cmd.v
HDL-1007 : analyze verilog file ../source_code/rtl/sd_card/sd_card_sec_read_write.v
HDL-1007 : analyze verilog file ../source_code/rtl/sd_card/sd_card_top.v
HDL-1007 : analyze verilog file ../source_code/rtl/sd_card/spi_master.v
HDL-1007 : analyze verilog file ../source_code/rtl/sdram/enc_file/global_def.v
HDL-1007 : analyze verilog file ../source_code/rtl/sdram/enc_file/sdr_as_ram.enc.v
HDL-1007 : back to file '../source_code/rtl/sdram/enc_file/sdr_as_ram.enc.v' in ../source_code/rtl/sdram/enc_file/sdr_as_ram.enc.v(54)
HDL-1007 : analyze verilog file ../source_code/rtl/sdram/enc_file/sdr_wrrd.enc.v
HDL-5007 WARNING: concatenation with an unsized literal will be treated as 32 bits in ../source_code/rtl/sdram/enc_file/sdr_wrrd.enc.v(283)
HDL-1007 : back to file '../source_code/rtl/sdram/enc_file/sdr_wrrd.enc.v' in ../source_code/rtl/sdram/enc_file/sdr_wrrd.enc.v(19)
HDL-1007 : analyze verilog file ../source_code/rtl/frame_fifo/afifo_16_32_256.v
HDL-1007 : analyze verilog file ../source_code/rtl/frame_fifo/afifo_32_16_256.v
HDL-1007 : analyze verilog file ../source_code/rtl/frame_fifo/frame_fifo_read.v
HDL-1007 : analyze verilog file ../source_code/rtl/frame_fifo/frame_fifo_write.v
HDL-1007 : analyze verilog file ../source_code/rtl/frame_fifo/frame_read_write.v
HDL-1007 : analyze verilog file ../source_code/rtl/sdram/sdram.v
HDL-1007 : analyze included file ../source_code/rtl/sdram/enc_file/global_def.v in ../source_code/rtl/sdram/sdram.v(10)
HDL-1007 : back to file '../source_code/rtl/sdram/sdram.v' in ../source_code/rtl/sdram/sdram.v(10)
HDL-1007 : undeclared symbol 'SDR_CKE', assumed default net type 'wire' in ../source_code/rtl/sdram/sdram.v(89)
HDL-1007 : analyze verilog file ../source_code/rtl/sdram/enc_file/sdr_init_ref.enc.v
HDL-1007 : analyze included file ../source_code/rtl/sdram/enc_file/global_def.v in ../source_code/rtl/sdram/enc_file/sdr_init_ref.enc.v(11)
HDL-1007 : back to file '../source_code/rtl/sdram/enc_file/sdr_init_ref.enc.v' in ../source_code/rtl/sdram/enc_file/sdr_init_ref.enc.v(11)
HDL-1007 : undeclared symbol '**', assumed default net type '**' in ../source_code/rtl/sdram/enc_file/sdr_init_ref.enc.v(57)
HDL-1007 : back to file '../source_code/rtl/sdram/enc_file/sdr_init_ref.enc.v' in ../source_code/rtl/sdram/enc_file/sdr_init_ref.enc.v(149)
HDL-5007 WARNING: concatenation with an unsized literal will be treated as 32 bits in ../source_code/rtl/sdram/enc_file/sdr_init_ref.enc.v(47)
HDL-1007 : analyze verilog file ../source_code/rtl/video_timing/color_bar.v
HDL-1007 : analyze included file ../source_code/rtl/video_timing/video_define.v in ../source_code/rtl/video_timing/color_bar.v(2)
HDL-1007 : back to file '../source_code/rtl/video_timing/color_bar.v' in ../source_code/rtl/video_timing/color_bar.v(2)
HDL-1007 : analyze verilog file ../source_code/rtl/video_timing/video_delay.v
HDL-1007 : analyze verilog file ../source_code/rtl/video_timing/video_timing_data.v
HDL-1007 : analyze verilog file ../source_code/rtl/another/m_synchronization_header.v
HDL-1007 : analyze verilog file ../source_code/rtl/led.v
HDL-1007 : analyze verilog file ../source_code/rtl/ov5640/cmos_capture_data.v
HDL-1007 : analyze verilog file ../source_code/rtl/ov5640/i2c_dri.v
HDL-1007 : analyze verilog file ../source_code/rtl/ov5640/i2c_ov5640_rgb565_cfg.v
HDL-1007 : analyze verilog file ../source_code/rtl/ov5640/ov5640_delay.v
HDL-1007 : analyze verilog file ../source_code/rtl/ov5640/ov5640_dri.v
HDL-1007 : analyze verilog file al_ip/clk_wize.v
HDL-1007 : undeclared symbol 'open', assumed default net type 'wire' in al_ip/clk_wize.v(70)
HDL-1007 : analyze verilog file al_ip/ram.v
HDL-1007 : analyze verilog file ../source_code/rtl/app/addr_crt.v
HDL-1007 : analyze verilog file ../source_code/rtl/app/app.v
HDL-1007 : analyze verilog file ../source_code/rtl/app/vga_disp_rtl.v
HDL-1007 : analyze VHDL file ../source_code/rtl/hdmi_rtl/enc_file/DVITransmitter.enc.vhd
HDL-1007 : analyze entity dvitransmitter in ../source_code/rtl/hdmi_rtl/enc_file/DVITransmitter.enc.vhd(13)
HDL-1007 : analyze architecture ** in ../source_code/rtl/hdmi_rtl/enc_file/DVITransmitter.enc.vhd(2)
HDL-1007 : analyze VHDL file ../source_code/rtl/hdmi_rtl/enc_file/SerializerN_1_lvds.enc.vhd
HDL-1007 : analyze entity ** in ../source_code/rtl/hdmi_rtl/enc_file/SerializerN_1_lvds.enc.vhd(12)
HDL-1007 : analyze architecture ** in ../source_code/rtl/hdmi_rtl/enc_file/SerializerN_1_lvds.enc.vhd(25)
HDL-1007 : analyze VHDL file ../source_code/rtl/hdmi_rtl/enc_file/SerializerN_1_lvds_dat.enc.vhd
HDL-1007 : analyze entity ** in ../source_code/rtl/hdmi_rtl/enc_file/SerializerN_1_lvds_dat.enc.vhd(14)
HDL-1007 : analyze architecture ** in ../source_code/rtl/hdmi_rtl/enc_file/SerializerN_1_lvds_dat.enc.vhd(28)
HDL-1007 : analyze VHDL file ../source_code/rtl/hdmi_rtl/enc_file/TMDSEncoder.enc.vhd
HDL-1007 : analyze entity ** in ../source_code/rtl/hdmi_rtl/enc_file/TMDSEncoder.enc.vhd(13)
HDL-1007 : analyze architecture ** in ../source_code/rtl/hdmi_rtl/enc_file/TMDSEncoder.enc.vhd(24)
HDL-1007 : analyze verilog file ../source_code/rtl/hdmi_rtl/enc_file/video_tpg_1024768.enc.v
HDL-5007 WARNING: literal value ** truncated to fit in ** bits in ../source_code/rtl/hdmi_rtl/enc_file/video_tpg_1024768.enc.v(231)
HDL-1007 : back to file '../source_code/rtl/hdmi_rtl/enc_file/video_tpg_1024768.enc.v' in ../source_code/rtl/hdmi_rtl/enc_file/video_tpg_1024768.enc.v(1)
HDL-1007 : analyze verilog file ../source_code/rtl/hdmi_rtl/enc_file/video_tpg_1080p.enc.v
HDL-1007 : back to file '../source_code/rtl/hdmi_rtl/enc_file/video_tpg_1080p.enc.v' in ../source_code/rtl/hdmi_rtl/enc_file/video_tpg_1080p.enc.v(1)
HDL-1007 : analyze verilog file ../source_code/rtl/hdmi_rtl/enc_file/video_tpg_12801024p.enc.v
HDL-1007 : back to file '../source_code/rtl/hdmi_rtl/enc_file/video_tpg_12801024p.enc.v' in ../source_code/rtl/hdmi_rtl/enc_file/video_tpg_12801024p.enc.v(1)
HDL-1007 : analyze verilog file ../source_code/rtl/hdmi_rtl/enc_file/video_tpg_1280800.enc.v
HDL-5007 WARNING: literal value ** truncated to fit in ** bits in ../source_code/rtl/hdmi_rtl/enc_file/video_tpg_1280800.enc.v(233)
HDL-1007 : back to file '../source_code/rtl/hdmi_rtl/enc_file/video_tpg_1280800.enc.v' in ../source_code/rtl/hdmi_rtl/enc_file/video_tpg_1280800.enc.v(1)
HDL-1007 : analyze verilog file ../source_code/rtl/hdmi_rtl/enc_file/video_tpg_16801050p.enc.v
HDL-1007 : back to file '../source_code/rtl/hdmi_rtl/enc_file/video_tpg_16801050p.enc.v' in ../source_code/rtl/hdmi_rtl/enc_file/video_tpg_16801050p.enc.v(1)
HDL-1007 : analyze verilog file ../source_code/rtl/hdmi_rtl/enc_file/video_tpg_800600.enc.v
HDL-1007 : back to file '../source_code/rtl/hdmi_rtl/enc_file/video_tpg_800600.enc.v' in ../source_code/rtl/hdmi_rtl/enc_file/video_tpg_800600.enc.v(1)
HDL-1007 : analyze VHDL file ../source_code/rtl/hdmi_rtl/hdmi_tx.vhd
HDL-1007 : analyze entity hdmi_tx in ../source_code/rtl/hdmi_rtl/hdmi_tx.vhd(11)
HDL-1007 : analyze architecture behavioral in ../source_code/rtl/hdmi_rtl/hdmi_tx.vhd(33)
HDL-1007 : analyze verilog file ../source_code/rtl/hdmi_rtl/vga_disp_rtl.v
HDL-7201 CRITICAL-WARNING: overwrite current module 'vga_disp_rtl' in ../source_code/rtl/hdmi_rtl/vga_disp_rtl.v(1)
HDL-7307 CRITICAL-WARNING: previous definition of design element module 'vga_disp_rtl' is here. This is because multiple modules(values) with the same name are defined. Please consider rewriting code in ../source_code/rtl/app/vga_disp_rtl.v(1)
HDL-1007 : analyze verilog file ../source_code/rtl/another/fire_detect.v
HDL-1007 : analyze verilog file ../source_code/rtl/another/intrusion_detect.v
PRJ-1412 : reset_run syn_1 phy_1.
PRJ-1409 : launch_runs syn_1 phy_1  -jobs 6.
PRJ-1410 : Run syn_1 success.
PRJ-1410 : Run phy_1 success.
RUN-1002 : start command "save_best_bits"
PRJ-1424 : The implemented result of phy_1 is saved as best result.
RUN-1002 : start command "import_db D:/FPGA/workplace6_2_1/last_attempt/prj/last_attempt_Runs/phy_1/last_attempt_pr.db"
RUN-1001 : Importing database generated by Tang Dynasty, V6.2.168116.
RUN-1001 : Database version number 46207
RUN-1001 : Import flow parameters
RUN-1001 : Import netlist
PHY-1001 : Generate detailed routing grids ...
PHY-1001 : End build routing graph; 0.476082s wall, 0.468750s user + 0.046875s system = 0.515625s CPU (108.3%)

PHY-1001 : Build lut bridge;  0.064983s wall, 0.046875s user + 0.000000s system = 0.046875s CPU (72.1%)

PHY-1001 : Generate nets ...
PHY-1001 : net clk_50_dup_1 will be routed on clock mesh
PHY-1001 : clock net temac_clk will be merged with clock u_clk_gen/u_pll_0/clk0_buf
PHY-1001 : net udp_clk will be routed on clock mesh
PHY-1001 : net U3/u2_ram/SDRAM_CLK will be routed on clock mesh
PHY-1001 : net U3/u2_ram/u1_init_ref/Sdr_clk will be routed on clock mesh
PHY-1001 : clock net u_ov5640_dri/u_i2c_dr/dri_clk_syn_4 will be merged with clock u_ov5640_dri/u_i2c_dr/dri_clk
PHY-1001 : clock net u2_udp_loopback/app_tx_data_read_syn_4 will be merged with clock u2_udp_loopback/app_tx_data_read
PHY-1001 : clock net frame_read_write_m0/write_clk_syn_4 will be merged with clock frame_read_write_m0/write_clk
PHY-1001 : clock net cam_pclk_syn_4 will be merged with clock cam_pclk_dup_1
PHY-1001 : clock net sd_card_bmp_m0/bmp_read_m0/clk will be merged with clock tf0_sys_pll/clk0_buf
PHY-1001 : net u2_hdmi_tx/Inst_DVITransmitter/PCLK_I will be routed on clock mesh
PHY-1001 : clock net u2_hdmi_tx/Inst_DVITransmitter/PCLK_X5_I will be merged with clock u0_clk_wize/clk0_buf
PHY-1001 : clock net u4_trimac_block/rx_clk will be merged with clock phy1_rgmii_rx_clk_dup_1
PHY-1001 : net u4_trimac_block/u1_rgmii_interface/rgmii_txc_ddr/clk will be routed on clock mesh
PHY-1001 : eco open net = 0
PHY-1001 : 860 feed throughs used by 580 nets
RUN-1001 : Import phy database
RUN-1001 : Import timing constraints
RUN-1001 : Import IO constraints
RUN-1001 : Import Inst constraints
RUN-1001 : Import ChipWatcher
RUN-1001 : Import design success TD_VERSION=6.2.168116 , DB_VERSION=46207
RUN-1003 : finish command "import_db D:/FPGA/workplace6_2_1/last_attempt/prj/last_attempt_Runs/phy_1/last_attempt_pr.db" in  4.146437s wall, 3.828125s user + 0.531250s system = 4.359375s CPU (105.1%)

RUN-1004 : used memory is 880 MB, reserved memory is 814 MB, peak memory is 956 MB
RUN-1002 : start command "commit_param -step design"
RUN-1001 : Print Global Property
RUN-1001 : --------------------------------------------------------
RUN-1001 :   Parameters   |  Settings  |  Default Values  |  Note  
RUN-1001 : --------------------------------------------------------
RUN-1001 :   enable_seed  |    off     |       off        |        
RUN-1001 :     message    |  standard  |     standard     |        
RUN-1001 :   qor_monitor  |     on     |        on        |        
RUN-1001 :   syn_ip_flow  |    off     |       off        |        
RUN-1001 :     thread     |    auto    |       auto       |        
RUN-1001 : --------------------------------------------------------
RUN-1001 : Print Design Property
RUN-1001 : ----------------------------------------------------------------
RUN-1001 :       Parameters       |  Settings  |  Default Values  |  Note  
RUN-1001 : ----------------------------------------------------------------
RUN-1001 :   default_reg_initial  |    auto    |       auto       |        
RUN-1001 :    hdl_warning_level   |   normal   |      normal      |        
RUN-1001 : ----------------------------------------------------------------
HDL-1007 : analyze verilog file last_attempt.v
HDL-1007 : undeclared symbol 'phy_reset', assumed default net type 'wire' in last_attempt.v(167)
HDL-1007 : undeclared symbol 'VGA_HSYNC', assumed default net type 'wire' in last_attempt.v(335)
HDL-1007 : undeclared symbol 'VGA_VSYNC', assumed default net type 'wire' in last_attempt.v(336)
HDL-1007 : undeclared symbol 'rd_en', assumed default net type 'wire' in last_attempt.v(338)
HDL-1007 : undeclared symbol 'tpg_data_done', assumed default net type 'wire' in last_attempt.v(785)
HDL-1007 : undeclared symbol 'full_flag', assumed default net type 'wire' in last_attempt.v(819)
HDL-1007 : undeclared symbol 'input_local_udp_port_num', assumed default net type 'wire' in last_attempt.v(850)
HDL-1007 : undeclared symbol 'input_local_udp_port_num_valid', assumed default net type 'wire' in last_attempt.v(851)
HDL-1007 : undeclared symbol 'input_local_ip_address_valid', assumed default net type 'wire' in last_attempt.v(854)
HDL-1007 : analyze verilog file ../source_code/rtl/udp/BUFGMUX.v
HDL-1007 : analyze verilog file ../source_code/rtl/udp/IDDR.v
HDL-1007 : analyze verilog file ../source_code/rtl/udp/ODDR.v
HDL-1007 : analyze verilog file ../source_code/rtl/udp/RAMB16_S9_S9.v
HDL-1007 : undeclared symbol 'open', assumed default net type 'wire' in ../source_code/rtl/udp/RAMB16_S9_S9.v(109)
HDL-1007 : analyze verilog file ../source_code/rtl/udp/clk_gen_rst_gen.v
HDL-1007 : analyze verilog file ../source_code/rtl/udp/div_clk_gen.v
HDL-1007 : analyze verilog file ../source_code/rtl/udp/rgmii_interface.v
HDL-1007 : analyze verilog file ../source_code/rtl/udp/rx_client_fifo.v
HDL-5370 WARNING: parameter 'WAIT_s' becomes localparam in 'rx_client_fifo' with formal parameter declaration list in ../source_code/rtl/udp/rx_client_fifo.v(49)
HDL-5370 WARNING: parameter 'QUEUE1_s' becomes localparam in 'rx_client_fifo' with formal parameter declaration list in ../source_code/rtl/udp/rx_client_fifo.v(50)
HDL-5370 WARNING: parameter 'QUEUE2_s' becomes localparam in 'rx_client_fifo' with formal parameter declaration list in ../source_code/rtl/udp/rx_client_fifo.v(51)
HDL-5370 WARNING: parameter 'QUEUE3_s' becomes localparam in 'rx_client_fifo' with formal parameter declaration list in ../source_code/rtl/udp/rx_client_fifo.v(52)
HDL-5370 WARNING: parameter 'QUEUE_SOF_s' becomes localparam in 'rx_client_fifo' with formal parameter declaration list in ../source_code/rtl/udp/rx_client_fifo.v(53)
HDL-5370 WARNING: parameter 'SOF_s' becomes localparam in 'rx_client_fifo' with formal parameter declaration list in ../source_code/rtl/udp/rx_client_fifo.v(54)
HDL-5370 WARNING: parameter 'DATA_s' becomes localparam in 'rx_client_fifo' with formal parameter declaration list in ../source_code/rtl/udp/rx_client_fifo.v(55)
HDL-5370 WARNING: parameter 'EOF_s' becomes localparam in 'rx_client_fifo' with formal parameter declaration list in ../source_code/rtl/udp/rx_client_fifo.v(56)
HDL-5370 WARNING: parameter 'IDLE_s' becomes localparam in 'rx_client_fifo' with formal parameter declaration list in ../source_code/rtl/udp/rx_client_fifo.v(62)
HDL-5370 WARNING: parameter 'FRAME_s' becomes localparam in 'rx_client_fifo' with formal parameter declaration list in ../source_code/rtl/udp/rx_client_fifo.v(63)
HDL-5370 Similar messages will be suppressed.
HDL-1007 : analyze verilog file ../source_code/rtl/udp/temac_block.v
HDL-1007 : analyze verilog file ../source_code/rtl/udp/temac_clk_gen.v
HDL-1007 : analyze verilog file ../source_code/rtl/udp/tx_client_fifo.v
HDL-5370 WARNING: parameter 'IDLE_s' becomes localparam in 'tx_client_fifo' with formal parameter declaration list in ../source_code/rtl/udp/tx_client_fifo.v(53)
HDL-5370 WARNING: parameter 'QUEUE1_s' becomes localparam in 'tx_client_fifo' with formal parameter declaration list in ../source_code/rtl/udp/tx_client_fifo.v(54)
HDL-5370 WARNING: parameter 'QUEUE2_s' becomes localparam in 'tx_client_fifo' with formal parameter declaration list in ../source_code/rtl/udp/tx_client_fifo.v(55)
HDL-5370 WARNING: parameter 'QUEUE3_s' becomes localparam in 'tx_client_fifo' with formal parameter declaration list in ../source_code/rtl/udp/tx_client_fifo.v(56)
HDL-5370 WARNING: parameter 'QUEUE_ACK_s' becomes localparam in 'tx_client_fifo' with formal parameter declaration list in ../source_code/rtl/udp/tx_client_fifo.v(57)
HDL-5370 WARNING: parameter 'WAIT_ACK_s' becomes localparam in 'tx_client_fifo' with formal parameter declaration list in ../source_code/rtl/udp/tx_client_fifo.v(58)
HDL-5370 WARNING: parameter 'FRAME_s' becomes localparam in 'tx_client_fifo' with formal parameter declaration list in ../source_code/rtl/udp/tx_client_fifo.v(59)
HDL-5370 WARNING: parameter 'DROP_s' becomes localparam in 'tx_client_fifo' with formal parameter declaration list in ../source_code/rtl/udp/tx_client_fifo.v(60)
HDL-5370 WARNING: parameter 'RETRANSMIT_s' becomes localparam in 'tx_client_fifo' with formal parameter declaration list in ../source_code/rtl/udp/tx_client_fifo.v(61)
HDL-5370 WARNING: parameter 'WAIT_s' becomes localparam in 'tx_client_fifo' with formal parameter declaration list in ../source_code/rtl/udp/tx_client_fifo.v(67)
HDL-5370 Similar messages will be suppressed.
HDL-1007 : analyze verilog file ../source_code/rtl/udp/tx_clk_en_gen.v
HDL-1007 : analyze verilog file ../source_code/rtl/udp/udp_data_tpg.v
HDL-1007 : analyze verilog file ../source_code/rtl/udp/udp_ip_protocol_stack_merge.enc.v
HDL-1007 : back to file '../source_code/rtl/udp/udp_ip_protocol_stack_merge.enc.v' in ../source_code/rtl/udp/udp_ip_protocol_stack_merge.enc.v(56)
HDL-1007 : undeclared symbol '**', assumed default net type '**' in ../source_code/rtl/udp/udp_ip_protocol_stack_merge.enc.v(2638)
HDL-1007 : back to file '../source_code/rtl/udp/udp_ip_protocol_stack_merge.enc.v' in ../source_code/rtl/udp/udp_ip_protocol_stack_merge.enc.v(420)
HDL-1007 : analyze verilog file ../source_code/rtl/udp/udp_loopback.v
HDL-1007 : analyze verilog file al_ip/TEMAC_CORE/RTL/include/define.v
HDL-1007 : analyze verilog file al_ip/TEMAC_CORE/RTL/TEMAC_CORE_aead6cd6dadd.v
HDL-5007 WARNING: column 1032 exceeds maximum value 1023 in al_ip/TEMAC_CORE/RTL/TEMAC_CORE_aead6cd6dadd.v(30)
HDL-1007 : back to file 'al_ip/TEMAC_CORE/RTL/TEMAC_CORE_aead6cd6dadd.v' in al_ip/TEMAC_CORE/RTL/TEMAC_CORE_aead6cd6dadd.v(86)
HDL-5007 WARNING: event expressions must result in a singular type in al_ip/TEMAC_CORE/RTL/TEMAC_CORE_aead6cd6dadd.v(3001)
HDL-1007 : undeclared symbol '**', assumed default net type '**' in al_ip/TEMAC_CORE/RTL/TEMAC_CORE_aead6cd6dadd.v(5050)
HDL-1007 : undeclared symbol '**', assumed default net type '**' in al_ip/TEMAC_CORE/RTL/TEMAC_CORE_aead6cd6dadd.v(5458)
HDL-5007 WARNING: column 1035 exceeds maximum value 1023 in al_ip/TEMAC_CORE/RTL/TEMAC_CORE_aead6cd6dadd.v(6001)
HDL-1007 : back to file 'al_ip/TEMAC_CORE/RTL/TEMAC_CORE_aead6cd6dadd.v' in al_ip/TEMAC_CORE/RTL/TEMAC_CORE_aead6cd6dadd.v(260)
HDL-1007 : analyze verilog file al_ip/TEMAC_CORE/RTL/mac_core_aead6cd6dadd.v
HDL-1007 : analyze verilog file al_ip/TEMAC_CORE/TEMAC_CORE.v
HDL-1007 : analyze verilog file al_ip/pll_gen.v
HDL-1007 : undeclared symbol 'pll_gen_open0', assumed default net type 'wire' in al_ip/pll_gen.v(99)
HDL-1007 : undeclared symbol 'pll_gen_open8', assumed default net type 'wire' in al_ip/pll_gen.v(105)
HDL-1007 : undeclared symbol 'pll_gen_open7', assumed default net type 'wire' in al_ip/pll_gen.v(105)
HDL-1007 : undeclared symbol 'pll_gen_open6', assumed default net type 'wire' in al_ip/pll_gen.v(105)
HDL-1007 : undeclared symbol 'pll_gen_open5', assumed default net type 'wire' in al_ip/pll_gen.v(105)
HDL-1007 : undeclared symbol 'pll_gen_open4', assumed default net type 'wire' in al_ip/pll_gen.v(105)
HDL-1007 : undeclared symbol 'pll_gen_open3', assumed default net type 'wire' in al_ip/pll_gen.v(105)
HDL-1007 : undeclared symbol 'pll_gen_open2', assumed default net type 'wire' in al_ip/pll_gen.v(105)
HDL-1007 : undeclared symbol 'pll_gen_open1', assumed default net type 'wire' in al_ip/pll_gen.v(105)
HDL-1007 : analyze verilog file al_ip/sys_pll.v
HDL-1007 : undeclared symbol 'sys_pll_open0', assumed default net type 'wire' in al_ip/sys_pll.v(77)
HDL-1007 : undeclared symbol 'sys_pll_open1', assumed default net type 'wire' in al_ip/sys_pll.v(83)
HDL-1007 : undeclared symbol 'sys_pll_open9', assumed default net type 'wire' in al_ip/sys_pll.v(89)
HDL-1007 : undeclared symbol 'sys_pll_open8', assumed default net type 'wire' in al_ip/sys_pll.v(89)
HDL-1007 : undeclared symbol 'sys_pll_open7', assumed default net type 'wire' in al_ip/sys_pll.v(89)
HDL-1007 : undeclared symbol 'sys_pll_open6', assumed default net type 'wire' in al_ip/sys_pll.v(89)
HDL-1007 : undeclared symbol 'sys_pll_open5', assumed default net type 'wire' in al_ip/sys_pll.v(89)
HDL-1007 : undeclared symbol 'sys_pll_open4', assumed default net type 'wire' in al_ip/sys_pll.v(89)
HDL-1007 : undeclared symbol 'sys_pll_open3', assumed default net type 'wire' in al_ip/sys_pll.v(89)
HDL-1007 : undeclared symbol 'sys_pll_open2', assumed default net type 'wire' in al_ip/sys_pll.v(89)
HDL-1007 : undeclared symbol 'sys_pll_open11', assumed default net type 'wire' in al_ip/sys_pll.v(91)
HDL-1007 : undeclared symbol 'sys_pll_open10', assumed default net type 'wire' in al_ip/sys_pll.v(91)
HDL-1007 : analyze verilog file ../source_code/rtl/sd_card/ax_debounce.v
HDL-1007 : analyze verilog file ../source_code/rtl/sd_card/bmp_read.v
HDL-1007 : analyze verilog file ../source_code/rtl/sd_card/sd_card_bmp.v
HDL-1007 : analyze verilog file ../source_code/rtl/sd_card/sd_card_cmd.v
HDL-1007 : analyze verilog file ../source_code/rtl/sd_card/sd_card_sec_read_write.v
HDL-1007 : analyze verilog file ../source_code/rtl/sd_card/sd_card_top.v
HDL-1007 : analyze verilog file ../source_code/rtl/sd_card/spi_master.v
HDL-1007 : analyze verilog file ../source_code/rtl/sdram/enc_file/global_def.v
HDL-1007 : analyze verilog file ../source_code/rtl/sdram/enc_file/sdr_as_ram.enc.v
HDL-1007 : back to file '../source_code/rtl/sdram/enc_file/sdr_as_ram.enc.v' in ../source_code/rtl/sdram/enc_file/sdr_as_ram.enc.v(54)
HDL-1007 : analyze verilog file ../source_code/rtl/sdram/enc_file/sdr_wrrd.enc.v
HDL-5007 WARNING: concatenation with an unsized literal will be treated as 32 bits in ../source_code/rtl/sdram/enc_file/sdr_wrrd.enc.v(283)
HDL-1007 : back to file '../source_code/rtl/sdram/enc_file/sdr_wrrd.enc.v' in ../source_code/rtl/sdram/enc_file/sdr_wrrd.enc.v(19)
HDL-1007 : analyze verilog file ../source_code/rtl/frame_fifo/afifo_16_32_256.v
HDL-1007 : analyze verilog file ../source_code/rtl/frame_fifo/afifo_32_16_256.v
HDL-1007 : analyze verilog file ../source_code/rtl/frame_fifo/frame_fifo_read.v
HDL-1007 : analyze verilog file ../source_code/rtl/frame_fifo/frame_fifo_write.v
HDL-1007 : analyze verilog file ../source_code/rtl/frame_fifo/frame_read_write.v
HDL-1007 : analyze verilog file ../source_code/rtl/sdram/sdram.v
HDL-1007 : analyze included file ../source_code/rtl/sdram/enc_file/global_def.v in ../source_code/rtl/sdram/sdram.v(10)
HDL-1007 : back to file '../source_code/rtl/sdram/sdram.v' in ../source_code/rtl/sdram/sdram.v(10)
HDL-1007 : undeclared symbol 'SDR_CKE', assumed default net type 'wire' in ../source_code/rtl/sdram/sdram.v(89)
HDL-1007 : analyze verilog file ../source_code/rtl/sdram/enc_file/sdr_init_ref.enc.v
HDL-1007 : analyze included file ../source_code/rtl/sdram/enc_file/global_def.v in ../source_code/rtl/sdram/enc_file/sdr_init_ref.enc.v(11)
HDL-1007 : back to file '../source_code/rtl/sdram/enc_file/sdr_init_ref.enc.v' in ../source_code/rtl/sdram/enc_file/sdr_init_ref.enc.v(11)
HDL-1007 : undeclared symbol '**', assumed default net type '**' in ../source_code/rtl/sdram/enc_file/sdr_init_ref.enc.v(57)
HDL-1007 : back to file '../source_code/rtl/sdram/enc_file/sdr_init_ref.enc.v' in ../source_code/rtl/sdram/enc_file/sdr_init_ref.enc.v(149)
HDL-5007 WARNING: concatenation with an unsized literal will be treated as 32 bits in ../source_code/rtl/sdram/enc_file/sdr_init_ref.enc.v(47)
HDL-1007 : analyze verilog file ../source_code/rtl/video_timing/color_bar.v
HDL-1007 : analyze included file ../source_code/rtl/video_timing/video_define.v in ../source_code/rtl/video_timing/color_bar.v(2)
HDL-1007 : back to file '../source_code/rtl/video_timing/color_bar.v' in ../source_code/rtl/video_timing/color_bar.v(2)
HDL-1007 : analyze verilog file ../source_code/rtl/video_timing/video_delay.v
HDL-1007 : analyze verilog file ../source_code/rtl/video_timing/video_timing_data.v
HDL-1007 : analyze verilog file ../source_code/rtl/another/m_synchronization_header.v
HDL-1007 : analyze verilog file ../source_code/rtl/led.v
HDL-1007 : analyze verilog file ../source_code/rtl/ov5640/cmos_capture_data.v
HDL-1007 : analyze verilog file ../source_code/rtl/ov5640/i2c_dri.v
HDL-1007 : analyze verilog file ../source_code/rtl/ov5640/i2c_ov5640_rgb565_cfg.v
HDL-1007 : analyze verilog file ../source_code/rtl/ov5640/ov5640_delay.v
HDL-1007 : analyze verilog file ../source_code/rtl/ov5640/ov5640_dri.v
HDL-1007 : analyze verilog file al_ip/clk_wize.v
HDL-1007 : undeclared symbol 'open', assumed default net type 'wire' in al_ip/clk_wize.v(70)
HDL-1007 : analyze verilog file al_ip/ram.v
HDL-1007 : analyze verilog file ../source_code/rtl/app/addr_crt.v
HDL-1007 : analyze verilog file ../source_code/rtl/app/app.v
HDL-1007 : analyze verilog file ../source_code/rtl/app/vga_disp_rtl.v
HDL-1007 : analyze VHDL file ../source_code/rtl/hdmi_rtl/enc_file/DVITransmitter.enc.vhd
HDL-1007 : analyze entity dvitransmitter in ../source_code/rtl/hdmi_rtl/enc_file/DVITransmitter.enc.vhd(13)
HDL-1007 : analyze architecture ** in ../source_code/rtl/hdmi_rtl/enc_file/DVITransmitter.enc.vhd(2)
HDL-1007 : analyze VHDL file ../source_code/rtl/hdmi_rtl/enc_file/SerializerN_1_lvds.enc.vhd
HDL-1007 : analyze entity ** in ../source_code/rtl/hdmi_rtl/enc_file/SerializerN_1_lvds.enc.vhd(12)
HDL-1007 : analyze architecture ** in ../source_code/rtl/hdmi_rtl/enc_file/SerializerN_1_lvds.enc.vhd(25)
HDL-1007 : analyze VHDL file ../source_code/rtl/hdmi_rtl/enc_file/SerializerN_1_lvds_dat.enc.vhd
HDL-1007 : analyze entity ** in ../source_code/rtl/hdmi_rtl/enc_file/SerializerN_1_lvds_dat.enc.vhd(14)
HDL-1007 : analyze architecture ** in ../source_code/rtl/hdmi_rtl/enc_file/SerializerN_1_lvds_dat.enc.vhd(28)
HDL-1007 : analyze VHDL file ../source_code/rtl/hdmi_rtl/enc_file/TMDSEncoder.enc.vhd
HDL-1007 : analyze entity ** in ../source_code/rtl/hdmi_rtl/enc_file/TMDSEncoder.enc.vhd(13)
HDL-1007 : analyze architecture ** in ../source_code/rtl/hdmi_rtl/enc_file/TMDSEncoder.enc.vhd(24)
HDL-1007 : analyze verilog file ../source_code/rtl/hdmi_rtl/enc_file/video_tpg_1024768.enc.v
HDL-5007 WARNING: literal value ** truncated to fit in ** bits in ../source_code/rtl/hdmi_rtl/enc_file/video_tpg_1024768.enc.v(231)
HDL-1007 : back to file '../source_code/rtl/hdmi_rtl/enc_file/video_tpg_1024768.enc.v' in ../source_code/rtl/hdmi_rtl/enc_file/video_tpg_1024768.enc.v(1)
HDL-1007 : analyze verilog file ../source_code/rtl/hdmi_rtl/enc_file/video_tpg_1080p.enc.v
HDL-1007 : back to file '../source_code/rtl/hdmi_rtl/enc_file/video_tpg_1080p.enc.v' in ../source_code/rtl/hdmi_rtl/enc_file/video_tpg_1080p.enc.v(1)
HDL-1007 : analyze verilog file ../source_code/rtl/hdmi_rtl/enc_file/video_tpg_12801024p.enc.v
HDL-1007 : back to file '../source_code/rtl/hdmi_rtl/enc_file/video_tpg_12801024p.enc.v' in ../source_code/rtl/hdmi_rtl/enc_file/video_tpg_12801024p.enc.v(1)
HDL-1007 : analyze verilog file ../source_code/rtl/hdmi_rtl/enc_file/video_tpg_1280800.enc.v
HDL-5007 WARNING: literal value ** truncated to fit in ** bits in ../source_code/rtl/hdmi_rtl/enc_file/video_tpg_1280800.enc.v(233)
HDL-1007 : back to file '../source_code/rtl/hdmi_rtl/enc_file/video_tpg_1280800.enc.v' in ../source_code/rtl/hdmi_rtl/enc_file/video_tpg_1280800.enc.v(1)
HDL-1007 : analyze verilog file ../source_code/rtl/hdmi_rtl/enc_file/video_tpg_16801050p.enc.v
HDL-1007 : back to file '../source_code/rtl/hdmi_rtl/enc_file/video_tpg_16801050p.enc.v' in ../source_code/rtl/hdmi_rtl/enc_file/video_tpg_16801050p.enc.v(1)
HDL-1007 : analyze verilog file ../source_code/rtl/hdmi_rtl/enc_file/video_tpg_800600.enc.v
HDL-1007 : back to file '../source_code/rtl/hdmi_rtl/enc_file/video_tpg_800600.enc.v' in ../source_code/rtl/hdmi_rtl/enc_file/video_tpg_800600.enc.v(1)
HDL-1007 : analyze VHDL file ../source_code/rtl/hdmi_rtl/hdmi_tx.vhd
HDL-1007 : analyze entity hdmi_tx in ../source_code/rtl/hdmi_rtl/hdmi_tx.vhd(11)
HDL-1007 : analyze architecture behavioral in ../source_code/rtl/hdmi_rtl/hdmi_tx.vhd(33)
HDL-1007 : analyze verilog file ../source_code/rtl/hdmi_rtl/vga_disp_rtl.v
HDL-7201 CRITICAL-WARNING: overwrite current module 'vga_disp_rtl' in ../source_code/rtl/hdmi_rtl/vga_disp_rtl.v(1)
HDL-7307 CRITICAL-WARNING: previous definition of design element module 'vga_disp_rtl' is here. This is because multiple modules(values) with the same name are defined. Please consider rewriting code in ../source_code/rtl/app/vga_disp_rtl.v(1)
HDL-1007 : analyze verilog file ../source_code/rtl/another/fire_detect.v
HDL-1007 : analyze verilog file ../source_code/rtl/another/intrusion_detect.v
RUN-1002 : start command "commit_param -step design"
RUN-1001 : Print Global Property
RUN-1001 : --------------------------------------------------------
RUN-1001 :   Parameters   |  Settings  |  Default Values  |  Note  
RUN-1001 : --------------------------------------------------------
RUN-1001 :   enable_seed  |    off     |       off        |        
RUN-1001 :     message    |  standard  |     standard     |        
RUN-1001 :   qor_monitor  |     on     |        on        |        
RUN-1001 :   syn_ip_flow  |    off     |       off        |        
RUN-1001 :     thread     |    auto    |       auto       |        
RUN-1001 : --------------------------------------------------------
RUN-1001 : Print Design Property
RUN-1001 : ----------------------------------------------------------------
RUN-1001 :       Parameters       |  Settings  |  Default Values  |  Note  
RUN-1001 : ----------------------------------------------------------------
RUN-1001 :   default_reg_initial  |    auto    |       auto       |        
RUN-1001 :    hdl_warning_level   |   normal   |      normal      |        
RUN-1001 : ----------------------------------------------------------------
HDL-1007 : analyze verilog file last_attempt.v
HDL-1007 : undeclared symbol 'phy_reset', assumed default net type 'wire' in last_attempt.v(167)
HDL-1007 : undeclared symbol 'VGA_HSYNC', assumed default net type 'wire' in last_attempt.v(335)
HDL-1007 : undeclared symbol 'VGA_VSYNC', assumed default net type 'wire' in last_attempt.v(336)
HDL-1007 : undeclared symbol 'rd_en', assumed default net type 'wire' in last_attempt.v(338)
HDL-1007 : undeclared symbol 'tpg_data_done', assumed default net type 'wire' in last_attempt.v(785)
HDL-1007 : undeclared symbol 'full_flag', assumed default net type 'wire' in last_attempt.v(819)
HDL-1007 : undeclared symbol 'input_local_udp_port_num', assumed default net type 'wire' in last_attempt.v(850)
HDL-1007 : undeclared symbol 'input_local_udp_port_num_valid', assumed default net type 'wire' in last_attempt.v(851)
HDL-1007 : undeclared symbol 'input_local_ip_address_valid', assumed default net type 'wire' in last_attempt.v(854)
HDL-1007 : analyze verilog file ../source_code/rtl/udp/BUFGMUX.v
HDL-1007 : analyze verilog file ../source_code/rtl/udp/IDDR.v
HDL-1007 : analyze verilog file ../source_code/rtl/udp/ODDR.v
HDL-1007 : analyze verilog file ../source_code/rtl/udp/RAMB16_S9_S9.v
HDL-1007 : undeclared symbol 'open', assumed default net type 'wire' in ../source_code/rtl/udp/RAMB16_S9_S9.v(109)
HDL-1007 : analyze verilog file ../source_code/rtl/udp/clk_gen_rst_gen.v
HDL-1007 : analyze verilog file ../source_code/rtl/udp/div_clk_gen.v
HDL-1007 : analyze verilog file ../source_code/rtl/udp/rgmii_interface.v
HDL-1007 : analyze verilog file ../source_code/rtl/udp/rx_client_fifo.v
HDL-5370 WARNING: parameter 'WAIT_s' becomes localparam in 'rx_client_fifo' with formal parameter declaration list in ../source_code/rtl/udp/rx_client_fifo.v(49)
HDL-5370 WARNING: parameter 'QUEUE1_s' becomes localparam in 'rx_client_fifo' with formal parameter declaration list in ../source_code/rtl/udp/rx_client_fifo.v(50)
HDL-5370 WARNING: parameter 'QUEUE2_s' becomes localparam in 'rx_client_fifo' with formal parameter declaration list in ../source_code/rtl/udp/rx_client_fifo.v(51)
HDL-5370 WARNING: parameter 'QUEUE3_s' becomes localparam in 'rx_client_fifo' with formal parameter declaration list in ../source_code/rtl/udp/rx_client_fifo.v(52)
HDL-5370 WARNING: parameter 'QUEUE_SOF_s' becomes localparam in 'rx_client_fifo' with formal parameter declaration list in ../source_code/rtl/udp/rx_client_fifo.v(53)
HDL-5370 WARNING: parameter 'SOF_s' becomes localparam in 'rx_client_fifo' with formal parameter declaration list in ../source_code/rtl/udp/rx_client_fifo.v(54)
HDL-5370 WARNING: parameter 'DATA_s' becomes localparam in 'rx_client_fifo' with formal parameter declaration list in ../source_code/rtl/udp/rx_client_fifo.v(55)
HDL-5370 WARNING: parameter 'EOF_s' becomes localparam in 'rx_client_fifo' with formal parameter declaration list in ../source_code/rtl/udp/rx_client_fifo.v(56)
HDL-5370 WARNING: parameter 'IDLE_s' becomes localparam in 'rx_client_fifo' with formal parameter declaration list in ../source_code/rtl/udp/rx_client_fifo.v(62)
HDL-5370 WARNING: parameter 'FRAME_s' becomes localparam in 'rx_client_fifo' with formal parameter declaration list in ../source_code/rtl/udp/rx_client_fifo.v(63)
HDL-5370 Similar messages will be suppressed.
HDL-1007 : analyze verilog file ../source_code/rtl/udp/temac_block.v
HDL-1007 : analyze verilog file ../source_code/rtl/udp/temac_clk_gen.v
HDL-1007 : analyze verilog file ../source_code/rtl/udp/tx_client_fifo.v
HDL-5370 WARNING: parameter 'IDLE_s' becomes localparam in 'tx_client_fifo' with formal parameter declaration list in ../source_code/rtl/udp/tx_client_fifo.v(53)
HDL-5370 WARNING: parameter 'QUEUE1_s' becomes localparam in 'tx_client_fifo' with formal parameter declaration list in ../source_code/rtl/udp/tx_client_fifo.v(54)
HDL-5370 WARNING: parameter 'QUEUE2_s' becomes localparam in 'tx_client_fifo' with formal parameter declaration list in ../source_code/rtl/udp/tx_client_fifo.v(55)
HDL-5370 WARNING: parameter 'QUEUE3_s' becomes localparam in 'tx_client_fifo' with formal parameter declaration list in ../source_code/rtl/udp/tx_client_fifo.v(56)
HDL-5370 WARNING: parameter 'QUEUE_ACK_s' becomes localparam in 'tx_client_fifo' with formal parameter declaration list in ../source_code/rtl/udp/tx_client_fifo.v(57)
HDL-5370 WARNING: parameter 'WAIT_ACK_s' becomes localparam in 'tx_client_fifo' with formal parameter declaration list in ../source_code/rtl/udp/tx_client_fifo.v(58)
HDL-5370 WARNING: parameter 'FRAME_s' becomes localparam in 'tx_client_fifo' with formal parameter declaration list in ../source_code/rtl/udp/tx_client_fifo.v(59)
HDL-5370 WARNING: parameter 'DROP_s' becomes localparam in 'tx_client_fifo' with formal parameter declaration list in ../source_code/rtl/udp/tx_client_fifo.v(60)
HDL-5370 WARNING: parameter 'RETRANSMIT_s' becomes localparam in 'tx_client_fifo' with formal parameter declaration list in ../source_code/rtl/udp/tx_client_fifo.v(61)
HDL-5370 WARNING: parameter 'WAIT_s' becomes localparam in 'tx_client_fifo' with formal parameter declaration list in ../source_code/rtl/udp/tx_client_fifo.v(67)
HDL-5370 Similar messages will be suppressed.
HDL-1007 : analyze verilog file ../source_code/rtl/udp/tx_clk_en_gen.v
HDL-1007 : analyze verilog file ../source_code/rtl/udp/udp_data_tpg.v
HDL-1007 : analyze verilog file ../source_code/rtl/udp/udp_ip_protocol_stack_merge.enc.v
HDL-1007 : back to file '../source_code/rtl/udp/udp_ip_protocol_stack_merge.enc.v' in ../source_code/rtl/udp/udp_ip_protocol_stack_merge.enc.v(56)
HDL-1007 : undeclared symbol '**', assumed default net type '**' in ../source_code/rtl/udp/udp_ip_protocol_stack_merge.enc.v(2638)
HDL-1007 : back to file '../source_code/rtl/udp/udp_ip_protocol_stack_merge.enc.v' in ../source_code/rtl/udp/udp_ip_protocol_stack_merge.enc.v(420)
HDL-1007 : analyze verilog file ../source_code/rtl/udp/udp_loopback.v
HDL-1007 : analyze verilog file al_ip/TEMAC_CORE/RTL/include/define.v
HDL-1007 : analyze verilog file al_ip/TEMAC_CORE/RTL/TEMAC_CORE_aead6cd6dadd.v
HDL-5007 WARNING: column 1032 exceeds maximum value 1023 in al_ip/TEMAC_CORE/RTL/TEMAC_CORE_aead6cd6dadd.v(30)
HDL-1007 : back to file 'al_ip/TEMAC_CORE/RTL/TEMAC_CORE_aead6cd6dadd.v' in al_ip/TEMAC_CORE/RTL/TEMAC_CORE_aead6cd6dadd.v(86)
HDL-5007 WARNING: event expressions must result in a singular type in al_ip/TEMAC_CORE/RTL/TEMAC_CORE_aead6cd6dadd.v(3001)
HDL-1007 : undeclared symbol '**', assumed default net type '**' in al_ip/TEMAC_CORE/RTL/TEMAC_CORE_aead6cd6dadd.v(5050)
HDL-1007 : undeclared symbol '**', assumed default net type '**' in al_ip/TEMAC_CORE/RTL/TEMAC_CORE_aead6cd6dadd.v(5458)
HDL-5007 WARNING: column 1035 exceeds maximum value 1023 in al_ip/TEMAC_CORE/RTL/TEMAC_CORE_aead6cd6dadd.v(6001)
HDL-1007 : back to file 'al_ip/TEMAC_CORE/RTL/TEMAC_CORE_aead6cd6dadd.v' in al_ip/TEMAC_CORE/RTL/TEMAC_CORE_aead6cd6dadd.v(260)
HDL-1007 : analyze verilog file al_ip/TEMAC_CORE/RTL/mac_core_aead6cd6dadd.v
HDL-1007 : analyze verilog file al_ip/TEMAC_CORE/TEMAC_CORE.v
HDL-1007 : analyze verilog file al_ip/pll_gen.v
HDL-1007 : undeclared symbol 'pll_gen_open0', assumed default net type 'wire' in al_ip/pll_gen.v(99)
HDL-1007 : undeclared symbol 'pll_gen_open8', assumed default net type 'wire' in al_ip/pll_gen.v(105)
HDL-1007 : undeclared symbol 'pll_gen_open7', assumed default net type 'wire' in al_ip/pll_gen.v(105)
HDL-1007 : undeclared symbol 'pll_gen_open6', assumed default net type 'wire' in al_ip/pll_gen.v(105)
HDL-1007 : undeclared symbol 'pll_gen_open5', assumed default net type 'wire' in al_ip/pll_gen.v(105)
HDL-1007 : undeclared symbol 'pll_gen_open4', assumed default net type 'wire' in al_ip/pll_gen.v(105)
HDL-1007 : undeclared symbol 'pll_gen_open3', assumed default net type 'wire' in al_ip/pll_gen.v(105)
HDL-1007 : undeclared symbol 'pll_gen_open2', assumed default net type 'wire' in al_ip/pll_gen.v(105)
HDL-1007 : undeclared symbol 'pll_gen_open1', assumed default net type 'wire' in al_ip/pll_gen.v(105)
HDL-1007 : analyze verilog file al_ip/sys_pll.v
HDL-1007 : undeclared symbol 'sys_pll_open0', assumed default net type 'wire' in al_ip/sys_pll.v(77)
HDL-1007 : undeclared symbol 'sys_pll_open1', assumed default net type 'wire' in al_ip/sys_pll.v(83)
HDL-1007 : undeclared symbol 'sys_pll_open9', assumed default net type 'wire' in al_ip/sys_pll.v(89)
HDL-1007 : undeclared symbol 'sys_pll_open8', assumed default net type 'wire' in al_ip/sys_pll.v(89)
HDL-1007 : undeclared symbol 'sys_pll_open7', assumed default net type 'wire' in al_ip/sys_pll.v(89)
HDL-1007 : undeclared symbol 'sys_pll_open6', assumed default net type 'wire' in al_ip/sys_pll.v(89)
HDL-1007 : undeclared symbol 'sys_pll_open5', assumed default net type 'wire' in al_ip/sys_pll.v(89)
HDL-1007 : undeclared symbol 'sys_pll_open4', assumed default net type 'wire' in al_ip/sys_pll.v(89)
HDL-1007 : undeclared symbol 'sys_pll_open3', assumed default net type 'wire' in al_ip/sys_pll.v(89)
HDL-1007 : undeclared symbol 'sys_pll_open2', assumed default net type 'wire' in al_ip/sys_pll.v(89)
HDL-1007 : undeclared symbol 'sys_pll_open11', assumed default net type 'wire' in al_ip/sys_pll.v(91)
HDL-1007 : undeclared symbol 'sys_pll_open10', assumed default net type 'wire' in al_ip/sys_pll.v(91)
HDL-1007 : analyze verilog file ../source_code/rtl/sd_card/ax_debounce.v
HDL-1007 : analyze verilog file ../source_code/rtl/sd_card/bmp_read.v
HDL-1007 : analyze verilog file ../source_code/rtl/sd_card/sd_card_bmp.v
HDL-1007 : analyze verilog file ../source_code/rtl/sd_card/sd_card_cmd.v
HDL-1007 : analyze verilog file ../source_code/rtl/sd_card/sd_card_sec_read_write.v
HDL-1007 : analyze verilog file ../source_code/rtl/sd_card/sd_card_top.v
HDL-1007 : analyze verilog file ../source_code/rtl/sd_card/spi_master.v
HDL-1007 : analyze verilog file ../source_code/rtl/sdram/enc_file/global_def.v
HDL-1007 : analyze verilog file ../source_code/rtl/sdram/enc_file/sdr_as_ram.enc.v
HDL-1007 : back to file '../source_code/rtl/sdram/enc_file/sdr_as_ram.enc.v' in ../source_code/rtl/sdram/enc_file/sdr_as_ram.enc.v(54)
HDL-1007 : analyze verilog file ../source_code/rtl/sdram/enc_file/sdr_wrrd.enc.v
HDL-5007 WARNING: concatenation with an unsized literal will be treated as 32 bits in ../source_code/rtl/sdram/enc_file/sdr_wrrd.enc.v(283)
HDL-1007 : back to file '../source_code/rtl/sdram/enc_file/sdr_wrrd.enc.v' in ../source_code/rtl/sdram/enc_file/sdr_wrrd.enc.v(19)
HDL-1007 : analyze verilog file ../source_code/rtl/frame_fifo/afifo_16_32_256.v
HDL-1007 : analyze verilog file ../source_code/rtl/frame_fifo/afifo_32_16_256.v
HDL-1007 : analyze verilog file ../source_code/rtl/frame_fifo/frame_fifo_read.v
HDL-1007 : analyze verilog file ../source_code/rtl/frame_fifo/frame_fifo_write.v
HDL-1007 : analyze verilog file ../source_code/rtl/frame_fifo/frame_read_write.v
HDL-1007 : analyze verilog file ../source_code/rtl/sdram/sdram.v
HDL-1007 : analyze included file ../source_code/rtl/sdram/enc_file/global_def.v in ../source_code/rtl/sdram/sdram.v(10)
HDL-1007 : back to file '../source_code/rtl/sdram/sdram.v' in ../source_code/rtl/sdram/sdram.v(10)
HDL-1007 : undeclared symbol 'SDR_CKE', assumed default net type 'wire' in ../source_code/rtl/sdram/sdram.v(89)
HDL-1007 : analyze verilog file ../source_code/rtl/sdram/enc_file/sdr_init_ref.enc.v
HDL-1007 : analyze included file ../source_code/rtl/sdram/enc_file/global_def.v in ../source_code/rtl/sdram/enc_file/sdr_init_ref.enc.v(11)
HDL-1007 : back to file '../source_code/rtl/sdram/enc_file/sdr_init_ref.enc.v' in ../source_code/rtl/sdram/enc_file/sdr_init_ref.enc.v(11)
HDL-1007 : undeclared symbol '**', assumed default net type '**' in ../source_code/rtl/sdram/enc_file/sdr_init_ref.enc.v(57)
HDL-1007 : back to file '../source_code/rtl/sdram/enc_file/sdr_init_ref.enc.v' in ../source_code/rtl/sdram/enc_file/sdr_init_ref.enc.v(149)
HDL-5007 WARNING: concatenation with an unsized literal will be treated as 32 bits in ../source_code/rtl/sdram/enc_file/sdr_init_ref.enc.v(47)
HDL-1007 : analyze verilog file ../source_code/rtl/video_timing/color_bar.v
HDL-1007 : analyze included file ../source_code/rtl/video_timing/video_define.v in ../source_code/rtl/video_timing/color_bar.v(2)
HDL-1007 : back to file '../source_code/rtl/video_timing/color_bar.v' in ../source_code/rtl/video_timing/color_bar.v(2)
HDL-1007 : analyze verilog file ../source_code/rtl/video_timing/video_delay.v
HDL-1007 : analyze verilog file ../source_code/rtl/video_timing/video_timing_data.v
HDL-1007 : analyze verilog file ../source_code/rtl/another/m_synchronization_header.v
HDL-1007 : analyze verilog file ../source_code/rtl/led.v
HDL-1007 : analyze verilog file ../source_code/rtl/ov5640/cmos_capture_data.v
HDL-1007 : analyze verilog file ../source_code/rtl/ov5640/i2c_dri.v
HDL-1007 : analyze verilog file ../source_code/rtl/ov5640/i2c_ov5640_rgb565_cfg.v
HDL-1007 : analyze verilog file ../source_code/rtl/ov5640/ov5640_delay.v
HDL-1007 : analyze verilog file ../source_code/rtl/ov5640/ov5640_dri.v
HDL-1007 : analyze verilog file al_ip/clk_wize.v
HDL-1007 : undeclared symbol 'open', assumed default net type 'wire' in al_ip/clk_wize.v(70)
HDL-1007 : analyze verilog file al_ip/ram.v
HDL-1007 : analyze verilog file ../source_code/rtl/app/addr_crt.v
HDL-1007 : analyze verilog file ../source_code/rtl/app/app.v
HDL-1007 : analyze verilog file ../source_code/rtl/app/vga_disp_rtl.v
HDL-1007 : analyze VHDL file ../source_code/rtl/hdmi_rtl/enc_file/DVITransmitter.enc.vhd
HDL-1007 : analyze entity dvitransmitter in ../source_code/rtl/hdmi_rtl/enc_file/DVITransmitter.enc.vhd(13)
HDL-1007 : analyze architecture ** in ../source_code/rtl/hdmi_rtl/enc_file/DVITransmitter.enc.vhd(2)
HDL-1007 : analyze VHDL file ../source_code/rtl/hdmi_rtl/enc_file/SerializerN_1_lvds.enc.vhd
HDL-1007 : analyze entity ** in ../source_code/rtl/hdmi_rtl/enc_file/SerializerN_1_lvds.enc.vhd(12)
HDL-1007 : analyze architecture ** in ../source_code/rtl/hdmi_rtl/enc_file/SerializerN_1_lvds.enc.vhd(25)
HDL-1007 : analyze VHDL file ../source_code/rtl/hdmi_rtl/enc_file/SerializerN_1_lvds_dat.enc.vhd
HDL-1007 : analyze entity ** in ../source_code/rtl/hdmi_rtl/enc_file/SerializerN_1_lvds_dat.enc.vhd(14)
HDL-1007 : analyze architecture ** in ../source_code/rtl/hdmi_rtl/enc_file/SerializerN_1_lvds_dat.enc.vhd(28)
HDL-1007 : analyze VHDL file ../source_code/rtl/hdmi_rtl/enc_file/TMDSEncoder.enc.vhd
HDL-1007 : analyze entity ** in ../source_code/rtl/hdmi_rtl/enc_file/TMDSEncoder.enc.vhd(13)
HDL-1007 : analyze architecture ** in ../source_code/rtl/hdmi_rtl/enc_file/TMDSEncoder.enc.vhd(24)
HDL-1007 : analyze verilog file ../source_code/rtl/hdmi_rtl/enc_file/video_tpg_1024768.enc.v
HDL-5007 WARNING: literal value ** truncated to fit in ** bits in ../source_code/rtl/hdmi_rtl/enc_file/video_tpg_1024768.enc.v(231)
HDL-1007 : back to file '../source_code/rtl/hdmi_rtl/enc_file/video_tpg_1024768.enc.v' in ../source_code/rtl/hdmi_rtl/enc_file/video_tpg_1024768.enc.v(1)
HDL-1007 : analyze verilog file ../source_code/rtl/hdmi_rtl/enc_file/video_tpg_1080p.enc.v
HDL-1007 : back to file '../source_code/rtl/hdmi_rtl/enc_file/video_tpg_1080p.enc.v' in ../source_code/rtl/hdmi_rtl/enc_file/video_tpg_1080p.enc.v(1)
HDL-1007 : analyze verilog file ../source_code/rtl/hdmi_rtl/enc_file/video_tpg_12801024p.enc.v
HDL-1007 : back to file '../source_code/rtl/hdmi_rtl/enc_file/video_tpg_12801024p.enc.v' in ../source_code/rtl/hdmi_rtl/enc_file/video_tpg_12801024p.enc.v(1)
HDL-1007 : analyze verilog file ../source_code/rtl/hdmi_rtl/enc_file/video_tpg_1280800.enc.v
HDL-5007 WARNING: literal value ** truncated to fit in ** bits in ../source_code/rtl/hdmi_rtl/enc_file/video_tpg_1280800.enc.v(233)
HDL-1007 : back to file '../source_code/rtl/hdmi_rtl/enc_file/video_tpg_1280800.enc.v' in ../source_code/rtl/hdmi_rtl/enc_file/video_tpg_1280800.enc.v(1)
HDL-1007 : analyze verilog file ../source_code/rtl/hdmi_rtl/enc_file/video_tpg_16801050p.enc.v
HDL-1007 : back to file '../source_code/rtl/hdmi_rtl/enc_file/video_tpg_16801050p.enc.v' in ../source_code/rtl/hdmi_rtl/enc_file/video_tpg_16801050p.enc.v(1)
HDL-1007 : analyze verilog file ../source_code/rtl/hdmi_rtl/enc_file/video_tpg_800600.enc.v
HDL-1007 : back to file '../source_code/rtl/hdmi_rtl/enc_file/video_tpg_800600.enc.v' in ../source_code/rtl/hdmi_rtl/enc_file/video_tpg_800600.enc.v(1)
HDL-1007 : analyze VHDL file ../source_code/rtl/hdmi_rtl/hdmi_tx.vhd
HDL-1007 : analyze entity hdmi_tx in ../source_code/rtl/hdmi_rtl/hdmi_tx.vhd(11)
HDL-1007 : analyze architecture behavioral in ../source_code/rtl/hdmi_rtl/hdmi_tx.vhd(33)
HDL-1007 : analyze verilog file ../source_code/rtl/hdmi_rtl/vga_disp_rtl.v
HDL-7201 CRITICAL-WARNING: overwrite current module 'vga_disp_rtl' in ../source_code/rtl/hdmi_rtl/vga_disp_rtl.v(1)
HDL-7307 CRITICAL-WARNING: previous definition of design element module 'vga_disp_rtl' is here. This is because multiple modules(values) with the same name are defined. Please consider rewriting code in ../source_code/rtl/app/vga_disp_rtl.v(1)
HDL-1007 : analyze verilog file ../source_code/rtl/another/fire_detect.v
HDL-1007 : analyze verilog file ../source_code/rtl/another/intrusion_detect.v
RUN-1002 : start command "commit_param -step design"
RUN-1001 : Print Global Property
RUN-1001 : --------------------------------------------------------
RUN-1001 :   Parameters   |  Settings  |  Default Values  |  Note  
RUN-1001 : --------------------------------------------------------
RUN-1001 :   enable_seed  |    off     |       off        |        
RUN-1001 :     message    |  standard  |     standard     |        
RUN-1001 :   qor_monitor  |     on     |        on        |        
RUN-1001 :   syn_ip_flow  |    off     |       off        |        
RUN-1001 :     thread     |    auto    |       auto       |        
RUN-1001 : --------------------------------------------------------
RUN-1001 : Print Design Property
RUN-1001 : ----------------------------------------------------------------
RUN-1001 :       Parameters       |  Settings  |  Default Values  |  Note  
RUN-1001 : ----------------------------------------------------------------
RUN-1001 :   default_reg_initial  |    auto    |       auto       |        
RUN-1001 :    hdl_warning_level   |   normal   |      normal      |        
RUN-1001 : ----------------------------------------------------------------
HDL-1007 : analyze verilog file last_attempt.v
HDL-1007 : undeclared symbol 'phy_reset', assumed default net type 'wire' in last_attempt.v(167)
HDL-1007 : undeclared symbol 'VGA_HSYNC', assumed default net type 'wire' in last_attempt.v(335)
HDL-1007 : undeclared symbol 'VGA_VSYNC', assumed default net type 'wire' in last_attempt.v(336)
HDL-1007 : undeclared symbol 'rd_en', assumed default net type 'wire' in last_attempt.v(338)
HDL-1007 : undeclared symbol 'tpg_data_done', assumed default net type 'wire' in last_attempt.v(785)
HDL-1007 : undeclared symbol 'full_flag', assumed default net type 'wire' in last_attempt.v(819)
HDL-1007 : undeclared symbol 'input_local_udp_port_num', assumed default net type 'wire' in last_attempt.v(850)
HDL-1007 : undeclared symbol 'input_local_udp_port_num_valid', assumed default net type 'wire' in last_attempt.v(851)
HDL-1007 : undeclared symbol 'input_local_ip_address_valid', assumed default net type 'wire' in last_attempt.v(854)
HDL-1007 : analyze verilog file ../source_code/rtl/udp/BUFGMUX.v
HDL-1007 : analyze verilog file ../source_code/rtl/udp/IDDR.v
HDL-1007 : analyze verilog file ../source_code/rtl/udp/ODDR.v
HDL-1007 : analyze verilog file ../source_code/rtl/udp/RAMB16_S9_S9.v
HDL-1007 : undeclared symbol 'open', assumed default net type 'wire' in ../source_code/rtl/udp/RAMB16_S9_S9.v(109)
HDL-1007 : analyze verilog file ../source_code/rtl/udp/clk_gen_rst_gen.v
HDL-1007 : analyze verilog file ../source_code/rtl/udp/div_clk_gen.v
HDL-1007 : analyze verilog file ../source_code/rtl/udp/rgmii_interface.v
HDL-1007 : analyze verilog file ../source_code/rtl/udp/rx_client_fifo.v
HDL-5370 WARNING: parameter 'WAIT_s' becomes localparam in 'rx_client_fifo' with formal parameter declaration list in ../source_code/rtl/udp/rx_client_fifo.v(49)
HDL-5370 WARNING: parameter 'QUEUE1_s' becomes localparam in 'rx_client_fifo' with formal parameter declaration list in ../source_code/rtl/udp/rx_client_fifo.v(50)
HDL-5370 WARNING: parameter 'QUEUE2_s' becomes localparam in 'rx_client_fifo' with formal parameter declaration list in ../source_code/rtl/udp/rx_client_fifo.v(51)
HDL-5370 WARNING: parameter 'QUEUE3_s' becomes localparam in 'rx_client_fifo' with formal parameter declaration list in ../source_code/rtl/udp/rx_client_fifo.v(52)
HDL-5370 WARNING: parameter 'QUEUE_SOF_s' becomes localparam in 'rx_client_fifo' with formal parameter declaration list in ../source_code/rtl/udp/rx_client_fifo.v(53)
HDL-5370 WARNING: parameter 'SOF_s' becomes localparam in 'rx_client_fifo' with formal parameter declaration list in ../source_code/rtl/udp/rx_client_fifo.v(54)
HDL-5370 WARNING: parameter 'DATA_s' becomes localparam in 'rx_client_fifo' with formal parameter declaration list in ../source_code/rtl/udp/rx_client_fifo.v(55)
HDL-5370 WARNING: parameter 'EOF_s' becomes localparam in 'rx_client_fifo' with formal parameter declaration list in ../source_code/rtl/udp/rx_client_fifo.v(56)
HDL-5370 WARNING: parameter 'IDLE_s' becomes localparam in 'rx_client_fifo' with formal parameter declaration list in ../source_code/rtl/udp/rx_client_fifo.v(62)
HDL-5370 WARNING: parameter 'FRAME_s' becomes localparam in 'rx_client_fifo' with formal parameter declaration list in ../source_code/rtl/udp/rx_client_fifo.v(63)
HDL-5370 Similar messages will be suppressed.
HDL-1007 : analyze verilog file ../source_code/rtl/udp/temac_block.v
HDL-1007 : analyze verilog file ../source_code/rtl/udp/temac_clk_gen.v
HDL-1007 : analyze verilog file ../source_code/rtl/udp/tx_client_fifo.v
HDL-5370 WARNING: parameter 'IDLE_s' becomes localparam in 'tx_client_fifo' with formal parameter declaration list in ../source_code/rtl/udp/tx_client_fifo.v(53)
HDL-5370 WARNING: parameter 'QUEUE1_s' becomes localparam in 'tx_client_fifo' with formal parameter declaration list in ../source_code/rtl/udp/tx_client_fifo.v(54)
HDL-5370 WARNING: parameter 'QUEUE2_s' becomes localparam in 'tx_client_fifo' with formal parameter declaration list in ../source_code/rtl/udp/tx_client_fifo.v(55)
HDL-5370 WARNING: parameter 'QUEUE3_s' becomes localparam in 'tx_client_fifo' with formal parameter declaration list in ../source_code/rtl/udp/tx_client_fifo.v(56)
HDL-5370 WARNING: parameter 'QUEUE_ACK_s' becomes localparam in 'tx_client_fifo' with formal parameter declaration list in ../source_code/rtl/udp/tx_client_fifo.v(57)
HDL-5370 WARNING: parameter 'WAIT_ACK_s' becomes localparam in 'tx_client_fifo' with formal parameter declaration list in ../source_code/rtl/udp/tx_client_fifo.v(58)
HDL-5370 WARNING: parameter 'FRAME_s' becomes localparam in 'tx_client_fifo' with formal parameter declaration list in ../source_code/rtl/udp/tx_client_fifo.v(59)
HDL-5370 WARNING: parameter 'DROP_s' becomes localparam in 'tx_client_fifo' with formal parameter declaration list in ../source_code/rtl/udp/tx_client_fifo.v(60)
HDL-5370 WARNING: parameter 'RETRANSMIT_s' becomes localparam in 'tx_client_fifo' with formal parameter declaration list in ../source_code/rtl/udp/tx_client_fifo.v(61)
HDL-5370 WARNING: parameter 'WAIT_s' becomes localparam in 'tx_client_fifo' with formal parameter declaration list in ../source_code/rtl/udp/tx_client_fifo.v(67)
HDL-5370 Similar messages will be suppressed.
HDL-1007 : analyze verilog file ../source_code/rtl/udp/tx_clk_en_gen.v
HDL-1007 : analyze verilog file ../source_code/rtl/udp/udp_data_tpg.v
HDL-1007 : analyze verilog file ../source_code/rtl/udp/udp_ip_protocol_stack_merge.enc.v
HDL-1007 : back to file '../source_code/rtl/udp/udp_ip_protocol_stack_merge.enc.v' in ../source_code/rtl/udp/udp_ip_protocol_stack_merge.enc.v(56)
HDL-1007 : undeclared symbol '**', assumed default net type '**' in ../source_code/rtl/udp/udp_ip_protocol_stack_merge.enc.v(2638)
HDL-1007 : back to file '../source_code/rtl/udp/udp_ip_protocol_stack_merge.enc.v' in ../source_code/rtl/udp/udp_ip_protocol_stack_merge.enc.v(420)
HDL-1007 : analyze verilog file ../source_code/rtl/udp/udp_loopback.v
HDL-1007 : analyze verilog file al_ip/TEMAC_CORE/RTL/include/define.v
HDL-1007 : analyze verilog file al_ip/TEMAC_CORE/RTL/TEMAC_CORE_aead6cd6dadd.v
HDL-5007 WARNING: column 1032 exceeds maximum value 1023 in al_ip/TEMAC_CORE/RTL/TEMAC_CORE_aead6cd6dadd.v(30)
HDL-1007 : back to file 'al_ip/TEMAC_CORE/RTL/TEMAC_CORE_aead6cd6dadd.v' in al_ip/TEMAC_CORE/RTL/TEMAC_CORE_aead6cd6dadd.v(86)
HDL-5007 WARNING: event expressions must result in a singular type in al_ip/TEMAC_CORE/RTL/TEMAC_CORE_aead6cd6dadd.v(3001)
HDL-1007 : undeclared symbol '**', assumed default net type '**' in al_ip/TEMAC_CORE/RTL/TEMAC_CORE_aead6cd6dadd.v(5050)
HDL-1007 : undeclared symbol '**', assumed default net type '**' in al_ip/TEMAC_CORE/RTL/TEMAC_CORE_aead6cd6dadd.v(5458)
HDL-5007 WARNING: column 1035 exceeds maximum value 1023 in al_ip/TEMAC_CORE/RTL/TEMAC_CORE_aead6cd6dadd.v(6001)
HDL-1007 : back to file 'al_ip/TEMAC_CORE/RTL/TEMAC_CORE_aead6cd6dadd.v' in al_ip/TEMAC_CORE/RTL/TEMAC_CORE_aead6cd6dadd.v(260)
HDL-1007 : analyze verilog file al_ip/TEMAC_CORE/RTL/mac_core_aead6cd6dadd.v
HDL-1007 : analyze verilog file al_ip/TEMAC_CORE/TEMAC_CORE.v
HDL-1007 : analyze verilog file al_ip/pll_gen.v
HDL-1007 : undeclared symbol 'pll_gen_open0', assumed default net type 'wire' in al_ip/pll_gen.v(99)
HDL-1007 : undeclared symbol 'pll_gen_open8', assumed default net type 'wire' in al_ip/pll_gen.v(105)
HDL-1007 : undeclared symbol 'pll_gen_open7', assumed default net type 'wire' in al_ip/pll_gen.v(105)
HDL-1007 : undeclared symbol 'pll_gen_open6', assumed default net type 'wire' in al_ip/pll_gen.v(105)
HDL-1007 : undeclared symbol 'pll_gen_open5', assumed default net type 'wire' in al_ip/pll_gen.v(105)
HDL-1007 : undeclared symbol 'pll_gen_open4', assumed default net type 'wire' in al_ip/pll_gen.v(105)
HDL-1007 : undeclared symbol 'pll_gen_open3', assumed default net type 'wire' in al_ip/pll_gen.v(105)
HDL-1007 : undeclared symbol 'pll_gen_open2', assumed default net type 'wire' in al_ip/pll_gen.v(105)
HDL-1007 : undeclared symbol 'pll_gen_open1', assumed default net type 'wire' in al_ip/pll_gen.v(105)
HDL-1007 : analyze verilog file al_ip/sys_pll.v
HDL-1007 : undeclared symbol 'sys_pll_open0', assumed default net type 'wire' in al_ip/sys_pll.v(77)
HDL-1007 : undeclared symbol 'sys_pll_open1', assumed default net type 'wire' in al_ip/sys_pll.v(83)
HDL-1007 : undeclared symbol 'sys_pll_open9', assumed default net type 'wire' in al_ip/sys_pll.v(89)
HDL-1007 : undeclared symbol 'sys_pll_open8', assumed default net type 'wire' in al_ip/sys_pll.v(89)
HDL-1007 : undeclared symbol 'sys_pll_open7', assumed default net type 'wire' in al_ip/sys_pll.v(89)
HDL-1007 : undeclared symbol 'sys_pll_open6', assumed default net type 'wire' in al_ip/sys_pll.v(89)
HDL-1007 : undeclared symbol 'sys_pll_open5', assumed default net type 'wire' in al_ip/sys_pll.v(89)
HDL-1007 : undeclared symbol 'sys_pll_open4', assumed default net type 'wire' in al_ip/sys_pll.v(89)
HDL-1007 : undeclared symbol 'sys_pll_open3', assumed default net type 'wire' in al_ip/sys_pll.v(89)
HDL-1007 : undeclared symbol 'sys_pll_open2', assumed default net type 'wire' in al_ip/sys_pll.v(89)
HDL-1007 : undeclared symbol 'sys_pll_open11', assumed default net type 'wire' in al_ip/sys_pll.v(91)
HDL-1007 : undeclared symbol 'sys_pll_open10', assumed default net type 'wire' in al_ip/sys_pll.v(91)
HDL-1007 : analyze verilog file ../source_code/rtl/sd_card/ax_debounce.v
HDL-1007 : analyze verilog file ../source_code/rtl/sd_card/bmp_read.v
HDL-1007 : analyze verilog file ../source_code/rtl/sd_card/sd_card_bmp.v
HDL-1007 : analyze verilog file ../source_code/rtl/sd_card/sd_card_cmd.v
HDL-1007 : analyze verilog file ../source_code/rtl/sd_card/sd_card_sec_read_write.v
HDL-1007 : analyze verilog file ../source_code/rtl/sd_card/sd_card_top.v
HDL-1007 : analyze verilog file ../source_code/rtl/sd_card/spi_master.v
HDL-1007 : analyze verilog file ../source_code/rtl/sdram/enc_file/global_def.v
HDL-1007 : analyze verilog file ../source_code/rtl/sdram/enc_file/sdr_as_ram.enc.v
HDL-1007 : back to file '../source_code/rtl/sdram/enc_file/sdr_as_ram.enc.v' in ../source_code/rtl/sdram/enc_file/sdr_as_ram.enc.v(54)
HDL-1007 : analyze verilog file ../source_code/rtl/sdram/enc_file/sdr_wrrd.enc.v
HDL-5007 WARNING: concatenation with an unsized literal will be treated as 32 bits in ../source_code/rtl/sdram/enc_file/sdr_wrrd.enc.v(283)
HDL-1007 : back to file '../source_code/rtl/sdram/enc_file/sdr_wrrd.enc.v' in ../source_code/rtl/sdram/enc_file/sdr_wrrd.enc.v(19)
HDL-1007 : analyze verilog file ../source_code/rtl/frame_fifo/afifo_16_32_256.v
HDL-1007 : analyze verilog file ../source_code/rtl/frame_fifo/afifo_32_16_256.v
HDL-1007 : analyze verilog file ../source_code/rtl/frame_fifo/frame_fifo_read.v
HDL-1007 : analyze verilog file ../source_code/rtl/frame_fifo/frame_fifo_write.v
HDL-1007 : analyze verilog file ../source_code/rtl/frame_fifo/frame_read_write.v
HDL-1007 : analyze verilog file ../source_code/rtl/sdram/sdram.v
HDL-1007 : analyze included file ../source_code/rtl/sdram/enc_file/global_def.v in ../source_code/rtl/sdram/sdram.v(10)
HDL-1007 : back to file '../source_code/rtl/sdram/sdram.v' in ../source_code/rtl/sdram/sdram.v(10)
HDL-1007 : undeclared symbol 'SDR_CKE', assumed default net type 'wire' in ../source_code/rtl/sdram/sdram.v(89)
HDL-1007 : analyze verilog file ../source_code/rtl/sdram/enc_file/sdr_init_ref.enc.v
HDL-1007 : analyze included file ../source_code/rtl/sdram/enc_file/global_def.v in ../source_code/rtl/sdram/enc_file/sdr_init_ref.enc.v(11)
HDL-1007 : back to file '../source_code/rtl/sdram/enc_file/sdr_init_ref.enc.v' in ../source_code/rtl/sdram/enc_file/sdr_init_ref.enc.v(11)
HDL-1007 : undeclared symbol '**', assumed default net type '**' in ../source_code/rtl/sdram/enc_file/sdr_init_ref.enc.v(57)
HDL-1007 : back to file '../source_code/rtl/sdram/enc_file/sdr_init_ref.enc.v' in ../source_code/rtl/sdram/enc_file/sdr_init_ref.enc.v(149)
HDL-5007 WARNING: concatenation with an unsized literal will be treated as 32 bits in ../source_code/rtl/sdram/enc_file/sdr_init_ref.enc.v(47)
HDL-1007 : analyze verilog file ../source_code/rtl/video_timing/color_bar.v
HDL-1007 : analyze included file ../source_code/rtl/video_timing/video_define.v in ../source_code/rtl/video_timing/color_bar.v(2)
HDL-1007 : back to file '../source_code/rtl/video_timing/color_bar.v' in ../source_code/rtl/video_timing/color_bar.v(2)
HDL-1007 : analyze verilog file ../source_code/rtl/video_timing/video_delay.v
HDL-1007 : analyze verilog file ../source_code/rtl/video_timing/video_timing_data.v
HDL-1007 : analyze verilog file ../source_code/rtl/another/m_synchronization_header.v
HDL-1007 : analyze verilog file ../source_code/rtl/led.v
HDL-1007 : analyze verilog file ../source_code/rtl/ov5640/cmos_capture_data.v
HDL-1007 : analyze verilog file ../source_code/rtl/ov5640/i2c_dri.v
HDL-1007 : analyze verilog file ../source_code/rtl/ov5640/i2c_ov5640_rgb565_cfg.v
HDL-1007 : analyze verilog file ../source_code/rtl/ov5640/ov5640_delay.v
HDL-1007 : analyze verilog file ../source_code/rtl/ov5640/ov5640_dri.v
HDL-1007 : analyze verilog file al_ip/clk_wize.v
HDL-1007 : undeclared symbol 'open', assumed default net type 'wire' in al_ip/clk_wize.v(70)
HDL-1007 : analyze verilog file al_ip/ram.v
HDL-1007 : analyze verilog file ../source_code/rtl/app/addr_crt.v
HDL-1007 : analyze verilog file ../source_code/rtl/app/app.v
HDL-1007 : analyze verilog file ../source_code/rtl/app/vga_disp_rtl.v
HDL-1007 : analyze VHDL file ../source_code/rtl/hdmi_rtl/enc_file/DVITransmitter.enc.vhd
HDL-1007 : analyze entity dvitransmitter in ../source_code/rtl/hdmi_rtl/enc_file/DVITransmitter.enc.vhd(13)
HDL-1007 : analyze architecture ** in ../source_code/rtl/hdmi_rtl/enc_file/DVITransmitter.enc.vhd(2)
HDL-1007 : analyze VHDL file ../source_code/rtl/hdmi_rtl/enc_file/SerializerN_1_lvds.enc.vhd
HDL-1007 : analyze entity ** in ../source_code/rtl/hdmi_rtl/enc_file/SerializerN_1_lvds.enc.vhd(12)
HDL-1007 : analyze architecture ** in ../source_code/rtl/hdmi_rtl/enc_file/SerializerN_1_lvds.enc.vhd(25)
HDL-1007 : analyze VHDL file ../source_code/rtl/hdmi_rtl/enc_file/SerializerN_1_lvds_dat.enc.vhd
HDL-1007 : analyze entity ** in ../source_code/rtl/hdmi_rtl/enc_file/SerializerN_1_lvds_dat.enc.vhd(14)
HDL-1007 : analyze architecture ** in ../source_code/rtl/hdmi_rtl/enc_file/SerializerN_1_lvds_dat.enc.vhd(28)
HDL-1007 : analyze VHDL file ../source_code/rtl/hdmi_rtl/enc_file/TMDSEncoder.enc.vhd
HDL-1007 : analyze entity ** in ../source_code/rtl/hdmi_rtl/enc_file/TMDSEncoder.enc.vhd(13)
HDL-1007 : analyze architecture ** in ../source_code/rtl/hdmi_rtl/enc_file/TMDSEncoder.enc.vhd(24)
HDL-1007 : analyze verilog file ../source_code/rtl/hdmi_rtl/enc_file/video_tpg_1024768.enc.v
HDL-5007 WARNING: literal value ** truncated to fit in ** bits in ../source_code/rtl/hdmi_rtl/enc_file/video_tpg_1024768.enc.v(231)
HDL-1007 : back to file '../source_code/rtl/hdmi_rtl/enc_file/video_tpg_1024768.enc.v' in ../source_code/rtl/hdmi_rtl/enc_file/video_tpg_1024768.enc.v(1)
HDL-1007 : analyze verilog file ../source_code/rtl/hdmi_rtl/enc_file/video_tpg_1080p.enc.v
HDL-1007 : back to file '../source_code/rtl/hdmi_rtl/enc_file/video_tpg_1080p.enc.v' in ../source_code/rtl/hdmi_rtl/enc_file/video_tpg_1080p.enc.v(1)
HDL-1007 : analyze verilog file ../source_code/rtl/hdmi_rtl/enc_file/video_tpg_12801024p.enc.v
HDL-1007 : back to file '../source_code/rtl/hdmi_rtl/enc_file/video_tpg_12801024p.enc.v' in ../source_code/rtl/hdmi_rtl/enc_file/video_tpg_12801024p.enc.v(1)
HDL-1007 : analyze verilog file ../source_code/rtl/hdmi_rtl/enc_file/video_tpg_1280800.enc.v
HDL-5007 WARNING: literal value ** truncated to fit in ** bits in ../source_code/rtl/hdmi_rtl/enc_file/video_tpg_1280800.enc.v(233)
HDL-1007 : back to file '../source_code/rtl/hdmi_rtl/enc_file/video_tpg_1280800.enc.v' in ../source_code/rtl/hdmi_rtl/enc_file/video_tpg_1280800.enc.v(1)
HDL-1007 : analyze verilog file ../source_code/rtl/hdmi_rtl/enc_file/video_tpg_16801050p.enc.v
HDL-1007 : back to file '../source_code/rtl/hdmi_rtl/enc_file/video_tpg_16801050p.enc.v' in ../source_code/rtl/hdmi_rtl/enc_file/video_tpg_16801050p.enc.v(1)
HDL-1007 : analyze verilog file ../source_code/rtl/hdmi_rtl/enc_file/video_tpg_800600.enc.v
HDL-1007 : back to file '../source_code/rtl/hdmi_rtl/enc_file/video_tpg_800600.enc.v' in ../source_code/rtl/hdmi_rtl/enc_file/video_tpg_800600.enc.v(1)
HDL-1007 : analyze VHDL file ../source_code/rtl/hdmi_rtl/hdmi_tx.vhd
HDL-1007 : analyze entity hdmi_tx in ../source_code/rtl/hdmi_rtl/hdmi_tx.vhd(11)
HDL-1007 : analyze architecture behavioral in ../source_code/rtl/hdmi_rtl/hdmi_tx.vhd(33)
HDL-1007 : analyze verilog file ../source_code/rtl/hdmi_rtl/vga_disp_rtl.v
HDL-7201 CRITICAL-WARNING: overwrite current module 'vga_disp_rtl' in ../source_code/rtl/hdmi_rtl/vga_disp_rtl.v(1)
HDL-7307 CRITICAL-WARNING: previous definition of design element module 'vga_disp_rtl' is here. This is because multiple modules(values) with the same name are defined. Please consider rewriting code in ../source_code/rtl/app/vga_disp_rtl.v(1)
HDL-1007 : analyze verilog file ../source_code/rtl/another/fire_detect.v
HDL-1007 : analyze verilog file ../source_code/rtl/another/intrusion_detect.v
RUN-1002 : start command "commit_param -step design"
RUN-1001 : Print Global Property
RUN-1001 : --------------------------------------------------------
RUN-1001 :   Parameters   |  Settings  |  Default Values  |  Note  
RUN-1001 : --------------------------------------------------------
RUN-1001 :   enable_seed  |    off     |       off        |        
RUN-1001 :     message    |  standard  |     standard     |        
RUN-1001 :   qor_monitor  |     on     |        on        |        
RUN-1001 :   syn_ip_flow  |    off     |       off        |        
RUN-1001 :     thread     |    auto    |       auto       |        
RUN-1001 : --------------------------------------------------------
RUN-1001 : Print Design Property
RUN-1001 : ----------------------------------------------------------------
RUN-1001 :       Parameters       |  Settings  |  Default Values  |  Note  
RUN-1001 : ----------------------------------------------------------------
RUN-1001 :   default_reg_initial  |    auto    |       auto       |        
RUN-1001 :    hdl_warning_level   |   normal   |      normal      |        
RUN-1001 : ----------------------------------------------------------------
HDL-1007 : analyze verilog file last_attempt.v
HDL-1007 : undeclared symbol 'phy_reset', assumed default net type 'wire' in last_attempt.v(167)
HDL-1007 : undeclared symbol 'VGA_HSYNC', assumed default net type 'wire' in last_attempt.v(335)
HDL-1007 : undeclared symbol 'VGA_VSYNC', assumed default net type 'wire' in last_attempt.v(336)
HDL-1007 : undeclared symbol 'rd_en', assumed default net type 'wire' in last_attempt.v(338)
HDL-1007 : undeclared symbol 'tpg_data_done', assumed default net type 'wire' in last_attempt.v(785)
HDL-1007 : undeclared symbol 'full_flag', assumed default net type 'wire' in last_attempt.v(819)
HDL-1007 : undeclared symbol 'input_local_udp_port_num', assumed default net type 'wire' in last_attempt.v(850)
HDL-1007 : undeclared symbol 'input_local_udp_port_num_valid', assumed default net type 'wire' in last_attempt.v(851)
HDL-1007 : undeclared symbol 'input_local_ip_address_valid', assumed default net type 'wire' in last_attempt.v(854)
HDL-1007 : analyze verilog file ../source_code/rtl/udp/BUFGMUX.v
HDL-1007 : analyze verilog file ../source_code/rtl/udp/IDDR.v
HDL-1007 : analyze verilog file ../source_code/rtl/udp/ODDR.v
HDL-1007 : analyze verilog file ../source_code/rtl/udp/RAMB16_S9_S9.v
HDL-1007 : undeclared symbol 'open', assumed default net type 'wire' in ../source_code/rtl/udp/RAMB16_S9_S9.v(109)
HDL-1007 : analyze verilog file ../source_code/rtl/udp/clk_gen_rst_gen.v
HDL-1007 : analyze verilog file ../source_code/rtl/udp/div_clk_gen.v
HDL-1007 : analyze verilog file ../source_code/rtl/udp/rgmii_interface.v
HDL-1007 : analyze verilog file ../source_code/rtl/udp/rx_client_fifo.v
HDL-5370 WARNING: parameter 'WAIT_s' becomes localparam in 'rx_client_fifo' with formal parameter declaration list in ../source_code/rtl/udp/rx_client_fifo.v(49)
HDL-5370 WARNING: parameter 'QUEUE1_s' becomes localparam in 'rx_client_fifo' with formal parameter declaration list in ../source_code/rtl/udp/rx_client_fifo.v(50)
HDL-5370 WARNING: parameter 'QUEUE2_s' becomes localparam in 'rx_client_fifo' with formal parameter declaration list in ../source_code/rtl/udp/rx_client_fifo.v(51)
HDL-5370 WARNING: parameter 'QUEUE3_s' becomes localparam in 'rx_client_fifo' with formal parameter declaration list in ../source_code/rtl/udp/rx_client_fifo.v(52)
HDL-5370 WARNING: parameter 'QUEUE_SOF_s' becomes localparam in 'rx_client_fifo' with formal parameter declaration list in ../source_code/rtl/udp/rx_client_fifo.v(53)
HDL-5370 WARNING: parameter 'SOF_s' becomes localparam in 'rx_client_fifo' with formal parameter declaration list in ../source_code/rtl/udp/rx_client_fifo.v(54)
HDL-5370 WARNING: parameter 'DATA_s' becomes localparam in 'rx_client_fifo' with formal parameter declaration list in ../source_code/rtl/udp/rx_client_fifo.v(55)
HDL-5370 WARNING: parameter 'EOF_s' becomes localparam in 'rx_client_fifo' with formal parameter declaration list in ../source_code/rtl/udp/rx_client_fifo.v(56)
HDL-5370 WARNING: parameter 'IDLE_s' becomes localparam in 'rx_client_fifo' with formal parameter declaration list in ../source_code/rtl/udp/rx_client_fifo.v(62)
HDL-5370 WARNING: parameter 'FRAME_s' becomes localparam in 'rx_client_fifo' with formal parameter declaration list in ../source_code/rtl/udp/rx_client_fifo.v(63)
HDL-5370 Similar messages will be suppressed.
HDL-1007 : analyze verilog file ../source_code/rtl/udp/temac_block.v
HDL-1007 : analyze verilog file ../source_code/rtl/udp/temac_clk_gen.v
HDL-1007 : analyze verilog file ../source_code/rtl/udp/tx_client_fifo.v
HDL-5370 WARNING: parameter 'IDLE_s' becomes localparam in 'tx_client_fifo' with formal parameter declaration list in ../source_code/rtl/udp/tx_client_fifo.v(53)
HDL-5370 WARNING: parameter 'QUEUE1_s' becomes localparam in 'tx_client_fifo' with formal parameter declaration list in ../source_code/rtl/udp/tx_client_fifo.v(54)
HDL-5370 WARNING: parameter 'QUEUE2_s' becomes localparam in 'tx_client_fifo' with formal parameter declaration list in ../source_code/rtl/udp/tx_client_fifo.v(55)
HDL-5370 WARNING: parameter 'QUEUE3_s' becomes localparam in 'tx_client_fifo' with formal parameter declaration list in ../source_code/rtl/udp/tx_client_fifo.v(56)
HDL-5370 WARNING: parameter 'QUEUE_ACK_s' becomes localparam in 'tx_client_fifo' with formal parameter declaration list in ../source_code/rtl/udp/tx_client_fifo.v(57)
HDL-5370 WARNING: parameter 'WAIT_ACK_s' becomes localparam in 'tx_client_fifo' with formal parameter declaration list in ../source_code/rtl/udp/tx_client_fifo.v(58)
HDL-5370 WARNING: parameter 'FRAME_s' becomes localparam in 'tx_client_fifo' with formal parameter declaration list in ../source_code/rtl/udp/tx_client_fifo.v(59)
HDL-5370 WARNING: parameter 'DROP_s' becomes localparam in 'tx_client_fifo' with formal parameter declaration list in ../source_code/rtl/udp/tx_client_fifo.v(60)
HDL-5370 WARNING: parameter 'RETRANSMIT_s' becomes localparam in 'tx_client_fifo' with formal parameter declaration list in ../source_code/rtl/udp/tx_client_fifo.v(61)
HDL-5370 WARNING: parameter 'WAIT_s' becomes localparam in 'tx_client_fifo' with formal parameter declaration list in ../source_code/rtl/udp/tx_client_fifo.v(67)
HDL-5370 Similar messages will be suppressed.
HDL-1007 : analyze verilog file ../source_code/rtl/udp/tx_clk_en_gen.v
HDL-1007 : analyze verilog file ../source_code/rtl/udp/udp_data_tpg.v
HDL-1007 : analyze verilog file ../source_code/rtl/udp/udp_ip_protocol_stack_merge.enc.v
HDL-1007 : back to file '../source_code/rtl/udp/udp_ip_protocol_stack_merge.enc.v' in ../source_code/rtl/udp/udp_ip_protocol_stack_merge.enc.v(56)
HDL-1007 : undeclared symbol '**', assumed default net type '**' in ../source_code/rtl/udp/udp_ip_protocol_stack_merge.enc.v(2638)
HDL-1007 : back to file '../source_code/rtl/udp/udp_ip_protocol_stack_merge.enc.v' in ../source_code/rtl/udp/udp_ip_protocol_stack_merge.enc.v(420)
HDL-1007 : analyze verilog file ../source_code/rtl/udp/udp_loopback.v
HDL-1007 : analyze verilog file al_ip/TEMAC_CORE/RTL/include/define.v
HDL-1007 : analyze verilog file al_ip/TEMAC_CORE/RTL/TEMAC_CORE_aead6cd6dadd.v
HDL-5007 WARNING: column 1032 exceeds maximum value 1023 in al_ip/TEMAC_CORE/RTL/TEMAC_CORE_aead6cd6dadd.v(30)
HDL-1007 : back to file 'al_ip/TEMAC_CORE/RTL/TEMAC_CORE_aead6cd6dadd.v' in al_ip/TEMAC_CORE/RTL/TEMAC_CORE_aead6cd6dadd.v(86)
HDL-5007 WARNING: event expressions must result in a singular type in al_ip/TEMAC_CORE/RTL/TEMAC_CORE_aead6cd6dadd.v(3001)
HDL-1007 : undeclared symbol '**', assumed default net type '**' in al_ip/TEMAC_CORE/RTL/TEMAC_CORE_aead6cd6dadd.v(5050)
HDL-1007 : undeclared symbol '**', assumed default net type '**' in al_ip/TEMAC_CORE/RTL/TEMAC_CORE_aead6cd6dadd.v(5458)
HDL-5007 WARNING: column 1035 exceeds maximum value 1023 in al_ip/TEMAC_CORE/RTL/TEMAC_CORE_aead6cd6dadd.v(6001)
HDL-1007 : back to file 'al_ip/TEMAC_CORE/RTL/TEMAC_CORE_aead6cd6dadd.v' in al_ip/TEMAC_CORE/RTL/TEMAC_CORE_aead6cd6dadd.v(260)
HDL-1007 : analyze verilog file al_ip/TEMAC_CORE/RTL/mac_core_aead6cd6dadd.v
HDL-1007 : analyze verilog file al_ip/TEMAC_CORE/TEMAC_CORE.v
HDL-1007 : analyze verilog file al_ip/pll_gen.v
HDL-1007 : undeclared symbol 'pll_gen_open0', assumed default net type 'wire' in al_ip/pll_gen.v(99)
HDL-1007 : undeclared symbol 'pll_gen_open8', assumed default net type 'wire' in al_ip/pll_gen.v(105)
HDL-1007 : undeclared symbol 'pll_gen_open7', assumed default net type 'wire' in al_ip/pll_gen.v(105)
HDL-1007 : undeclared symbol 'pll_gen_open6', assumed default net type 'wire' in al_ip/pll_gen.v(105)
HDL-1007 : undeclared symbol 'pll_gen_open5', assumed default net type 'wire' in al_ip/pll_gen.v(105)
HDL-1007 : undeclared symbol 'pll_gen_open4', assumed default net type 'wire' in al_ip/pll_gen.v(105)
HDL-1007 : undeclared symbol 'pll_gen_open3', assumed default net type 'wire' in al_ip/pll_gen.v(105)
HDL-1007 : undeclared symbol 'pll_gen_open2', assumed default net type 'wire' in al_ip/pll_gen.v(105)
HDL-1007 : undeclared symbol 'pll_gen_open1', assumed default net type 'wire' in al_ip/pll_gen.v(105)
HDL-1007 : analyze verilog file al_ip/sys_pll.v
HDL-1007 : undeclared symbol 'sys_pll_open0', assumed default net type 'wire' in al_ip/sys_pll.v(77)
HDL-1007 : undeclared symbol 'sys_pll_open1', assumed default net type 'wire' in al_ip/sys_pll.v(83)
HDL-1007 : undeclared symbol 'sys_pll_open9', assumed default net type 'wire' in al_ip/sys_pll.v(89)
HDL-1007 : undeclared symbol 'sys_pll_open8', assumed default net type 'wire' in al_ip/sys_pll.v(89)
HDL-1007 : undeclared symbol 'sys_pll_open7', assumed default net type 'wire' in al_ip/sys_pll.v(89)
HDL-1007 : undeclared symbol 'sys_pll_open6', assumed default net type 'wire' in al_ip/sys_pll.v(89)
HDL-1007 : undeclared symbol 'sys_pll_open5', assumed default net type 'wire' in al_ip/sys_pll.v(89)
HDL-1007 : undeclared symbol 'sys_pll_open4', assumed default net type 'wire' in al_ip/sys_pll.v(89)
HDL-1007 : undeclared symbol 'sys_pll_open3', assumed default net type 'wire' in al_ip/sys_pll.v(89)
HDL-1007 : undeclared symbol 'sys_pll_open2', assumed default net type 'wire' in al_ip/sys_pll.v(89)
HDL-1007 : undeclared symbol 'sys_pll_open11', assumed default net type 'wire' in al_ip/sys_pll.v(91)
HDL-1007 : undeclared symbol 'sys_pll_open10', assumed default net type 'wire' in al_ip/sys_pll.v(91)
HDL-1007 : analyze verilog file ../source_code/rtl/sd_card/ax_debounce.v
HDL-1007 : analyze verilog file ../source_code/rtl/sd_card/bmp_read.v
HDL-1007 : analyze verilog file ../source_code/rtl/sd_card/sd_card_bmp.v
HDL-1007 : analyze verilog file ../source_code/rtl/sd_card/sd_card_cmd.v
HDL-1007 : analyze verilog file ../source_code/rtl/sd_card/sd_card_sec_read_write.v
HDL-1007 : analyze verilog file ../source_code/rtl/sd_card/sd_card_top.v
HDL-1007 : analyze verilog file ../source_code/rtl/sd_card/spi_master.v
HDL-1007 : analyze verilog file ../source_code/rtl/sdram/enc_file/global_def.v
HDL-1007 : analyze verilog file ../source_code/rtl/sdram/enc_file/sdr_as_ram.enc.v
HDL-1007 : back to file '../source_code/rtl/sdram/enc_file/sdr_as_ram.enc.v' in ../source_code/rtl/sdram/enc_file/sdr_as_ram.enc.v(54)
HDL-1007 : analyze verilog file ../source_code/rtl/sdram/enc_file/sdr_wrrd.enc.v
HDL-5007 WARNING: concatenation with an unsized literal will be treated as 32 bits in ../source_code/rtl/sdram/enc_file/sdr_wrrd.enc.v(283)
HDL-1007 : back to file '../source_code/rtl/sdram/enc_file/sdr_wrrd.enc.v' in ../source_code/rtl/sdram/enc_file/sdr_wrrd.enc.v(19)
HDL-1007 : analyze verilog file ../source_code/rtl/frame_fifo/afifo_16_32_256.v
HDL-1007 : analyze verilog file ../source_code/rtl/frame_fifo/afifo_32_16_256.v
HDL-1007 : analyze verilog file ../source_code/rtl/frame_fifo/frame_fifo_read.v
HDL-1007 : analyze verilog file ../source_code/rtl/frame_fifo/frame_fifo_write.v
HDL-1007 : analyze verilog file ../source_code/rtl/frame_fifo/frame_read_write.v
HDL-1007 : analyze verilog file ../source_code/rtl/sdram/sdram.v
HDL-1007 : analyze included file ../source_code/rtl/sdram/enc_file/global_def.v in ../source_code/rtl/sdram/sdram.v(10)
HDL-1007 : back to file '../source_code/rtl/sdram/sdram.v' in ../source_code/rtl/sdram/sdram.v(10)
HDL-1007 : undeclared symbol 'SDR_CKE', assumed default net type 'wire' in ../source_code/rtl/sdram/sdram.v(89)
HDL-1007 : analyze verilog file ../source_code/rtl/sdram/enc_file/sdr_init_ref.enc.v
HDL-1007 : analyze included file ../source_code/rtl/sdram/enc_file/global_def.v in ../source_code/rtl/sdram/enc_file/sdr_init_ref.enc.v(11)
HDL-1007 : back to file '../source_code/rtl/sdram/enc_file/sdr_init_ref.enc.v' in ../source_code/rtl/sdram/enc_file/sdr_init_ref.enc.v(11)
HDL-1007 : undeclared symbol '**', assumed default net type '**' in ../source_code/rtl/sdram/enc_file/sdr_init_ref.enc.v(57)
HDL-1007 : back to file '../source_code/rtl/sdram/enc_file/sdr_init_ref.enc.v' in ../source_code/rtl/sdram/enc_file/sdr_init_ref.enc.v(149)
HDL-5007 WARNING: concatenation with an unsized literal will be treated as 32 bits in ../source_code/rtl/sdram/enc_file/sdr_init_ref.enc.v(47)
HDL-1007 : analyze verilog file ../source_code/rtl/video_timing/color_bar.v
HDL-1007 : analyze included file ../source_code/rtl/video_timing/video_define.v in ../source_code/rtl/video_timing/color_bar.v(2)
HDL-1007 : back to file '../source_code/rtl/video_timing/color_bar.v' in ../source_code/rtl/video_timing/color_bar.v(2)
HDL-1007 : analyze verilog file ../source_code/rtl/video_timing/video_delay.v
HDL-1007 : analyze verilog file ../source_code/rtl/video_timing/video_timing_data.v
HDL-1007 : analyze verilog file ../source_code/rtl/another/m_synchronization_header.v
HDL-1007 : analyze verilog file ../source_code/rtl/led.v
HDL-1007 : analyze verilog file ../source_code/rtl/ov5640/cmos_capture_data.v
HDL-1007 : analyze verilog file ../source_code/rtl/ov5640/i2c_dri.v
HDL-1007 : analyze verilog file ../source_code/rtl/ov5640/i2c_ov5640_rgb565_cfg.v
HDL-1007 : analyze verilog file ../source_code/rtl/ov5640/ov5640_delay.v
HDL-1007 : analyze verilog file ../source_code/rtl/ov5640/ov5640_dri.v
HDL-1007 : analyze verilog file al_ip/clk_wize.v
HDL-1007 : undeclared symbol 'open', assumed default net type 'wire' in al_ip/clk_wize.v(70)
HDL-1007 : analyze verilog file al_ip/ram.v
HDL-1007 : analyze verilog file ../source_code/rtl/app/addr_crt.v
HDL-1007 : analyze verilog file ../source_code/rtl/app/app.v
HDL-1007 : analyze verilog file ../source_code/rtl/app/vga_disp_rtl.v
HDL-1007 : analyze VHDL file ../source_code/rtl/hdmi_rtl/enc_file/DVITransmitter.enc.vhd
HDL-1007 : analyze entity dvitransmitter in ../source_code/rtl/hdmi_rtl/enc_file/DVITransmitter.enc.vhd(13)
HDL-1007 : analyze architecture ** in ../source_code/rtl/hdmi_rtl/enc_file/DVITransmitter.enc.vhd(2)
HDL-1007 : analyze VHDL file ../source_code/rtl/hdmi_rtl/enc_file/SerializerN_1_lvds.enc.vhd
HDL-1007 : analyze entity ** in ../source_code/rtl/hdmi_rtl/enc_file/SerializerN_1_lvds.enc.vhd(12)
HDL-1007 : analyze architecture ** in ../source_code/rtl/hdmi_rtl/enc_file/SerializerN_1_lvds.enc.vhd(25)
HDL-1007 : analyze VHDL file ../source_code/rtl/hdmi_rtl/enc_file/SerializerN_1_lvds_dat.enc.vhd
HDL-1007 : analyze entity ** in ../source_code/rtl/hdmi_rtl/enc_file/SerializerN_1_lvds_dat.enc.vhd(14)
HDL-1007 : analyze architecture ** in ../source_code/rtl/hdmi_rtl/enc_file/SerializerN_1_lvds_dat.enc.vhd(28)
HDL-1007 : analyze VHDL file ../source_code/rtl/hdmi_rtl/enc_file/TMDSEncoder.enc.vhd
HDL-1007 : analyze entity ** in ../source_code/rtl/hdmi_rtl/enc_file/TMDSEncoder.enc.vhd(13)
HDL-1007 : analyze architecture ** in ../source_code/rtl/hdmi_rtl/enc_file/TMDSEncoder.enc.vhd(24)
HDL-1007 : analyze verilog file ../source_code/rtl/hdmi_rtl/enc_file/video_tpg_1024768.enc.v
HDL-5007 WARNING: literal value ** truncated to fit in ** bits in ../source_code/rtl/hdmi_rtl/enc_file/video_tpg_1024768.enc.v(231)
HDL-1007 : back to file '../source_code/rtl/hdmi_rtl/enc_file/video_tpg_1024768.enc.v' in ../source_code/rtl/hdmi_rtl/enc_file/video_tpg_1024768.enc.v(1)
HDL-1007 : analyze verilog file ../source_code/rtl/hdmi_rtl/enc_file/video_tpg_1080p.enc.v
HDL-1007 : back to file '../source_code/rtl/hdmi_rtl/enc_file/video_tpg_1080p.enc.v' in ../source_code/rtl/hdmi_rtl/enc_file/video_tpg_1080p.enc.v(1)
HDL-1007 : analyze verilog file ../source_code/rtl/hdmi_rtl/enc_file/video_tpg_12801024p.enc.v
HDL-1007 : back to file '../source_code/rtl/hdmi_rtl/enc_file/video_tpg_12801024p.enc.v' in ../source_code/rtl/hdmi_rtl/enc_file/video_tpg_12801024p.enc.v(1)
HDL-1007 : analyze verilog file ../source_code/rtl/hdmi_rtl/enc_file/video_tpg_1280800.enc.v
HDL-5007 WARNING: literal value ** truncated to fit in ** bits in ../source_code/rtl/hdmi_rtl/enc_file/video_tpg_1280800.enc.v(233)
HDL-1007 : back to file '../source_code/rtl/hdmi_rtl/enc_file/video_tpg_1280800.enc.v' in ../source_code/rtl/hdmi_rtl/enc_file/video_tpg_1280800.enc.v(1)
HDL-1007 : analyze verilog file ../source_code/rtl/hdmi_rtl/enc_file/video_tpg_16801050p.enc.v
HDL-1007 : back to file '../source_code/rtl/hdmi_rtl/enc_file/video_tpg_16801050p.enc.v' in ../source_code/rtl/hdmi_rtl/enc_file/video_tpg_16801050p.enc.v(1)
HDL-1007 : analyze verilog file ../source_code/rtl/hdmi_rtl/enc_file/video_tpg_800600.enc.v
HDL-1007 : back to file '../source_code/rtl/hdmi_rtl/enc_file/video_tpg_800600.enc.v' in ../source_code/rtl/hdmi_rtl/enc_file/video_tpg_800600.enc.v(1)
HDL-1007 : analyze VHDL file ../source_code/rtl/hdmi_rtl/hdmi_tx.vhd
HDL-1007 : analyze entity hdmi_tx in ../source_code/rtl/hdmi_rtl/hdmi_tx.vhd(11)
HDL-1007 : analyze architecture behavioral in ../source_code/rtl/hdmi_rtl/hdmi_tx.vhd(33)
HDL-1007 : analyze verilog file ../source_code/rtl/hdmi_rtl/vga_disp_rtl.v
HDL-7201 CRITICAL-WARNING: overwrite current module 'vga_disp_rtl' in ../source_code/rtl/hdmi_rtl/vga_disp_rtl.v(1)
HDL-7307 CRITICAL-WARNING: previous definition of design element module 'vga_disp_rtl' is here. This is because multiple modules(values) with the same name are defined. Please consider rewriting code in ../source_code/rtl/app/vga_disp_rtl.v(1)
HDL-1007 : analyze verilog file ../source_code/rtl/another/fire_detect.v
HDL-1007 : analyze verilog file ../source_code/rtl/another/intrusion_detect.v
PRJ-1412 : reset_run syn_1 phy_1.
PRJ-1409 : launch_runs syn_1 phy_1  -jobs 6.
PRJ-1410 : Run syn_1 success.
RUN-1002 : start command "save_best_bits"
PRJ-1424 : The implemented result of phy_1 is saved as best result.
PRJ-1410 : Run phy_1 success.
RUN-1002 : start command "import_db D:/FPGA/workplace6_2_1/last_attempt/prj/last_attempt_Runs/phy_1/last_attempt_pr.db"
RUN-1001 : Importing database generated by Tang Dynasty, V6.2.168116.
RUN-1001 : Database version number 46207
RUN-1001 : Import flow parameters
RUN-1001 : Import netlist
PHY-1001 : Generate detailed routing grids ...
PHY-1001 : End build routing graph; 0.495165s wall, 0.484375s user + 0.078125s system = 0.562500s CPU (113.6%)

PHY-1001 : Build lut bridge;  0.068025s wall, 0.078125s user + 0.000000s system = 0.078125s CPU (114.8%)

PHY-1001 : Generate nets ...
PHY-1001 : net clk_50_dup_1 will be routed on clock mesh
PHY-1001 : clock net temac_clk will be merged with clock u_clk_gen/u_pll_0/clk0_buf
PHY-1001 : net udp_clk will be routed on clock mesh
PHY-1001 : net U3/u2_ram/SDRAM_CLK will be routed on clock mesh
PHY-1001 : net U3/u2_ram/u1_init_ref/Sdr_clk will be routed on clock mesh
PHY-1001 : clock net u_ov5640_dri/u_i2c_dr/dri_clk_syn_4 will be merged with clock u_ov5640_dri/u_i2c_dr/dri_clk
PHY-1001 : clock net u2_udp_loopback/app_tx_data_read_syn_4 will be merged with clock u2_udp_loopback/app_tx_data_read
PHY-1001 : clock net frame_read_write_m0/write_clk_syn_4 will be merged with clock frame_read_write_m0/write_clk
PHY-1001 : clock net cam_pclk_syn_4 will be merged with clock cam_pclk_dup_1
PHY-1001 : clock net sd_card_bmp_m0/bmp_read_m0/clk will be merged with clock tf0_sys_pll/clk0_buf
PHY-1001 : net u2_hdmi_tx/Inst_DVITransmitter/PCLK_I will be routed on clock mesh
PHY-1001 : clock net u2_hdmi_tx/Inst_DVITransmitter/PCLK_X5_I will be merged with clock u0_clk_wize/clk0_buf
PHY-1001 : clock net u4_trimac_block/rx_clk will be merged with clock phy1_rgmii_rx_clk_dup_1
PHY-1001 : net u4_trimac_block/u1_rgmii_interface/rgmii_txc_ddr/clk will be routed on clock mesh
PHY-1001 : eco open net = 0
PHY-1001 : 794 feed throughs used by 533 nets
RUN-1001 : Import phy database
RUN-1001 : Import timing constraints
RUN-1001 : Import IO constraints
RUN-1001 : Import Inst constraints
RUN-1001 : Import ChipWatcher
RUN-1001 : Import design success TD_VERSION=6.2.168116 , DB_VERSION=46207
RUN-1003 : finish command "import_db D:/FPGA/workplace6_2_1/last_attempt/prj/last_attempt_Runs/phy_1/last_attempt_pr.db" in  4.071648s wall, 3.828125s user + 0.578125s system = 4.406250s CPU (108.2%)

RUN-1004 : used memory is 919 MB, reserved memory is 858 MB, peak memory is 957 MB
RUN-1002 : start command "commit_param -step design"
RUN-1001 : Print Global Property
RUN-1001 : --------------------------------------------------------
RUN-1001 :   Parameters   |  Settings  |  Default Values  |  Note  
RUN-1001 : --------------------------------------------------------
RUN-1001 :   enable_seed  |    off     |       off        |        
RUN-1001 :     message    |  standard  |     standard     |        
RUN-1001 :   qor_monitor  |     on     |        on        |        
RUN-1001 :   syn_ip_flow  |    off     |       off        |        
RUN-1001 :     thread     |    auto    |       auto       |        
RUN-1001 : --------------------------------------------------------
RUN-1001 : Print Design Property
RUN-1001 : ----------------------------------------------------------------
RUN-1001 :       Parameters       |  Settings  |  Default Values  |  Note  
RUN-1001 : ----------------------------------------------------------------
RUN-1001 :   default_reg_initial  |    auto    |       auto       |        
RUN-1001 :    hdl_warning_level   |   normal   |      normal      |        
RUN-1001 : ----------------------------------------------------------------
HDL-1007 : analyze verilog file last_attempt.v
HDL-1007 : undeclared symbol 'phy_reset', assumed default net type 'wire' in last_attempt.v(167)
HDL-1007 : undeclared symbol 'VGA_HSYNC', assumed default net type 'wire' in last_attempt.v(335)
HDL-1007 : undeclared symbol 'VGA_VSYNC', assumed default net type 'wire' in last_attempt.v(336)
HDL-1007 : undeclared symbol 'rd_en', assumed default net type 'wire' in last_attempt.v(338)
HDL-1007 : undeclared symbol 'tpg_data_done', assumed default net type 'wire' in last_attempt.v(749)
HDL-1007 : undeclared symbol 'full_flag', assumed default net type 'wire' in last_attempt.v(783)
HDL-1007 : undeclared symbol 'input_local_udp_port_num', assumed default net type 'wire' in last_attempt.v(814)
HDL-1007 : undeclared symbol 'input_local_udp_port_num_valid', assumed default net type 'wire' in last_attempt.v(815)
HDL-1007 : undeclared symbol 'input_local_ip_address_valid', assumed default net type 'wire' in last_attempt.v(818)
HDL-1007 : analyze verilog file ../source_code/rtl/udp/BUFGMUX.v
HDL-1007 : analyze verilog file ../source_code/rtl/udp/IDDR.v
HDL-1007 : analyze verilog file ../source_code/rtl/udp/ODDR.v
HDL-1007 : analyze verilog file ../source_code/rtl/udp/RAMB16_S9_S9.v
HDL-1007 : undeclared symbol 'open', assumed default net type 'wire' in ../source_code/rtl/udp/RAMB16_S9_S9.v(109)
HDL-1007 : analyze verilog file ../source_code/rtl/udp/clk_gen_rst_gen.v
HDL-1007 : analyze verilog file ../source_code/rtl/udp/div_clk_gen.v
HDL-1007 : analyze verilog file ../source_code/rtl/udp/rgmii_interface.v
HDL-1007 : analyze verilog file ../source_code/rtl/udp/rx_client_fifo.v
HDL-5370 WARNING: parameter 'WAIT_s' becomes localparam in 'rx_client_fifo' with formal parameter declaration list in ../source_code/rtl/udp/rx_client_fifo.v(49)
HDL-5370 WARNING: parameter 'QUEUE1_s' becomes localparam in 'rx_client_fifo' with formal parameter declaration list in ../source_code/rtl/udp/rx_client_fifo.v(50)
HDL-5370 WARNING: parameter 'QUEUE2_s' becomes localparam in 'rx_client_fifo' with formal parameter declaration list in ../source_code/rtl/udp/rx_client_fifo.v(51)
HDL-5370 WARNING: parameter 'QUEUE3_s' becomes localparam in 'rx_client_fifo' with formal parameter declaration list in ../source_code/rtl/udp/rx_client_fifo.v(52)
HDL-5370 WARNING: parameter 'QUEUE_SOF_s' becomes localparam in 'rx_client_fifo' with formal parameter declaration list in ../source_code/rtl/udp/rx_client_fifo.v(53)
HDL-5370 WARNING: parameter 'SOF_s' becomes localparam in 'rx_client_fifo' with formal parameter declaration list in ../source_code/rtl/udp/rx_client_fifo.v(54)
HDL-5370 WARNING: parameter 'DATA_s' becomes localparam in 'rx_client_fifo' with formal parameter declaration list in ../source_code/rtl/udp/rx_client_fifo.v(55)
HDL-5370 WARNING: parameter 'EOF_s' becomes localparam in 'rx_client_fifo' with formal parameter declaration list in ../source_code/rtl/udp/rx_client_fifo.v(56)
HDL-5370 WARNING: parameter 'IDLE_s' becomes localparam in 'rx_client_fifo' with formal parameter declaration list in ../source_code/rtl/udp/rx_client_fifo.v(62)
HDL-5370 WARNING: parameter 'FRAME_s' becomes localparam in 'rx_client_fifo' with formal parameter declaration list in ../source_code/rtl/udp/rx_client_fifo.v(63)
HDL-5370 Similar messages will be suppressed.
HDL-1007 : analyze verilog file ../source_code/rtl/udp/temac_block.v
HDL-1007 : analyze verilog file ../source_code/rtl/udp/temac_clk_gen.v
HDL-1007 : analyze verilog file ../source_code/rtl/udp/tx_client_fifo.v
HDL-5370 WARNING: parameter 'IDLE_s' becomes localparam in 'tx_client_fifo' with formal parameter declaration list in ../source_code/rtl/udp/tx_client_fifo.v(53)
HDL-5370 WARNING: parameter 'QUEUE1_s' becomes localparam in 'tx_client_fifo' with formal parameter declaration list in ../source_code/rtl/udp/tx_client_fifo.v(54)
HDL-5370 WARNING: parameter 'QUEUE2_s' becomes localparam in 'tx_client_fifo' with formal parameter declaration list in ../source_code/rtl/udp/tx_client_fifo.v(55)
HDL-5370 WARNING: parameter 'QUEUE3_s' becomes localparam in 'tx_client_fifo' with formal parameter declaration list in ../source_code/rtl/udp/tx_client_fifo.v(56)
HDL-5370 WARNING: parameter 'QUEUE_ACK_s' becomes localparam in 'tx_client_fifo' with formal parameter declaration list in ../source_code/rtl/udp/tx_client_fifo.v(57)
HDL-5370 WARNING: parameter 'WAIT_ACK_s' becomes localparam in 'tx_client_fifo' with formal parameter declaration list in ../source_code/rtl/udp/tx_client_fifo.v(58)
HDL-5370 WARNING: parameter 'FRAME_s' becomes localparam in 'tx_client_fifo' with formal parameter declaration list in ../source_code/rtl/udp/tx_client_fifo.v(59)
HDL-5370 WARNING: parameter 'DROP_s' becomes localparam in 'tx_client_fifo' with formal parameter declaration list in ../source_code/rtl/udp/tx_client_fifo.v(60)
HDL-5370 WARNING: parameter 'RETRANSMIT_s' becomes localparam in 'tx_client_fifo' with formal parameter declaration list in ../source_code/rtl/udp/tx_client_fifo.v(61)
HDL-5370 WARNING: parameter 'WAIT_s' becomes localparam in 'tx_client_fifo' with formal parameter declaration list in ../source_code/rtl/udp/tx_client_fifo.v(67)
HDL-5370 Similar messages will be suppressed.
HDL-1007 : analyze verilog file ../source_code/rtl/udp/tx_clk_en_gen.v
HDL-1007 : analyze verilog file ../source_code/rtl/udp/udp_data_tpg.v
HDL-1007 : analyze verilog file ../source_code/rtl/udp/udp_ip_protocol_stack_merge.enc.v
HDL-1007 : back to file '../source_code/rtl/udp/udp_ip_protocol_stack_merge.enc.v' in ../source_code/rtl/udp/udp_ip_protocol_stack_merge.enc.v(56)
HDL-1007 : undeclared symbol '**', assumed default net type '**' in ../source_code/rtl/udp/udp_ip_protocol_stack_merge.enc.v(2638)
HDL-1007 : back to file '../source_code/rtl/udp/udp_ip_protocol_stack_merge.enc.v' in ../source_code/rtl/udp/udp_ip_protocol_stack_merge.enc.v(420)
HDL-1007 : analyze verilog file ../source_code/rtl/udp/udp_loopback.v
HDL-1007 : analyze verilog file al_ip/TEMAC_CORE/RTL/include/define.v
HDL-1007 : analyze verilog file al_ip/TEMAC_CORE/RTL/TEMAC_CORE_aead6cd6dadd.v
HDL-5007 WARNING: column 1032 exceeds maximum value 1023 in al_ip/TEMAC_CORE/RTL/TEMAC_CORE_aead6cd6dadd.v(30)
HDL-1007 : back to file 'al_ip/TEMAC_CORE/RTL/TEMAC_CORE_aead6cd6dadd.v' in al_ip/TEMAC_CORE/RTL/TEMAC_CORE_aead6cd6dadd.v(86)
HDL-5007 WARNING: event expressions must result in a singular type in al_ip/TEMAC_CORE/RTL/TEMAC_CORE_aead6cd6dadd.v(3001)
HDL-1007 : undeclared symbol '**', assumed default net type '**' in al_ip/TEMAC_CORE/RTL/TEMAC_CORE_aead6cd6dadd.v(5050)
HDL-1007 : undeclared symbol '**', assumed default net type '**' in al_ip/TEMAC_CORE/RTL/TEMAC_CORE_aead6cd6dadd.v(5458)
HDL-5007 WARNING: column 1035 exceeds maximum value 1023 in al_ip/TEMAC_CORE/RTL/TEMAC_CORE_aead6cd6dadd.v(6001)
HDL-1007 : back to file 'al_ip/TEMAC_CORE/RTL/TEMAC_CORE_aead6cd6dadd.v' in al_ip/TEMAC_CORE/RTL/TEMAC_CORE_aead6cd6dadd.v(260)
HDL-1007 : analyze verilog file al_ip/TEMAC_CORE/RTL/mac_core_aead6cd6dadd.v
HDL-1007 : analyze verilog file al_ip/TEMAC_CORE/TEMAC_CORE.v
HDL-1007 : analyze verilog file al_ip/pll_gen.v
HDL-1007 : undeclared symbol 'pll_gen_open0', assumed default net type 'wire' in al_ip/pll_gen.v(99)
HDL-1007 : undeclared symbol 'pll_gen_open8', assumed default net type 'wire' in al_ip/pll_gen.v(105)
HDL-1007 : undeclared symbol 'pll_gen_open7', assumed default net type 'wire' in al_ip/pll_gen.v(105)
HDL-1007 : undeclared symbol 'pll_gen_open6', assumed default net type 'wire' in al_ip/pll_gen.v(105)
HDL-1007 : undeclared symbol 'pll_gen_open5', assumed default net type 'wire' in al_ip/pll_gen.v(105)
HDL-1007 : undeclared symbol 'pll_gen_open4', assumed default net type 'wire' in al_ip/pll_gen.v(105)
HDL-1007 : undeclared symbol 'pll_gen_open3', assumed default net type 'wire' in al_ip/pll_gen.v(105)
HDL-1007 : undeclared symbol 'pll_gen_open2', assumed default net type 'wire' in al_ip/pll_gen.v(105)
HDL-1007 : undeclared symbol 'pll_gen_open1', assumed default net type 'wire' in al_ip/pll_gen.v(105)
HDL-1007 : analyze verilog file al_ip/sys_pll.v
HDL-1007 : undeclared symbol 'sys_pll_open0', assumed default net type 'wire' in al_ip/sys_pll.v(77)
HDL-1007 : undeclared symbol 'sys_pll_open1', assumed default net type 'wire' in al_ip/sys_pll.v(83)
HDL-1007 : undeclared symbol 'sys_pll_open9', assumed default net type 'wire' in al_ip/sys_pll.v(89)
HDL-1007 : undeclared symbol 'sys_pll_open8', assumed default net type 'wire' in al_ip/sys_pll.v(89)
HDL-1007 : undeclared symbol 'sys_pll_open7', assumed default net type 'wire' in al_ip/sys_pll.v(89)
HDL-1007 : undeclared symbol 'sys_pll_open6', assumed default net type 'wire' in al_ip/sys_pll.v(89)
HDL-1007 : undeclared symbol 'sys_pll_open5', assumed default net type 'wire' in al_ip/sys_pll.v(89)
HDL-1007 : undeclared symbol 'sys_pll_open4', assumed default net type 'wire' in al_ip/sys_pll.v(89)
HDL-1007 : undeclared symbol 'sys_pll_open3', assumed default net type 'wire' in al_ip/sys_pll.v(89)
HDL-1007 : undeclared symbol 'sys_pll_open2', assumed default net type 'wire' in al_ip/sys_pll.v(89)
HDL-1007 : undeclared symbol 'sys_pll_open11', assumed default net type 'wire' in al_ip/sys_pll.v(91)
HDL-1007 : undeclared symbol 'sys_pll_open10', assumed default net type 'wire' in al_ip/sys_pll.v(91)
HDL-1007 : analyze verilog file ../source_code/rtl/sd_card/ax_debounce.v
HDL-1007 : analyze verilog file ../source_code/rtl/sd_card/bmp_read.v
HDL-1007 : analyze verilog file ../source_code/rtl/sd_card/sd_card_bmp.v
HDL-1007 : analyze verilog file ../source_code/rtl/sd_card/sd_card_cmd.v
HDL-1007 : analyze verilog file ../source_code/rtl/sd_card/sd_card_sec_read_write.v
HDL-1007 : analyze verilog file ../source_code/rtl/sd_card/sd_card_top.v
HDL-1007 : analyze verilog file ../source_code/rtl/sd_card/spi_master.v
HDL-1007 : analyze verilog file ../source_code/rtl/sdram/enc_file/global_def.v
HDL-1007 : analyze verilog file ../source_code/rtl/sdram/enc_file/sdr_as_ram.enc.v
HDL-1007 : back to file '../source_code/rtl/sdram/enc_file/sdr_as_ram.enc.v' in ../source_code/rtl/sdram/enc_file/sdr_as_ram.enc.v(54)
HDL-1007 : analyze verilog file ../source_code/rtl/sdram/enc_file/sdr_wrrd.enc.v
HDL-5007 WARNING: concatenation with an unsized literal will be treated as 32 bits in ../source_code/rtl/sdram/enc_file/sdr_wrrd.enc.v(283)
HDL-1007 : back to file '../source_code/rtl/sdram/enc_file/sdr_wrrd.enc.v' in ../source_code/rtl/sdram/enc_file/sdr_wrrd.enc.v(19)
HDL-1007 : analyze verilog file ../source_code/rtl/frame_fifo/afifo_16_32_256.v
HDL-1007 : analyze verilog file ../source_code/rtl/frame_fifo/afifo_32_16_256.v
HDL-1007 : analyze verilog file ../source_code/rtl/frame_fifo/frame_fifo_read.v
HDL-1007 : analyze verilog file ../source_code/rtl/frame_fifo/frame_fifo_write.v
HDL-1007 : analyze verilog file ../source_code/rtl/frame_fifo/frame_read_write.v
HDL-1007 : analyze verilog file ../source_code/rtl/sdram/sdram.v
HDL-1007 : analyze included file ../source_code/rtl/sdram/enc_file/global_def.v in ../source_code/rtl/sdram/sdram.v(10)
HDL-1007 : back to file '../source_code/rtl/sdram/sdram.v' in ../source_code/rtl/sdram/sdram.v(10)
HDL-1007 : undeclared symbol 'SDR_CKE', assumed default net type 'wire' in ../source_code/rtl/sdram/sdram.v(89)
HDL-1007 : analyze verilog file ../source_code/rtl/sdram/enc_file/sdr_init_ref.enc.v
HDL-1007 : analyze included file ../source_code/rtl/sdram/enc_file/global_def.v in ../source_code/rtl/sdram/enc_file/sdr_init_ref.enc.v(11)
HDL-1007 : back to file '../source_code/rtl/sdram/enc_file/sdr_init_ref.enc.v' in ../source_code/rtl/sdram/enc_file/sdr_init_ref.enc.v(11)
HDL-1007 : undeclared symbol '**', assumed default net type '**' in ../source_code/rtl/sdram/enc_file/sdr_init_ref.enc.v(57)
HDL-1007 : back to file '../source_code/rtl/sdram/enc_file/sdr_init_ref.enc.v' in ../source_code/rtl/sdram/enc_file/sdr_init_ref.enc.v(149)
HDL-5007 WARNING: concatenation with an unsized literal will be treated as 32 bits in ../source_code/rtl/sdram/enc_file/sdr_init_ref.enc.v(47)
HDL-1007 : analyze verilog file ../source_code/rtl/video_timing/color_bar.v
HDL-1007 : analyze included file ../source_code/rtl/video_timing/video_define.v in ../source_code/rtl/video_timing/color_bar.v(2)
HDL-1007 : back to file '../source_code/rtl/video_timing/color_bar.v' in ../source_code/rtl/video_timing/color_bar.v(2)
HDL-1007 : analyze verilog file ../source_code/rtl/video_timing/video_delay.v
HDL-1007 : analyze verilog file ../source_code/rtl/video_timing/video_timing_data.v
HDL-1007 : analyze verilog file ../source_code/rtl/another/m_synchronization_header.v
HDL-1007 : analyze verilog file ../source_code/rtl/led.v
HDL-1007 : analyze verilog file ../source_code/rtl/ov5640/cmos_capture_data.v
HDL-1007 : analyze verilog file ../source_code/rtl/ov5640/i2c_dri.v
HDL-1007 : analyze verilog file ../source_code/rtl/ov5640/i2c_ov5640_rgb565_cfg.v
HDL-1007 : analyze verilog file ../source_code/rtl/ov5640/ov5640_delay.v
HDL-1007 : analyze verilog file ../source_code/rtl/ov5640/ov5640_dri.v
HDL-1007 : analyze verilog file al_ip/clk_wize.v
HDL-1007 : undeclared symbol 'open', assumed default net type 'wire' in al_ip/clk_wize.v(70)
HDL-1007 : analyze verilog file al_ip/ram.v
HDL-1007 : analyze verilog file ../source_code/rtl/app/addr_crt.v
HDL-1007 : analyze verilog file ../source_code/rtl/app/app.v
HDL-1007 : analyze verilog file ../source_code/rtl/app/vga_disp_rtl.v
HDL-1007 : analyze VHDL file ../source_code/rtl/hdmi_rtl/enc_file/DVITransmitter.enc.vhd
HDL-1007 : analyze entity dvitransmitter in ../source_code/rtl/hdmi_rtl/enc_file/DVITransmitter.enc.vhd(13)
HDL-1007 : analyze architecture ** in ../source_code/rtl/hdmi_rtl/enc_file/DVITransmitter.enc.vhd(2)
HDL-1007 : analyze VHDL file ../source_code/rtl/hdmi_rtl/enc_file/SerializerN_1_lvds.enc.vhd
HDL-1007 : analyze entity ** in ../source_code/rtl/hdmi_rtl/enc_file/SerializerN_1_lvds.enc.vhd(12)
HDL-1007 : analyze architecture ** in ../source_code/rtl/hdmi_rtl/enc_file/SerializerN_1_lvds.enc.vhd(25)
HDL-1007 : analyze VHDL file ../source_code/rtl/hdmi_rtl/enc_file/SerializerN_1_lvds_dat.enc.vhd
HDL-1007 : analyze entity ** in ../source_code/rtl/hdmi_rtl/enc_file/SerializerN_1_lvds_dat.enc.vhd(14)
HDL-1007 : analyze architecture ** in ../source_code/rtl/hdmi_rtl/enc_file/SerializerN_1_lvds_dat.enc.vhd(28)
HDL-1007 : analyze VHDL file ../source_code/rtl/hdmi_rtl/enc_file/TMDSEncoder.enc.vhd
HDL-1007 : analyze entity ** in ../source_code/rtl/hdmi_rtl/enc_file/TMDSEncoder.enc.vhd(13)
HDL-1007 : analyze architecture ** in ../source_code/rtl/hdmi_rtl/enc_file/TMDSEncoder.enc.vhd(24)
HDL-1007 : analyze verilog file ../source_code/rtl/hdmi_rtl/enc_file/video_tpg_1024768.enc.v
HDL-5007 WARNING: literal value ** truncated to fit in ** bits in ../source_code/rtl/hdmi_rtl/enc_file/video_tpg_1024768.enc.v(231)
HDL-1007 : back to file '../source_code/rtl/hdmi_rtl/enc_file/video_tpg_1024768.enc.v' in ../source_code/rtl/hdmi_rtl/enc_file/video_tpg_1024768.enc.v(1)
HDL-1007 : analyze verilog file ../source_code/rtl/hdmi_rtl/enc_file/video_tpg_1080p.enc.v
HDL-1007 : back to file '../source_code/rtl/hdmi_rtl/enc_file/video_tpg_1080p.enc.v' in ../source_code/rtl/hdmi_rtl/enc_file/video_tpg_1080p.enc.v(1)
HDL-1007 : analyze verilog file ../source_code/rtl/hdmi_rtl/enc_file/video_tpg_12801024p.enc.v
HDL-1007 : back to file '../source_code/rtl/hdmi_rtl/enc_file/video_tpg_12801024p.enc.v' in ../source_code/rtl/hdmi_rtl/enc_file/video_tpg_12801024p.enc.v(1)
HDL-1007 : analyze verilog file ../source_code/rtl/hdmi_rtl/enc_file/video_tpg_1280800.enc.v
HDL-5007 WARNING: literal value ** truncated to fit in ** bits in ../source_code/rtl/hdmi_rtl/enc_file/video_tpg_1280800.enc.v(233)
HDL-1007 : back to file '../source_code/rtl/hdmi_rtl/enc_file/video_tpg_1280800.enc.v' in ../source_code/rtl/hdmi_rtl/enc_file/video_tpg_1280800.enc.v(1)
HDL-1007 : analyze verilog file ../source_code/rtl/hdmi_rtl/enc_file/video_tpg_16801050p.enc.v
HDL-1007 : back to file '../source_code/rtl/hdmi_rtl/enc_file/video_tpg_16801050p.enc.v' in ../source_code/rtl/hdmi_rtl/enc_file/video_tpg_16801050p.enc.v(1)
HDL-1007 : analyze verilog file ../source_code/rtl/hdmi_rtl/enc_file/video_tpg_800600.enc.v
HDL-1007 : back to file '../source_code/rtl/hdmi_rtl/enc_file/video_tpg_800600.enc.v' in ../source_code/rtl/hdmi_rtl/enc_file/video_tpg_800600.enc.v(1)
HDL-1007 : analyze VHDL file ../source_code/rtl/hdmi_rtl/hdmi_tx.vhd
HDL-1007 : analyze entity hdmi_tx in ../source_code/rtl/hdmi_rtl/hdmi_tx.vhd(11)
HDL-1007 : analyze architecture behavioral in ../source_code/rtl/hdmi_rtl/hdmi_tx.vhd(33)
HDL-1007 : analyze verilog file ../source_code/rtl/hdmi_rtl/vga_disp_rtl.v
HDL-7201 CRITICAL-WARNING: overwrite current module 'vga_disp_rtl' in ../source_code/rtl/hdmi_rtl/vga_disp_rtl.v(1)
HDL-7307 CRITICAL-WARNING: previous definition of design element module 'vga_disp_rtl' is here. This is because multiple modules(values) with the same name are defined. Please consider rewriting code in ../source_code/rtl/app/vga_disp_rtl.v(1)
HDL-1007 : analyze verilog file ../source_code/rtl/another/fire_detect.v
HDL-1007 : analyze verilog file ../source_code/rtl/another/intrusion_detect.v
PRJ-1412 : reset_run syn_1 phy_1.
PRJ-1409 : launch_runs syn_1 phy_1  -jobs 6.
PRJ-1410 : Run syn_1 success.
PRJ-1410 : Run phy_1 success.
RUN-1002 : start command "save_best_bits"
PRJ-1424 : The implemented result of phy_1 is saved as best result.
RUN-1002 : start command "import_db D:/FPGA/workplace6_2_1/last_attempt/prj/last_attempt_Runs/phy_1/last_attempt_pr.db"
RUN-1001 : Importing database generated by Tang Dynasty, V6.2.168116.
RUN-1001 : Database version number 46207
RUN-1001 : Import flow parameters
RUN-1001 : Import netlist
PHY-1001 : Generate detailed routing grids ...
PHY-1001 : End build routing graph; 0.471221s wall, 0.484375s user + 0.046875s system = 0.531250s CPU (112.7%)

PHY-1001 : Build lut bridge;  0.072974s wall, 0.062500s user + 0.015625s system = 0.078125s CPU (107.1%)

PHY-1001 : Generate nets ...
PHY-1001 : net clk_50_dup_1 will be routed on clock mesh
PHY-1001 : clock net temac_clk will be merged with clock u_clk_gen/u_pll_0/clk0_buf
PHY-1001 : net udp_clk will be routed on clock mesh
PHY-1001 : net U3/u2_ram/SDRAM_CLK will be routed on clock mesh
PHY-1001 : net U3/u2_ram/u1_init_ref/Sdr_clk will be routed on clock mesh
PHY-1001 : clock net u_ov5640_dri/u_i2c_dr/dri_clk_syn_4 will be merged with clock u_ov5640_dri/u_i2c_dr/dri_clk
PHY-1001 : clock net u2_udp_loopback/app_tx_data_read_syn_4 will be merged with clock u2_udp_loopback/app_tx_data_read
PHY-1001 : clock net frame_read_write_m0/write_clk_syn_4 will be merged with clock frame_read_write_m0/write_clk
PHY-1001 : clock net cam_pclk_syn_4 will be merged with clock cam_pclk_dup_1
PHY-1001 : clock net sd_card_bmp_m0/bmp_read_m0/clk will be merged with clock tf0_sys_pll/clk0_buf
PHY-1001 : net u2_hdmi_tx/Inst_DVITransmitter/PCLK_I will be routed on clock mesh
PHY-1001 : clock net u2_hdmi_tx/Inst_DVITransmitter/PCLK_X5_I will be merged with clock u0_clk_wize/clk0_buf
PHY-1001 : clock net u4_trimac_block/rx_clk will be merged with clock phy1_rgmii_rx_clk_dup_1
PHY-1001 : net u4_trimac_block/u1_rgmii_interface/rgmii_txc_ddr/clk will be routed on clock mesh
PHY-1001 : eco open net = 0
PHY-1001 : 771 feed throughs used by 507 nets
RUN-1001 : Import phy database
RUN-1001 : Import timing constraints
RUN-1001 : Import IO constraints
RUN-1001 : Import Inst constraints
RUN-1001 : Import ChipWatcher
RUN-1001 : Import design success TD_VERSION=6.2.168116 , DB_VERSION=46207
RUN-1003 : finish command "import_db D:/FPGA/workplace6_2_1/last_attempt/prj/last_attempt_Runs/phy_1/last_attempt_pr.db" in  4.075509s wall, 3.718750s user + 0.593750s system = 4.312500s CPU (105.8%)

RUN-1004 : used memory is 925 MB, reserved memory is 866 MB, peak memory is 961 MB
RUN-1002 : start command "commit_param -step design"
RUN-1001 : Print Global Property
RUN-1001 : --------------------------------------------------------
RUN-1001 :   Parameters   |  Settings  |  Default Values  |  Note  
RUN-1001 : --------------------------------------------------------
RUN-1001 :   enable_seed  |    off     |       off        |        
RUN-1001 :     message    |  standard  |     standard     |        
RUN-1001 :   qor_monitor  |     on     |        on        |        
RUN-1001 :   syn_ip_flow  |    off     |       off        |        
RUN-1001 :     thread     |    auto    |       auto       |        
RUN-1001 : --------------------------------------------------------
RUN-1001 : Print Design Property
RUN-1001 : ----------------------------------------------------------------
RUN-1001 :       Parameters       |  Settings  |  Default Values  |  Note  
RUN-1001 : ----------------------------------------------------------------
RUN-1001 :   default_reg_initial  |    auto    |       auto       |        
RUN-1001 :    hdl_warning_level   |   normal   |      normal      |        
RUN-1001 : ----------------------------------------------------------------
HDL-1007 : analyze verilog file last_attempt.v
HDL-1007 : undeclared symbol 'phy_reset', assumed default net type 'wire' in last_attempt.v(167)
HDL-1007 : undeclared symbol 'VGA_HSYNC', assumed default net type 'wire' in last_attempt.v(335)
HDL-1007 : undeclared symbol 'VGA_VSYNC', assumed default net type 'wire' in last_attempt.v(336)
HDL-1007 : undeclared symbol 'rd_en', assumed default net type 'wire' in last_attempt.v(338)
HDL-1007 : undeclared symbol 'tpg_data_done', assumed default net type 'wire' in last_attempt.v(749)
HDL-1007 : undeclared symbol 'full_flag', assumed default net type 'wire' in last_attempt.v(783)
HDL-1007 : undeclared symbol 'input_local_udp_port_num', assumed default net type 'wire' in last_attempt.v(814)
HDL-1007 : undeclared symbol 'input_local_udp_port_num_valid', assumed default net type 'wire' in last_attempt.v(815)
HDL-1007 : undeclared symbol 'input_local_ip_address_valid', assumed default net type 'wire' in last_attempt.v(818)
HDL-1007 : analyze verilog file ../source_code/rtl/udp/BUFGMUX.v
HDL-1007 : analyze verilog file ../source_code/rtl/udp/IDDR.v
HDL-1007 : analyze verilog file ../source_code/rtl/udp/ODDR.v
HDL-1007 : analyze verilog file ../source_code/rtl/udp/RAMB16_S9_S9.v
HDL-1007 : undeclared symbol 'open', assumed default net type 'wire' in ../source_code/rtl/udp/RAMB16_S9_S9.v(109)
HDL-1007 : analyze verilog file ../source_code/rtl/udp/clk_gen_rst_gen.v
HDL-1007 : analyze verilog file ../source_code/rtl/udp/div_clk_gen.v
HDL-1007 : analyze verilog file ../source_code/rtl/udp/rgmii_interface.v
HDL-1007 : analyze verilog file ../source_code/rtl/udp/rx_client_fifo.v
HDL-5370 WARNING: parameter 'WAIT_s' becomes localparam in 'rx_client_fifo' with formal parameter declaration list in ../source_code/rtl/udp/rx_client_fifo.v(49)
HDL-5370 WARNING: parameter 'QUEUE1_s' becomes localparam in 'rx_client_fifo' with formal parameter declaration list in ../source_code/rtl/udp/rx_client_fifo.v(50)
HDL-5370 WARNING: parameter 'QUEUE2_s' becomes localparam in 'rx_client_fifo' with formal parameter declaration list in ../source_code/rtl/udp/rx_client_fifo.v(51)
HDL-5370 WARNING: parameter 'QUEUE3_s' becomes localparam in 'rx_client_fifo' with formal parameter declaration list in ../source_code/rtl/udp/rx_client_fifo.v(52)
HDL-5370 WARNING: parameter 'QUEUE_SOF_s' becomes localparam in 'rx_client_fifo' with formal parameter declaration list in ../source_code/rtl/udp/rx_client_fifo.v(53)
HDL-5370 WARNING: parameter 'SOF_s' becomes localparam in 'rx_client_fifo' with formal parameter declaration list in ../source_code/rtl/udp/rx_client_fifo.v(54)
HDL-5370 WARNING: parameter 'DATA_s' becomes localparam in 'rx_client_fifo' with formal parameter declaration list in ../source_code/rtl/udp/rx_client_fifo.v(55)
HDL-5370 WARNING: parameter 'EOF_s' becomes localparam in 'rx_client_fifo' with formal parameter declaration list in ../source_code/rtl/udp/rx_client_fifo.v(56)
HDL-5370 WARNING: parameter 'IDLE_s' becomes localparam in 'rx_client_fifo' with formal parameter declaration list in ../source_code/rtl/udp/rx_client_fifo.v(62)
HDL-5370 WARNING: parameter 'FRAME_s' becomes localparam in 'rx_client_fifo' with formal parameter declaration list in ../source_code/rtl/udp/rx_client_fifo.v(63)
HDL-5370 Similar messages will be suppressed.
HDL-1007 : analyze verilog file ../source_code/rtl/udp/temac_block.v
HDL-1007 : analyze verilog file ../source_code/rtl/udp/temac_clk_gen.v
HDL-1007 : analyze verilog file ../source_code/rtl/udp/tx_client_fifo.v
HDL-5370 WARNING: parameter 'IDLE_s' becomes localparam in 'tx_client_fifo' with formal parameter declaration list in ../source_code/rtl/udp/tx_client_fifo.v(53)
HDL-5370 WARNING: parameter 'QUEUE1_s' becomes localparam in 'tx_client_fifo' with formal parameter declaration list in ../source_code/rtl/udp/tx_client_fifo.v(54)
HDL-5370 WARNING: parameter 'QUEUE2_s' becomes localparam in 'tx_client_fifo' with formal parameter declaration list in ../source_code/rtl/udp/tx_client_fifo.v(55)
HDL-5370 WARNING: parameter 'QUEUE3_s' becomes localparam in 'tx_client_fifo' with formal parameter declaration list in ../source_code/rtl/udp/tx_client_fifo.v(56)
HDL-5370 WARNING: parameter 'QUEUE_ACK_s' becomes localparam in 'tx_client_fifo' with formal parameter declaration list in ../source_code/rtl/udp/tx_client_fifo.v(57)
HDL-5370 WARNING: parameter 'WAIT_ACK_s' becomes localparam in 'tx_client_fifo' with formal parameter declaration list in ../source_code/rtl/udp/tx_client_fifo.v(58)
HDL-5370 WARNING: parameter 'FRAME_s' becomes localparam in 'tx_client_fifo' with formal parameter declaration list in ../source_code/rtl/udp/tx_client_fifo.v(59)
HDL-5370 WARNING: parameter 'DROP_s' becomes localparam in 'tx_client_fifo' with formal parameter declaration list in ../source_code/rtl/udp/tx_client_fifo.v(60)
HDL-5370 WARNING: parameter 'RETRANSMIT_s' becomes localparam in 'tx_client_fifo' with formal parameter declaration list in ../source_code/rtl/udp/tx_client_fifo.v(61)
HDL-5370 WARNING: parameter 'WAIT_s' becomes localparam in 'tx_client_fifo' with formal parameter declaration list in ../source_code/rtl/udp/tx_client_fifo.v(67)
HDL-5370 Similar messages will be suppressed.
HDL-1007 : analyze verilog file ../source_code/rtl/udp/tx_clk_en_gen.v
HDL-1007 : analyze verilog file ../source_code/rtl/udp/udp_data_tpg.v
HDL-1007 : analyze verilog file ../source_code/rtl/udp/udp_ip_protocol_stack_merge.enc.v
HDL-1007 : back to file '../source_code/rtl/udp/udp_ip_protocol_stack_merge.enc.v' in ../source_code/rtl/udp/udp_ip_protocol_stack_merge.enc.v(56)
HDL-1007 : undeclared symbol '**', assumed default net type '**' in ../source_code/rtl/udp/udp_ip_protocol_stack_merge.enc.v(2638)
HDL-1007 : back to file '../source_code/rtl/udp/udp_ip_protocol_stack_merge.enc.v' in ../source_code/rtl/udp/udp_ip_protocol_stack_merge.enc.v(420)
HDL-1007 : analyze verilog file ../source_code/rtl/udp/udp_loopback.v
HDL-1007 : analyze verilog file al_ip/TEMAC_CORE/RTL/include/define.v
HDL-1007 : analyze verilog file al_ip/TEMAC_CORE/RTL/TEMAC_CORE_aead6cd6dadd.v
HDL-5007 WARNING: column 1032 exceeds maximum value 1023 in al_ip/TEMAC_CORE/RTL/TEMAC_CORE_aead6cd6dadd.v(30)
HDL-1007 : back to file 'al_ip/TEMAC_CORE/RTL/TEMAC_CORE_aead6cd6dadd.v' in al_ip/TEMAC_CORE/RTL/TEMAC_CORE_aead6cd6dadd.v(86)
HDL-5007 WARNING: event expressions must result in a singular type in al_ip/TEMAC_CORE/RTL/TEMAC_CORE_aead6cd6dadd.v(3001)
HDL-1007 : undeclared symbol '**', assumed default net type '**' in al_ip/TEMAC_CORE/RTL/TEMAC_CORE_aead6cd6dadd.v(5050)
HDL-1007 : undeclared symbol '**', assumed default net type '**' in al_ip/TEMAC_CORE/RTL/TEMAC_CORE_aead6cd6dadd.v(5458)
HDL-5007 WARNING: column 1035 exceeds maximum value 1023 in al_ip/TEMAC_CORE/RTL/TEMAC_CORE_aead6cd6dadd.v(6001)
HDL-1007 : back to file 'al_ip/TEMAC_CORE/RTL/TEMAC_CORE_aead6cd6dadd.v' in al_ip/TEMAC_CORE/RTL/TEMAC_CORE_aead6cd6dadd.v(260)
HDL-1007 : analyze verilog file al_ip/TEMAC_CORE/RTL/mac_core_aead6cd6dadd.v
HDL-1007 : analyze verilog file al_ip/TEMAC_CORE/TEMAC_CORE.v
HDL-1007 : analyze verilog file al_ip/pll_gen.v
HDL-1007 : undeclared symbol 'pll_gen_open0', assumed default net type 'wire' in al_ip/pll_gen.v(99)
HDL-1007 : undeclared symbol 'pll_gen_open8', assumed default net type 'wire' in al_ip/pll_gen.v(105)
HDL-1007 : undeclared symbol 'pll_gen_open7', assumed default net type 'wire' in al_ip/pll_gen.v(105)
HDL-1007 : undeclared symbol 'pll_gen_open6', assumed default net type 'wire' in al_ip/pll_gen.v(105)
HDL-1007 : undeclared symbol 'pll_gen_open5', assumed default net type 'wire' in al_ip/pll_gen.v(105)
HDL-1007 : undeclared symbol 'pll_gen_open4', assumed default net type 'wire' in al_ip/pll_gen.v(105)
HDL-1007 : undeclared symbol 'pll_gen_open3', assumed default net type 'wire' in al_ip/pll_gen.v(105)
HDL-1007 : undeclared symbol 'pll_gen_open2', assumed default net type 'wire' in al_ip/pll_gen.v(105)
HDL-1007 : undeclared symbol 'pll_gen_open1', assumed default net type 'wire' in al_ip/pll_gen.v(105)
HDL-1007 : analyze verilog file al_ip/sys_pll.v
HDL-1007 : undeclared symbol 'sys_pll_open0', assumed default net type 'wire' in al_ip/sys_pll.v(77)
HDL-1007 : undeclared symbol 'sys_pll_open1', assumed default net type 'wire' in al_ip/sys_pll.v(83)
HDL-1007 : undeclared symbol 'sys_pll_open9', assumed default net type 'wire' in al_ip/sys_pll.v(89)
HDL-1007 : undeclared symbol 'sys_pll_open8', assumed default net type 'wire' in al_ip/sys_pll.v(89)
HDL-1007 : undeclared symbol 'sys_pll_open7', assumed default net type 'wire' in al_ip/sys_pll.v(89)
HDL-1007 : undeclared symbol 'sys_pll_open6', assumed default net type 'wire' in al_ip/sys_pll.v(89)
HDL-1007 : undeclared symbol 'sys_pll_open5', assumed default net type 'wire' in al_ip/sys_pll.v(89)
HDL-1007 : undeclared symbol 'sys_pll_open4', assumed default net type 'wire' in al_ip/sys_pll.v(89)
HDL-1007 : undeclared symbol 'sys_pll_open3', assumed default net type 'wire' in al_ip/sys_pll.v(89)
HDL-1007 : undeclared symbol 'sys_pll_open2', assumed default net type 'wire' in al_ip/sys_pll.v(89)
HDL-1007 : undeclared symbol 'sys_pll_open11', assumed default net type 'wire' in al_ip/sys_pll.v(91)
HDL-1007 : undeclared symbol 'sys_pll_open10', assumed default net type 'wire' in al_ip/sys_pll.v(91)
HDL-1007 : analyze verilog file ../source_code/rtl/sd_card/ax_debounce.v
HDL-1007 : analyze verilog file ../source_code/rtl/sd_card/bmp_read.v
HDL-1007 : analyze verilog file ../source_code/rtl/sd_card/sd_card_bmp.v
HDL-1007 : analyze verilog file ../source_code/rtl/sd_card/sd_card_cmd.v
HDL-1007 : analyze verilog file ../source_code/rtl/sd_card/sd_card_sec_read_write.v
HDL-1007 : analyze verilog file ../source_code/rtl/sd_card/sd_card_top.v
HDL-1007 : analyze verilog file ../source_code/rtl/sd_card/spi_master.v
HDL-1007 : analyze verilog file ../source_code/rtl/sdram/enc_file/global_def.v
HDL-1007 : analyze verilog file ../source_code/rtl/sdram/enc_file/sdr_as_ram.enc.v
HDL-1007 : back to file '../source_code/rtl/sdram/enc_file/sdr_as_ram.enc.v' in ../source_code/rtl/sdram/enc_file/sdr_as_ram.enc.v(54)
HDL-1007 : analyze verilog file ../source_code/rtl/sdram/enc_file/sdr_wrrd.enc.v
HDL-5007 WARNING: concatenation with an unsized literal will be treated as 32 bits in ../source_code/rtl/sdram/enc_file/sdr_wrrd.enc.v(283)
HDL-1007 : back to file '../source_code/rtl/sdram/enc_file/sdr_wrrd.enc.v' in ../source_code/rtl/sdram/enc_file/sdr_wrrd.enc.v(19)
HDL-1007 : analyze verilog file ../source_code/rtl/frame_fifo/afifo_16_32_256.v
HDL-1007 : analyze verilog file ../source_code/rtl/frame_fifo/afifo_32_16_256.v
HDL-1007 : analyze verilog file ../source_code/rtl/frame_fifo/frame_fifo_read.v
HDL-1007 : analyze verilog file ../source_code/rtl/frame_fifo/frame_fifo_write.v
HDL-1007 : analyze verilog file ../source_code/rtl/frame_fifo/frame_read_write.v
HDL-1007 : analyze verilog file ../source_code/rtl/sdram/sdram.v
HDL-1007 : analyze included file ../source_code/rtl/sdram/enc_file/global_def.v in ../source_code/rtl/sdram/sdram.v(10)
HDL-1007 : back to file '../source_code/rtl/sdram/sdram.v' in ../source_code/rtl/sdram/sdram.v(10)
HDL-1007 : undeclared symbol 'SDR_CKE', assumed default net type 'wire' in ../source_code/rtl/sdram/sdram.v(89)
HDL-1007 : analyze verilog file ../source_code/rtl/sdram/enc_file/sdr_init_ref.enc.v
HDL-1007 : analyze included file ../source_code/rtl/sdram/enc_file/global_def.v in ../source_code/rtl/sdram/enc_file/sdr_init_ref.enc.v(11)
HDL-1007 : back to file '../source_code/rtl/sdram/enc_file/sdr_init_ref.enc.v' in ../source_code/rtl/sdram/enc_file/sdr_init_ref.enc.v(11)
HDL-1007 : undeclared symbol '**', assumed default net type '**' in ../source_code/rtl/sdram/enc_file/sdr_init_ref.enc.v(57)
HDL-1007 : back to file '../source_code/rtl/sdram/enc_file/sdr_init_ref.enc.v' in ../source_code/rtl/sdram/enc_file/sdr_init_ref.enc.v(149)
HDL-5007 WARNING: concatenation with an unsized literal will be treated as 32 bits in ../source_code/rtl/sdram/enc_file/sdr_init_ref.enc.v(47)
HDL-1007 : analyze verilog file ../source_code/rtl/video_timing/color_bar.v
HDL-1007 : analyze included file ../source_code/rtl/video_timing/video_define.v in ../source_code/rtl/video_timing/color_bar.v(2)
HDL-1007 : back to file '../source_code/rtl/video_timing/color_bar.v' in ../source_code/rtl/video_timing/color_bar.v(2)
HDL-1007 : analyze verilog file ../source_code/rtl/video_timing/video_delay.v
HDL-1007 : analyze verilog file ../source_code/rtl/video_timing/video_timing_data.v
HDL-1007 : analyze verilog file ../source_code/rtl/another/m_synchronization_header.v
HDL-1007 : analyze verilog file ../source_code/rtl/led.v
HDL-1007 : analyze verilog file ../source_code/rtl/ov5640/cmos_capture_data.v
HDL-1007 : analyze verilog file ../source_code/rtl/ov5640/i2c_dri.v
HDL-1007 : analyze verilog file ../source_code/rtl/ov5640/i2c_ov5640_rgb565_cfg.v
HDL-1007 : analyze verilog file ../source_code/rtl/ov5640/ov5640_delay.v
HDL-1007 : analyze verilog file ../source_code/rtl/ov5640/ov5640_dri.v
HDL-1007 : analyze verilog file al_ip/clk_wize.v
HDL-1007 : undeclared symbol 'open', assumed default net type 'wire' in al_ip/clk_wize.v(70)
HDL-1007 : analyze verilog file al_ip/ram.v
HDL-1007 : analyze verilog file ../source_code/rtl/app/addr_crt.v
HDL-1007 : analyze verilog file ../source_code/rtl/app/app.v
HDL-1007 : analyze verilog file ../source_code/rtl/app/vga_disp_rtl.v
HDL-1007 : analyze VHDL file ../source_code/rtl/hdmi_rtl/enc_file/DVITransmitter.enc.vhd
HDL-1007 : analyze entity dvitransmitter in ../source_code/rtl/hdmi_rtl/enc_file/DVITransmitter.enc.vhd(13)
HDL-1007 : analyze architecture ** in ../source_code/rtl/hdmi_rtl/enc_file/DVITransmitter.enc.vhd(2)
HDL-1007 : analyze VHDL file ../source_code/rtl/hdmi_rtl/enc_file/SerializerN_1_lvds.enc.vhd
HDL-1007 : analyze entity ** in ../source_code/rtl/hdmi_rtl/enc_file/SerializerN_1_lvds.enc.vhd(12)
HDL-1007 : analyze architecture ** in ../source_code/rtl/hdmi_rtl/enc_file/SerializerN_1_lvds.enc.vhd(25)
HDL-1007 : analyze VHDL file ../source_code/rtl/hdmi_rtl/enc_file/SerializerN_1_lvds_dat.enc.vhd
HDL-1007 : analyze entity ** in ../source_code/rtl/hdmi_rtl/enc_file/SerializerN_1_lvds_dat.enc.vhd(14)
HDL-1007 : analyze architecture ** in ../source_code/rtl/hdmi_rtl/enc_file/SerializerN_1_lvds_dat.enc.vhd(28)
HDL-1007 : analyze VHDL file ../source_code/rtl/hdmi_rtl/enc_file/TMDSEncoder.enc.vhd
HDL-1007 : analyze entity ** in ../source_code/rtl/hdmi_rtl/enc_file/TMDSEncoder.enc.vhd(13)
HDL-1007 : analyze architecture ** in ../source_code/rtl/hdmi_rtl/enc_file/TMDSEncoder.enc.vhd(24)
HDL-1007 : analyze verilog file ../source_code/rtl/hdmi_rtl/enc_file/video_tpg_1024768.enc.v
HDL-5007 WARNING: literal value ** truncated to fit in ** bits in ../source_code/rtl/hdmi_rtl/enc_file/video_tpg_1024768.enc.v(231)
HDL-1007 : back to file '../source_code/rtl/hdmi_rtl/enc_file/video_tpg_1024768.enc.v' in ../source_code/rtl/hdmi_rtl/enc_file/video_tpg_1024768.enc.v(1)
HDL-1007 : analyze verilog file ../source_code/rtl/hdmi_rtl/enc_file/video_tpg_1080p.enc.v
HDL-1007 : back to file '../source_code/rtl/hdmi_rtl/enc_file/video_tpg_1080p.enc.v' in ../source_code/rtl/hdmi_rtl/enc_file/video_tpg_1080p.enc.v(1)
HDL-1007 : analyze verilog file ../source_code/rtl/hdmi_rtl/enc_file/video_tpg_12801024p.enc.v
HDL-1007 : back to file '../source_code/rtl/hdmi_rtl/enc_file/video_tpg_12801024p.enc.v' in ../source_code/rtl/hdmi_rtl/enc_file/video_tpg_12801024p.enc.v(1)
HDL-1007 : analyze verilog file ../source_code/rtl/hdmi_rtl/enc_file/video_tpg_1280800.enc.v
HDL-5007 WARNING: literal value ** truncated to fit in ** bits in ../source_code/rtl/hdmi_rtl/enc_file/video_tpg_1280800.enc.v(233)
HDL-1007 : back to file '../source_code/rtl/hdmi_rtl/enc_file/video_tpg_1280800.enc.v' in ../source_code/rtl/hdmi_rtl/enc_file/video_tpg_1280800.enc.v(1)
HDL-1007 : analyze verilog file ../source_code/rtl/hdmi_rtl/enc_file/video_tpg_16801050p.enc.v
HDL-1007 : back to file '../source_code/rtl/hdmi_rtl/enc_file/video_tpg_16801050p.enc.v' in ../source_code/rtl/hdmi_rtl/enc_file/video_tpg_16801050p.enc.v(1)
HDL-1007 : analyze verilog file ../source_code/rtl/hdmi_rtl/enc_file/video_tpg_800600.enc.v
HDL-1007 : back to file '../source_code/rtl/hdmi_rtl/enc_file/video_tpg_800600.enc.v' in ../source_code/rtl/hdmi_rtl/enc_file/video_tpg_800600.enc.v(1)
HDL-1007 : analyze VHDL file ../source_code/rtl/hdmi_rtl/hdmi_tx.vhd
HDL-1007 : analyze entity hdmi_tx in ../source_code/rtl/hdmi_rtl/hdmi_tx.vhd(11)
HDL-1007 : analyze architecture behavioral in ../source_code/rtl/hdmi_rtl/hdmi_tx.vhd(33)
HDL-1007 : analyze verilog file ../source_code/rtl/hdmi_rtl/vga_disp_rtl.v
HDL-7201 CRITICAL-WARNING: overwrite current module 'vga_disp_rtl' in ../source_code/rtl/hdmi_rtl/vga_disp_rtl.v(1)
HDL-7307 CRITICAL-WARNING: previous definition of design element module 'vga_disp_rtl' is here. This is because multiple modules(values) with the same name are defined. Please consider rewriting code in ../source_code/rtl/app/vga_disp_rtl.v(1)
HDL-1007 : analyze verilog file ../source_code/rtl/another/fire_detect.v
HDL-1007 : analyze verilog file ../source_code/rtl/another/intrusion_detect.v
RUN-1002 : start command "commit_param -step design"
RUN-1001 : Print Global Property
RUN-1001 : --------------------------------------------------------
RUN-1001 :   Parameters   |  Settings  |  Default Values  |  Note  
RUN-1001 : --------------------------------------------------------
RUN-1001 :   enable_seed  |    off     |       off        |        
RUN-1001 :     message    |  standard  |     standard     |        
RUN-1001 :   qor_monitor  |     on     |        on        |        
RUN-1001 :   syn_ip_flow  |    off     |       off        |        
RUN-1001 :     thread     |    auto    |       auto       |        
RUN-1001 : --------------------------------------------------------
RUN-1001 : Print Design Property
RUN-1001 : ----------------------------------------------------------------
RUN-1001 :       Parameters       |  Settings  |  Default Values  |  Note  
RUN-1001 : ----------------------------------------------------------------
RUN-1001 :   default_reg_initial  |    auto    |       auto       |        
RUN-1001 :    hdl_warning_level   |   normal   |      normal      |        
RUN-1001 : ----------------------------------------------------------------
HDL-1007 : analyze verilog file last_attempt.v
HDL-1007 : undeclared symbol 'phy_reset', assumed default net type 'wire' in last_attempt.v(167)
HDL-1007 : undeclared symbol 'VGA_HSYNC', assumed default net type 'wire' in last_attempt.v(335)
HDL-1007 : undeclared symbol 'VGA_VSYNC', assumed default net type 'wire' in last_attempt.v(336)
HDL-1007 : undeclared symbol 'rd_en', assumed default net type 'wire' in last_attempt.v(338)
HDL-1007 : undeclared symbol 'tpg_data_done', assumed default net type 'wire' in last_attempt.v(749)
HDL-1007 : undeclared symbol 'full_flag', assumed default net type 'wire' in last_attempt.v(783)
HDL-1007 : undeclared symbol 'input_local_udp_port_num', assumed default net type 'wire' in last_attempt.v(814)
HDL-1007 : undeclared symbol 'input_local_udp_port_num_valid', assumed default net type 'wire' in last_attempt.v(815)
HDL-1007 : undeclared symbol 'input_local_ip_address_valid', assumed default net type 'wire' in last_attempt.v(818)
HDL-1007 : analyze verilog file ../source_code/rtl/udp/BUFGMUX.v
HDL-1007 : analyze verilog file ../source_code/rtl/udp/IDDR.v
HDL-1007 : analyze verilog file ../source_code/rtl/udp/ODDR.v
HDL-1007 : analyze verilog file ../source_code/rtl/udp/RAMB16_S9_S9.v
HDL-1007 : undeclared symbol 'open', assumed default net type 'wire' in ../source_code/rtl/udp/RAMB16_S9_S9.v(109)
HDL-1007 : analyze verilog file ../source_code/rtl/udp/clk_gen_rst_gen.v
HDL-1007 : analyze verilog file ../source_code/rtl/udp/div_clk_gen.v
HDL-1007 : analyze verilog file ../source_code/rtl/udp/rgmii_interface.v
HDL-1007 : analyze verilog file ../source_code/rtl/udp/rx_client_fifo.v
HDL-5370 WARNING: parameter 'WAIT_s' becomes localparam in 'rx_client_fifo' with formal parameter declaration list in ../source_code/rtl/udp/rx_client_fifo.v(49)
HDL-5370 WARNING: parameter 'QUEUE1_s' becomes localparam in 'rx_client_fifo' with formal parameter declaration list in ../source_code/rtl/udp/rx_client_fifo.v(50)
HDL-5370 WARNING: parameter 'QUEUE2_s' becomes localparam in 'rx_client_fifo' with formal parameter declaration list in ../source_code/rtl/udp/rx_client_fifo.v(51)
HDL-5370 WARNING: parameter 'QUEUE3_s' becomes localparam in 'rx_client_fifo' with formal parameter declaration list in ../source_code/rtl/udp/rx_client_fifo.v(52)
HDL-5370 WARNING: parameter 'QUEUE_SOF_s' becomes localparam in 'rx_client_fifo' with formal parameter declaration list in ../source_code/rtl/udp/rx_client_fifo.v(53)
HDL-5370 WARNING: parameter 'SOF_s' becomes localparam in 'rx_client_fifo' with formal parameter declaration list in ../source_code/rtl/udp/rx_client_fifo.v(54)
HDL-5370 WARNING: parameter 'DATA_s' becomes localparam in 'rx_client_fifo' with formal parameter declaration list in ../source_code/rtl/udp/rx_client_fifo.v(55)
HDL-5370 WARNING: parameter 'EOF_s' becomes localparam in 'rx_client_fifo' with formal parameter declaration list in ../source_code/rtl/udp/rx_client_fifo.v(56)
HDL-5370 WARNING: parameter 'IDLE_s' becomes localparam in 'rx_client_fifo' with formal parameter declaration list in ../source_code/rtl/udp/rx_client_fifo.v(62)
HDL-5370 WARNING: parameter 'FRAME_s' becomes localparam in 'rx_client_fifo' with formal parameter declaration list in ../source_code/rtl/udp/rx_client_fifo.v(63)
HDL-5370 Similar messages will be suppressed.
HDL-1007 : analyze verilog file ../source_code/rtl/udp/temac_block.v
HDL-1007 : analyze verilog file ../source_code/rtl/udp/temac_clk_gen.v
HDL-1007 : analyze verilog file ../source_code/rtl/udp/tx_client_fifo.v
HDL-5370 WARNING: parameter 'IDLE_s' becomes localparam in 'tx_client_fifo' with formal parameter declaration list in ../source_code/rtl/udp/tx_client_fifo.v(53)
HDL-5370 WARNING: parameter 'QUEUE1_s' becomes localparam in 'tx_client_fifo' with formal parameter declaration list in ../source_code/rtl/udp/tx_client_fifo.v(54)
HDL-5370 WARNING: parameter 'QUEUE2_s' becomes localparam in 'tx_client_fifo' with formal parameter declaration list in ../source_code/rtl/udp/tx_client_fifo.v(55)
HDL-5370 WARNING: parameter 'QUEUE3_s' becomes localparam in 'tx_client_fifo' with formal parameter declaration list in ../source_code/rtl/udp/tx_client_fifo.v(56)
HDL-5370 WARNING: parameter 'QUEUE_ACK_s' becomes localparam in 'tx_client_fifo' with formal parameter declaration list in ../source_code/rtl/udp/tx_client_fifo.v(57)
HDL-5370 WARNING: parameter 'WAIT_ACK_s' becomes localparam in 'tx_client_fifo' with formal parameter declaration list in ../source_code/rtl/udp/tx_client_fifo.v(58)
HDL-5370 WARNING: parameter 'FRAME_s' becomes localparam in 'tx_client_fifo' with formal parameter declaration list in ../source_code/rtl/udp/tx_client_fifo.v(59)
HDL-5370 WARNING: parameter 'DROP_s' becomes localparam in 'tx_client_fifo' with formal parameter declaration list in ../source_code/rtl/udp/tx_client_fifo.v(60)
HDL-5370 WARNING: parameter 'RETRANSMIT_s' becomes localparam in 'tx_client_fifo' with formal parameter declaration list in ../source_code/rtl/udp/tx_client_fifo.v(61)
HDL-5370 WARNING: parameter 'WAIT_s' becomes localparam in 'tx_client_fifo' with formal parameter declaration list in ../source_code/rtl/udp/tx_client_fifo.v(67)
HDL-5370 Similar messages will be suppressed.
HDL-1007 : analyze verilog file ../source_code/rtl/udp/tx_clk_en_gen.v
HDL-1007 : analyze verilog file ../source_code/rtl/udp/udp_data_tpg.v
HDL-1007 : analyze verilog file ../source_code/rtl/udp/udp_ip_protocol_stack_merge.enc.v
HDL-1007 : back to file '../source_code/rtl/udp/udp_ip_protocol_stack_merge.enc.v' in ../source_code/rtl/udp/udp_ip_protocol_stack_merge.enc.v(56)
HDL-1007 : undeclared symbol '**', assumed default net type '**' in ../source_code/rtl/udp/udp_ip_protocol_stack_merge.enc.v(2638)
HDL-1007 : back to file '../source_code/rtl/udp/udp_ip_protocol_stack_merge.enc.v' in ../source_code/rtl/udp/udp_ip_protocol_stack_merge.enc.v(420)
HDL-1007 : analyze verilog file ../source_code/rtl/udp/udp_loopback.v
HDL-1007 : analyze verilog file al_ip/TEMAC_CORE/RTL/include/define.v
HDL-1007 : analyze verilog file al_ip/TEMAC_CORE/RTL/TEMAC_CORE_aead6cd6dadd.v
HDL-5007 WARNING: column 1032 exceeds maximum value 1023 in al_ip/TEMAC_CORE/RTL/TEMAC_CORE_aead6cd6dadd.v(30)
HDL-1007 : back to file 'al_ip/TEMAC_CORE/RTL/TEMAC_CORE_aead6cd6dadd.v' in al_ip/TEMAC_CORE/RTL/TEMAC_CORE_aead6cd6dadd.v(86)
HDL-5007 WARNING: event expressions must result in a singular type in al_ip/TEMAC_CORE/RTL/TEMAC_CORE_aead6cd6dadd.v(3001)
HDL-1007 : undeclared symbol '**', assumed default net type '**' in al_ip/TEMAC_CORE/RTL/TEMAC_CORE_aead6cd6dadd.v(5050)
HDL-1007 : undeclared symbol '**', assumed default net type '**' in al_ip/TEMAC_CORE/RTL/TEMAC_CORE_aead6cd6dadd.v(5458)
HDL-5007 WARNING: column 1035 exceeds maximum value 1023 in al_ip/TEMAC_CORE/RTL/TEMAC_CORE_aead6cd6dadd.v(6001)
HDL-1007 : back to file 'al_ip/TEMAC_CORE/RTL/TEMAC_CORE_aead6cd6dadd.v' in al_ip/TEMAC_CORE/RTL/TEMAC_CORE_aead6cd6dadd.v(260)
HDL-1007 : analyze verilog file al_ip/TEMAC_CORE/RTL/mac_core_aead6cd6dadd.v
HDL-1007 : analyze verilog file al_ip/TEMAC_CORE/TEMAC_CORE.v
HDL-1007 : analyze verilog file al_ip/pll_gen.v
HDL-1007 : undeclared symbol 'pll_gen_open0', assumed default net type 'wire' in al_ip/pll_gen.v(99)
HDL-1007 : undeclared symbol 'pll_gen_open8', assumed default net type 'wire' in al_ip/pll_gen.v(105)
HDL-1007 : undeclared symbol 'pll_gen_open7', assumed default net type 'wire' in al_ip/pll_gen.v(105)
HDL-1007 : undeclared symbol 'pll_gen_open6', assumed default net type 'wire' in al_ip/pll_gen.v(105)
HDL-1007 : undeclared symbol 'pll_gen_open5', assumed default net type 'wire' in al_ip/pll_gen.v(105)
HDL-1007 : undeclared symbol 'pll_gen_open4', assumed default net type 'wire' in al_ip/pll_gen.v(105)
HDL-1007 : undeclared symbol 'pll_gen_open3', assumed default net type 'wire' in al_ip/pll_gen.v(105)
HDL-1007 : undeclared symbol 'pll_gen_open2', assumed default net type 'wire' in al_ip/pll_gen.v(105)
HDL-1007 : undeclared symbol 'pll_gen_open1', assumed default net type 'wire' in al_ip/pll_gen.v(105)
HDL-1007 : analyze verilog file al_ip/sys_pll.v
HDL-1007 : undeclared symbol 'sys_pll_open0', assumed default net type 'wire' in al_ip/sys_pll.v(77)
HDL-1007 : undeclared symbol 'sys_pll_open1', assumed default net type 'wire' in al_ip/sys_pll.v(83)
HDL-1007 : undeclared symbol 'sys_pll_open9', assumed default net type 'wire' in al_ip/sys_pll.v(89)
HDL-1007 : undeclared symbol 'sys_pll_open8', assumed default net type 'wire' in al_ip/sys_pll.v(89)
HDL-1007 : undeclared symbol 'sys_pll_open7', assumed default net type 'wire' in al_ip/sys_pll.v(89)
HDL-1007 : undeclared symbol 'sys_pll_open6', assumed default net type 'wire' in al_ip/sys_pll.v(89)
HDL-1007 : undeclared symbol 'sys_pll_open5', assumed default net type 'wire' in al_ip/sys_pll.v(89)
HDL-1007 : undeclared symbol 'sys_pll_open4', assumed default net type 'wire' in al_ip/sys_pll.v(89)
HDL-1007 : undeclared symbol 'sys_pll_open3', assumed default net type 'wire' in al_ip/sys_pll.v(89)
HDL-1007 : undeclared symbol 'sys_pll_open2', assumed default net type 'wire' in al_ip/sys_pll.v(89)
HDL-1007 : undeclared symbol 'sys_pll_open11', assumed default net type 'wire' in al_ip/sys_pll.v(91)
HDL-1007 : undeclared symbol 'sys_pll_open10', assumed default net type 'wire' in al_ip/sys_pll.v(91)
HDL-1007 : analyze verilog file ../source_code/rtl/sd_card/ax_debounce.v
HDL-1007 : analyze verilog file ../source_code/rtl/sd_card/bmp_read.v
HDL-1007 : analyze verilog file ../source_code/rtl/sd_card/sd_card_bmp.v
HDL-1007 : analyze verilog file ../source_code/rtl/sd_card/sd_card_cmd.v
HDL-1007 : analyze verilog file ../source_code/rtl/sd_card/sd_card_sec_read_write.v
HDL-1007 : analyze verilog file ../source_code/rtl/sd_card/sd_card_top.v
HDL-1007 : analyze verilog file ../source_code/rtl/sd_card/spi_master.v
HDL-1007 : analyze verilog file ../source_code/rtl/sdram/enc_file/global_def.v
HDL-1007 : analyze verilog file ../source_code/rtl/sdram/enc_file/sdr_as_ram.enc.v
HDL-1007 : back to file '../source_code/rtl/sdram/enc_file/sdr_as_ram.enc.v' in ../source_code/rtl/sdram/enc_file/sdr_as_ram.enc.v(54)
HDL-1007 : analyze verilog file ../source_code/rtl/sdram/enc_file/sdr_wrrd.enc.v
HDL-5007 WARNING: concatenation with an unsized literal will be treated as 32 bits in ../source_code/rtl/sdram/enc_file/sdr_wrrd.enc.v(283)
HDL-1007 : back to file '../source_code/rtl/sdram/enc_file/sdr_wrrd.enc.v' in ../source_code/rtl/sdram/enc_file/sdr_wrrd.enc.v(19)
HDL-1007 : analyze verilog file ../source_code/rtl/frame_fifo/afifo_16_32_256.v
HDL-1007 : analyze verilog file ../source_code/rtl/frame_fifo/afifo_32_16_256.v
HDL-1007 : analyze verilog file ../source_code/rtl/frame_fifo/frame_fifo_read.v
HDL-1007 : analyze verilog file ../source_code/rtl/frame_fifo/frame_fifo_write.v
HDL-1007 : analyze verilog file ../source_code/rtl/frame_fifo/frame_read_write.v
HDL-1007 : analyze verilog file ../source_code/rtl/sdram/sdram.v
HDL-1007 : analyze included file ../source_code/rtl/sdram/enc_file/global_def.v in ../source_code/rtl/sdram/sdram.v(10)
HDL-1007 : back to file '../source_code/rtl/sdram/sdram.v' in ../source_code/rtl/sdram/sdram.v(10)
HDL-1007 : undeclared symbol 'SDR_CKE', assumed default net type 'wire' in ../source_code/rtl/sdram/sdram.v(89)
HDL-1007 : analyze verilog file ../source_code/rtl/sdram/enc_file/sdr_init_ref.enc.v
HDL-1007 : analyze included file ../source_code/rtl/sdram/enc_file/global_def.v in ../source_code/rtl/sdram/enc_file/sdr_init_ref.enc.v(11)
HDL-1007 : back to file '../source_code/rtl/sdram/enc_file/sdr_init_ref.enc.v' in ../source_code/rtl/sdram/enc_file/sdr_init_ref.enc.v(11)
HDL-1007 : undeclared symbol '**', assumed default net type '**' in ../source_code/rtl/sdram/enc_file/sdr_init_ref.enc.v(57)
HDL-1007 : back to file '../source_code/rtl/sdram/enc_file/sdr_init_ref.enc.v' in ../source_code/rtl/sdram/enc_file/sdr_init_ref.enc.v(149)
HDL-5007 WARNING: concatenation with an unsized literal will be treated as 32 bits in ../source_code/rtl/sdram/enc_file/sdr_init_ref.enc.v(47)
HDL-1007 : analyze verilog file ../source_code/rtl/video_timing/color_bar.v
HDL-1007 : analyze included file ../source_code/rtl/video_timing/video_define.v in ../source_code/rtl/video_timing/color_bar.v(2)
HDL-1007 : back to file '../source_code/rtl/video_timing/color_bar.v' in ../source_code/rtl/video_timing/color_bar.v(2)
HDL-1007 : analyze verilog file ../source_code/rtl/video_timing/video_delay.v
HDL-1007 : analyze verilog file ../source_code/rtl/video_timing/video_timing_data.v
HDL-1007 : analyze verilog file ../source_code/rtl/another/m_synchronization_header.v
HDL-1007 : analyze verilog file ../source_code/rtl/led.v
HDL-1007 : analyze verilog file ../source_code/rtl/ov5640/cmos_capture_data.v
HDL-1007 : analyze verilog file ../source_code/rtl/ov5640/i2c_dri.v
HDL-1007 : analyze verilog file ../source_code/rtl/ov5640/i2c_ov5640_rgb565_cfg.v
HDL-1007 : analyze verilog file ../source_code/rtl/ov5640/ov5640_delay.v
HDL-1007 : analyze verilog file ../source_code/rtl/ov5640/ov5640_dri.v
HDL-1007 : analyze verilog file al_ip/clk_wize.v
HDL-1007 : undeclared symbol 'open', assumed default net type 'wire' in al_ip/clk_wize.v(70)
HDL-1007 : analyze verilog file al_ip/ram.v
HDL-1007 : analyze verilog file ../source_code/rtl/app/addr_crt.v
HDL-1007 : analyze verilog file ../source_code/rtl/app/app.v
HDL-1007 : analyze verilog file ../source_code/rtl/app/vga_disp_rtl.v
HDL-1007 : analyze VHDL file ../source_code/rtl/hdmi_rtl/enc_file/DVITransmitter.enc.vhd
HDL-1007 : analyze entity dvitransmitter in ../source_code/rtl/hdmi_rtl/enc_file/DVITransmitter.enc.vhd(13)
HDL-1007 : analyze architecture ** in ../source_code/rtl/hdmi_rtl/enc_file/DVITransmitter.enc.vhd(2)
HDL-1007 : analyze VHDL file ../source_code/rtl/hdmi_rtl/enc_file/SerializerN_1_lvds.enc.vhd
HDL-1007 : analyze entity ** in ../source_code/rtl/hdmi_rtl/enc_file/SerializerN_1_lvds.enc.vhd(12)
HDL-1007 : analyze architecture ** in ../source_code/rtl/hdmi_rtl/enc_file/SerializerN_1_lvds.enc.vhd(25)
HDL-1007 : analyze VHDL file ../source_code/rtl/hdmi_rtl/enc_file/SerializerN_1_lvds_dat.enc.vhd
HDL-1007 : analyze entity ** in ../source_code/rtl/hdmi_rtl/enc_file/SerializerN_1_lvds_dat.enc.vhd(14)
HDL-1007 : analyze architecture ** in ../source_code/rtl/hdmi_rtl/enc_file/SerializerN_1_lvds_dat.enc.vhd(28)
HDL-1007 : analyze VHDL file ../source_code/rtl/hdmi_rtl/enc_file/TMDSEncoder.enc.vhd
HDL-1007 : analyze entity ** in ../source_code/rtl/hdmi_rtl/enc_file/TMDSEncoder.enc.vhd(13)
HDL-1007 : analyze architecture ** in ../source_code/rtl/hdmi_rtl/enc_file/TMDSEncoder.enc.vhd(24)
HDL-1007 : analyze verilog file ../source_code/rtl/hdmi_rtl/enc_file/video_tpg_1024768.enc.v
HDL-5007 WARNING: literal value ** truncated to fit in ** bits in ../source_code/rtl/hdmi_rtl/enc_file/video_tpg_1024768.enc.v(231)
HDL-1007 : back to file '../source_code/rtl/hdmi_rtl/enc_file/video_tpg_1024768.enc.v' in ../source_code/rtl/hdmi_rtl/enc_file/video_tpg_1024768.enc.v(1)
HDL-1007 : analyze verilog file ../source_code/rtl/hdmi_rtl/enc_file/video_tpg_1080p.enc.v
HDL-1007 : back to file '../source_code/rtl/hdmi_rtl/enc_file/video_tpg_1080p.enc.v' in ../source_code/rtl/hdmi_rtl/enc_file/video_tpg_1080p.enc.v(1)
HDL-1007 : analyze verilog file ../source_code/rtl/hdmi_rtl/enc_file/video_tpg_12801024p.enc.v
HDL-1007 : back to file '../source_code/rtl/hdmi_rtl/enc_file/video_tpg_12801024p.enc.v' in ../source_code/rtl/hdmi_rtl/enc_file/video_tpg_12801024p.enc.v(1)
HDL-1007 : analyze verilog file ../source_code/rtl/hdmi_rtl/enc_file/video_tpg_1280800.enc.v
HDL-5007 WARNING: literal value ** truncated to fit in ** bits in ../source_code/rtl/hdmi_rtl/enc_file/video_tpg_1280800.enc.v(233)
HDL-1007 : back to file '../source_code/rtl/hdmi_rtl/enc_file/video_tpg_1280800.enc.v' in ../source_code/rtl/hdmi_rtl/enc_file/video_tpg_1280800.enc.v(1)
HDL-1007 : analyze verilog file ../source_code/rtl/hdmi_rtl/enc_file/video_tpg_16801050p.enc.v
HDL-1007 : back to file '../source_code/rtl/hdmi_rtl/enc_file/video_tpg_16801050p.enc.v' in ../source_code/rtl/hdmi_rtl/enc_file/video_tpg_16801050p.enc.v(1)
HDL-1007 : analyze verilog file ../source_code/rtl/hdmi_rtl/enc_file/video_tpg_800600.enc.v
HDL-1007 : back to file '../source_code/rtl/hdmi_rtl/enc_file/video_tpg_800600.enc.v' in ../source_code/rtl/hdmi_rtl/enc_file/video_tpg_800600.enc.v(1)
HDL-1007 : analyze VHDL file ../source_code/rtl/hdmi_rtl/hdmi_tx.vhd
HDL-1007 : analyze entity hdmi_tx in ../source_code/rtl/hdmi_rtl/hdmi_tx.vhd(11)
HDL-1007 : analyze architecture behavioral in ../source_code/rtl/hdmi_rtl/hdmi_tx.vhd(33)
HDL-1007 : analyze verilog file ../source_code/rtl/hdmi_rtl/vga_disp_rtl.v
HDL-7201 CRITICAL-WARNING: overwrite current module 'vga_disp_rtl' in ../source_code/rtl/hdmi_rtl/vga_disp_rtl.v(1)
HDL-7307 CRITICAL-WARNING: previous definition of design element module 'vga_disp_rtl' is here. This is because multiple modules(values) with the same name are defined. Please consider rewriting code in ../source_code/rtl/app/vga_disp_rtl.v(1)
HDL-1007 : analyze verilog file ../source_code/rtl/another/fire_detect.v
HDL-1007 : analyze verilog file ../source_code/rtl/another/intrusion_detect.v
RUN-1002 : start command "commit_param -step design"
RUN-1001 : Print Global Property
RUN-1001 : --------------------------------------------------------
RUN-1001 :   Parameters   |  Settings  |  Default Values  |  Note  
RUN-1001 : --------------------------------------------------------
RUN-1001 :   enable_seed  |    off     |       off        |        
RUN-1001 :     message    |  standard  |     standard     |        
RUN-1001 :   qor_monitor  |     on     |        on        |        
RUN-1001 :   syn_ip_flow  |    off     |       off        |        
RUN-1001 :     thread     |    auto    |       auto       |        
RUN-1001 : --------------------------------------------------------
RUN-1001 : Print Design Property
RUN-1001 : ----------------------------------------------------------------
RUN-1001 :       Parameters       |  Settings  |  Default Values  |  Note  
RUN-1001 : ----------------------------------------------------------------
RUN-1001 :   default_reg_initial  |    auto    |       auto       |        
RUN-1001 :    hdl_warning_level   |   normal   |      normal      |        
RUN-1001 : ----------------------------------------------------------------
HDL-1007 : analyze verilog file last_attempt.v
HDL-1007 : undeclared symbol 'phy_reset', assumed default net type 'wire' in last_attempt.v(167)
HDL-1007 : undeclared symbol 'VGA_HSYNC', assumed default net type 'wire' in last_attempt.v(335)
HDL-1007 : undeclared symbol 'VGA_VSYNC', assumed default net type 'wire' in last_attempt.v(336)
HDL-1007 : undeclared symbol 'rd_en', assumed default net type 'wire' in last_attempt.v(338)
HDL-1007 : undeclared symbol 'tpg_data_done', assumed default net type 'wire' in last_attempt.v(749)
HDL-1007 : undeclared symbol 'full_flag', assumed default net type 'wire' in last_attempt.v(783)
HDL-1007 : undeclared symbol 'input_local_udp_port_num', assumed default net type 'wire' in last_attempt.v(814)
HDL-1007 : undeclared symbol 'input_local_udp_port_num_valid', assumed default net type 'wire' in last_attempt.v(815)
HDL-1007 : undeclared symbol 'input_local_ip_address_valid', assumed default net type 'wire' in last_attempt.v(818)
HDL-1007 : analyze verilog file ../source_code/rtl/udp/BUFGMUX.v
HDL-1007 : analyze verilog file ../source_code/rtl/udp/IDDR.v
HDL-1007 : analyze verilog file ../source_code/rtl/udp/ODDR.v
HDL-1007 : analyze verilog file ../source_code/rtl/udp/RAMB16_S9_S9.v
HDL-1007 : undeclared symbol 'open', assumed default net type 'wire' in ../source_code/rtl/udp/RAMB16_S9_S9.v(109)
HDL-1007 : analyze verilog file ../source_code/rtl/udp/clk_gen_rst_gen.v
HDL-1007 : analyze verilog file ../source_code/rtl/udp/div_clk_gen.v
HDL-1007 : analyze verilog file ../source_code/rtl/udp/rgmii_interface.v
HDL-1007 : analyze verilog file ../source_code/rtl/udp/rx_client_fifo.v
HDL-5370 WARNING: parameter 'WAIT_s' becomes localparam in 'rx_client_fifo' with formal parameter declaration list in ../source_code/rtl/udp/rx_client_fifo.v(49)
HDL-5370 WARNING: parameter 'QUEUE1_s' becomes localparam in 'rx_client_fifo' with formal parameter declaration list in ../source_code/rtl/udp/rx_client_fifo.v(50)
HDL-5370 WARNING: parameter 'QUEUE2_s' becomes localparam in 'rx_client_fifo' with formal parameter declaration list in ../source_code/rtl/udp/rx_client_fifo.v(51)
HDL-5370 WARNING: parameter 'QUEUE3_s' becomes localparam in 'rx_client_fifo' with formal parameter declaration list in ../source_code/rtl/udp/rx_client_fifo.v(52)
HDL-5370 WARNING: parameter 'QUEUE_SOF_s' becomes localparam in 'rx_client_fifo' with formal parameter declaration list in ../source_code/rtl/udp/rx_client_fifo.v(53)
HDL-5370 WARNING: parameter 'SOF_s' becomes localparam in 'rx_client_fifo' with formal parameter declaration list in ../source_code/rtl/udp/rx_client_fifo.v(54)
HDL-5370 WARNING: parameter 'DATA_s' becomes localparam in 'rx_client_fifo' with formal parameter declaration list in ../source_code/rtl/udp/rx_client_fifo.v(55)
HDL-5370 WARNING: parameter 'EOF_s' becomes localparam in 'rx_client_fifo' with formal parameter declaration list in ../source_code/rtl/udp/rx_client_fifo.v(56)
HDL-5370 WARNING: parameter 'IDLE_s' becomes localparam in 'rx_client_fifo' with formal parameter declaration list in ../source_code/rtl/udp/rx_client_fifo.v(62)
HDL-5370 WARNING: parameter 'FRAME_s' becomes localparam in 'rx_client_fifo' with formal parameter declaration list in ../source_code/rtl/udp/rx_client_fifo.v(63)
HDL-5370 Similar messages will be suppressed.
HDL-1007 : analyze verilog file ../source_code/rtl/udp/temac_block.v
HDL-1007 : analyze verilog file ../source_code/rtl/udp/temac_clk_gen.v
HDL-1007 : analyze verilog file ../source_code/rtl/udp/tx_client_fifo.v
HDL-5370 WARNING: parameter 'IDLE_s' becomes localparam in 'tx_client_fifo' with formal parameter declaration list in ../source_code/rtl/udp/tx_client_fifo.v(53)
HDL-5370 WARNING: parameter 'QUEUE1_s' becomes localparam in 'tx_client_fifo' with formal parameter declaration list in ../source_code/rtl/udp/tx_client_fifo.v(54)
HDL-5370 WARNING: parameter 'QUEUE2_s' becomes localparam in 'tx_client_fifo' with formal parameter declaration list in ../source_code/rtl/udp/tx_client_fifo.v(55)
HDL-5370 WARNING: parameter 'QUEUE3_s' becomes localparam in 'tx_client_fifo' with formal parameter declaration list in ../source_code/rtl/udp/tx_client_fifo.v(56)
HDL-5370 WARNING: parameter 'QUEUE_ACK_s' becomes localparam in 'tx_client_fifo' with formal parameter declaration list in ../source_code/rtl/udp/tx_client_fifo.v(57)
HDL-5370 WARNING: parameter 'WAIT_ACK_s' becomes localparam in 'tx_client_fifo' with formal parameter declaration list in ../source_code/rtl/udp/tx_client_fifo.v(58)
HDL-5370 WARNING: parameter 'FRAME_s' becomes localparam in 'tx_client_fifo' with formal parameter declaration list in ../source_code/rtl/udp/tx_client_fifo.v(59)
HDL-5370 WARNING: parameter 'DROP_s' becomes localparam in 'tx_client_fifo' with formal parameter declaration list in ../source_code/rtl/udp/tx_client_fifo.v(60)
HDL-5370 WARNING: parameter 'RETRANSMIT_s' becomes localparam in 'tx_client_fifo' with formal parameter declaration list in ../source_code/rtl/udp/tx_client_fifo.v(61)
HDL-5370 WARNING: parameter 'WAIT_s' becomes localparam in 'tx_client_fifo' with formal parameter declaration list in ../source_code/rtl/udp/tx_client_fifo.v(67)
HDL-5370 Similar messages will be suppressed.
HDL-1007 : analyze verilog file ../source_code/rtl/udp/tx_clk_en_gen.v
HDL-1007 : analyze verilog file ../source_code/rtl/udp/udp_data_tpg.v
HDL-1007 : analyze verilog file ../source_code/rtl/udp/udp_ip_protocol_stack_merge.enc.v
HDL-1007 : back to file '../source_code/rtl/udp/udp_ip_protocol_stack_merge.enc.v' in ../source_code/rtl/udp/udp_ip_protocol_stack_merge.enc.v(56)
HDL-1007 : undeclared symbol '**', assumed default net type '**' in ../source_code/rtl/udp/udp_ip_protocol_stack_merge.enc.v(2638)
HDL-1007 : back to file '../source_code/rtl/udp/udp_ip_protocol_stack_merge.enc.v' in ../source_code/rtl/udp/udp_ip_protocol_stack_merge.enc.v(420)
HDL-1007 : analyze verilog file ../source_code/rtl/udp/udp_loopback.v
HDL-1007 : analyze verilog file al_ip/TEMAC_CORE/RTL/include/define.v
HDL-1007 : analyze verilog file al_ip/TEMAC_CORE/RTL/TEMAC_CORE_aead6cd6dadd.v
HDL-5007 WARNING: column 1032 exceeds maximum value 1023 in al_ip/TEMAC_CORE/RTL/TEMAC_CORE_aead6cd6dadd.v(30)
HDL-1007 : back to file 'al_ip/TEMAC_CORE/RTL/TEMAC_CORE_aead6cd6dadd.v' in al_ip/TEMAC_CORE/RTL/TEMAC_CORE_aead6cd6dadd.v(86)
HDL-5007 WARNING: event expressions must result in a singular type in al_ip/TEMAC_CORE/RTL/TEMAC_CORE_aead6cd6dadd.v(3001)
HDL-1007 : undeclared symbol '**', assumed default net type '**' in al_ip/TEMAC_CORE/RTL/TEMAC_CORE_aead6cd6dadd.v(5050)
HDL-1007 : undeclared symbol '**', assumed default net type '**' in al_ip/TEMAC_CORE/RTL/TEMAC_CORE_aead6cd6dadd.v(5458)
HDL-5007 WARNING: column 1035 exceeds maximum value 1023 in al_ip/TEMAC_CORE/RTL/TEMAC_CORE_aead6cd6dadd.v(6001)
HDL-1007 : back to file 'al_ip/TEMAC_CORE/RTL/TEMAC_CORE_aead6cd6dadd.v' in al_ip/TEMAC_CORE/RTL/TEMAC_CORE_aead6cd6dadd.v(260)
HDL-1007 : analyze verilog file al_ip/TEMAC_CORE/RTL/mac_core_aead6cd6dadd.v
HDL-1007 : analyze verilog file al_ip/TEMAC_CORE/TEMAC_CORE.v
HDL-1007 : analyze verilog file al_ip/pll_gen.v
HDL-1007 : undeclared symbol 'pll_gen_open0', assumed default net type 'wire' in al_ip/pll_gen.v(99)
HDL-1007 : undeclared symbol 'pll_gen_open8', assumed default net type 'wire' in al_ip/pll_gen.v(105)
HDL-1007 : undeclared symbol 'pll_gen_open7', assumed default net type 'wire' in al_ip/pll_gen.v(105)
HDL-1007 : undeclared symbol 'pll_gen_open6', assumed default net type 'wire' in al_ip/pll_gen.v(105)
HDL-1007 : undeclared symbol 'pll_gen_open5', assumed default net type 'wire' in al_ip/pll_gen.v(105)
HDL-1007 : undeclared symbol 'pll_gen_open4', assumed default net type 'wire' in al_ip/pll_gen.v(105)
HDL-1007 : undeclared symbol 'pll_gen_open3', assumed default net type 'wire' in al_ip/pll_gen.v(105)
HDL-1007 : undeclared symbol 'pll_gen_open2', assumed default net type 'wire' in al_ip/pll_gen.v(105)
HDL-1007 : undeclared symbol 'pll_gen_open1', assumed default net type 'wire' in al_ip/pll_gen.v(105)
HDL-1007 : analyze verilog file al_ip/sys_pll.v
HDL-1007 : undeclared symbol 'sys_pll_open0', assumed default net type 'wire' in al_ip/sys_pll.v(77)
HDL-1007 : undeclared symbol 'sys_pll_open1', assumed default net type 'wire' in al_ip/sys_pll.v(83)
HDL-1007 : undeclared symbol 'sys_pll_open9', assumed default net type 'wire' in al_ip/sys_pll.v(89)
HDL-1007 : undeclared symbol 'sys_pll_open8', assumed default net type 'wire' in al_ip/sys_pll.v(89)
HDL-1007 : undeclared symbol 'sys_pll_open7', assumed default net type 'wire' in al_ip/sys_pll.v(89)
HDL-1007 : undeclared symbol 'sys_pll_open6', assumed default net type 'wire' in al_ip/sys_pll.v(89)
HDL-1007 : undeclared symbol 'sys_pll_open5', assumed default net type 'wire' in al_ip/sys_pll.v(89)
HDL-1007 : undeclared symbol 'sys_pll_open4', assumed default net type 'wire' in al_ip/sys_pll.v(89)
HDL-1007 : undeclared symbol 'sys_pll_open3', assumed default net type 'wire' in al_ip/sys_pll.v(89)
HDL-1007 : undeclared symbol 'sys_pll_open2', assumed default net type 'wire' in al_ip/sys_pll.v(89)
HDL-1007 : undeclared symbol 'sys_pll_open11', assumed default net type 'wire' in al_ip/sys_pll.v(91)
HDL-1007 : undeclared symbol 'sys_pll_open10', assumed default net type 'wire' in al_ip/sys_pll.v(91)
HDL-1007 : analyze verilog file ../source_code/rtl/sd_card/ax_debounce.v
HDL-1007 : analyze verilog file ../source_code/rtl/sd_card/bmp_read.v
HDL-1007 : analyze verilog file ../source_code/rtl/sd_card/sd_card_bmp.v
HDL-1007 : analyze verilog file ../source_code/rtl/sd_card/sd_card_cmd.v
HDL-1007 : analyze verilog file ../source_code/rtl/sd_card/sd_card_sec_read_write.v
HDL-1007 : analyze verilog file ../source_code/rtl/sd_card/sd_card_top.v
HDL-1007 : analyze verilog file ../source_code/rtl/sd_card/spi_master.v
HDL-1007 : analyze verilog file ../source_code/rtl/sdram/enc_file/global_def.v
HDL-1007 : analyze verilog file ../source_code/rtl/sdram/enc_file/sdr_as_ram.enc.v
HDL-1007 : back to file '../source_code/rtl/sdram/enc_file/sdr_as_ram.enc.v' in ../source_code/rtl/sdram/enc_file/sdr_as_ram.enc.v(54)
HDL-1007 : analyze verilog file ../source_code/rtl/sdram/enc_file/sdr_wrrd.enc.v
HDL-5007 WARNING: concatenation with an unsized literal will be treated as 32 bits in ../source_code/rtl/sdram/enc_file/sdr_wrrd.enc.v(283)
HDL-1007 : back to file '../source_code/rtl/sdram/enc_file/sdr_wrrd.enc.v' in ../source_code/rtl/sdram/enc_file/sdr_wrrd.enc.v(19)
HDL-1007 : analyze verilog file ../source_code/rtl/frame_fifo/afifo_16_32_256.v
HDL-1007 : analyze verilog file ../source_code/rtl/frame_fifo/afifo_32_16_256.v
HDL-1007 : analyze verilog file ../source_code/rtl/frame_fifo/frame_fifo_read.v
HDL-1007 : analyze verilog file ../source_code/rtl/frame_fifo/frame_fifo_write.v
HDL-1007 : analyze verilog file ../source_code/rtl/frame_fifo/frame_read_write.v
HDL-1007 : analyze verilog file ../source_code/rtl/sdram/sdram.v
HDL-1007 : analyze included file ../source_code/rtl/sdram/enc_file/global_def.v in ../source_code/rtl/sdram/sdram.v(10)
HDL-1007 : back to file '../source_code/rtl/sdram/sdram.v' in ../source_code/rtl/sdram/sdram.v(10)
HDL-1007 : undeclared symbol 'SDR_CKE', assumed default net type 'wire' in ../source_code/rtl/sdram/sdram.v(89)
HDL-1007 : analyze verilog file ../source_code/rtl/sdram/enc_file/sdr_init_ref.enc.v
HDL-1007 : analyze included file ../source_code/rtl/sdram/enc_file/global_def.v in ../source_code/rtl/sdram/enc_file/sdr_init_ref.enc.v(11)
HDL-1007 : back to file '../source_code/rtl/sdram/enc_file/sdr_init_ref.enc.v' in ../source_code/rtl/sdram/enc_file/sdr_init_ref.enc.v(11)
HDL-1007 : undeclared symbol '**', assumed default net type '**' in ../source_code/rtl/sdram/enc_file/sdr_init_ref.enc.v(57)
HDL-1007 : back to file '../source_code/rtl/sdram/enc_file/sdr_init_ref.enc.v' in ../source_code/rtl/sdram/enc_file/sdr_init_ref.enc.v(149)
HDL-5007 WARNING: concatenation with an unsized literal will be treated as 32 bits in ../source_code/rtl/sdram/enc_file/sdr_init_ref.enc.v(47)
HDL-1007 : analyze verilog file ../source_code/rtl/video_timing/color_bar.v
HDL-1007 : analyze included file ../source_code/rtl/video_timing/video_define.v in ../source_code/rtl/video_timing/color_bar.v(2)
HDL-1007 : back to file '../source_code/rtl/video_timing/color_bar.v' in ../source_code/rtl/video_timing/color_bar.v(2)
HDL-1007 : analyze verilog file ../source_code/rtl/video_timing/video_delay.v
HDL-1007 : analyze verilog file ../source_code/rtl/video_timing/video_timing_data.v
HDL-1007 : analyze verilog file ../source_code/rtl/another/m_synchronization_header.v
HDL-1007 : analyze verilog file ../source_code/rtl/led.v
HDL-1007 : analyze verilog file ../source_code/rtl/ov5640/cmos_capture_data.v
HDL-1007 : analyze verilog file ../source_code/rtl/ov5640/i2c_dri.v
HDL-1007 : analyze verilog file ../source_code/rtl/ov5640/i2c_ov5640_rgb565_cfg.v
HDL-1007 : analyze verilog file ../source_code/rtl/ov5640/ov5640_delay.v
HDL-1007 : analyze verilog file ../source_code/rtl/ov5640/ov5640_dri.v
HDL-1007 : analyze verilog file al_ip/clk_wize.v
HDL-1007 : undeclared symbol 'open', assumed default net type 'wire' in al_ip/clk_wize.v(70)
HDL-1007 : analyze verilog file al_ip/ram.v
HDL-1007 : analyze verilog file ../source_code/rtl/app/addr_crt.v
HDL-1007 : analyze verilog file ../source_code/rtl/app/app.v
HDL-1007 : analyze verilog file ../source_code/rtl/app/vga_disp_rtl.v
HDL-1007 : analyze VHDL file ../source_code/rtl/hdmi_rtl/enc_file/DVITransmitter.enc.vhd
HDL-1007 : analyze entity dvitransmitter in ../source_code/rtl/hdmi_rtl/enc_file/DVITransmitter.enc.vhd(13)
HDL-1007 : analyze architecture ** in ../source_code/rtl/hdmi_rtl/enc_file/DVITransmitter.enc.vhd(2)
HDL-1007 : analyze VHDL file ../source_code/rtl/hdmi_rtl/enc_file/SerializerN_1_lvds.enc.vhd
HDL-1007 : analyze entity ** in ../source_code/rtl/hdmi_rtl/enc_file/SerializerN_1_lvds.enc.vhd(12)
HDL-1007 : analyze architecture ** in ../source_code/rtl/hdmi_rtl/enc_file/SerializerN_1_lvds.enc.vhd(25)
HDL-1007 : analyze VHDL file ../source_code/rtl/hdmi_rtl/enc_file/SerializerN_1_lvds_dat.enc.vhd
HDL-1007 : analyze entity ** in ../source_code/rtl/hdmi_rtl/enc_file/SerializerN_1_lvds_dat.enc.vhd(14)
HDL-1007 : analyze architecture ** in ../source_code/rtl/hdmi_rtl/enc_file/SerializerN_1_lvds_dat.enc.vhd(28)
HDL-1007 : analyze VHDL file ../source_code/rtl/hdmi_rtl/enc_file/TMDSEncoder.enc.vhd
HDL-1007 : analyze entity ** in ../source_code/rtl/hdmi_rtl/enc_file/TMDSEncoder.enc.vhd(13)
HDL-1007 : analyze architecture ** in ../source_code/rtl/hdmi_rtl/enc_file/TMDSEncoder.enc.vhd(24)
HDL-1007 : analyze verilog file ../source_code/rtl/hdmi_rtl/enc_file/video_tpg_1024768.enc.v
HDL-5007 WARNING: literal value ** truncated to fit in ** bits in ../source_code/rtl/hdmi_rtl/enc_file/video_tpg_1024768.enc.v(231)
HDL-1007 : back to file '../source_code/rtl/hdmi_rtl/enc_file/video_tpg_1024768.enc.v' in ../source_code/rtl/hdmi_rtl/enc_file/video_tpg_1024768.enc.v(1)
HDL-1007 : analyze verilog file ../source_code/rtl/hdmi_rtl/enc_file/video_tpg_1080p.enc.v
HDL-1007 : back to file '../source_code/rtl/hdmi_rtl/enc_file/video_tpg_1080p.enc.v' in ../source_code/rtl/hdmi_rtl/enc_file/video_tpg_1080p.enc.v(1)
HDL-1007 : analyze verilog file ../source_code/rtl/hdmi_rtl/enc_file/video_tpg_12801024p.enc.v
HDL-1007 : back to file '../source_code/rtl/hdmi_rtl/enc_file/video_tpg_12801024p.enc.v' in ../source_code/rtl/hdmi_rtl/enc_file/video_tpg_12801024p.enc.v(1)
HDL-1007 : analyze verilog file ../source_code/rtl/hdmi_rtl/enc_file/video_tpg_1280800.enc.v
HDL-5007 WARNING: literal value ** truncated to fit in ** bits in ../source_code/rtl/hdmi_rtl/enc_file/video_tpg_1280800.enc.v(233)
HDL-1007 : back to file '../source_code/rtl/hdmi_rtl/enc_file/video_tpg_1280800.enc.v' in ../source_code/rtl/hdmi_rtl/enc_file/video_tpg_1280800.enc.v(1)
HDL-1007 : analyze verilog file ../source_code/rtl/hdmi_rtl/enc_file/video_tpg_16801050p.enc.v
HDL-1007 : back to file '../source_code/rtl/hdmi_rtl/enc_file/video_tpg_16801050p.enc.v' in ../source_code/rtl/hdmi_rtl/enc_file/video_tpg_16801050p.enc.v(1)
HDL-1007 : analyze verilog file ../source_code/rtl/hdmi_rtl/enc_file/video_tpg_800600.enc.v
HDL-1007 : back to file '../source_code/rtl/hdmi_rtl/enc_file/video_tpg_800600.enc.v' in ../source_code/rtl/hdmi_rtl/enc_file/video_tpg_800600.enc.v(1)
HDL-1007 : analyze VHDL file ../source_code/rtl/hdmi_rtl/hdmi_tx.vhd
HDL-1007 : analyze entity hdmi_tx in ../source_code/rtl/hdmi_rtl/hdmi_tx.vhd(11)
HDL-1007 : analyze architecture behavioral in ../source_code/rtl/hdmi_rtl/hdmi_tx.vhd(33)
HDL-1007 : analyze verilog file ../source_code/rtl/hdmi_rtl/vga_disp_rtl.v
HDL-7201 CRITICAL-WARNING: overwrite current module 'vga_disp_rtl' in ../source_code/rtl/hdmi_rtl/vga_disp_rtl.v(1)
HDL-7307 CRITICAL-WARNING: previous definition of design element module 'vga_disp_rtl' is here. This is because multiple modules(values) with the same name are defined. Please consider rewriting code in ../source_code/rtl/app/vga_disp_rtl.v(1)
HDL-1007 : analyze verilog file ../source_code/rtl/another/fire_detect.v
HDL-1007 : analyze verilog file ../source_code/rtl/another/intrusion_detect.v
PRJ-1412 : reset_run syn_1 phy_1.
PRJ-1409 : launch_runs syn_1 phy_1  -jobs 6.
PRJ-1410 : Run syn_1 success.
RUN-1002 : start command "save_best_bits"
PRJ-1424 : The implemented result of phy_1 is saved as best result.
PRJ-1410 : Run phy_1 success.
RUN-1002 : start command "import_db D:/FPGA/workplace6_2_1/last_attempt/prj/last_attempt_Runs/phy_1/last_attempt_pr.db"
RUN-1001 : Importing database generated by Tang Dynasty, V6.2.168116.
RUN-1001 : Database version number 46207
RUN-1001 : Import flow parameters
RUN-1001 : Import netlist
PHY-1001 : Generate detailed routing grids ...
PHY-1001 : End build routing graph; 0.486488s wall, 0.453125s user + 0.078125s system = 0.531250s CPU (109.2%)

PHY-1001 : Build lut bridge;  0.076334s wall, 0.078125s user + 0.031250s system = 0.109375s CPU (143.3%)

PHY-1001 : Generate nets ...
PHY-1001 : net clk_50_dup_1 will be routed on clock mesh
PHY-1001 : clock net temac_clk will be merged with clock u_clk_gen/u_pll_0/clk0_buf
PHY-1001 : net udp_clk will be routed on clock mesh
PHY-1001 : net U3/u2_ram/SDRAM_CLK will be routed on clock mesh
PHY-1001 : net U3/u2_ram/u1_init_ref/Sdr_clk will be routed on clock mesh
PHY-1001 : clock net u_ov5640_dri/u_i2c_dr/dri_clk_syn_4 will be merged with clock u_ov5640_dri/u_i2c_dr/dri_clk
PHY-1001 : clock net u2_udp_loopback/app_tx_data_read_syn_4 will be merged with clock u2_udp_loopback/app_tx_data_read
PHY-1001 : clock net frame_read_write_m0/write_clk_syn_4 will be merged with clock frame_read_write_m0/write_clk
PHY-1001 : clock net cam_pclk_syn_4 will be merged with clock cam_pclk_dup_1
PHY-1001 : clock net sd_card_bmp_m0/bmp_read_m0/clk will be merged with clock tf0_sys_pll/clk0_buf
PHY-1001 : net u2_hdmi_tx/Inst_DVITransmitter/PCLK_I will be routed on clock mesh
PHY-1001 : clock net u2_hdmi_tx/Inst_DVITransmitter/PCLK_X5_I will be merged with clock u0_clk_wize/clk0_buf
PHY-1001 : clock net u4_trimac_block/rx_clk will be merged with clock phy1_rgmii_rx_clk_dup_1
PHY-1001 : net u4_trimac_block/u1_rgmii_interface/rgmii_txc_ddr/clk will be routed on clock mesh
PHY-1001 : eco open net = 0
PHY-1001 : 783 feed throughs used by 522 nets
RUN-1001 : Import phy database
RUN-1001 : Import timing constraints
RUN-1001 : Import IO constraints
RUN-1001 : Import Inst constraints
RUN-1001 : Import ChipWatcher
RUN-1001 : Import design success TD_VERSION=6.2.168116 , DB_VERSION=46207
RUN-1003 : finish command "import_db D:/FPGA/workplace6_2_1/last_attempt/prj/last_attempt_Runs/phy_1/last_attempt_pr.db" in  4.083416s wall, 3.843750s user + 0.578125s system = 4.421875s CPU (108.3%)

RUN-1004 : used memory is 926 MB, reserved memory is 867 MB, peak memory is 963 MB
RUN-1002 : start command "commit_param -step design"
RUN-1001 : Print Global Property
RUN-1001 : --------------------------------------------------------
RUN-1001 :   Parameters   |  Settings  |  Default Values  |  Note  
RUN-1001 : --------------------------------------------------------
RUN-1001 :   enable_seed  |    off     |       off        |        
RUN-1001 :     message    |  standard  |     standard     |        
RUN-1001 :   qor_monitor  |     on     |        on        |        
RUN-1001 :   syn_ip_flow  |    off     |       off        |        
RUN-1001 :     thread     |    auto    |       auto       |        
RUN-1001 : --------------------------------------------------------
RUN-1001 : Print Design Property
RUN-1001 : ----------------------------------------------------------------
RUN-1001 :       Parameters       |  Settings  |  Default Values  |  Note  
RUN-1001 : ----------------------------------------------------------------
RUN-1001 :   default_reg_initial  |    auto    |       auto       |        
RUN-1001 :    hdl_warning_level   |   normal   |      normal      |        
RUN-1001 : ----------------------------------------------------------------
HDL-1007 : analyze verilog file last_attempt.v
HDL-1007 : undeclared symbol 'phy_reset', assumed default net type 'wire' in last_attempt.v(167)
HDL-1007 : undeclared symbol 'VGA_HSYNC', assumed default net type 'wire' in last_attempt.v(335)
HDL-1007 : undeclared symbol 'VGA_VSYNC', assumed default net type 'wire' in last_attempt.v(336)
HDL-1007 : undeclared symbol 'rd_en', assumed default net type 'wire' in last_attempt.v(338)
HDL-1007 : undeclared symbol 'tpg_data_done', assumed default net type 'wire' in last_attempt.v(752)
HDL-1007 : undeclared symbol 'full_flag', assumed default net type 'wire' in last_attempt.v(786)
HDL-1007 : undeclared symbol 'input_local_udp_port_num', assumed default net type 'wire' in last_attempt.v(817)
HDL-1007 : undeclared symbol 'input_local_udp_port_num_valid', assumed default net type 'wire' in last_attempt.v(818)
HDL-1007 : undeclared symbol 'input_local_ip_address_valid', assumed default net type 'wire' in last_attempt.v(821)
HDL-1007 : analyze verilog file ../source_code/rtl/udp/BUFGMUX.v
HDL-1007 : analyze verilog file ../source_code/rtl/udp/IDDR.v
HDL-1007 : analyze verilog file ../source_code/rtl/udp/ODDR.v
HDL-1007 : analyze verilog file ../source_code/rtl/udp/RAMB16_S9_S9.v
HDL-1007 : undeclared symbol 'open', assumed default net type 'wire' in ../source_code/rtl/udp/RAMB16_S9_S9.v(109)
HDL-1007 : analyze verilog file ../source_code/rtl/udp/clk_gen_rst_gen.v
HDL-1007 : analyze verilog file ../source_code/rtl/udp/div_clk_gen.v
HDL-1007 : analyze verilog file ../source_code/rtl/udp/rgmii_interface.v
HDL-1007 : analyze verilog file ../source_code/rtl/udp/rx_client_fifo.v
HDL-5370 WARNING: parameter 'WAIT_s' becomes localparam in 'rx_client_fifo' with formal parameter declaration list in ../source_code/rtl/udp/rx_client_fifo.v(49)
HDL-5370 WARNING: parameter 'QUEUE1_s' becomes localparam in 'rx_client_fifo' with formal parameter declaration list in ../source_code/rtl/udp/rx_client_fifo.v(50)
HDL-5370 WARNING: parameter 'QUEUE2_s' becomes localparam in 'rx_client_fifo' with formal parameter declaration list in ../source_code/rtl/udp/rx_client_fifo.v(51)
HDL-5370 WARNING: parameter 'QUEUE3_s' becomes localparam in 'rx_client_fifo' with formal parameter declaration list in ../source_code/rtl/udp/rx_client_fifo.v(52)
HDL-5370 WARNING: parameter 'QUEUE_SOF_s' becomes localparam in 'rx_client_fifo' with formal parameter declaration list in ../source_code/rtl/udp/rx_client_fifo.v(53)
HDL-5370 WARNING: parameter 'SOF_s' becomes localparam in 'rx_client_fifo' with formal parameter declaration list in ../source_code/rtl/udp/rx_client_fifo.v(54)
HDL-5370 WARNING: parameter 'DATA_s' becomes localparam in 'rx_client_fifo' with formal parameter declaration list in ../source_code/rtl/udp/rx_client_fifo.v(55)
HDL-5370 WARNING: parameter 'EOF_s' becomes localparam in 'rx_client_fifo' with formal parameter declaration list in ../source_code/rtl/udp/rx_client_fifo.v(56)
HDL-5370 WARNING: parameter 'IDLE_s' becomes localparam in 'rx_client_fifo' with formal parameter declaration list in ../source_code/rtl/udp/rx_client_fifo.v(62)
HDL-5370 WARNING: parameter 'FRAME_s' becomes localparam in 'rx_client_fifo' with formal parameter declaration list in ../source_code/rtl/udp/rx_client_fifo.v(63)
HDL-5370 Similar messages will be suppressed.
HDL-1007 : analyze verilog file ../source_code/rtl/udp/temac_block.v
HDL-1007 : analyze verilog file ../source_code/rtl/udp/temac_clk_gen.v
HDL-1007 : analyze verilog file ../source_code/rtl/udp/tx_client_fifo.v
HDL-5370 WARNING: parameter 'IDLE_s' becomes localparam in 'tx_client_fifo' with formal parameter declaration list in ../source_code/rtl/udp/tx_client_fifo.v(53)
HDL-5370 WARNING: parameter 'QUEUE1_s' becomes localparam in 'tx_client_fifo' with formal parameter declaration list in ../source_code/rtl/udp/tx_client_fifo.v(54)
HDL-5370 WARNING: parameter 'QUEUE2_s' becomes localparam in 'tx_client_fifo' with formal parameter declaration list in ../source_code/rtl/udp/tx_client_fifo.v(55)
HDL-5370 WARNING: parameter 'QUEUE3_s' becomes localparam in 'tx_client_fifo' with formal parameter declaration list in ../source_code/rtl/udp/tx_client_fifo.v(56)
HDL-5370 WARNING: parameter 'QUEUE_ACK_s' becomes localparam in 'tx_client_fifo' with formal parameter declaration list in ../source_code/rtl/udp/tx_client_fifo.v(57)
HDL-5370 WARNING: parameter 'WAIT_ACK_s' becomes localparam in 'tx_client_fifo' with formal parameter declaration list in ../source_code/rtl/udp/tx_client_fifo.v(58)
HDL-5370 WARNING: parameter 'FRAME_s' becomes localparam in 'tx_client_fifo' with formal parameter declaration list in ../source_code/rtl/udp/tx_client_fifo.v(59)
HDL-5370 WARNING: parameter 'DROP_s' becomes localparam in 'tx_client_fifo' with formal parameter declaration list in ../source_code/rtl/udp/tx_client_fifo.v(60)
HDL-5370 WARNING: parameter 'RETRANSMIT_s' becomes localparam in 'tx_client_fifo' with formal parameter declaration list in ../source_code/rtl/udp/tx_client_fifo.v(61)
HDL-5370 WARNING: parameter 'WAIT_s' becomes localparam in 'tx_client_fifo' with formal parameter declaration list in ../source_code/rtl/udp/tx_client_fifo.v(67)
HDL-5370 Similar messages will be suppressed.
HDL-1007 : analyze verilog file ../source_code/rtl/udp/tx_clk_en_gen.v
HDL-1007 : analyze verilog file ../source_code/rtl/udp/udp_data_tpg.v
HDL-1007 : analyze verilog file ../source_code/rtl/udp/udp_ip_protocol_stack_merge.enc.v
HDL-1007 : back to file '../source_code/rtl/udp/udp_ip_protocol_stack_merge.enc.v' in ../source_code/rtl/udp/udp_ip_protocol_stack_merge.enc.v(56)
HDL-1007 : undeclared symbol '**', assumed default net type '**' in ../source_code/rtl/udp/udp_ip_protocol_stack_merge.enc.v(2638)
HDL-1007 : back to file '../source_code/rtl/udp/udp_ip_protocol_stack_merge.enc.v' in ../source_code/rtl/udp/udp_ip_protocol_stack_merge.enc.v(420)
HDL-1007 : analyze verilog file ../source_code/rtl/udp/udp_loopback.v
HDL-1007 : analyze verilog file al_ip/TEMAC_CORE/RTL/include/define.v
HDL-1007 : analyze verilog file al_ip/TEMAC_CORE/RTL/TEMAC_CORE_aead6cd6dadd.v
HDL-5007 WARNING: column 1032 exceeds maximum value 1023 in al_ip/TEMAC_CORE/RTL/TEMAC_CORE_aead6cd6dadd.v(30)
HDL-1007 : back to file 'al_ip/TEMAC_CORE/RTL/TEMAC_CORE_aead6cd6dadd.v' in al_ip/TEMAC_CORE/RTL/TEMAC_CORE_aead6cd6dadd.v(86)
HDL-5007 WARNING: event expressions must result in a singular type in al_ip/TEMAC_CORE/RTL/TEMAC_CORE_aead6cd6dadd.v(3001)
HDL-1007 : undeclared symbol '**', assumed default net type '**' in al_ip/TEMAC_CORE/RTL/TEMAC_CORE_aead6cd6dadd.v(5050)
HDL-1007 : undeclared symbol '**', assumed default net type '**' in al_ip/TEMAC_CORE/RTL/TEMAC_CORE_aead6cd6dadd.v(5458)
HDL-5007 WARNING: column 1035 exceeds maximum value 1023 in al_ip/TEMAC_CORE/RTL/TEMAC_CORE_aead6cd6dadd.v(6001)
HDL-1007 : back to file 'al_ip/TEMAC_CORE/RTL/TEMAC_CORE_aead6cd6dadd.v' in al_ip/TEMAC_CORE/RTL/TEMAC_CORE_aead6cd6dadd.v(260)
HDL-1007 : analyze verilog file al_ip/TEMAC_CORE/RTL/mac_core_aead6cd6dadd.v
HDL-1007 : analyze verilog file al_ip/TEMAC_CORE/TEMAC_CORE.v
HDL-1007 : analyze verilog file al_ip/pll_gen.v
HDL-1007 : undeclared symbol 'pll_gen_open0', assumed default net type 'wire' in al_ip/pll_gen.v(99)
HDL-1007 : undeclared symbol 'pll_gen_open8', assumed default net type 'wire' in al_ip/pll_gen.v(105)
HDL-1007 : undeclared symbol 'pll_gen_open7', assumed default net type 'wire' in al_ip/pll_gen.v(105)
HDL-1007 : undeclared symbol 'pll_gen_open6', assumed default net type 'wire' in al_ip/pll_gen.v(105)
HDL-1007 : undeclared symbol 'pll_gen_open5', assumed default net type 'wire' in al_ip/pll_gen.v(105)
HDL-1007 : undeclared symbol 'pll_gen_open4', assumed default net type 'wire' in al_ip/pll_gen.v(105)
HDL-1007 : undeclared symbol 'pll_gen_open3', assumed default net type 'wire' in al_ip/pll_gen.v(105)
HDL-1007 : undeclared symbol 'pll_gen_open2', assumed default net type 'wire' in al_ip/pll_gen.v(105)
HDL-1007 : undeclared symbol 'pll_gen_open1', assumed default net type 'wire' in al_ip/pll_gen.v(105)
HDL-1007 : analyze verilog file al_ip/sys_pll.v
HDL-1007 : undeclared symbol 'sys_pll_open0', assumed default net type 'wire' in al_ip/sys_pll.v(77)
HDL-1007 : undeclared symbol 'sys_pll_open1', assumed default net type 'wire' in al_ip/sys_pll.v(83)
HDL-1007 : undeclared symbol 'sys_pll_open9', assumed default net type 'wire' in al_ip/sys_pll.v(89)
HDL-1007 : undeclared symbol 'sys_pll_open8', assumed default net type 'wire' in al_ip/sys_pll.v(89)
HDL-1007 : undeclared symbol 'sys_pll_open7', assumed default net type 'wire' in al_ip/sys_pll.v(89)
HDL-1007 : undeclared symbol 'sys_pll_open6', assumed default net type 'wire' in al_ip/sys_pll.v(89)
HDL-1007 : undeclared symbol 'sys_pll_open5', assumed default net type 'wire' in al_ip/sys_pll.v(89)
HDL-1007 : undeclared symbol 'sys_pll_open4', assumed default net type 'wire' in al_ip/sys_pll.v(89)
HDL-1007 : undeclared symbol 'sys_pll_open3', assumed default net type 'wire' in al_ip/sys_pll.v(89)
HDL-1007 : undeclared symbol 'sys_pll_open2', assumed default net type 'wire' in al_ip/sys_pll.v(89)
HDL-1007 : undeclared symbol 'sys_pll_open11', assumed default net type 'wire' in al_ip/sys_pll.v(91)
HDL-1007 : undeclared symbol 'sys_pll_open10', assumed default net type 'wire' in al_ip/sys_pll.v(91)
HDL-1007 : analyze verilog file ../source_code/rtl/sd_card/ax_debounce.v
HDL-1007 : analyze verilog file ../source_code/rtl/sd_card/bmp_read.v
HDL-1007 : analyze verilog file ../source_code/rtl/sd_card/sd_card_bmp.v
HDL-1007 : analyze verilog file ../source_code/rtl/sd_card/sd_card_cmd.v
HDL-1007 : analyze verilog file ../source_code/rtl/sd_card/sd_card_sec_read_write.v
HDL-1007 : analyze verilog file ../source_code/rtl/sd_card/sd_card_top.v
HDL-1007 : analyze verilog file ../source_code/rtl/sd_card/spi_master.v
HDL-1007 : analyze verilog file ../source_code/rtl/sdram/enc_file/global_def.v
HDL-1007 : analyze verilog file ../source_code/rtl/sdram/enc_file/sdr_as_ram.enc.v
HDL-1007 : back to file '../source_code/rtl/sdram/enc_file/sdr_as_ram.enc.v' in ../source_code/rtl/sdram/enc_file/sdr_as_ram.enc.v(54)
HDL-1007 : analyze verilog file ../source_code/rtl/sdram/enc_file/sdr_wrrd.enc.v
HDL-5007 WARNING: concatenation with an unsized literal will be treated as 32 bits in ../source_code/rtl/sdram/enc_file/sdr_wrrd.enc.v(283)
HDL-1007 : back to file '../source_code/rtl/sdram/enc_file/sdr_wrrd.enc.v' in ../source_code/rtl/sdram/enc_file/sdr_wrrd.enc.v(19)
HDL-1007 : analyze verilog file ../source_code/rtl/frame_fifo/afifo_16_32_256.v
HDL-1007 : analyze verilog file ../source_code/rtl/frame_fifo/afifo_32_16_256.v
HDL-1007 : analyze verilog file ../source_code/rtl/frame_fifo/frame_fifo_read.v
HDL-1007 : analyze verilog file ../source_code/rtl/frame_fifo/frame_fifo_write.v
HDL-1007 : analyze verilog file ../source_code/rtl/frame_fifo/frame_read_write.v
HDL-1007 : analyze verilog file ../source_code/rtl/sdram/sdram.v
HDL-1007 : analyze included file ../source_code/rtl/sdram/enc_file/global_def.v in ../source_code/rtl/sdram/sdram.v(10)
HDL-1007 : back to file '../source_code/rtl/sdram/sdram.v' in ../source_code/rtl/sdram/sdram.v(10)
HDL-1007 : undeclared symbol 'SDR_CKE', assumed default net type 'wire' in ../source_code/rtl/sdram/sdram.v(89)
HDL-1007 : analyze verilog file ../source_code/rtl/sdram/enc_file/sdr_init_ref.enc.v
HDL-1007 : analyze included file ../source_code/rtl/sdram/enc_file/global_def.v in ../source_code/rtl/sdram/enc_file/sdr_init_ref.enc.v(11)
HDL-1007 : back to file '../source_code/rtl/sdram/enc_file/sdr_init_ref.enc.v' in ../source_code/rtl/sdram/enc_file/sdr_init_ref.enc.v(11)
HDL-1007 : undeclared symbol '**', assumed default net type '**' in ../source_code/rtl/sdram/enc_file/sdr_init_ref.enc.v(57)
HDL-1007 : back to file '../source_code/rtl/sdram/enc_file/sdr_init_ref.enc.v' in ../source_code/rtl/sdram/enc_file/sdr_init_ref.enc.v(149)
HDL-5007 WARNING: concatenation with an unsized literal will be treated as 32 bits in ../source_code/rtl/sdram/enc_file/sdr_init_ref.enc.v(47)
HDL-1007 : analyze verilog file ../source_code/rtl/video_timing/color_bar.v
HDL-1007 : analyze included file ../source_code/rtl/video_timing/video_define.v in ../source_code/rtl/video_timing/color_bar.v(2)
HDL-1007 : back to file '../source_code/rtl/video_timing/color_bar.v' in ../source_code/rtl/video_timing/color_bar.v(2)
HDL-1007 : analyze verilog file ../source_code/rtl/video_timing/video_delay.v
HDL-1007 : analyze verilog file ../source_code/rtl/video_timing/video_timing_data.v
HDL-1007 : analyze verilog file ../source_code/rtl/another/m_synchronization_header.v
HDL-1007 : analyze verilog file ../source_code/rtl/led.v
HDL-1007 : analyze verilog file ../source_code/rtl/ov5640/cmos_capture_data.v
HDL-1007 : analyze verilog file ../source_code/rtl/ov5640/i2c_dri.v
HDL-1007 : analyze verilog file ../source_code/rtl/ov5640/i2c_ov5640_rgb565_cfg.v
HDL-1007 : analyze verilog file ../source_code/rtl/ov5640/ov5640_delay.v
HDL-1007 : analyze verilog file ../source_code/rtl/ov5640/ov5640_dri.v
HDL-1007 : analyze verilog file al_ip/clk_wize.v
HDL-1007 : undeclared symbol 'open', assumed default net type 'wire' in al_ip/clk_wize.v(70)
HDL-1007 : analyze verilog file al_ip/ram.v
HDL-1007 : analyze verilog file ../source_code/rtl/app/addr_crt.v
HDL-1007 : analyze verilog file ../source_code/rtl/app/app.v
HDL-1007 : analyze verilog file ../source_code/rtl/app/vga_disp_rtl.v
HDL-1007 : analyze VHDL file ../source_code/rtl/hdmi_rtl/enc_file/DVITransmitter.enc.vhd
HDL-1007 : analyze entity dvitransmitter in ../source_code/rtl/hdmi_rtl/enc_file/DVITransmitter.enc.vhd(13)
HDL-1007 : analyze architecture ** in ../source_code/rtl/hdmi_rtl/enc_file/DVITransmitter.enc.vhd(2)
HDL-1007 : analyze VHDL file ../source_code/rtl/hdmi_rtl/enc_file/SerializerN_1_lvds.enc.vhd
HDL-1007 : analyze entity ** in ../source_code/rtl/hdmi_rtl/enc_file/SerializerN_1_lvds.enc.vhd(12)
HDL-1007 : analyze architecture ** in ../source_code/rtl/hdmi_rtl/enc_file/SerializerN_1_lvds.enc.vhd(25)
HDL-1007 : analyze VHDL file ../source_code/rtl/hdmi_rtl/enc_file/SerializerN_1_lvds_dat.enc.vhd
HDL-1007 : analyze entity ** in ../source_code/rtl/hdmi_rtl/enc_file/SerializerN_1_lvds_dat.enc.vhd(14)
HDL-1007 : analyze architecture ** in ../source_code/rtl/hdmi_rtl/enc_file/SerializerN_1_lvds_dat.enc.vhd(28)
HDL-1007 : analyze VHDL file ../source_code/rtl/hdmi_rtl/enc_file/TMDSEncoder.enc.vhd
HDL-1007 : analyze entity ** in ../source_code/rtl/hdmi_rtl/enc_file/TMDSEncoder.enc.vhd(13)
HDL-1007 : analyze architecture ** in ../source_code/rtl/hdmi_rtl/enc_file/TMDSEncoder.enc.vhd(24)
HDL-1007 : analyze verilog file ../source_code/rtl/hdmi_rtl/enc_file/video_tpg_1024768.enc.v
HDL-5007 WARNING: literal value ** truncated to fit in ** bits in ../source_code/rtl/hdmi_rtl/enc_file/video_tpg_1024768.enc.v(231)
HDL-1007 : back to file '../source_code/rtl/hdmi_rtl/enc_file/video_tpg_1024768.enc.v' in ../source_code/rtl/hdmi_rtl/enc_file/video_tpg_1024768.enc.v(1)
HDL-1007 : analyze verilog file ../source_code/rtl/hdmi_rtl/enc_file/video_tpg_1080p.enc.v
HDL-1007 : back to file '../source_code/rtl/hdmi_rtl/enc_file/video_tpg_1080p.enc.v' in ../source_code/rtl/hdmi_rtl/enc_file/video_tpg_1080p.enc.v(1)
HDL-1007 : analyze verilog file ../source_code/rtl/hdmi_rtl/enc_file/video_tpg_12801024p.enc.v
HDL-1007 : back to file '../source_code/rtl/hdmi_rtl/enc_file/video_tpg_12801024p.enc.v' in ../source_code/rtl/hdmi_rtl/enc_file/video_tpg_12801024p.enc.v(1)
HDL-1007 : analyze verilog file ../source_code/rtl/hdmi_rtl/enc_file/video_tpg_1280800.enc.v
HDL-5007 WARNING: literal value ** truncated to fit in ** bits in ../source_code/rtl/hdmi_rtl/enc_file/video_tpg_1280800.enc.v(233)
HDL-1007 : back to file '../source_code/rtl/hdmi_rtl/enc_file/video_tpg_1280800.enc.v' in ../source_code/rtl/hdmi_rtl/enc_file/video_tpg_1280800.enc.v(1)
HDL-1007 : analyze verilog file ../source_code/rtl/hdmi_rtl/enc_file/video_tpg_16801050p.enc.v
HDL-1007 : back to file '../source_code/rtl/hdmi_rtl/enc_file/video_tpg_16801050p.enc.v' in ../source_code/rtl/hdmi_rtl/enc_file/video_tpg_16801050p.enc.v(1)
HDL-1007 : analyze verilog file ../source_code/rtl/hdmi_rtl/enc_file/video_tpg_800600.enc.v
HDL-1007 : back to file '../source_code/rtl/hdmi_rtl/enc_file/video_tpg_800600.enc.v' in ../source_code/rtl/hdmi_rtl/enc_file/video_tpg_800600.enc.v(1)
HDL-1007 : analyze VHDL file ../source_code/rtl/hdmi_rtl/hdmi_tx.vhd
HDL-1007 : analyze entity hdmi_tx in ../source_code/rtl/hdmi_rtl/hdmi_tx.vhd(11)
HDL-1007 : analyze architecture behavioral in ../source_code/rtl/hdmi_rtl/hdmi_tx.vhd(33)
HDL-1007 : analyze verilog file ../source_code/rtl/hdmi_rtl/vga_disp_rtl.v
HDL-7201 CRITICAL-WARNING: overwrite current module 'vga_disp_rtl' in ../source_code/rtl/hdmi_rtl/vga_disp_rtl.v(1)
HDL-7307 CRITICAL-WARNING: previous definition of design element module 'vga_disp_rtl' is here. This is because multiple modules(values) with the same name are defined. Please consider rewriting code in ../source_code/rtl/app/vga_disp_rtl.v(1)
HDL-1007 : analyze verilog file ../source_code/rtl/another/fire_detect.v
HDL-1007 : analyze verilog file ../source_code/rtl/another/intrusion_detect.v
RUN-1002 : start command "commit_param -step design"
RUN-1001 : Print Global Property
RUN-1001 : --------------------------------------------------------
RUN-1001 :   Parameters   |  Settings  |  Default Values  |  Note  
RUN-1001 : --------------------------------------------------------
RUN-1001 :   enable_seed  |    off     |       off        |        
RUN-1001 :     message    |  standard  |     standard     |        
RUN-1001 :   qor_monitor  |     on     |        on        |        
RUN-1001 :   syn_ip_flow  |    off     |       off        |        
RUN-1001 :     thread     |    auto    |       auto       |        
RUN-1001 : --------------------------------------------------------
RUN-1001 : Print Design Property
RUN-1001 : ----------------------------------------------------------------
RUN-1001 :       Parameters       |  Settings  |  Default Values  |  Note  
RUN-1001 : ----------------------------------------------------------------
RUN-1001 :   default_reg_initial  |    auto    |       auto       |        
RUN-1001 :    hdl_warning_level   |   normal   |      normal      |        
RUN-1001 : ----------------------------------------------------------------
HDL-1007 : analyze verilog file last_attempt.v
HDL-1007 : undeclared symbol 'phy_reset', assumed default net type 'wire' in last_attempt.v(167)
HDL-1007 : undeclared symbol 'VGA_HSYNC', assumed default net type 'wire' in last_attempt.v(335)
HDL-1007 : undeclared symbol 'VGA_VSYNC', assumed default net type 'wire' in last_attempt.v(336)
HDL-1007 : undeclared symbol 'rd_en', assumed default net type 'wire' in last_attempt.v(338)
HDL-1007 : undeclared symbol 'tpg_data_done', assumed default net type 'wire' in last_attempt.v(769)
HDL-1007 : undeclared symbol 'full_flag', assumed default net type 'wire' in last_attempt.v(803)
HDL-1007 : undeclared symbol 'input_local_udp_port_num', assumed default net type 'wire' in last_attempt.v(834)
HDL-1007 : undeclared symbol 'input_local_udp_port_num_valid', assumed default net type 'wire' in last_attempt.v(835)
HDL-1007 : undeclared symbol 'input_local_ip_address_valid', assumed default net type 'wire' in last_attempt.v(838)
HDL-1007 : analyze verilog file ../source_code/rtl/udp/BUFGMUX.v
HDL-1007 : analyze verilog file ../source_code/rtl/udp/IDDR.v
HDL-1007 : analyze verilog file ../source_code/rtl/udp/ODDR.v
HDL-1007 : analyze verilog file ../source_code/rtl/udp/RAMB16_S9_S9.v
HDL-1007 : undeclared symbol 'open', assumed default net type 'wire' in ../source_code/rtl/udp/RAMB16_S9_S9.v(109)
HDL-1007 : analyze verilog file ../source_code/rtl/udp/clk_gen_rst_gen.v
HDL-1007 : analyze verilog file ../source_code/rtl/udp/div_clk_gen.v
HDL-1007 : analyze verilog file ../source_code/rtl/udp/rgmii_interface.v
HDL-1007 : analyze verilog file ../source_code/rtl/udp/rx_client_fifo.v
HDL-5370 WARNING: parameter 'WAIT_s' becomes localparam in 'rx_client_fifo' with formal parameter declaration list in ../source_code/rtl/udp/rx_client_fifo.v(49)
HDL-5370 WARNING: parameter 'QUEUE1_s' becomes localparam in 'rx_client_fifo' with formal parameter declaration list in ../source_code/rtl/udp/rx_client_fifo.v(50)
HDL-5370 WARNING: parameter 'QUEUE2_s' becomes localparam in 'rx_client_fifo' with formal parameter declaration list in ../source_code/rtl/udp/rx_client_fifo.v(51)
HDL-5370 WARNING: parameter 'QUEUE3_s' becomes localparam in 'rx_client_fifo' with formal parameter declaration list in ../source_code/rtl/udp/rx_client_fifo.v(52)
HDL-5370 WARNING: parameter 'QUEUE_SOF_s' becomes localparam in 'rx_client_fifo' with formal parameter declaration list in ../source_code/rtl/udp/rx_client_fifo.v(53)
HDL-5370 WARNING: parameter 'SOF_s' becomes localparam in 'rx_client_fifo' with formal parameter declaration list in ../source_code/rtl/udp/rx_client_fifo.v(54)
HDL-5370 WARNING: parameter 'DATA_s' becomes localparam in 'rx_client_fifo' with formal parameter declaration list in ../source_code/rtl/udp/rx_client_fifo.v(55)
HDL-5370 WARNING: parameter 'EOF_s' becomes localparam in 'rx_client_fifo' with formal parameter declaration list in ../source_code/rtl/udp/rx_client_fifo.v(56)
HDL-5370 WARNING: parameter 'IDLE_s' becomes localparam in 'rx_client_fifo' with formal parameter declaration list in ../source_code/rtl/udp/rx_client_fifo.v(62)
HDL-5370 WARNING: parameter 'FRAME_s' becomes localparam in 'rx_client_fifo' with formal parameter declaration list in ../source_code/rtl/udp/rx_client_fifo.v(63)
HDL-5370 Similar messages will be suppressed.
HDL-1007 : analyze verilog file ../source_code/rtl/udp/temac_block.v
HDL-1007 : analyze verilog file ../source_code/rtl/udp/temac_clk_gen.v
HDL-1007 : analyze verilog file ../source_code/rtl/udp/tx_client_fifo.v
HDL-5370 WARNING: parameter 'IDLE_s' becomes localparam in 'tx_client_fifo' with formal parameter declaration list in ../source_code/rtl/udp/tx_client_fifo.v(53)
HDL-5370 WARNING: parameter 'QUEUE1_s' becomes localparam in 'tx_client_fifo' with formal parameter declaration list in ../source_code/rtl/udp/tx_client_fifo.v(54)
HDL-5370 WARNING: parameter 'QUEUE2_s' becomes localparam in 'tx_client_fifo' with formal parameter declaration list in ../source_code/rtl/udp/tx_client_fifo.v(55)
HDL-5370 WARNING: parameter 'QUEUE3_s' becomes localparam in 'tx_client_fifo' with formal parameter declaration list in ../source_code/rtl/udp/tx_client_fifo.v(56)
HDL-5370 WARNING: parameter 'QUEUE_ACK_s' becomes localparam in 'tx_client_fifo' with formal parameter declaration list in ../source_code/rtl/udp/tx_client_fifo.v(57)
HDL-5370 WARNING: parameter 'WAIT_ACK_s' becomes localparam in 'tx_client_fifo' with formal parameter declaration list in ../source_code/rtl/udp/tx_client_fifo.v(58)
HDL-5370 WARNING: parameter 'FRAME_s' becomes localparam in 'tx_client_fifo' with formal parameter declaration list in ../source_code/rtl/udp/tx_client_fifo.v(59)
HDL-5370 WARNING: parameter 'DROP_s' becomes localparam in 'tx_client_fifo' with formal parameter declaration list in ../source_code/rtl/udp/tx_client_fifo.v(60)
HDL-5370 WARNING: parameter 'RETRANSMIT_s' becomes localparam in 'tx_client_fifo' with formal parameter declaration list in ../source_code/rtl/udp/tx_client_fifo.v(61)
HDL-5370 WARNING: parameter 'WAIT_s' becomes localparam in 'tx_client_fifo' with formal parameter declaration list in ../source_code/rtl/udp/tx_client_fifo.v(67)
HDL-5370 Similar messages will be suppressed.
HDL-1007 : analyze verilog file ../source_code/rtl/udp/tx_clk_en_gen.v
HDL-1007 : analyze verilog file ../source_code/rtl/udp/udp_data_tpg.v
HDL-1007 : analyze verilog file ../source_code/rtl/udp/udp_ip_protocol_stack_merge.enc.v
HDL-1007 : back to file '../source_code/rtl/udp/udp_ip_protocol_stack_merge.enc.v' in ../source_code/rtl/udp/udp_ip_protocol_stack_merge.enc.v(56)
HDL-1007 : undeclared symbol '**', assumed default net type '**' in ../source_code/rtl/udp/udp_ip_protocol_stack_merge.enc.v(2638)
HDL-1007 : back to file '../source_code/rtl/udp/udp_ip_protocol_stack_merge.enc.v' in ../source_code/rtl/udp/udp_ip_protocol_stack_merge.enc.v(420)
HDL-1007 : analyze verilog file ../source_code/rtl/udp/udp_loopback.v
HDL-1007 : analyze verilog file al_ip/TEMAC_CORE/RTL/include/define.v
HDL-1007 : analyze verilog file al_ip/TEMAC_CORE/RTL/TEMAC_CORE_aead6cd6dadd.v
HDL-5007 WARNING: column 1032 exceeds maximum value 1023 in al_ip/TEMAC_CORE/RTL/TEMAC_CORE_aead6cd6dadd.v(30)
HDL-1007 : back to file 'al_ip/TEMAC_CORE/RTL/TEMAC_CORE_aead6cd6dadd.v' in al_ip/TEMAC_CORE/RTL/TEMAC_CORE_aead6cd6dadd.v(86)
HDL-5007 WARNING: event expressions must result in a singular type in al_ip/TEMAC_CORE/RTL/TEMAC_CORE_aead6cd6dadd.v(3001)
HDL-1007 : undeclared symbol '**', assumed default net type '**' in al_ip/TEMAC_CORE/RTL/TEMAC_CORE_aead6cd6dadd.v(5050)
HDL-1007 : undeclared symbol '**', assumed default net type '**' in al_ip/TEMAC_CORE/RTL/TEMAC_CORE_aead6cd6dadd.v(5458)
HDL-5007 WARNING: column 1035 exceeds maximum value 1023 in al_ip/TEMAC_CORE/RTL/TEMAC_CORE_aead6cd6dadd.v(6001)
HDL-1007 : back to file 'al_ip/TEMAC_CORE/RTL/TEMAC_CORE_aead6cd6dadd.v' in al_ip/TEMAC_CORE/RTL/TEMAC_CORE_aead6cd6dadd.v(260)
HDL-1007 : analyze verilog file al_ip/TEMAC_CORE/RTL/mac_core_aead6cd6dadd.v
HDL-1007 : analyze verilog file al_ip/TEMAC_CORE/TEMAC_CORE.v
HDL-1007 : analyze verilog file al_ip/pll_gen.v
HDL-1007 : undeclared symbol 'pll_gen_open0', assumed default net type 'wire' in al_ip/pll_gen.v(99)
HDL-1007 : undeclared symbol 'pll_gen_open8', assumed default net type 'wire' in al_ip/pll_gen.v(105)
HDL-1007 : undeclared symbol 'pll_gen_open7', assumed default net type 'wire' in al_ip/pll_gen.v(105)
HDL-1007 : undeclared symbol 'pll_gen_open6', assumed default net type 'wire' in al_ip/pll_gen.v(105)
HDL-1007 : undeclared symbol 'pll_gen_open5', assumed default net type 'wire' in al_ip/pll_gen.v(105)
HDL-1007 : undeclared symbol 'pll_gen_open4', assumed default net type 'wire' in al_ip/pll_gen.v(105)
HDL-1007 : undeclared symbol 'pll_gen_open3', assumed default net type 'wire' in al_ip/pll_gen.v(105)
HDL-1007 : undeclared symbol 'pll_gen_open2', assumed default net type 'wire' in al_ip/pll_gen.v(105)
HDL-1007 : undeclared symbol 'pll_gen_open1', assumed default net type 'wire' in al_ip/pll_gen.v(105)
HDL-1007 : analyze verilog file al_ip/sys_pll.v
HDL-1007 : undeclared symbol 'sys_pll_open0', assumed default net type 'wire' in al_ip/sys_pll.v(77)
HDL-1007 : undeclared symbol 'sys_pll_open1', assumed default net type 'wire' in al_ip/sys_pll.v(83)
HDL-1007 : undeclared symbol 'sys_pll_open9', assumed default net type 'wire' in al_ip/sys_pll.v(89)
HDL-1007 : undeclared symbol 'sys_pll_open8', assumed default net type 'wire' in al_ip/sys_pll.v(89)
HDL-1007 : undeclared symbol 'sys_pll_open7', assumed default net type 'wire' in al_ip/sys_pll.v(89)
HDL-1007 : undeclared symbol 'sys_pll_open6', assumed default net type 'wire' in al_ip/sys_pll.v(89)
HDL-1007 : undeclared symbol 'sys_pll_open5', assumed default net type 'wire' in al_ip/sys_pll.v(89)
HDL-1007 : undeclared symbol 'sys_pll_open4', assumed default net type 'wire' in al_ip/sys_pll.v(89)
HDL-1007 : undeclared symbol 'sys_pll_open3', assumed default net type 'wire' in al_ip/sys_pll.v(89)
HDL-1007 : undeclared symbol 'sys_pll_open2', assumed default net type 'wire' in al_ip/sys_pll.v(89)
HDL-1007 : undeclared symbol 'sys_pll_open11', assumed default net type 'wire' in al_ip/sys_pll.v(91)
HDL-1007 : undeclared symbol 'sys_pll_open10', assumed default net type 'wire' in al_ip/sys_pll.v(91)
HDL-1007 : analyze verilog file ../source_code/rtl/sd_card/ax_debounce.v
HDL-1007 : analyze verilog file ../source_code/rtl/sd_card/bmp_read.v
HDL-1007 : analyze verilog file ../source_code/rtl/sd_card/sd_card_bmp.v
HDL-1007 : analyze verilog file ../source_code/rtl/sd_card/sd_card_cmd.v
HDL-1007 : analyze verilog file ../source_code/rtl/sd_card/sd_card_sec_read_write.v
HDL-1007 : analyze verilog file ../source_code/rtl/sd_card/sd_card_top.v
HDL-1007 : analyze verilog file ../source_code/rtl/sd_card/spi_master.v
HDL-1007 : analyze verilog file ../source_code/rtl/sdram/enc_file/global_def.v
HDL-1007 : analyze verilog file ../source_code/rtl/sdram/enc_file/sdr_as_ram.enc.v
HDL-1007 : back to file '../source_code/rtl/sdram/enc_file/sdr_as_ram.enc.v' in ../source_code/rtl/sdram/enc_file/sdr_as_ram.enc.v(54)
HDL-1007 : analyze verilog file ../source_code/rtl/sdram/enc_file/sdr_wrrd.enc.v
HDL-5007 WARNING: concatenation with an unsized literal will be treated as 32 bits in ../source_code/rtl/sdram/enc_file/sdr_wrrd.enc.v(283)
HDL-1007 : back to file '../source_code/rtl/sdram/enc_file/sdr_wrrd.enc.v' in ../source_code/rtl/sdram/enc_file/sdr_wrrd.enc.v(19)
HDL-1007 : analyze verilog file ../source_code/rtl/frame_fifo/afifo_16_32_256.v
HDL-1007 : analyze verilog file ../source_code/rtl/frame_fifo/afifo_32_16_256.v
HDL-1007 : analyze verilog file ../source_code/rtl/frame_fifo/frame_fifo_read.v
HDL-1007 : analyze verilog file ../source_code/rtl/frame_fifo/frame_fifo_write.v
HDL-1007 : analyze verilog file ../source_code/rtl/frame_fifo/frame_read_write.v
HDL-1007 : analyze verilog file ../source_code/rtl/sdram/sdram.v
HDL-1007 : analyze included file ../source_code/rtl/sdram/enc_file/global_def.v in ../source_code/rtl/sdram/sdram.v(10)
HDL-1007 : back to file '../source_code/rtl/sdram/sdram.v' in ../source_code/rtl/sdram/sdram.v(10)
HDL-1007 : undeclared symbol 'SDR_CKE', assumed default net type 'wire' in ../source_code/rtl/sdram/sdram.v(89)
HDL-1007 : analyze verilog file ../source_code/rtl/sdram/enc_file/sdr_init_ref.enc.v
HDL-1007 : analyze included file ../source_code/rtl/sdram/enc_file/global_def.v in ../source_code/rtl/sdram/enc_file/sdr_init_ref.enc.v(11)
HDL-1007 : back to file '../source_code/rtl/sdram/enc_file/sdr_init_ref.enc.v' in ../source_code/rtl/sdram/enc_file/sdr_init_ref.enc.v(11)
HDL-1007 : undeclared symbol '**', assumed default net type '**' in ../source_code/rtl/sdram/enc_file/sdr_init_ref.enc.v(57)
HDL-1007 : back to file '../source_code/rtl/sdram/enc_file/sdr_init_ref.enc.v' in ../source_code/rtl/sdram/enc_file/sdr_init_ref.enc.v(149)
HDL-5007 WARNING: concatenation with an unsized literal will be treated as 32 bits in ../source_code/rtl/sdram/enc_file/sdr_init_ref.enc.v(47)
HDL-1007 : analyze verilog file ../source_code/rtl/video_timing/color_bar.v
HDL-1007 : analyze included file ../source_code/rtl/video_timing/video_define.v in ../source_code/rtl/video_timing/color_bar.v(2)
HDL-1007 : back to file '../source_code/rtl/video_timing/color_bar.v' in ../source_code/rtl/video_timing/color_bar.v(2)
HDL-1007 : analyze verilog file ../source_code/rtl/video_timing/video_delay.v
HDL-1007 : analyze verilog file ../source_code/rtl/video_timing/video_timing_data.v
HDL-1007 : analyze verilog file ../source_code/rtl/another/m_synchronization_header.v
HDL-1007 : analyze verilog file ../source_code/rtl/led.v
HDL-1007 : analyze verilog file ../source_code/rtl/ov5640/cmos_capture_data.v
HDL-1007 : analyze verilog file ../source_code/rtl/ov5640/i2c_dri.v
HDL-1007 : analyze verilog file ../source_code/rtl/ov5640/i2c_ov5640_rgb565_cfg.v
HDL-1007 : analyze verilog file ../source_code/rtl/ov5640/ov5640_delay.v
HDL-1007 : analyze verilog file ../source_code/rtl/ov5640/ov5640_dri.v
HDL-1007 : analyze verilog file al_ip/clk_wize.v
HDL-1007 : undeclared symbol 'open', assumed default net type 'wire' in al_ip/clk_wize.v(70)
HDL-1007 : analyze verilog file al_ip/ram.v
HDL-1007 : analyze verilog file ../source_code/rtl/app/addr_crt.v
HDL-1007 : analyze verilog file ../source_code/rtl/app/app.v
HDL-1007 : analyze verilog file ../source_code/rtl/app/vga_disp_rtl.v
HDL-1007 : analyze VHDL file ../source_code/rtl/hdmi_rtl/enc_file/DVITransmitter.enc.vhd
HDL-1007 : analyze entity dvitransmitter in ../source_code/rtl/hdmi_rtl/enc_file/DVITransmitter.enc.vhd(13)
HDL-1007 : analyze architecture ** in ../source_code/rtl/hdmi_rtl/enc_file/DVITransmitter.enc.vhd(2)
HDL-1007 : analyze VHDL file ../source_code/rtl/hdmi_rtl/enc_file/SerializerN_1_lvds.enc.vhd
HDL-1007 : analyze entity ** in ../source_code/rtl/hdmi_rtl/enc_file/SerializerN_1_lvds.enc.vhd(12)
HDL-1007 : analyze architecture ** in ../source_code/rtl/hdmi_rtl/enc_file/SerializerN_1_lvds.enc.vhd(25)
HDL-1007 : analyze VHDL file ../source_code/rtl/hdmi_rtl/enc_file/SerializerN_1_lvds_dat.enc.vhd
HDL-1007 : analyze entity ** in ../source_code/rtl/hdmi_rtl/enc_file/SerializerN_1_lvds_dat.enc.vhd(14)
HDL-1007 : analyze architecture ** in ../source_code/rtl/hdmi_rtl/enc_file/SerializerN_1_lvds_dat.enc.vhd(28)
HDL-1007 : analyze VHDL file ../source_code/rtl/hdmi_rtl/enc_file/TMDSEncoder.enc.vhd
HDL-1007 : analyze entity ** in ../source_code/rtl/hdmi_rtl/enc_file/TMDSEncoder.enc.vhd(13)
HDL-1007 : analyze architecture ** in ../source_code/rtl/hdmi_rtl/enc_file/TMDSEncoder.enc.vhd(24)
HDL-1007 : analyze verilog file ../source_code/rtl/hdmi_rtl/enc_file/video_tpg_1024768.enc.v
HDL-5007 WARNING: literal value ** truncated to fit in ** bits in ../source_code/rtl/hdmi_rtl/enc_file/video_tpg_1024768.enc.v(231)
HDL-1007 : back to file '../source_code/rtl/hdmi_rtl/enc_file/video_tpg_1024768.enc.v' in ../source_code/rtl/hdmi_rtl/enc_file/video_tpg_1024768.enc.v(1)
HDL-1007 : analyze verilog file ../source_code/rtl/hdmi_rtl/enc_file/video_tpg_1080p.enc.v
HDL-1007 : back to file '../source_code/rtl/hdmi_rtl/enc_file/video_tpg_1080p.enc.v' in ../source_code/rtl/hdmi_rtl/enc_file/video_tpg_1080p.enc.v(1)
HDL-1007 : analyze verilog file ../source_code/rtl/hdmi_rtl/enc_file/video_tpg_12801024p.enc.v
HDL-1007 : back to file '../source_code/rtl/hdmi_rtl/enc_file/video_tpg_12801024p.enc.v' in ../source_code/rtl/hdmi_rtl/enc_file/video_tpg_12801024p.enc.v(1)
HDL-1007 : analyze verilog file ../source_code/rtl/hdmi_rtl/enc_file/video_tpg_1280800.enc.v
HDL-5007 WARNING: literal value ** truncated to fit in ** bits in ../source_code/rtl/hdmi_rtl/enc_file/video_tpg_1280800.enc.v(233)
HDL-1007 : back to file '../source_code/rtl/hdmi_rtl/enc_file/video_tpg_1280800.enc.v' in ../source_code/rtl/hdmi_rtl/enc_file/video_tpg_1280800.enc.v(1)
HDL-1007 : analyze verilog file ../source_code/rtl/hdmi_rtl/enc_file/video_tpg_16801050p.enc.v
HDL-1007 : back to file '../source_code/rtl/hdmi_rtl/enc_file/video_tpg_16801050p.enc.v' in ../source_code/rtl/hdmi_rtl/enc_file/video_tpg_16801050p.enc.v(1)
HDL-1007 : analyze verilog file ../source_code/rtl/hdmi_rtl/enc_file/video_tpg_800600.enc.v
HDL-1007 : back to file '../source_code/rtl/hdmi_rtl/enc_file/video_tpg_800600.enc.v' in ../source_code/rtl/hdmi_rtl/enc_file/video_tpg_800600.enc.v(1)
HDL-1007 : analyze VHDL file ../source_code/rtl/hdmi_rtl/hdmi_tx.vhd
HDL-1007 : analyze entity hdmi_tx in ../source_code/rtl/hdmi_rtl/hdmi_tx.vhd(11)
HDL-1007 : analyze architecture behavioral in ../source_code/rtl/hdmi_rtl/hdmi_tx.vhd(33)
HDL-1007 : analyze verilog file ../source_code/rtl/hdmi_rtl/vga_disp_rtl.v
HDL-7201 CRITICAL-WARNING: overwrite current module 'vga_disp_rtl' in ../source_code/rtl/hdmi_rtl/vga_disp_rtl.v(1)
HDL-7307 CRITICAL-WARNING: previous definition of design element module 'vga_disp_rtl' is here. This is because multiple modules(values) with the same name are defined. Please consider rewriting code in ../source_code/rtl/app/vga_disp_rtl.v(1)
HDL-1007 : analyze verilog file ../source_code/rtl/another/fire_detect.v
HDL-1007 : analyze verilog file ../source_code/rtl/another/intrusion_detect.v
RUN-1002 : start command "commit_param -step design"
RUN-1001 : Print Global Property
RUN-1001 : --------------------------------------------------------
RUN-1001 :   Parameters   |  Settings  |  Default Values  |  Note  
RUN-1001 : --------------------------------------------------------
RUN-1001 :   enable_seed  |    off     |       off        |        
RUN-1001 :     message    |  standard  |     standard     |        
RUN-1001 :   qor_monitor  |     on     |        on        |        
RUN-1001 :   syn_ip_flow  |    off     |       off        |        
RUN-1001 :     thread     |    auto    |       auto       |        
RUN-1001 : --------------------------------------------------------
RUN-1001 : Print Design Property
RUN-1001 : ----------------------------------------------------------------
RUN-1001 :       Parameters       |  Settings  |  Default Values  |  Note  
RUN-1001 : ----------------------------------------------------------------
RUN-1001 :   default_reg_initial  |    auto    |       auto       |        
RUN-1001 :    hdl_warning_level   |   normal   |      normal      |        
RUN-1001 : ----------------------------------------------------------------
HDL-1007 : analyze verilog file last_attempt.v
HDL-1007 : undeclared symbol 'phy_reset', assumed default net type 'wire' in last_attempt.v(167)
HDL-1007 : undeclared symbol 'VGA_HSYNC', assumed default net type 'wire' in last_attempt.v(335)
HDL-1007 : undeclared symbol 'VGA_VSYNC', assumed default net type 'wire' in last_attempt.v(336)
HDL-1007 : undeclared symbol 'rd_en', assumed default net type 'wire' in last_attempt.v(338)
HDL-1007 : undeclared symbol 'tpg_data_done', assumed default net type 'wire' in last_attempt.v(771)
HDL-1007 : undeclared symbol 'full_flag', assumed default net type 'wire' in last_attempt.v(805)
HDL-1007 : undeclared symbol 'input_local_udp_port_num', assumed default net type 'wire' in last_attempt.v(836)
HDL-1007 : undeclared symbol 'input_local_udp_port_num_valid', assumed default net type 'wire' in last_attempt.v(837)
HDL-1007 : undeclared symbol 'input_local_ip_address_valid', assumed default net type 'wire' in last_attempt.v(840)
HDL-1007 : analyze verilog file ../source_code/rtl/udp/BUFGMUX.v
HDL-1007 : analyze verilog file ../source_code/rtl/udp/IDDR.v
HDL-1007 : analyze verilog file ../source_code/rtl/udp/ODDR.v
HDL-1007 : analyze verilog file ../source_code/rtl/udp/RAMB16_S9_S9.v
HDL-1007 : undeclared symbol 'open', assumed default net type 'wire' in ../source_code/rtl/udp/RAMB16_S9_S9.v(109)
HDL-1007 : analyze verilog file ../source_code/rtl/udp/clk_gen_rst_gen.v
HDL-1007 : analyze verilog file ../source_code/rtl/udp/div_clk_gen.v
HDL-1007 : analyze verilog file ../source_code/rtl/udp/rgmii_interface.v
HDL-1007 : analyze verilog file ../source_code/rtl/udp/rx_client_fifo.v
HDL-5370 WARNING: parameter 'WAIT_s' becomes localparam in 'rx_client_fifo' with formal parameter declaration list in ../source_code/rtl/udp/rx_client_fifo.v(49)
HDL-5370 WARNING: parameter 'QUEUE1_s' becomes localparam in 'rx_client_fifo' with formal parameter declaration list in ../source_code/rtl/udp/rx_client_fifo.v(50)
HDL-5370 WARNING: parameter 'QUEUE2_s' becomes localparam in 'rx_client_fifo' with formal parameter declaration list in ../source_code/rtl/udp/rx_client_fifo.v(51)
HDL-5370 WARNING: parameter 'QUEUE3_s' becomes localparam in 'rx_client_fifo' with formal parameter declaration list in ../source_code/rtl/udp/rx_client_fifo.v(52)
HDL-5370 WARNING: parameter 'QUEUE_SOF_s' becomes localparam in 'rx_client_fifo' with formal parameter declaration list in ../source_code/rtl/udp/rx_client_fifo.v(53)
HDL-5370 WARNING: parameter 'SOF_s' becomes localparam in 'rx_client_fifo' with formal parameter declaration list in ../source_code/rtl/udp/rx_client_fifo.v(54)
HDL-5370 WARNING: parameter 'DATA_s' becomes localparam in 'rx_client_fifo' with formal parameter declaration list in ../source_code/rtl/udp/rx_client_fifo.v(55)
HDL-5370 WARNING: parameter 'EOF_s' becomes localparam in 'rx_client_fifo' with formal parameter declaration list in ../source_code/rtl/udp/rx_client_fifo.v(56)
HDL-5370 WARNING: parameter 'IDLE_s' becomes localparam in 'rx_client_fifo' with formal parameter declaration list in ../source_code/rtl/udp/rx_client_fifo.v(62)
HDL-5370 WARNING: parameter 'FRAME_s' becomes localparam in 'rx_client_fifo' with formal parameter declaration list in ../source_code/rtl/udp/rx_client_fifo.v(63)
HDL-5370 Similar messages will be suppressed.
HDL-1007 : analyze verilog file ../source_code/rtl/udp/temac_block.v
HDL-1007 : analyze verilog file ../source_code/rtl/udp/temac_clk_gen.v
HDL-1007 : analyze verilog file ../source_code/rtl/udp/tx_client_fifo.v
HDL-5370 WARNING: parameter 'IDLE_s' becomes localparam in 'tx_client_fifo' with formal parameter declaration list in ../source_code/rtl/udp/tx_client_fifo.v(53)
HDL-5370 WARNING: parameter 'QUEUE1_s' becomes localparam in 'tx_client_fifo' with formal parameter declaration list in ../source_code/rtl/udp/tx_client_fifo.v(54)
HDL-5370 WARNING: parameter 'QUEUE2_s' becomes localparam in 'tx_client_fifo' with formal parameter declaration list in ../source_code/rtl/udp/tx_client_fifo.v(55)
HDL-5370 WARNING: parameter 'QUEUE3_s' becomes localparam in 'tx_client_fifo' with formal parameter declaration list in ../source_code/rtl/udp/tx_client_fifo.v(56)
HDL-5370 WARNING: parameter 'QUEUE_ACK_s' becomes localparam in 'tx_client_fifo' with formal parameter declaration list in ../source_code/rtl/udp/tx_client_fifo.v(57)
HDL-5370 WARNING: parameter 'WAIT_ACK_s' becomes localparam in 'tx_client_fifo' with formal parameter declaration list in ../source_code/rtl/udp/tx_client_fifo.v(58)
HDL-5370 WARNING: parameter 'FRAME_s' becomes localparam in 'tx_client_fifo' with formal parameter declaration list in ../source_code/rtl/udp/tx_client_fifo.v(59)
HDL-5370 WARNING: parameter 'DROP_s' becomes localparam in 'tx_client_fifo' with formal parameter declaration list in ../source_code/rtl/udp/tx_client_fifo.v(60)
HDL-5370 WARNING: parameter 'RETRANSMIT_s' becomes localparam in 'tx_client_fifo' with formal parameter declaration list in ../source_code/rtl/udp/tx_client_fifo.v(61)
HDL-5370 WARNING: parameter 'WAIT_s' becomes localparam in 'tx_client_fifo' with formal parameter declaration list in ../source_code/rtl/udp/tx_client_fifo.v(67)
HDL-5370 Similar messages will be suppressed.
HDL-1007 : analyze verilog file ../source_code/rtl/udp/tx_clk_en_gen.v
HDL-1007 : analyze verilog file ../source_code/rtl/udp/udp_data_tpg.v
HDL-1007 : analyze verilog file ../source_code/rtl/udp/udp_ip_protocol_stack_merge.enc.v
HDL-1007 : back to file '../source_code/rtl/udp/udp_ip_protocol_stack_merge.enc.v' in ../source_code/rtl/udp/udp_ip_protocol_stack_merge.enc.v(56)
HDL-1007 : undeclared symbol '**', assumed default net type '**' in ../source_code/rtl/udp/udp_ip_protocol_stack_merge.enc.v(2638)
HDL-1007 : back to file '../source_code/rtl/udp/udp_ip_protocol_stack_merge.enc.v' in ../source_code/rtl/udp/udp_ip_protocol_stack_merge.enc.v(420)
HDL-1007 : analyze verilog file ../source_code/rtl/udp/udp_loopback.v
HDL-1007 : analyze verilog file al_ip/TEMAC_CORE/RTL/include/define.v
HDL-1007 : analyze verilog file al_ip/TEMAC_CORE/RTL/TEMAC_CORE_aead6cd6dadd.v
HDL-5007 WARNING: column 1032 exceeds maximum value 1023 in al_ip/TEMAC_CORE/RTL/TEMAC_CORE_aead6cd6dadd.v(30)
HDL-1007 : back to file 'al_ip/TEMAC_CORE/RTL/TEMAC_CORE_aead6cd6dadd.v' in al_ip/TEMAC_CORE/RTL/TEMAC_CORE_aead6cd6dadd.v(86)
HDL-5007 WARNING: event expressions must result in a singular type in al_ip/TEMAC_CORE/RTL/TEMAC_CORE_aead6cd6dadd.v(3001)
HDL-1007 : undeclared symbol '**', assumed default net type '**' in al_ip/TEMAC_CORE/RTL/TEMAC_CORE_aead6cd6dadd.v(5050)
HDL-1007 : undeclared symbol '**', assumed default net type '**' in al_ip/TEMAC_CORE/RTL/TEMAC_CORE_aead6cd6dadd.v(5458)
HDL-5007 WARNING: column 1035 exceeds maximum value 1023 in al_ip/TEMAC_CORE/RTL/TEMAC_CORE_aead6cd6dadd.v(6001)
HDL-1007 : back to file 'al_ip/TEMAC_CORE/RTL/TEMAC_CORE_aead6cd6dadd.v' in al_ip/TEMAC_CORE/RTL/TEMAC_CORE_aead6cd6dadd.v(260)
HDL-1007 : analyze verilog file al_ip/TEMAC_CORE/RTL/mac_core_aead6cd6dadd.v
HDL-1007 : analyze verilog file al_ip/TEMAC_CORE/TEMAC_CORE.v
HDL-1007 : analyze verilog file al_ip/pll_gen.v
HDL-1007 : undeclared symbol 'pll_gen_open0', assumed default net type 'wire' in al_ip/pll_gen.v(99)
HDL-1007 : undeclared symbol 'pll_gen_open8', assumed default net type 'wire' in al_ip/pll_gen.v(105)
HDL-1007 : undeclared symbol 'pll_gen_open7', assumed default net type 'wire' in al_ip/pll_gen.v(105)
HDL-1007 : undeclared symbol 'pll_gen_open6', assumed default net type 'wire' in al_ip/pll_gen.v(105)
HDL-1007 : undeclared symbol 'pll_gen_open5', assumed default net type 'wire' in al_ip/pll_gen.v(105)
HDL-1007 : undeclared symbol 'pll_gen_open4', assumed default net type 'wire' in al_ip/pll_gen.v(105)
HDL-1007 : undeclared symbol 'pll_gen_open3', assumed default net type 'wire' in al_ip/pll_gen.v(105)
HDL-1007 : undeclared symbol 'pll_gen_open2', assumed default net type 'wire' in al_ip/pll_gen.v(105)
HDL-1007 : undeclared symbol 'pll_gen_open1', assumed default net type 'wire' in al_ip/pll_gen.v(105)
HDL-1007 : analyze verilog file al_ip/sys_pll.v
HDL-1007 : undeclared symbol 'sys_pll_open0', assumed default net type 'wire' in al_ip/sys_pll.v(77)
HDL-1007 : undeclared symbol 'sys_pll_open1', assumed default net type 'wire' in al_ip/sys_pll.v(83)
HDL-1007 : undeclared symbol 'sys_pll_open9', assumed default net type 'wire' in al_ip/sys_pll.v(89)
HDL-1007 : undeclared symbol 'sys_pll_open8', assumed default net type 'wire' in al_ip/sys_pll.v(89)
HDL-1007 : undeclared symbol 'sys_pll_open7', assumed default net type 'wire' in al_ip/sys_pll.v(89)
HDL-1007 : undeclared symbol 'sys_pll_open6', assumed default net type 'wire' in al_ip/sys_pll.v(89)
HDL-1007 : undeclared symbol 'sys_pll_open5', assumed default net type 'wire' in al_ip/sys_pll.v(89)
HDL-1007 : undeclared symbol 'sys_pll_open4', assumed default net type 'wire' in al_ip/sys_pll.v(89)
HDL-1007 : undeclared symbol 'sys_pll_open3', assumed default net type 'wire' in al_ip/sys_pll.v(89)
HDL-1007 : undeclared symbol 'sys_pll_open2', assumed default net type 'wire' in al_ip/sys_pll.v(89)
HDL-1007 : undeclared symbol 'sys_pll_open11', assumed default net type 'wire' in al_ip/sys_pll.v(91)
HDL-1007 : undeclared symbol 'sys_pll_open10', assumed default net type 'wire' in al_ip/sys_pll.v(91)
HDL-1007 : analyze verilog file ../source_code/rtl/sd_card/ax_debounce.v
HDL-1007 : analyze verilog file ../source_code/rtl/sd_card/bmp_read.v
HDL-1007 : analyze verilog file ../source_code/rtl/sd_card/sd_card_bmp.v
HDL-1007 : analyze verilog file ../source_code/rtl/sd_card/sd_card_cmd.v
HDL-1007 : analyze verilog file ../source_code/rtl/sd_card/sd_card_sec_read_write.v
HDL-1007 : analyze verilog file ../source_code/rtl/sd_card/sd_card_top.v
HDL-1007 : analyze verilog file ../source_code/rtl/sd_card/spi_master.v
HDL-1007 : analyze verilog file ../source_code/rtl/sdram/enc_file/global_def.v
HDL-1007 : analyze verilog file ../source_code/rtl/sdram/enc_file/sdr_as_ram.enc.v
HDL-1007 : back to file '../source_code/rtl/sdram/enc_file/sdr_as_ram.enc.v' in ../source_code/rtl/sdram/enc_file/sdr_as_ram.enc.v(54)
HDL-1007 : analyze verilog file ../source_code/rtl/sdram/enc_file/sdr_wrrd.enc.v
HDL-5007 WARNING: concatenation with an unsized literal will be treated as 32 bits in ../source_code/rtl/sdram/enc_file/sdr_wrrd.enc.v(283)
HDL-1007 : back to file '../source_code/rtl/sdram/enc_file/sdr_wrrd.enc.v' in ../source_code/rtl/sdram/enc_file/sdr_wrrd.enc.v(19)
HDL-1007 : analyze verilog file ../source_code/rtl/frame_fifo/afifo_16_32_256.v
HDL-1007 : analyze verilog file ../source_code/rtl/frame_fifo/afifo_32_16_256.v
HDL-1007 : analyze verilog file ../source_code/rtl/frame_fifo/frame_fifo_read.v
HDL-1007 : analyze verilog file ../source_code/rtl/frame_fifo/frame_fifo_write.v
HDL-1007 : analyze verilog file ../source_code/rtl/frame_fifo/frame_read_write.v
HDL-1007 : analyze verilog file ../source_code/rtl/sdram/sdram.v
HDL-1007 : analyze included file ../source_code/rtl/sdram/enc_file/global_def.v in ../source_code/rtl/sdram/sdram.v(10)
HDL-1007 : back to file '../source_code/rtl/sdram/sdram.v' in ../source_code/rtl/sdram/sdram.v(10)
HDL-1007 : undeclared symbol 'SDR_CKE', assumed default net type 'wire' in ../source_code/rtl/sdram/sdram.v(89)
HDL-1007 : analyze verilog file ../source_code/rtl/sdram/enc_file/sdr_init_ref.enc.v
HDL-1007 : analyze included file ../source_code/rtl/sdram/enc_file/global_def.v in ../source_code/rtl/sdram/enc_file/sdr_init_ref.enc.v(11)
HDL-1007 : back to file '../source_code/rtl/sdram/enc_file/sdr_init_ref.enc.v' in ../source_code/rtl/sdram/enc_file/sdr_init_ref.enc.v(11)
HDL-1007 : undeclared symbol '**', assumed default net type '**' in ../source_code/rtl/sdram/enc_file/sdr_init_ref.enc.v(57)
HDL-1007 : back to file '../source_code/rtl/sdram/enc_file/sdr_init_ref.enc.v' in ../source_code/rtl/sdram/enc_file/sdr_init_ref.enc.v(149)
HDL-5007 WARNING: concatenation with an unsized literal will be treated as 32 bits in ../source_code/rtl/sdram/enc_file/sdr_init_ref.enc.v(47)
HDL-1007 : analyze verilog file ../source_code/rtl/video_timing/color_bar.v
HDL-1007 : analyze included file ../source_code/rtl/video_timing/video_define.v in ../source_code/rtl/video_timing/color_bar.v(2)
HDL-1007 : back to file '../source_code/rtl/video_timing/color_bar.v' in ../source_code/rtl/video_timing/color_bar.v(2)
HDL-1007 : analyze verilog file ../source_code/rtl/video_timing/video_delay.v
HDL-1007 : analyze verilog file ../source_code/rtl/video_timing/video_timing_data.v
HDL-1007 : analyze verilog file ../source_code/rtl/another/m_synchronization_header.v
HDL-1007 : analyze verilog file ../source_code/rtl/led.v
HDL-1007 : analyze verilog file ../source_code/rtl/ov5640/cmos_capture_data.v
HDL-1007 : analyze verilog file ../source_code/rtl/ov5640/i2c_dri.v
HDL-1007 : analyze verilog file ../source_code/rtl/ov5640/i2c_ov5640_rgb565_cfg.v
HDL-1007 : analyze verilog file ../source_code/rtl/ov5640/ov5640_delay.v
HDL-1007 : analyze verilog file ../source_code/rtl/ov5640/ov5640_dri.v
HDL-1007 : analyze verilog file al_ip/clk_wize.v
HDL-1007 : undeclared symbol 'open', assumed default net type 'wire' in al_ip/clk_wize.v(70)
HDL-1007 : analyze verilog file al_ip/ram.v
HDL-1007 : analyze verilog file ../source_code/rtl/app/addr_crt.v
HDL-1007 : analyze verilog file ../source_code/rtl/app/app.v
HDL-1007 : analyze verilog file ../source_code/rtl/app/vga_disp_rtl.v
HDL-1007 : analyze VHDL file ../source_code/rtl/hdmi_rtl/enc_file/DVITransmitter.enc.vhd
HDL-1007 : analyze entity dvitransmitter in ../source_code/rtl/hdmi_rtl/enc_file/DVITransmitter.enc.vhd(13)
HDL-1007 : analyze architecture ** in ../source_code/rtl/hdmi_rtl/enc_file/DVITransmitter.enc.vhd(2)
HDL-1007 : analyze VHDL file ../source_code/rtl/hdmi_rtl/enc_file/SerializerN_1_lvds.enc.vhd
HDL-1007 : analyze entity ** in ../source_code/rtl/hdmi_rtl/enc_file/SerializerN_1_lvds.enc.vhd(12)
HDL-1007 : analyze architecture ** in ../source_code/rtl/hdmi_rtl/enc_file/SerializerN_1_lvds.enc.vhd(25)
HDL-1007 : analyze VHDL file ../source_code/rtl/hdmi_rtl/enc_file/SerializerN_1_lvds_dat.enc.vhd
HDL-1007 : analyze entity ** in ../source_code/rtl/hdmi_rtl/enc_file/SerializerN_1_lvds_dat.enc.vhd(14)
HDL-1007 : analyze architecture ** in ../source_code/rtl/hdmi_rtl/enc_file/SerializerN_1_lvds_dat.enc.vhd(28)
HDL-1007 : analyze VHDL file ../source_code/rtl/hdmi_rtl/enc_file/TMDSEncoder.enc.vhd
HDL-1007 : analyze entity ** in ../source_code/rtl/hdmi_rtl/enc_file/TMDSEncoder.enc.vhd(13)
HDL-1007 : analyze architecture ** in ../source_code/rtl/hdmi_rtl/enc_file/TMDSEncoder.enc.vhd(24)
HDL-1007 : analyze verilog file ../source_code/rtl/hdmi_rtl/enc_file/video_tpg_1024768.enc.v
HDL-5007 WARNING: literal value ** truncated to fit in ** bits in ../source_code/rtl/hdmi_rtl/enc_file/video_tpg_1024768.enc.v(231)
HDL-1007 : back to file '../source_code/rtl/hdmi_rtl/enc_file/video_tpg_1024768.enc.v' in ../source_code/rtl/hdmi_rtl/enc_file/video_tpg_1024768.enc.v(1)
HDL-1007 : analyze verilog file ../source_code/rtl/hdmi_rtl/enc_file/video_tpg_1080p.enc.v
HDL-1007 : back to file '../source_code/rtl/hdmi_rtl/enc_file/video_tpg_1080p.enc.v' in ../source_code/rtl/hdmi_rtl/enc_file/video_tpg_1080p.enc.v(1)
HDL-1007 : analyze verilog file ../source_code/rtl/hdmi_rtl/enc_file/video_tpg_12801024p.enc.v
HDL-1007 : back to file '../source_code/rtl/hdmi_rtl/enc_file/video_tpg_12801024p.enc.v' in ../source_code/rtl/hdmi_rtl/enc_file/video_tpg_12801024p.enc.v(1)
HDL-1007 : analyze verilog file ../source_code/rtl/hdmi_rtl/enc_file/video_tpg_1280800.enc.v
HDL-5007 WARNING: literal value ** truncated to fit in ** bits in ../source_code/rtl/hdmi_rtl/enc_file/video_tpg_1280800.enc.v(233)
HDL-1007 : back to file '../source_code/rtl/hdmi_rtl/enc_file/video_tpg_1280800.enc.v' in ../source_code/rtl/hdmi_rtl/enc_file/video_tpg_1280800.enc.v(1)
HDL-1007 : analyze verilog file ../source_code/rtl/hdmi_rtl/enc_file/video_tpg_16801050p.enc.v
HDL-1007 : back to file '../source_code/rtl/hdmi_rtl/enc_file/video_tpg_16801050p.enc.v' in ../source_code/rtl/hdmi_rtl/enc_file/video_tpg_16801050p.enc.v(1)
HDL-1007 : analyze verilog file ../source_code/rtl/hdmi_rtl/enc_file/video_tpg_800600.enc.v
HDL-1007 : back to file '../source_code/rtl/hdmi_rtl/enc_file/video_tpg_800600.enc.v' in ../source_code/rtl/hdmi_rtl/enc_file/video_tpg_800600.enc.v(1)
HDL-1007 : analyze VHDL file ../source_code/rtl/hdmi_rtl/hdmi_tx.vhd
HDL-1007 : analyze entity hdmi_tx in ../source_code/rtl/hdmi_rtl/hdmi_tx.vhd(11)
HDL-1007 : analyze architecture behavioral in ../source_code/rtl/hdmi_rtl/hdmi_tx.vhd(33)
HDL-1007 : analyze verilog file ../source_code/rtl/hdmi_rtl/vga_disp_rtl.v
HDL-7201 CRITICAL-WARNING: overwrite current module 'vga_disp_rtl' in ../source_code/rtl/hdmi_rtl/vga_disp_rtl.v(1)
HDL-7307 CRITICAL-WARNING: previous definition of design element module 'vga_disp_rtl' is here. This is because multiple modules(values) with the same name are defined. Please consider rewriting code in ../source_code/rtl/app/vga_disp_rtl.v(1)
HDL-1007 : analyze verilog file ../source_code/rtl/another/fire_detect.v
HDL-1007 : analyze verilog file ../source_code/rtl/another/intrusion_detect.v
RUN-1002 : start command "commit_param -step design"
RUN-1001 : Print Global Property
RUN-1001 : --------------------------------------------------------
RUN-1001 :   Parameters   |  Settings  |  Default Values  |  Note  
RUN-1001 : --------------------------------------------------------
RUN-1001 :   enable_seed  |    off     |       off        |        
RUN-1001 :     message    |  standard  |     standard     |        
RUN-1001 :   qor_monitor  |     on     |        on        |        
RUN-1001 :   syn_ip_flow  |    off     |       off        |        
RUN-1001 :     thread     |    auto    |       auto       |        
RUN-1001 : --------------------------------------------------------
RUN-1001 : Print Design Property
RUN-1001 : ----------------------------------------------------------------
RUN-1001 :       Parameters       |  Settings  |  Default Values  |  Note  
RUN-1001 : ----------------------------------------------------------------
RUN-1001 :   default_reg_initial  |    auto    |       auto       |        
RUN-1001 :    hdl_warning_level   |   normal   |      normal      |        
RUN-1001 : ----------------------------------------------------------------
HDL-1007 : analyze verilog file last_attempt.v
HDL-1007 : undeclared symbol 'phy_reset', assumed default net type 'wire' in last_attempt.v(167)
HDL-1007 : undeclared symbol 'VGA_HSYNC', assumed default net type 'wire' in last_attempt.v(335)
HDL-1007 : undeclared symbol 'VGA_VSYNC', assumed default net type 'wire' in last_attempt.v(336)
HDL-1007 : undeclared symbol 'rd_en', assumed default net type 'wire' in last_attempt.v(338)
HDL-1007 : undeclared symbol 'tpg_data_done', assumed default net type 'wire' in last_attempt.v(773)
HDL-1007 : undeclared symbol 'full_flag', assumed default net type 'wire' in last_attempt.v(807)
HDL-1007 : undeclared symbol 'input_local_udp_port_num', assumed default net type 'wire' in last_attempt.v(838)
HDL-1007 : undeclared symbol 'input_local_udp_port_num_valid', assumed default net type 'wire' in last_attempt.v(839)
HDL-1007 : undeclared symbol 'input_local_ip_address_valid', assumed default net type 'wire' in last_attempt.v(842)
HDL-1007 : analyze verilog file ../source_code/rtl/udp/BUFGMUX.v
HDL-1007 : analyze verilog file ../source_code/rtl/udp/IDDR.v
HDL-1007 : analyze verilog file ../source_code/rtl/udp/ODDR.v
HDL-1007 : analyze verilog file ../source_code/rtl/udp/RAMB16_S9_S9.v
HDL-1007 : undeclared symbol 'open', assumed default net type 'wire' in ../source_code/rtl/udp/RAMB16_S9_S9.v(109)
HDL-1007 : analyze verilog file ../source_code/rtl/udp/clk_gen_rst_gen.v
HDL-1007 : analyze verilog file ../source_code/rtl/udp/div_clk_gen.v
HDL-1007 : analyze verilog file ../source_code/rtl/udp/rgmii_interface.v
HDL-1007 : analyze verilog file ../source_code/rtl/udp/rx_client_fifo.v
HDL-5370 WARNING: parameter 'WAIT_s' becomes localparam in 'rx_client_fifo' with formal parameter declaration list in ../source_code/rtl/udp/rx_client_fifo.v(49)
HDL-5370 WARNING: parameter 'QUEUE1_s' becomes localparam in 'rx_client_fifo' with formal parameter declaration list in ../source_code/rtl/udp/rx_client_fifo.v(50)
HDL-5370 WARNING: parameter 'QUEUE2_s' becomes localparam in 'rx_client_fifo' with formal parameter declaration list in ../source_code/rtl/udp/rx_client_fifo.v(51)
HDL-5370 WARNING: parameter 'QUEUE3_s' becomes localparam in 'rx_client_fifo' with formal parameter declaration list in ../source_code/rtl/udp/rx_client_fifo.v(52)
HDL-5370 WARNING: parameter 'QUEUE_SOF_s' becomes localparam in 'rx_client_fifo' with formal parameter declaration list in ../source_code/rtl/udp/rx_client_fifo.v(53)
HDL-5370 WARNING: parameter 'SOF_s' becomes localparam in 'rx_client_fifo' with formal parameter declaration list in ../source_code/rtl/udp/rx_client_fifo.v(54)
HDL-5370 WARNING: parameter 'DATA_s' becomes localparam in 'rx_client_fifo' with formal parameter declaration list in ../source_code/rtl/udp/rx_client_fifo.v(55)
HDL-5370 WARNING: parameter 'EOF_s' becomes localparam in 'rx_client_fifo' with formal parameter declaration list in ../source_code/rtl/udp/rx_client_fifo.v(56)
HDL-5370 WARNING: parameter 'IDLE_s' becomes localparam in 'rx_client_fifo' with formal parameter declaration list in ../source_code/rtl/udp/rx_client_fifo.v(62)
HDL-5370 WARNING: parameter 'FRAME_s' becomes localparam in 'rx_client_fifo' with formal parameter declaration list in ../source_code/rtl/udp/rx_client_fifo.v(63)
HDL-5370 Similar messages will be suppressed.
HDL-1007 : analyze verilog file ../source_code/rtl/udp/temac_block.v
HDL-1007 : analyze verilog file ../source_code/rtl/udp/temac_clk_gen.v
HDL-1007 : analyze verilog file ../source_code/rtl/udp/tx_client_fifo.v
HDL-5370 WARNING: parameter 'IDLE_s' becomes localparam in 'tx_client_fifo' with formal parameter declaration list in ../source_code/rtl/udp/tx_client_fifo.v(53)
HDL-5370 WARNING: parameter 'QUEUE1_s' becomes localparam in 'tx_client_fifo' with formal parameter declaration list in ../source_code/rtl/udp/tx_client_fifo.v(54)
HDL-5370 WARNING: parameter 'QUEUE2_s' becomes localparam in 'tx_client_fifo' with formal parameter declaration list in ../source_code/rtl/udp/tx_client_fifo.v(55)
HDL-5370 WARNING: parameter 'QUEUE3_s' becomes localparam in 'tx_client_fifo' with formal parameter declaration list in ../source_code/rtl/udp/tx_client_fifo.v(56)
HDL-5370 WARNING: parameter 'QUEUE_ACK_s' becomes localparam in 'tx_client_fifo' with formal parameter declaration list in ../source_code/rtl/udp/tx_client_fifo.v(57)
HDL-5370 WARNING: parameter 'WAIT_ACK_s' becomes localparam in 'tx_client_fifo' with formal parameter declaration list in ../source_code/rtl/udp/tx_client_fifo.v(58)
HDL-5370 WARNING: parameter 'FRAME_s' becomes localparam in 'tx_client_fifo' with formal parameter declaration list in ../source_code/rtl/udp/tx_client_fifo.v(59)
HDL-5370 WARNING: parameter 'DROP_s' becomes localparam in 'tx_client_fifo' with formal parameter declaration list in ../source_code/rtl/udp/tx_client_fifo.v(60)
HDL-5370 WARNING: parameter 'RETRANSMIT_s' becomes localparam in 'tx_client_fifo' with formal parameter declaration list in ../source_code/rtl/udp/tx_client_fifo.v(61)
HDL-5370 WARNING: parameter 'WAIT_s' becomes localparam in 'tx_client_fifo' with formal parameter declaration list in ../source_code/rtl/udp/tx_client_fifo.v(67)
HDL-5370 Similar messages will be suppressed.
HDL-1007 : analyze verilog file ../source_code/rtl/udp/tx_clk_en_gen.v
HDL-1007 : analyze verilog file ../source_code/rtl/udp/udp_data_tpg.v
HDL-1007 : analyze verilog file ../source_code/rtl/udp/udp_ip_protocol_stack_merge.enc.v
HDL-1007 : back to file '../source_code/rtl/udp/udp_ip_protocol_stack_merge.enc.v' in ../source_code/rtl/udp/udp_ip_protocol_stack_merge.enc.v(56)
HDL-1007 : undeclared symbol '**', assumed default net type '**' in ../source_code/rtl/udp/udp_ip_protocol_stack_merge.enc.v(2638)
HDL-1007 : back to file '../source_code/rtl/udp/udp_ip_protocol_stack_merge.enc.v' in ../source_code/rtl/udp/udp_ip_protocol_stack_merge.enc.v(420)
HDL-1007 : analyze verilog file ../source_code/rtl/udp/udp_loopback.v
HDL-1007 : analyze verilog file al_ip/TEMAC_CORE/RTL/include/define.v
HDL-1007 : analyze verilog file al_ip/TEMAC_CORE/RTL/TEMAC_CORE_aead6cd6dadd.v
HDL-5007 WARNING: column 1032 exceeds maximum value 1023 in al_ip/TEMAC_CORE/RTL/TEMAC_CORE_aead6cd6dadd.v(30)
HDL-1007 : back to file 'al_ip/TEMAC_CORE/RTL/TEMAC_CORE_aead6cd6dadd.v' in al_ip/TEMAC_CORE/RTL/TEMAC_CORE_aead6cd6dadd.v(86)
HDL-5007 WARNING: event expressions must result in a singular type in al_ip/TEMAC_CORE/RTL/TEMAC_CORE_aead6cd6dadd.v(3001)
HDL-1007 : undeclared symbol '**', assumed default net type '**' in al_ip/TEMAC_CORE/RTL/TEMAC_CORE_aead6cd6dadd.v(5050)
HDL-1007 : undeclared symbol '**', assumed default net type '**' in al_ip/TEMAC_CORE/RTL/TEMAC_CORE_aead6cd6dadd.v(5458)
HDL-5007 WARNING: column 1035 exceeds maximum value 1023 in al_ip/TEMAC_CORE/RTL/TEMAC_CORE_aead6cd6dadd.v(6001)
HDL-1007 : back to file 'al_ip/TEMAC_CORE/RTL/TEMAC_CORE_aead6cd6dadd.v' in al_ip/TEMAC_CORE/RTL/TEMAC_CORE_aead6cd6dadd.v(260)
HDL-1007 : analyze verilog file al_ip/TEMAC_CORE/RTL/mac_core_aead6cd6dadd.v
HDL-1007 : analyze verilog file al_ip/TEMAC_CORE/TEMAC_CORE.v
HDL-1007 : analyze verilog file al_ip/pll_gen.v
HDL-1007 : undeclared symbol 'pll_gen_open0', assumed default net type 'wire' in al_ip/pll_gen.v(99)
HDL-1007 : undeclared symbol 'pll_gen_open8', assumed default net type 'wire' in al_ip/pll_gen.v(105)
HDL-1007 : undeclared symbol 'pll_gen_open7', assumed default net type 'wire' in al_ip/pll_gen.v(105)
HDL-1007 : undeclared symbol 'pll_gen_open6', assumed default net type 'wire' in al_ip/pll_gen.v(105)
HDL-1007 : undeclared symbol 'pll_gen_open5', assumed default net type 'wire' in al_ip/pll_gen.v(105)
HDL-1007 : undeclared symbol 'pll_gen_open4', assumed default net type 'wire' in al_ip/pll_gen.v(105)
HDL-1007 : undeclared symbol 'pll_gen_open3', assumed default net type 'wire' in al_ip/pll_gen.v(105)
HDL-1007 : undeclared symbol 'pll_gen_open2', assumed default net type 'wire' in al_ip/pll_gen.v(105)
HDL-1007 : undeclared symbol 'pll_gen_open1', assumed default net type 'wire' in al_ip/pll_gen.v(105)
HDL-1007 : analyze verilog file al_ip/sys_pll.v
HDL-1007 : undeclared symbol 'sys_pll_open0', assumed default net type 'wire' in al_ip/sys_pll.v(77)
HDL-1007 : undeclared symbol 'sys_pll_open1', assumed default net type 'wire' in al_ip/sys_pll.v(83)
HDL-1007 : undeclared symbol 'sys_pll_open9', assumed default net type 'wire' in al_ip/sys_pll.v(89)
HDL-1007 : undeclared symbol 'sys_pll_open8', assumed default net type 'wire' in al_ip/sys_pll.v(89)
HDL-1007 : undeclared symbol 'sys_pll_open7', assumed default net type 'wire' in al_ip/sys_pll.v(89)
HDL-1007 : undeclared symbol 'sys_pll_open6', assumed default net type 'wire' in al_ip/sys_pll.v(89)
HDL-1007 : undeclared symbol 'sys_pll_open5', assumed default net type 'wire' in al_ip/sys_pll.v(89)
HDL-1007 : undeclared symbol 'sys_pll_open4', assumed default net type 'wire' in al_ip/sys_pll.v(89)
HDL-1007 : undeclared symbol 'sys_pll_open3', assumed default net type 'wire' in al_ip/sys_pll.v(89)
HDL-1007 : undeclared symbol 'sys_pll_open2', assumed default net type 'wire' in al_ip/sys_pll.v(89)
HDL-1007 : undeclared symbol 'sys_pll_open11', assumed default net type 'wire' in al_ip/sys_pll.v(91)
HDL-1007 : undeclared symbol 'sys_pll_open10', assumed default net type 'wire' in al_ip/sys_pll.v(91)
HDL-1007 : analyze verilog file ../source_code/rtl/sd_card/ax_debounce.v
HDL-1007 : analyze verilog file ../source_code/rtl/sd_card/bmp_read.v
HDL-1007 : analyze verilog file ../source_code/rtl/sd_card/sd_card_bmp.v
HDL-1007 : analyze verilog file ../source_code/rtl/sd_card/sd_card_cmd.v
HDL-1007 : analyze verilog file ../source_code/rtl/sd_card/sd_card_sec_read_write.v
HDL-1007 : analyze verilog file ../source_code/rtl/sd_card/sd_card_top.v
HDL-1007 : analyze verilog file ../source_code/rtl/sd_card/spi_master.v
HDL-1007 : analyze verilog file ../source_code/rtl/sdram/enc_file/global_def.v
HDL-1007 : analyze verilog file ../source_code/rtl/sdram/enc_file/sdr_as_ram.enc.v
HDL-1007 : back to file '../source_code/rtl/sdram/enc_file/sdr_as_ram.enc.v' in ../source_code/rtl/sdram/enc_file/sdr_as_ram.enc.v(54)
HDL-1007 : analyze verilog file ../source_code/rtl/sdram/enc_file/sdr_wrrd.enc.v
HDL-5007 WARNING: concatenation with an unsized literal will be treated as 32 bits in ../source_code/rtl/sdram/enc_file/sdr_wrrd.enc.v(283)
HDL-1007 : back to file '../source_code/rtl/sdram/enc_file/sdr_wrrd.enc.v' in ../source_code/rtl/sdram/enc_file/sdr_wrrd.enc.v(19)
HDL-1007 : analyze verilog file ../source_code/rtl/frame_fifo/afifo_16_32_256.v
HDL-1007 : analyze verilog file ../source_code/rtl/frame_fifo/afifo_32_16_256.v
HDL-1007 : analyze verilog file ../source_code/rtl/frame_fifo/frame_fifo_read.v
HDL-1007 : analyze verilog file ../source_code/rtl/frame_fifo/frame_fifo_write.v
HDL-1007 : analyze verilog file ../source_code/rtl/frame_fifo/frame_read_write.v
HDL-1007 : analyze verilog file ../source_code/rtl/sdram/sdram.v
HDL-1007 : analyze included file ../source_code/rtl/sdram/enc_file/global_def.v in ../source_code/rtl/sdram/sdram.v(10)
HDL-1007 : back to file '../source_code/rtl/sdram/sdram.v' in ../source_code/rtl/sdram/sdram.v(10)
HDL-1007 : undeclared symbol 'SDR_CKE', assumed default net type 'wire' in ../source_code/rtl/sdram/sdram.v(89)
HDL-1007 : analyze verilog file ../source_code/rtl/sdram/enc_file/sdr_init_ref.enc.v
HDL-1007 : analyze included file ../source_code/rtl/sdram/enc_file/global_def.v in ../source_code/rtl/sdram/enc_file/sdr_init_ref.enc.v(11)
HDL-1007 : back to file '../source_code/rtl/sdram/enc_file/sdr_init_ref.enc.v' in ../source_code/rtl/sdram/enc_file/sdr_init_ref.enc.v(11)
HDL-1007 : undeclared symbol '**', assumed default net type '**' in ../source_code/rtl/sdram/enc_file/sdr_init_ref.enc.v(57)
HDL-1007 : back to file '../source_code/rtl/sdram/enc_file/sdr_init_ref.enc.v' in ../source_code/rtl/sdram/enc_file/sdr_init_ref.enc.v(149)
HDL-5007 WARNING: concatenation with an unsized literal will be treated as 32 bits in ../source_code/rtl/sdram/enc_file/sdr_init_ref.enc.v(47)
HDL-1007 : analyze verilog file ../source_code/rtl/video_timing/color_bar.v
HDL-1007 : analyze included file ../source_code/rtl/video_timing/video_define.v in ../source_code/rtl/video_timing/color_bar.v(2)
HDL-1007 : back to file '../source_code/rtl/video_timing/color_bar.v' in ../source_code/rtl/video_timing/color_bar.v(2)
HDL-1007 : analyze verilog file ../source_code/rtl/video_timing/video_delay.v
HDL-1007 : analyze verilog file ../source_code/rtl/video_timing/video_timing_data.v
HDL-1007 : analyze verilog file ../source_code/rtl/another/m_synchronization_header.v
HDL-1007 : analyze verilog file ../source_code/rtl/led.v
HDL-1007 : analyze verilog file ../source_code/rtl/ov5640/cmos_capture_data.v
HDL-1007 : analyze verilog file ../source_code/rtl/ov5640/i2c_dri.v
HDL-1007 : analyze verilog file ../source_code/rtl/ov5640/i2c_ov5640_rgb565_cfg.v
HDL-1007 : analyze verilog file ../source_code/rtl/ov5640/ov5640_delay.v
HDL-1007 : analyze verilog file ../source_code/rtl/ov5640/ov5640_dri.v
HDL-1007 : analyze verilog file al_ip/clk_wize.v
HDL-1007 : undeclared symbol 'open', assumed default net type 'wire' in al_ip/clk_wize.v(70)
HDL-1007 : analyze verilog file al_ip/ram.v
HDL-1007 : analyze verilog file ../source_code/rtl/app/addr_crt.v
HDL-1007 : analyze verilog file ../source_code/rtl/app/app.v
HDL-1007 : analyze verilog file ../source_code/rtl/app/vga_disp_rtl.v
HDL-1007 : analyze VHDL file ../source_code/rtl/hdmi_rtl/enc_file/DVITransmitter.enc.vhd
HDL-1007 : analyze entity dvitransmitter in ../source_code/rtl/hdmi_rtl/enc_file/DVITransmitter.enc.vhd(13)
HDL-1007 : analyze architecture ** in ../source_code/rtl/hdmi_rtl/enc_file/DVITransmitter.enc.vhd(2)
HDL-1007 : analyze VHDL file ../source_code/rtl/hdmi_rtl/enc_file/SerializerN_1_lvds.enc.vhd
HDL-1007 : analyze entity ** in ../source_code/rtl/hdmi_rtl/enc_file/SerializerN_1_lvds.enc.vhd(12)
HDL-1007 : analyze architecture ** in ../source_code/rtl/hdmi_rtl/enc_file/SerializerN_1_lvds.enc.vhd(25)
HDL-1007 : analyze VHDL file ../source_code/rtl/hdmi_rtl/enc_file/SerializerN_1_lvds_dat.enc.vhd
HDL-1007 : analyze entity ** in ../source_code/rtl/hdmi_rtl/enc_file/SerializerN_1_lvds_dat.enc.vhd(14)
HDL-1007 : analyze architecture ** in ../source_code/rtl/hdmi_rtl/enc_file/SerializerN_1_lvds_dat.enc.vhd(28)
HDL-1007 : analyze VHDL file ../source_code/rtl/hdmi_rtl/enc_file/TMDSEncoder.enc.vhd
HDL-1007 : analyze entity ** in ../source_code/rtl/hdmi_rtl/enc_file/TMDSEncoder.enc.vhd(13)
HDL-1007 : analyze architecture ** in ../source_code/rtl/hdmi_rtl/enc_file/TMDSEncoder.enc.vhd(24)
HDL-1007 : analyze verilog file ../source_code/rtl/hdmi_rtl/enc_file/video_tpg_1024768.enc.v
HDL-5007 WARNING: literal value ** truncated to fit in ** bits in ../source_code/rtl/hdmi_rtl/enc_file/video_tpg_1024768.enc.v(231)
HDL-1007 : back to file '../source_code/rtl/hdmi_rtl/enc_file/video_tpg_1024768.enc.v' in ../source_code/rtl/hdmi_rtl/enc_file/video_tpg_1024768.enc.v(1)
HDL-1007 : analyze verilog file ../source_code/rtl/hdmi_rtl/enc_file/video_tpg_1080p.enc.v
HDL-1007 : back to file '../source_code/rtl/hdmi_rtl/enc_file/video_tpg_1080p.enc.v' in ../source_code/rtl/hdmi_rtl/enc_file/video_tpg_1080p.enc.v(1)
HDL-1007 : analyze verilog file ../source_code/rtl/hdmi_rtl/enc_file/video_tpg_12801024p.enc.v
HDL-1007 : back to file '../source_code/rtl/hdmi_rtl/enc_file/video_tpg_12801024p.enc.v' in ../source_code/rtl/hdmi_rtl/enc_file/video_tpg_12801024p.enc.v(1)
HDL-1007 : analyze verilog file ../source_code/rtl/hdmi_rtl/enc_file/video_tpg_1280800.enc.v
HDL-5007 WARNING: literal value ** truncated to fit in ** bits in ../source_code/rtl/hdmi_rtl/enc_file/video_tpg_1280800.enc.v(233)
HDL-1007 : back to file '../source_code/rtl/hdmi_rtl/enc_file/video_tpg_1280800.enc.v' in ../source_code/rtl/hdmi_rtl/enc_file/video_tpg_1280800.enc.v(1)
HDL-1007 : analyze verilog file ../source_code/rtl/hdmi_rtl/enc_file/video_tpg_16801050p.enc.v
HDL-1007 : back to file '../source_code/rtl/hdmi_rtl/enc_file/video_tpg_16801050p.enc.v' in ../source_code/rtl/hdmi_rtl/enc_file/video_tpg_16801050p.enc.v(1)
HDL-1007 : analyze verilog file ../source_code/rtl/hdmi_rtl/enc_file/video_tpg_800600.enc.v
HDL-1007 : back to file '../source_code/rtl/hdmi_rtl/enc_file/video_tpg_800600.enc.v' in ../source_code/rtl/hdmi_rtl/enc_file/video_tpg_800600.enc.v(1)
HDL-1007 : analyze VHDL file ../source_code/rtl/hdmi_rtl/hdmi_tx.vhd
HDL-1007 : analyze entity hdmi_tx in ../source_code/rtl/hdmi_rtl/hdmi_tx.vhd(11)
HDL-1007 : analyze architecture behavioral in ../source_code/rtl/hdmi_rtl/hdmi_tx.vhd(33)
HDL-1007 : analyze verilog file ../source_code/rtl/hdmi_rtl/vga_disp_rtl.v
HDL-7201 CRITICAL-WARNING: overwrite current module 'vga_disp_rtl' in ../source_code/rtl/hdmi_rtl/vga_disp_rtl.v(1)
HDL-7307 CRITICAL-WARNING: previous definition of design element module 'vga_disp_rtl' is here. This is because multiple modules(values) with the same name are defined. Please consider rewriting code in ../source_code/rtl/app/vga_disp_rtl.v(1)
HDL-1007 : analyze verilog file ../source_code/rtl/another/fire_detect.v
HDL-1007 : analyze verilog file ../source_code/rtl/another/intrusion_detect.v
PRJ-1412 : reset_run syn_1 phy_1.
PRJ-1409 : launch_runs syn_1 phy_1  -jobs 6.
PRJ-1410 : Run syn_1 success.
PRJ-1410 : Run phy_1 success.
RUN-1002 : start command "save_best_bits"
PRJ-1424 : The implemented result of phy_1 is saved as best result.
RUN-1002 : start command "import_db D:/FPGA/workplace6_2_1/last_attempt/prj/last_attempt_Runs/phy_1/last_attempt_pr.db"
RUN-1001 : Importing database generated by Tang Dynasty, V6.2.168116.
RUN-1001 : Database version number 46207
RUN-1001 : Import flow parameters
RUN-1001 : Import netlist
PHY-1001 : Generate detailed routing grids ...
PHY-1001 : End build routing graph; 0.484591s wall, 0.437500s user + 0.109375s system = 0.546875s CPU (112.9%)

PHY-1001 : Build lut bridge;  0.077206s wall, 0.062500s user + 0.015625s system = 0.078125s CPU (101.2%)

PHY-1001 : Generate nets ...
PHY-1001 : net clk_50_dup_1 will be routed on clock mesh
PHY-1001 : clock net temac_clk will be merged with clock u_clk_gen/u_pll_0/clk0_buf
PHY-1001 : net udp_clk will be routed on clock mesh
PHY-1001 : net U3/u2_ram/SDRAM_CLK will be routed on clock mesh
PHY-1001 : net U3/u2_ram/u1_init_ref/Sdr_clk will be routed on clock mesh
PHY-1001 : clock net u_ov5640_dri/u_i2c_dr/dri_clk_syn_4 will be merged with clock u_ov5640_dri/u_i2c_dr/dri_clk
PHY-1001 : clock net u2_udp_loopback/app_tx_data_read_syn_4 will be merged with clock u2_udp_loopback/app_tx_data_read
PHY-1001 : clock net frame_read_write_m0/write_clk_syn_4 will be merged with clock frame_read_write_m0/write_clk
PHY-1001 : clock net cam_pclk_syn_4 will be merged with clock cam_pclk_dup_1
PHY-1001 : clock net sd_card_bmp_m0/bmp_read_m0/clk will be merged with clock tf0_sys_pll/clk0_buf
PHY-1001 : net u2_hdmi_tx/Inst_DVITransmitter/PCLK_I will be routed on clock mesh
PHY-1001 : clock net u2_hdmi_tx/Inst_DVITransmitter/PCLK_X5_I will be merged with clock u0_clk_wize/clk0_buf
PHY-1001 : clock net u4_trimac_block/rx_clk will be merged with clock phy1_rgmii_rx_clk_dup_1
PHY-1001 : net u4_trimac_block/u1_rgmii_interface/rgmii_txc_ddr/clk will be routed on clock mesh
PHY-1001 : eco open net = 0
PHY-1001 : 809 feed throughs used by 554 nets
RUN-1001 : Import phy database
RUN-1001 : Import timing constraints
RUN-1001 : Import IO constraints
RUN-1001 : Import Inst constraints
RUN-1001 : Import ChipWatcher
RUN-1001 : Import design success TD_VERSION=6.2.168116 , DB_VERSION=46207
RUN-1003 : finish command "import_db D:/FPGA/workplace6_2_1/last_attempt/prj/last_attempt_Runs/phy_1/last_attempt_pr.db" in  4.277107s wall, 3.875000s user + 0.671875s system = 4.546875s CPU (106.3%)

RUN-1004 : used memory is 937 MB, reserved memory is 881 MB, peak memory is 974 MB
RUN-1002 : start command "commit_param -step design"
RUN-1001 : Print Global Property
RUN-1001 : --------------------------------------------------------
RUN-1001 :   Parameters   |  Settings  |  Default Values  |  Note  
RUN-1001 : --------------------------------------------------------
RUN-1001 :   enable_seed  |    off     |       off        |        
RUN-1001 :     message    |  standard  |     standard     |        
RUN-1001 :   qor_monitor  |     on     |        on        |        
RUN-1001 :   syn_ip_flow  |    off     |       off        |        
RUN-1001 :     thread     |    auto    |       auto       |        
RUN-1001 : --------------------------------------------------------
RUN-1001 : Print Design Property
RUN-1001 : ----------------------------------------------------------------
RUN-1001 :       Parameters       |  Settings  |  Default Values  |  Note  
RUN-1001 : ----------------------------------------------------------------
RUN-1001 :   default_reg_initial  |    auto    |       auto       |        
RUN-1001 :    hdl_warning_level   |   normal   |      normal      |        
RUN-1001 : ----------------------------------------------------------------
HDL-1007 : analyze verilog file last_attempt.v
HDL-1007 : undeclared symbol 'phy_reset', assumed default net type 'wire' in last_attempt.v(167)
HDL-1007 : undeclared symbol 'VGA_HSYNC', assumed default net type 'wire' in last_attempt.v(335)
HDL-1007 : undeclared symbol 'VGA_VSYNC', assumed default net type 'wire' in last_attempt.v(336)
HDL-1007 : undeclared symbol 'rd_en', assumed default net type 'wire' in last_attempt.v(338)
HDL-1007 : undeclared symbol 'm_video_to_udp', assumed default net type 'wire' in last_attempt.v(741)
HDL-8007 ERROR: 'm_video_to_udp' is already declared in last_attempt.v(730)
HDL-1007 : previous declaration of 'm_video_to_udp' is from here in last_attempt.v(741)
HDL-1007 : undeclared symbol 'tpg_data_done', assumed default net type 'wire' in last_attempt.v(773)
HDL-1007 : undeclared symbol 'full_flag', assumed default net type 'wire' in last_attempt.v(807)
HDL-1007 : undeclared symbol 'input_local_udp_port_num', assumed default net type 'wire' in last_attempt.v(838)
HDL-1007 : undeclared symbol 'input_local_udp_port_num_valid', assumed default net type 'wire' in last_attempt.v(839)
HDL-1007 : undeclared symbol 'input_local_ip_address_valid', assumed default net type 'wire' in last_attempt.v(842)
HDL-8007 ERROR: ignore module module due to previous errors in last_attempt.v(6)
HDL-1007 : analyze VHDL file ../source_code/rtl/hdmi_rtl/enc_file/DVITransmitter.enc.vhd
HDL-1007 : analyze entity dvitransmitter in ../source_code/rtl/hdmi_rtl/enc_file/DVITransmitter.enc.vhd(13)
HDL-1007 : analyze architecture ** in ../source_code/rtl/hdmi_rtl/enc_file/DVITransmitter.enc.vhd(2)
HDL-1007 : analyze VHDL file ../source_code/rtl/hdmi_rtl/enc_file/SerializerN_1_lvds.enc.vhd
HDL-1007 : analyze entity ** in ../source_code/rtl/hdmi_rtl/enc_file/SerializerN_1_lvds.enc.vhd(12)
HDL-1007 : analyze architecture ** in ../source_code/rtl/hdmi_rtl/enc_file/SerializerN_1_lvds.enc.vhd(25)
HDL-1007 : analyze VHDL file ../source_code/rtl/hdmi_rtl/enc_file/SerializerN_1_lvds_dat.enc.vhd
HDL-1007 : analyze entity ** in ../source_code/rtl/hdmi_rtl/enc_file/SerializerN_1_lvds_dat.enc.vhd(14)
HDL-1007 : analyze architecture ** in ../source_code/rtl/hdmi_rtl/enc_file/SerializerN_1_lvds_dat.enc.vhd(28)
HDL-1007 : analyze VHDL file ../source_code/rtl/hdmi_rtl/enc_file/TMDSEncoder.enc.vhd
HDL-1007 : analyze entity ** in ../source_code/rtl/hdmi_rtl/enc_file/TMDSEncoder.enc.vhd(13)
HDL-1007 : analyze architecture ** in ../source_code/rtl/hdmi_rtl/enc_file/TMDSEncoder.enc.vhd(24)
HDL-1007 : analyze verilog file ../source_code/rtl/hdmi_rtl/enc_file/video_tpg_1024768.enc.v
HDL-5007 WARNING: literal value ** truncated to fit in ** bits in ../source_code/rtl/hdmi_rtl/enc_file/video_tpg_1024768.enc.v(231)
HDL-1007 : back to file '../source_code/rtl/hdmi_rtl/enc_file/video_tpg_1024768.enc.v' in ../source_code/rtl/hdmi_rtl/enc_file/video_tpg_1024768.enc.v(1)
HDL-1007 : analyze verilog file ../source_code/rtl/hdmi_rtl/enc_file/video_tpg_1080p.enc.v
HDL-1007 : back to file '../source_code/rtl/hdmi_rtl/enc_file/video_tpg_1080p.enc.v' in ../source_code/rtl/hdmi_rtl/enc_file/video_tpg_1080p.enc.v(1)
HDL-1007 : analyze verilog file ../source_code/rtl/hdmi_rtl/enc_file/video_tpg_12801024p.enc.v
HDL-1007 : back to file '../source_code/rtl/hdmi_rtl/enc_file/video_tpg_12801024p.enc.v' in ../source_code/rtl/hdmi_rtl/enc_file/video_tpg_12801024p.enc.v(1)
HDL-1007 : analyze verilog file ../source_code/rtl/hdmi_rtl/enc_file/video_tpg_1280800.enc.v
HDL-5007 WARNING: literal value ** truncated to fit in ** bits in ../source_code/rtl/hdmi_rtl/enc_file/video_tpg_1280800.enc.v(233)
HDL-1007 : back to file '../source_code/rtl/hdmi_rtl/enc_file/video_tpg_1280800.enc.v' in ../source_code/rtl/hdmi_rtl/enc_file/video_tpg_1280800.enc.v(1)
HDL-1007 : analyze verilog file ../source_code/rtl/hdmi_rtl/enc_file/video_tpg_16801050p.enc.v
HDL-1007 : back to file '../source_code/rtl/hdmi_rtl/enc_file/video_tpg_16801050p.enc.v' in ../source_code/rtl/hdmi_rtl/enc_file/video_tpg_16801050p.enc.v(1)
HDL-1007 : analyze verilog file ../source_code/rtl/hdmi_rtl/enc_file/video_tpg_800600.enc.v
HDL-1007 : back to file '../source_code/rtl/hdmi_rtl/enc_file/video_tpg_800600.enc.v' in ../source_code/rtl/hdmi_rtl/enc_file/video_tpg_800600.enc.v(1)
HDL-1007 : analyze VHDL file ../source_code/rtl/hdmi_rtl/hdmi_tx.vhd
HDL-1007 : analyze entity hdmi_tx in ../source_code/rtl/hdmi_rtl/hdmi_tx.vhd(11)
HDL-1007 : analyze architecture behavioral in ../source_code/rtl/hdmi_rtl/hdmi_tx.vhd(33)
HDL-1007 : analyze verilog file ../source_code/rtl/hdmi_rtl/vga_disp_rtl.v
HDL-1007 : analyze verilog file ../source_code/rtl/another/fire_detect.v
HDL-1007 : analyze verilog file ../source_code/rtl/another/intrusion_detect.v
HDL-5007 WARNING: The file last_attempt.v will not be compiled since it is not included by any other files. Set it as 'global include' if it should be compiled.
RUN-1002 : start command "commit_param -step design"
RUN-1001 : Print Global Property
RUN-1001 : --------------------------------------------------------
RUN-1001 :   Parameters   |  Settings  |  Default Values  |  Note  
RUN-1001 : --------------------------------------------------------
RUN-1001 :   enable_seed  |    off     |       off        |        
RUN-1001 :     message    |  standard  |     standard     |        
RUN-1001 :   qor_monitor  |     on     |        on        |        
RUN-1001 :   syn_ip_flow  |    off     |       off        |        
RUN-1001 :     thread     |    auto    |       auto       |        
RUN-1001 : --------------------------------------------------------
RUN-1001 : Print Design Property
RUN-1001 : ----------------------------------------------------------------
RUN-1001 :       Parameters       |  Settings  |  Default Values  |  Note  
RUN-1001 : ----------------------------------------------------------------
RUN-1001 :   default_reg_initial  |    auto    |       auto       |        
RUN-1001 :    hdl_warning_level   |   normal   |      normal      |        
RUN-1001 : ----------------------------------------------------------------
HDL-1007 : analyze verilog file last_attempt.v
HDL-1007 : undeclared symbol 'phy_reset', assumed default net type 'wire' in last_attempt.v(167)
HDL-1007 : undeclared symbol 'VGA_HSYNC', assumed default net type 'wire' in last_attempt.v(335)
HDL-1007 : undeclared symbol 'VGA_VSYNC', assumed default net type 'wire' in last_attempt.v(336)
HDL-1007 : undeclared symbol 'rd_en', assumed default net type 'wire' in last_attempt.v(338)
HDL-1007 : undeclared symbol 'tpg_data_done', assumed default net type 'wire' in last_attempt.v(773)
HDL-1007 : undeclared symbol 'full_flag', assumed default net type 'wire' in last_attempt.v(807)
HDL-1007 : undeclared symbol 'input_local_udp_port_num', assumed default net type 'wire' in last_attempt.v(838)
HDL-1007 : undeclared symbol 'input_local_udp_port_num_valid', assumed default net type 'wire' in last_attempt.v(839)
HDL-1007 : undeclared symbol 'input_local_ip_address_valid', assumed default net type 'wire' in last_attempt.v(842)
HDL-1007 : analyze verilog file ../source_code/rtl/udp/BUFGMUX.v
HDL-1007 : analyze verilog file ../source_code/rtl/udp/IDDR.v
HDL-1007 : analyze verilog file ../source_code/rtl/udp/ODDR.v
HDL-1007 : analyze verilog file ../source_code/rtl/udp/RAMB16_S9_S9.v
HDL-1007 : undeclared symbol 'open', assumed default net type 'wire' in ../source_code/rtl/udp/RAMB16_S9_S9.v(109)
HDL-1007 : analyze verilog file ../source_code/rtl/udp/clk_gen_rst_gen.v
HDL-1007 : analyze verilog file ../source_code/rtl/udp/div_clk_gen.v
HDL-1007 : analyze verilog file ../source_code/rtl/udp/rgmii_interface.v
HDL-1007 : analyze verilog file ../source_code/rtl/udp/rx_client_fifo.v
HDL-5370 WARNING: parameter 'WAIT_s' becomes localparam in 'rx_client_fifo' with formal parameter declaration list in ../source_code/rtl/udp/rx_client_fifo.v(49)
HDL-5370 WARNING: parameter 'QUEUE1_s' becomes localparam in 'rx_client_fifo' with formal parameter declaration list in ../source_code/rtl/udp/rx_client_fifo.v(50)
HDL-5370 WARNING: parameter 'QUEUE2_s' becomes localparam in 'rx_client_fifo' with formal parameter declaration list in ../source_code/rtl/udp/rx_client_fifo.v(51)
HDL-5370 WARNING: parameter 'QUEUE3_s' becomes localparam in 'rx_client_fifo' with formal parameter declaration list in ../source_code/rtl/udp/rx_client_fifo.v(52)
HDL-5370 WARNING: parameter 'QUEUE_SOF_s' becomes localparam in 'rx_client_fifo' with formal parameter declaration list in ../source_code/rtl/udp/rx_client_fifo.v(53)
HDL-5370 WARNING: parameter 'SOF_s' becomes localparam in 'rx_client_fifo' with formal parameter declaration list in ../source_code/rtl/udp/rx_client_fifo.v(54)
HDL-5370 WARNING: parameter 'DATA_s' becomes localparam in 'rx_client_fifo' with formal parameter declaration list in ../source_code/rtl/udp/rx_client_fifo.v(55)
HDL-5370 WARNING: parameter 'EOF_s' becomes localparam in 'rx_client_fifo' with formal parameter declaration list in ../source_code/rtl/udp/rx_client_fifo.v(56)
HDL-5370 WARNING: parameter 'IDLE_s' becomes localparam in 'rx_client_fifo' with formal parameter declaration list in ../source_code/rtl/udp/rx_client_fifo.v(62)
HDL-5370 WARNING: parameter 'FRAME_s' becomes localparam in 'rx_client_fifo' with formal parameter declaration list in ../source_code/rtl/udp/rx_client_fifo.v(63)
HDL-5370 Similar messages will be suppressed.
HDL-1007 : analyze verilog file ../source_code/rtl/udp/temac_block.v
HDL-1007 : analyze verilog file ../source_code/rtl/udp/temac_clk_gen.v
HDL-1007 : analyze verilog file ../source_code/rtl/udp/tx_client_fifo.v
HDL-5370 WARNING: parameter 'IDLE_s' becomes localparam in 'tx_client_fifo' with formal parameter declaration list in ../source_code/rtl/udp/tx_client_fifo.v(53)
HDL-5370 WARNING: parameter 'QUEUE1_s' becomes localparam in 'tx_client_fifo' with formal parameter declaration list in ../source_code/rtl/udp/tx_client_fifo.v(54)
HDL-5370 WARNING: parameter 'QUEUE2_s' becomes localparam in 'tx_client_fifo' with formal parameter declaration list in ../source_code/rtl/udp/tx_client_fifo.v(55)
HDL-5370 WARNING: parameter 'QUEUE3_s' becomes localparam in 'tx_client_fifo' with formal parameter declaration list in ../source_code/rtl/udp/tx_client_fifo.v(56)
HDL-5370 WARNING: parameter 'QUEUE_ACK_s' becomes localparam in 'tx_client_fifo' with formal parameter declaration list in ../source_code/rtl/udp/tx_client_fifo.v(57)
HDL-5370 WARNING: parameter 'WAIT_ACK_s' becomes localparam in 'tx_client_fifo' with formal parameter declaration list in ../source_code/rtl/udp/tx_client_fifo.v(58)
HDL-5370 WARNING: parameter 'FRAME_s' becomes localparam in 'tx_client_fifo' with formal parameter declaration list in ../source_code/rtl/udp/tx_client_fifo.v(59)
HDL-5370 WARNING: parameter 'DROP_s' becomes localparam in 'tx_client_fifo' with formal parameter declaration list in ../source_code/rtl/udp/tx_client_fifo.v(60)
HDL-5370 WARNING: parameter 'RETRANSMIT_s' becomes localparam in 'tx_client_fifo' with formal parameter declaration list in ../source_code/rtl/udp/tx_client_fifo.v(61)
HDL-5370 WARNING: parameter 'WAIT_s' becomes localparam in 'tx_client_fifo' with formal parameter declaration list in ../source_code/rtl/udp/tx_client_fifo.v(67)
HDL-5370 Similar messages will be suppressed.
HDL-1007 : analyze verilog file ../source_code/rtl/udp/tx_clk_en_gen.v
HDL-1007 : analyze verilog file ../source_code/rtl/udp/udp_data_tpg.v
HDL-1007 : analyze verilog file ../source_code/rtl/udp/udp_ip_protocol_stack_merge.enc.v
HDL-1007 : back to file '../source_code/rtl/udp/udp_ip_protocol_stack_merge.enc.v' in ../source_code/rtl/udp/udp_ip_protocol_stack_merge.enc.v(56)
HDL-1007 : undeclared symbol '**', assumed default net type '**' in ../source_code/rtl/udp/udp_ip_protocol_stack_merge.enc.v(2638)
HDL-1007 : back to file '../source_code/rtl/udp/udp_ip_protocol_stack_merge.enc.v' in ../source_code/rtl/udp/udp_ip_protocol_stack_merge.enc.v(420)
HDL-1007 : analyze verilog file ../source_code/rtl/udp/udp_loopback.v
HDL-1007 : analyze verilog file al_ip/TEMAC_CORE/RTL/include/define.v
HDL-1007 : analyze verilog file al_ip/TEMAC_CORE/RTL/TEMAC_CORE_aead6cd6dadd.v
HDL-5007 WARNING: column 1032 exceeds maximum value 1023 in al_ip/TEMAC_CORE/RTL/TEMAC_CORE_aead6cd6dadd.v(30)
HDL-1007 : back to file 'al_ip/TEMAC_CORE/RTL/TEMAC_CORE_aead6cd6dadd.v' in al_ip/TEMAC_CORE/RTL/TEMAC_CORE_aead6cd6dadd.v(86)
HDL-5007 WARNING: event expressions must result in a singular type in al_ip/TEMAC_CORE/RTL/TEMAC_CORE_aead6cd6dadd.v(3001)
HDL-1007 : undeclared symbol '**', assumed default net type '**' in al_ip/TEMAC_CORE/RTL/TEMAC_CORE_aead6cd6dadd.v(5050)
HDL-1007 : undeclared symbol '**', assumed default net type '**' in al_ip/TEMAC_CORE/RTL/TEMAC_CORE_aead6cd6dadd.v(5458)
HDL-5007 WARNING: column 1035 exceeds maximum value 1023 in al_ip/TEMAC_CORE/RTL/TEMAC_CORE_aead6cd6dadd.v(6001)
HDL-1007 : back to file 'al_ip/TEMAC_CORE/RTL/TEMAC_CORE_aead6cd6dadd.v' in al_ip/TEMAC_CORE/RTL/TEMAC_CORE_aead6cd6dadd.v(260)
HDL-1007 : analyze verilog file al_ip/TEMAC_CORE/RTL/mac_core_aead6cd6dadd.v
HDL-1007 : analyze verilog file al_ip/TEMAC_CORE/TEMAC_CORE.v
HDL-1007 : analyze verilog file al_ip/pll_gen.v
HDL-1007 : undeclared symbol 'pll_gen_open0', assumed default net type 'wire' in al_ip/pll_gen.v(99)
HDL-1007 : undeclared symbol 'pll_gen_open8', assumed default net type 'wire' in al_ip/pll_gen.v(105)
HDL-1007 : undeclared symbol 'pll_gen_open7', assumed default net type 'wire' in al_ip/pll_gen.v(105)
HDL-1007 : undeclared symbol 'pll_gen_open6', assumed default net type 'wire' in al_ip/pll_gen.v(105)
HDL-1007 : undeclared symbol 'pll_gen_open5', assumed default net type 'wire' in al_ip/pll_gen.v(105)
HDL-1007 : undeclared symbol 'pll_gen_open4', assumed default net type 'wire' in al_ip/pll_gen.v(105)
HDL-1007 : undeclared symbol 'pll_gen_open3', assumed default net type 'wire' in al_ip/pll_gen.v(105)
HDL-1007 : undeclared symbol 'pll_gen_open2', assumed default net type 'wire' in al_ip/pll_gen.v(105)
HDL-1007 : undeclared symbol 'pll_gen_open1', assumed default net type 'wire' in al_ip/pll_gen.v(105)
HDL-1007 : analyze verilog file al_ip/sys_pll.v
HDL-1007 : undeclared symbol 'sys_pll_open0', assumed default net type 'wire' in al_ip/sys_pll.v(77)
HDL-1007 : undeclared symbol 'sys_pll_open1', assumed default net type 'wire' in al_ip/sys_pll.v(83)
HDL-1007 : undeclared symbol 'sys_pll_open9', assumed default net type 'wire' in al_ip/sys_pll.v(89)
HDL-1007 : undeclared symbol 'sys_pll_open8', assumed default net type 'wire' in al_ip/sys_pll.v(89)
HDL-1007 : undeclared symbol 'sys_pll_open7', assumed default net type 'wire' in al_ip/sys_pll.v(89)
HDL-1007 : undeclared symbol 'sys_pll_open6', assumed default net type 'wire' in al_ip/sys_pll.v(89)
HDL-1007 : undeclared symbol 'sys_pll_open5', assumed default net type 'wire' in al_ip/sys_pll.v(89)
HDL-1007 : undeclared symbol 'sys_pll_open4', assumed default net type 'wire' in al_ip/sys_pll.v(89)
HDL-1007 : undeclared symbol 'sys_pll_open3', assumed default net type 'wire' in al_ip/sys_pll.v(89)
HDL-1007 : undeclared symbol 'sys_pll_open2', assumed default net type 'wire' in al_ip/sys_pll.v(89)
HDL-1007 : undeclared symbol 'sys_pll_open11', assumed default net type 'wire' in al_ip/sys_pll.v(91)
HDL-1007 : undeclared symbol 'sys_pll_open10', assumed default net type 'wire' in al_ip/sys_pll.v(91)
HDL-1007 : analyze verilog file ../source_code/rtl/sd_card/ax_debounce.v
HDL-1007 : analyze verilog file ../source_code/rtl/sd_card/bmp_read.v
HDL-1007 : analyze verilog file ../source_code/rtl/sd_card/sd_card_bmp.v
HDL-1007 : analyze verilog file ../source_code/rtl/sd_card/sd_card_cmd.v
HDL-1007 : analyze verilog file ../source_code/rtl/sd_card/sd_card_sec_read_write.v
HDL-1007 : analyze verilog file ../source_code/rtl/sd_card/sd_card_top.v
HDL-1007 : analyze verilog file ../source_code/rtl/sd_card/spi_master.v
HDL-1007 : analyze verilog file ../source_code/rtl/sdram/enc_file/global_def.v
HDL-1007 : analyze verilog file ../source_code/rtl/sdram/enc_file/sdr_as_ram.enc.v
HDL-1007 : back to file '../source_code/rtl/sdram/enc_file/sdr_as_ram.enc.v' in ../source_code/rtl/sdram/enc_file/sdr_as_ram.enc.v(54)
HDL-1007 : analyze verilog file ../source_code/rtl/sdram/enc_file/sdr_wrrd.enc.v
HDL-5007 WARNING: concatenation with an unsized literal will be treated as 32 bits in ../source_code/rtl/sdram/enc_file/sdr_wrrd.enc.v(283)
HDL-1007 : back to file '../source_code/rtl/sdram/enc_file/sdr_wrrd.enc.v' in ../source_code/rtl/sdram/enc_file/sdr_wrrd.enc.v(19)
HDL-1007 : analyze verilog file ../source_code/rtl/frame_fifo/afifo_16_32_256.v
HDL-1007 : analyze verilog file ../source_code/rtl/frame_fifo/afifo_32_16_256.v
HDL-1007 : analyze verilog file ../source_code/rtl/frame_fifo/frame_fifo_read.v
HDL-1007 : analyze verilog file ../source_code/rtl/frame_fifo/frame_fifo_write.v
HDL-1007 : analyze verilog file ../source_code/rtl/frame_fifo/frame_read_write.v
HDL-1007 : analyze verilog file ../source_code/rtl/sdram/sdram.v
HDL-1007 : analyze included file ../source_code/rtl/sdram/enc_file/global_def.v in ../source_code/rtl/sdram/sdram.v(10)
HDL-1007 : back to file '../source_code/rtl/sdram/sdram.v' in ../source_code/rtl/sdram/sdram.v(10)
HDL-1007 : undeclared symbol 'SDR_CKE', assumed default net type 'wire' in ../source_code/rtl/sdram/sdram.v(89)
HDL-1007 : analyze verilog file ../source_code/rtl/sdram/enc_file/sdr_init_ref.enc.v
HDL-1007 : analyze included file ../source_code/rtl/sdram/enc_file/global_def.v in ../source_code/rtl/sdram/enc_file/sdr_init_ref.enc.v(11)
HDL-1007 : back to file '../source_code/rtl/sdram/enc_file/sdr_init_ref.enc.v' in ../source_code/rtl/sdram/enc_file/sdr_init_ref.enc.v(11)
HDL-1007 : undeclared symbol '**', assumed default net type '**' in ../source_code/rtl/sdram/enc_file/sdr_init_ref.enc.v(57)
HDL-1007 : back to file '../source_code/rtl/sdram/enc_file/sdr_init_ref.enc.v' in ../source_code/rtl/sdram/enc_file/sdr_init_ref.enc.v(149)
HDL-5007 WARNING: concatenation with an unsized literal will be treated as 32 bits in ../source_code/rtl/sdram/enc_file/sdr_init_ref.enc.v(47)
HDL-1007 : analyze verilog file ../source_code/rtl/video_timing/color_bar.v
HDL-1007 : analyze included file ../source_code/rtl/video_timing/video_define.v in ../source_code/rtl/video_timing/color_bar.v(2)
HDL-1007 : back to file '../source_code/rtl/video_timing/color_bar.v' in ../source_code/rtl/video_timing/color_bar.v(2)
HDL-1007 : analyze verilog file ../source_code/rtl/video_timing/video_delay.v
HDL-1007 : analyze verilog file ../source_code/rtl/video_timing/video_timing_data.v
HDL-1007 : analyze verilog file ../source_code/rtl/another/m_synchronization_header.v
HDL-1007 : analyze verilog file ../source_code/rtl/led.v
HDL-1007 : analyze verilog file ../source_code/rtl/ov5640/cmos_capture_data.v
HDL-1007 : analyze verilog file ../source_code/rtl/ov5640/i2c_dri.v
HDL-1007 : analyze verilog file ../source_code/rtl/ov5640/i2c_ov5640_rgb565_cfg.v
HDL-1007 : analyze verilog file ../source_code/rtl/ov5640/ov5640_delay.v
HDL-1007 : analyze verilog file ../source_code/rtl/ov5640/ov5640_dri.v
HDL-1007 : analyze verilog file al_ip/clk_wize.v
HDL-1007 : undeclared symbol 'open', assumed default net type 'wire' in al_ip/clk_wize.v(70)
HDL-1007 : analyze verilog file al_ip/ram.v
HDL-1007 : analyze verilog file ../source_code/rtl/app/addr_crt.v
HDL-1007 : analyze verilog file ../source_code/rtl/app/app.v
HDL-1007 : analyze verilog file ../source_code/rtl/app/vga_disp_rtl.v
HDL-1007 : analyze VHDL file ../source_code/rtl/hdmi_rtl/enc_file/DVITransmitter.enc.vhd
HDL-1007 : analyze entity dvitransmitter in ../source_code/rtl/hdmi_rtl/enc_file/DVITransmitter.enc.vhd(13)
HDL-1007 : analyze architecture ** in ../source_code/rtl/hdmi_rtl/enc_file/DVITransmitter.enc.vhd(2)
HDL-1007 : analyze VHDL file ../source_code/rtl/hdmi_rtl/enc_file/SerializerN_1_lvds.enc.vhd
HDL-1007 : analyze entity ** in ../source_code/rtl/hdmi_rtl/enc_file/SerializerN_1_lvds.enc.vhd(12)
HDL-1007 : analyze architecture ** in ../source_code/rtl/hdmi_rtl/enc_file/SerializerN_1_lvds.enc.vhd(25)
HDL-1007 : analyze VHDL file ../source_code/rtl/hdmi_rtl/enc_file/SerializerN_1_lvds_dat.enc.vhd
HDL-1007 : analyze entity ** in ../source_code/rtl/hdmi_rtl/enc_file/SerializerN_1_lvds_dat.enc.vhd(14)
HDL-1007 : analyze architecture ** in ../source_code/rtl/hdmi_rtl/enc_file/SerializerN_1_lvds_dat.enc.vhd(28)
HDL-1007 : analyze VHDL file ../source_code/rtl/hdmi_rtl/enc_file/TMDSEncoder.enc.vhd
HDL-1007 : analyze entity ** in ../source_code/rtl/hdmi_rtl/enc_file/TMDSEncoder.enc.vhd(13)
HDL-1007 : analyze architecture ** in ../source_code/rtl/hdmi_rtl/enc_file/TMDSEncoder.enc.vhd(24)
HDL-1007 : analyze verilog file ../source_code/rtl/hdmi_rtl/enc_file/video_tpg_1024768.enc.v
HDL-5007 WARNING: literal value ** truncated to fit in ** bits in ../source_code/rtl/hdmi_rtl/enc_file/video_tpg_1024768.enc.v(231)
HDL-1007 : back to file '../source_code/rtl/hdmi_rtl/enc_file/video_tpg_1024768.enc.v' in ../source_code/rtl/hdmi_rtl/enc_file/video_tpg_1024768.enc.v(1)
HDL-1007 : analyze verilog file ../source_code/rtl/hdmi_rtl/enc_file/video_tpg_1080p.enc.v
HDL-1007 : back to file '../source_code/rtl/hdmi_rtl/enc_file/video_tpg_1080p.enc.v' in ../source_code/rtl/hdmi_rtl/enc_file/video_tpg_1080p.enc.v(1)
HDL-1007 : analyze verilog file ../source_code/rtl/hdmi_rtl/enc_file/video_tpg_12801024p.enc.v
HDL-1007 : back to file '../source_code/rtl/hdmi_rtl/enc_file/video_tpg_12801024p.enc.v' in ../source_code/rtl/hdmi_rtl/enc_file/video_tpg_12801024p.enc.v(1)
HDL-1007 : analyze verilog file ../source_code/rtl/hdmi_rtl/enc_file/video_tpg_1280800.enc.v
HDL-5007 WARNING: literal value ** truncated to fit in ** bits in ../source_code/rtl/hdmi_rtl/enc_file/video_tpg_1280800.enc.v(233)
HDL-1007 : back to file '../source_code/rtl/hdmi_rtl/enc_file/video_tpg_1280800.enc.v' in ../source_code/rtl/hdmi_rtl/enc_file/video_tpg_1280800.enc.v(1)
HDL-1007 : analyze verilog file ../source_code/rtl/hdmi_rtl/enc_file/video_tpg_16801050p.enc.v
HDL-1007 : back to file '../source_code/rtl/hdmi_rtl/enc_file/video_tpg_16801050p.enc.v' in ../source_code/rtl/hdmi_rtl/enc_file/video_tpg_16801050p.enc.v(1)
HDL-1007 : analyze verilog file ../source_code/rtl/hdmi_rtl/enc_file/video_tpg_800600.enc.v
HDL-1007 : back to file '../source_code/rtl/hdmi_rtl/enc_file/video_tpg_800600.enc.v' in ../source_code/rtl/hdmi_rtl/enc_file/video_tpg_800600.enc.v(1)
HDL-1007 : analyze VHDL file ../source_code/rtl/hdmi_rtl/hdmi_tx.vhd
HDL-1007 : analyze entity hdmi_tx in ../source_code/rtl/hdmi_rtl/hdmi_tx.vhd(11)
HDL-1007 : analyze architecture behavioral in ../source_code/rtl/hdmi_rtl/hdmi_tx.vhd(33)
HDL-1007 : analyze verilog file ../source_code/rtl/hdmi_rtl/vga_disp_rtl.v
HDL-7201 CRITICAL-WARNING: overwrite current module 'vga_disp_rtl' in ../source_code/rtl/hdmi_rtl/vga_disp_rtl.v(1)
HDL-7307 CRITICAL-WARNING: previous definition of design element module 'vga_disp_rtl' is here. This is because multiple modules(values) with the same name are defined. Please consider rewriting code in ../source_code/rtl/app/vga_disp_rtl.v(1)
HDL-1007 : analyze verilog file ../source_code/rtl/another/fire_detect.v
HDL-1007 : analyze verilog file ../source_code/rtl/another/intrusion_detect.v
RUN-1002 : start command "commit_param -step design"
RUN-1001 : Print Global Property
RUN-1001 : --------------------------------------------------------
RUN-1001 :   Parameters   |  Settings  |  Default Values  |  Note  
RUN-1001 : --------------------------------------------------------
RUN-1001 :   enable_seed  |    off     |       off        |        
RUN-1001 :     message    |  standard  |     standard     |        
RUN-1001 :   qor_monitor  |     on     |        on        |        
RUN-1001 :   syn_ip_flow  |    off     |       off        |        
RUN-1001 :     thread     |    auto    |       auto       |        
RUN-1001 : --------------------------------------------------------
RUN-1001 : Print Design Property
RUN-1001 : ----------------------------------------------------------------
RUN-1001 :       Parameters       |  Settings  |  Default Values  |  Note  
RUN-1001 : ----------------------------------------------------------------
RUN-1001 :   default_reg_initial  |    auto    |       auto       |        
RUN-1001 :    hdl_warning_level   |   normal   |      normal      |        
RUN-1001 : ----------------------------------------------------------------
HDL-1007 : analyze verilog file last_attempt.v
HDL-1007 : undeclared symbol 'phy_reset', assumed default net type 'wire' in last_attempt.v(167)
HDL-1007 : undeclared symbol 'VGA_HSYNC', assumed default net type 'wire' in last_attempt.v(335)
HDL-1007 : undeclared symbol 'VGA_VSYNC', assumed default net type 'wire' in last_attempt.v(336)
HDL-1007 : undeclared symbol 'rd_en', assumed default net type 'wire' in last_attempt.v(338)
HDL-1007 : undeclared symbol 'tpg_data_done', assumed default net type 'wire' in last_attempt.v(773)
HDL-1007 : undeclared symbol 'full_flag', assumed default net type 'wire' in last_attempt.v(807)
HDL-1007 : undeclared symbol 'input_local_udp_port_num', assumed default net type 'wire' in last_attempt.v(838)
HDL-1007 : undeclared symbol 'input_local_udp_port_num_valid', assumed default net type 'wire' in last_attempt.v(839)
HDL-1007 : undeclared symbol 'input_local_ip_address_valid', assumed default net type 'wire' in last_attempt.v(842)
HDL-1007 : analyze verilog file ../source_code/rtl/udp/BUFGMUX.v
HDL-1007 : analyze verilog file ../source_code/rtl/udp/IDDR.v
HDL-1007 : analyze verilog file ../source_code/rtl/udp/ODDR.v
HDL-1007 : analyze verilog file ../source_code/rtl/udp/RAMB16_S9_S9.v
HDL-1007 : undeclared symbol 'open', assumed default net type 'wire' in ../source_code/rtl/udp/RAMB16_S9_S9.v(109)
HDL-1007 : analyze verilog file ../source_code/rtl/udp/clk_gen_rst_gen.v
HDL-1007 : analyze verilog file ../source_code/rtl/udp/div_clk_gen.v
HDL-1007 : analyze verilog file ../source_code/rtl/udp/rgmii_interface.v
HDL-1007 : analyze verilog file ../source_code/rtl/udp/rx_client_fifo.v
HDL-5370 WARNING: parameter 'WAIT_s' becomes localparam in 'rx_client_fifo' with formal parameter declaration list in ../source_code/rtl/udp/rx_client_fifo.v(49)
HDL-5370 WARNING: parameter 'QUEUE1_s' becomes localparam in 'rx_client_fifo' with formal parameter declaration list in ../source_code/rtl/udp/rx_client_fifo.v(50)
HDL-5370 WARNING: parameter 'QUEUE2_s' becomes localparam in 'rx_client_fifo' with formal parameter declaration list in ../source_code/rtl/udp/rx_client_fifo.v(51)
HDL-5370 WARNING: parameter 'QUEUE3_s' becomes localparam in 'rx_client_fifo' with formal parameter declaration list in ../source_code/rtl/udp/rx_client_fifo.v(52)
HDL-5370 WARNING: parameter 'QUEUE_SOF_s' becomes localparam in 'rx_client_fifo' with formal parameter declaration list in ../source_code/rtl/udp/rx_client_fifo.v(53)
HDL-5370 WARNING: parameter 'SOF_s' becomes localparam in 'rx_client_fifo' with formal parameter declaration list in ../source_code/rtl/udp/rx_client_fifo.v(54)
HDL-5370 WARNING: parameter 'DATA_s' becomes localparam in 'rx_client_fifo' with formal parameter declaration list in ../source_code/rtl/udp/rx_client_fifo.v(55)
HDL-5370 WARNING: parameter 'EOF_s' becomes localparam in 'rx_client_fifo' with formal parameter declaration list in ../source_code/rtl/udp/rx_client_fifo.v(56)
HDL-5370 WARNING: parameter 'IDLE_s' becomes localparam in 'rx_client_fifo' with formal parameter declaration list in ../source_code/rtl/udp/rx_client_fifo.v(62)
HDL-5370 WARNING: parameter 'FRAME_s' becomes localparam in 'rx_client_fifo' with formal parameter declaration list in ../source_code/rtl/udp/rx_client_fifo.v(63)
HDL-5370 Similar messages will be suppressed.
HDL-1007 : analyze verilog file ../source_code/rtl/udp/temac_block.v
HDL-1007 : analyze verilog file ../source_code/rtl/udp/temac_clk_gen.v
HDL-1007 : analyze verilog file ../source_code/rtl/udp/tx_client_fifo.v
HDL-5370 WARNING: parameter 'IDLE_s' becomes localparam in 'tx_client_fifo' with formal parameter declaration list in ../source_code/rtl/udp/tx_client_fifo.v(53)
HDL-5370 WARNING: parameter 'QUEUE1_s' becomes localparam in 'tx_client_fifo' with formal parameter declaration list in ../source_code/rtl/udp/tx_client_fifo.v(54)
HDL-5370 WARNING: parameter 'QUEUE2_s' becomes localparam in 'tx_client_fifo' with formal parameter declaration list in ../source_code/rtl/udp/tx_client_fifo.v(55)
HDL-5370 WARNING: parameter 'QUEUE3_s' becomes localparam in 'tx_client_fifo' with formal parameter declaration list in ../source_code/rtl/udp/tx_client_fifo.v(56)
HDL-5370 WARNING: parameter 'QUEUE_ACK_s' becomes localparam in 'tx_client_fifo' with formal parameter declaration list in ../source_code/rtl/udp/tx_client_fifo.v(57)
HDL-5370 WARNING: parameter 'WAIT_ACK_s' becomes localparam in 'tx_client_fifo' with formal parameter declaration list in ../source_code/rtl/udp/tx_client_fifo.v(58)
HDL-5370 WARNING: parameter 'FRAME_s' becomes localparam in 'tx_client_fifo' with formal parameter declaration list in ../source_code/rtl/udp/tx_client_fifo.v(59)
HDL-5370 WARNING: parameter 'DROP_s' becomes localparam in 'tx_client_fifo' with formal parameter declaration list in ../source_code/rtl/udp/tx_client_fifo.v(60)
HDL-5370 WARNING: parameter 'RETRANSMIT_s' becomes localparam in 'tx_client_fifo' with formal parameter declaration list in ../source_code/rtl/udp/tx_client_fifo.v(61)
HDL-5370 WARNING: parameter 'WAIT_s' becomes localparam in 'tx_client_fifo' with formal parameter declaration list in ../source_code/rtl/udp/tx_client_fifo.v(67)
HDL-5370 Similar messages will be suppressed.
HDL-1007 : analyze verilog file ../source_code/rtl/udp/tx_clk_en_gen.v
HDL-1007 : analyze verilog file ../source_code/rtl/udp/udp_data_tpg.v
HDL-1007 : analyze verilog file ../source_code/rtl/udp/udp_ip_protocol_stack_merge.enc.v
HDL-1007 : back to file '../source_code/rtl/udp/udp_ip_protocol_stack_merge.enc.v' in ../source_code/rtl/udp/udp_ip_protocol_stack_merge.enc.v(56)
HDL-1007 : undeclared symbol '**', assumed default net type '**' in ../source_code/rtl/udp/udp_ip_protocol_stack_merge.enc.v(2638)
HDL-1007 : back to file '../source_code/rtl/udp/udp_ip_protocol_stack_merge.enc.v' in ../source_code/rtl/udp/udp_ip_protocol_stack_merge.enc.v(420)
HDL-1007 : analyze verilog file ../source_code/rtl/udp/udp_loopback.v
HDL-1007 : analyze verilog file al_ip/TEMAC_CORE/RTL/include/define.v
HDL-1007 : analyze verilog file al_ip/TEMAC_CORE/RTL/TEMAC_CORE_aead6cd6dadd.v
HDL-5007 WARNING: column 1032 exceeds maximum value 1023 in al_ip/TEMAC_CORE/RTL/TEMAC_CORE_aead6cd6dadd.v(30)
HDL-1007 : back to file 'al_ip/TEMAC_CORE/RTL/TEMAC_CORE_aead6cd6dadd.v' in al_ip/TEMAC_CORE/RTL/TEMAC_CORE_aead6cd6dadd.v(86)
HDL-5007 WARNING: event expressions must result in a singular type in al_ip/TEMAC_CORE/RTL/TEMAC_CORE_aead6cd6dadd.v(3001)
HDL-1007 : undeclared symbol '**', assumed default net type '**' in al_ip/TEMAC_CORE/RTL/TEMAC_CORE_aead6cd6dadd.v(5050)
HDL-1007 : undeclared symbol '**', assumed default net type '**' in al_ip/TEMAC_CORE/RTL/TEMAC_CORE_aead6cd6dadd.v(5458)
HDL-5007 WARNING: column 1035 exceeds maximum value 1023 in al_ip/TEMAC_CORE/RTL/TEMAC_CORE_aead6cd6dadd.v(6001)
HDL-1007 : back to file 'al_ip/TEMAC_CORE/RTL/TEMAC_CORE_aead6cd6dadd.v' in al_ip/TEMAC_CORE/RTL/TEMAC_CORE_aead6cd6dadd.v(260)
HDL-1007 : analyze verilog file al_ip/TEMAC_CORE/RTL/mac_core_aead6cd6dadd.v
HDL-1007 : analyze verilog file al_ip/TEMAC_CORE/TEMAC_CORE.v
HDL-1007 : analyze verilog file al_ip/pll_gen.v
HDL-1007 : undeclared symbol 'pll_gen_open0', assumed default net type 'wire' in al_ip/pll_gen.v(99)
HDL-1007 : undeclared symbol 'pll_gen_open8', assumed default net type 'wire' in al_ip/pll_gen.v(105)
HDL-1007 : undeclared symbol 'pll_gen_open7', assumed default net type 'wire' in al_ip/pll_gen.v(105)
HDL-1007 : undeclared symbol 'pll_gen_open6', assumed default net type 'wire' in al_ip/pll_gen.v(105)
HDL-1007 : undeclared symbol 'pll_gen_open5', assumed default net type 'wire' in al_ip/pll_gen.v(105)
HDL-1007 : undeclared symbol 'pll_gen_open4', assumed default net type 'wire' in al_ip/pll_gen.v(105)
HDL-1007 : undeclared symbol 'pll_gen_open3', assumed default net type 'wire' in al_ip/pll_gen.v(105)
HDL-1007 : undeclared symbol 'pll_gen_open2', assumed default net type 'wire' in al_ip/pll_gen.v(105)
HDL-1007 : undeclared symbol 'pll_gen_open1', assumed default net type 'wire' in al_ip/pll_gen.v(105)
HDL-1007 : analyze verilog file al_ip/sys_pll.v
HDL-1007 : undeclared symbol 'sys_pll_open0', assumed default net type 'wire' in al_ip/sys_pll.v(77)
HDL-1007 : undeclared symbol 'sys_pll_open1', assumed default net type 'wire' in al_ip/sys_pll.v(83)
HDL-1007 : undeclared symbol 'sys_pll_open9', assumed default net type 'wire' in al_ip/sys_pll.v(89)
HDL-1007 : undeclared symbol 'sys_pll_open8', assumed default net type 'wire' in al_ip/sys_pll.v(89)
HDL-1007 : undeclared symbol 'sys_pll_open7', assumed default net type 'wire' in al_ip/sys_pll.v(89)
HDL-1007 : undeclared symbol 'sys_pll_open6', assumed default net type 'wire' in al_ip/sys_pll.v(89)
HDL-1007 : undeclared symbol 'sys_pll_open5', assumed default net type 'wire' in al_ip/sys_pll.v(89)
HDL-1007 : undeclared symbol 'sys_pll_open4', assumed default net type 'wire' in al_ip/sys_pll.v(89)
HDL-1007 : undeclared symbol 'sys_pll_open3', assumed default net type 'wire' in al_ip/sys_pll.v(89)
HDL-1007 : undeclared symbol 'sys_pll_open2', assumed default net type 'wire' in al_ip/sys_pll.v(89)
HDL-1007 : undeclared symbol 'sys_pll_open11', assumed default net type 'wire' in al_ip/sys_pll.v(91)
HDL-1007 : undeclared symbol 'sys_pll_open10', assumed default net type 'wire' in al_ip/sys_pll.v(91)
HDL-1007 : analyze verilog file ../source_code/rtl/sd_card/ax_debounce.v
HDL-1007 : analyze verilog file ../source_code/rtl/sd_card/bmp_read.v
HDL-1007 : analyze verilog file ../source_code/rtl/sd_card/sd_card_bmp.v
HDL-1007 : analyze verilog file ../source_code/rtl/sd_card/sd_card_cmd.v
HDL-1007 : analyze verilog file ../source_code/rtl/sd_card/sd_card_sec_read_write.v
HDL-1007 : analyze verilog file ../source_code/rtl/sd_card/sd_card_top.v
HDL-1007 : analyze verilog file ../source_code/rtl/sd_card/spi_master.v
HDL-1007 : analyze verilog file ../source_code/rtl/sdram/enc_file/global_def.v
HDL-1007 : analyze verilog file ../source_code/rtl/sdram/enc_file/sdr_as_ram.enc.v
HDL-1007 : back to file '../source_code/rtl/sdram/enc_file/sdr_as_ram.enc.v' in ../source_code/rtl/sdram/enc_file/sdr_as_ram.enc.v(54)
HDL-1007 : analyze verilog file ../source_code/rtl/sdram/enc_file/sdr_wrrd.enc.v
HDL-5007 WARNING: concatenation with an unsized literal will be treated as 32 bits in ../source_code/rtl/sdram/enc_file/sdr_wrrd.enc.v(283)
HDL-1007 : back to file '../source_code/rtl/sdram/enc_file/sdr_wrrd.enc.v' in ../source_code/rtl/sdram/enc_file/sdr_wrrd.enc.v(19)
HDL-1007 : analyze verilog file ../source_code/rtl/frame_fifo/afifo_16_32_256.v
HDL-1007 : analyze verilog file ../source_code/rtl/frame_fifo/afifo_32_16_256.v
HDL-1007 : analyze verilog file ../source_code/rtl/frame_fifo/frame_fifo_read.v
HDL-1007 : analyze verilog file ../source_code/rtl/frame_fifo/frame_fifo_write.v
HDL-1007 : analyze verilog file ../source_code/rtl/frame_fifo/frame_read_write.v
HDL-1007 : analyze verilog file ../source_code/rtl/sdram/sdram.v
HDL-1007 : analyze included file ../source_code/rtl/sdram/enc_file/global_def.v in ../source_code/rtl/sdram/sdram.v(10)
HDL-1007 : back to file '../source_code/rtl/sdram/sdram.v' in ../source_code/rtl/sdram/sdram.v(10)
HDL-1007 : undeclared symbol 'SDR_CKE', assumed default net type 'wire' in ../source_code/rtl/sdram/sdram.v(89)
HDL-1007 : analyze verilog file ../source_code/rtl/sdram/enc_file/sdr_init_ref.enc.v
HDL-1007 : analyze included file ../source_code/rtl/sdram/enc_file/global_def.v in ../source_code/rtl/sdram/enc_file/sdr_init_ref.enc.v(11)
HDL-1007 : back to file '../source_code/rtl/sdram/enc_file/sdr_init_ref.enc.v' in ../source_code/rtl/sdram/enc_file/sdr_init_ref.enc.v(11)
HDL-1007 : undeclared symbol '**', assumed default net type '**' in ../source_code/rtl/sdram/enc_file/sdr_init_ref.enc.v(57)
HDL-1007 : back to file '../source_code/rtl/sdram/enc_file/sdr_init_ref.enc.v' in ../source_code/rtl/sdram/enc_file/sdr_init_ref.enc.v(149)
HDL-5007 WARNING: concatenation with an unsized literal will be treated as 32 bits in ../source_code/rtl/sdram/enc_file/sdr_init_ref.enc.v(47)
HDL-1007 : analyze verilog file ../source_code/rtl/video_timing/color_bar.v
HDL-1007 : analyze included file ../source_code/rtl/video_timing/video_define.v in ../source_code/rtl/video_timing/color_bar.v(2)
HDL-1007 : back to file '../source_code/rtl/video_timing/color_bar.v' in ../source_code/rtl/video_timing/color_bar.v(2)
HDL-1007 : analyze verilog file ../source_code/rtl/video_timing/video_delay.v
HDL-1007 : analyze verilog file ../source_code/rtl/video_timing/video_timing_data.v
HDL-1007 : analyze verilog file ../source_code/rtl/another/m_synchronization_header.v
HDL-1007 : analyze verilog file ../source_code/rtl/led.v
HDL-1007 : analyze verilog file ../source_code/rtl/ov5640/cmos_capture_data.v
HDL-1007 : analyze verilog file ../source_code/rtl/ov5640/i2c_dri.v
HDL-1007 : analyze verilog file ../source_code/rtl/ov5640/i2c_ov5640_rgb565_cfg.v
HDL-1007 : analyze verilog file ../source_code/rtl/ov5640/ov5640_delay.v
HDL-1007 : analyze verilog file ../source_code/rtl/ov5640/ov5640_dri.v
HDL-1007 : analyze verilog file al_ip/clk_wize.v
HDL-1007 : undeclared symbol 'open', assumed default net type 'wire' in al_ip/clk_wize.v(70)
HDL-1007 : analyze verilog file al_ip/ram.v
HDL-1007 : analyze verilog file ../source_code/rtl/app/addr_crt.v
HDL-1007 : analyze verilog file ../source_code/rtl/app/app.v
HDL-1007 : analyze verilog file ../source_code/rtl/app/vga_disp_rtl.v
HDL-1007 : analyze VHDL file ../source_code/rtl/hdmi_rtl/enc_file/DVITransmitter.enc.vhd
HDL-1007 : analyze entity dvitransmitter in ../source_code/rtl/hdmi_rtl/enc_file/DVITransmitter.enc.vhd(13)
HDL-1007 : analyze architecture ** in ../source_code/rtl/hdmi_rtl/enc_file/DVITransmitter.enc.vhd(2)
HDL-1007 : analyze VHDL file ../source_code/rtl/hdmi_rtl/enc_file/SerializerN_1_lvds.enc.vhd
HDL-1007 : analyze entity ** in ../source_code/rtl/hdmi_rtl/enc_file/SerializerN_1_lvds.enc.vhd(12)
HDL-1007 : analyze architecture ** in ../source_code/rtl/hdmi_rtl/enc_file/SerializerN_1_lvds.enc.vhd(25)
HDL-1007 : analyze VHDL file ../source_code/rtl/hdmi_rtl/enc_file/SerializerN_1_lvds_dat.enc.vhd
HDL-1007 : analyze entity ** in ../source_code/rtl/hdmi_rtl/enc_file/SerializerN_1_lvds_dat.enc.vhd(14)
HDL-1007 : analyze architecture ** in ../source_code/rtl/hdmi_rtl/enc_file/SerializerN_1_lvds_dat.enc.vhd(28)
HDL-1007 : analyze VHDL file ../source_code/rtl/hdmi_rtl/enc_file/TMDSEncoder.enc.vhd
HDL-1007 : analyze entity ** in ../source_code/rtl/hdmi_rtl/enc_file/TMDSEncoder.enc.vhd(13)
HDL-1007 : analyze architecture ** in ../source_code/rtl/hdmi_rtl/enc_file/TMDSEncoder.enc.vhd(24)
HDL-1007 : analyze verilog file ../source_code/rtl/hdmi_rtl/enc_file/video_tpg_1024768.enc.v
HDL-5007 WARNING: literal value ** truncated to fit in ** bits in ../source_code/rtl/hdmi_rtl/enc_file/video_tpg_1024768.enc.v(231)
HDL-1007 : back to file '../source_code/rtl/hdmi_rtl/enc_file/video_tpg_1024768.enc.v' in ../source_code/rtl/hdmi_rtl/enc_file/video_tpg_1024768.enc.v(1)
HDL-1007 : analyze verilog file ../source_code/rtl/hdmi_rtl/enc_file/video_tpg_1080p.enc.v
HDL-1007 : back to file '../source_code/rtl/hdmi_rtl/enc_file/video_tpg_1080p.enc.v' in ../source_code/rtl/hdmi_rtl/enc_file/video_tpg_1080p.enc.v(1)
HDL-1007 : analyze verilog file ../source_code/rtl/hdmi_rtl/enc_file/video_tpg_12801024p.enc.v
HDL-1007 : back to file '../source_code/rtl/hdmi_rtl/enc_file/video_tpg_12801024p.enc.v' in ../source_code/rtl/hdmi_rtl/enc_file/video_tpg_12801024p.enc.v(1)
HDL-1007 : analyze verilog file ../source_code/rtl/hdmi_rtl/enc_file/video_tpg_1280800.enc.v
HDL-5007 WARNING: literal value ** truncated to fit in ** bits in ../source_code/rtl/hdmi_rtl/enc_file/video_tpg_1280800.enc.v(233)
HDL-1007 : back to file '../source_code/rtl/hdmi_rtl/enc_file/video_tpg_1280800.enc.v' in ../source_code/rtl/hdmi_rtl/enc_file/video_tpg_1280800.enc.v(1)
HDL-1007 : analyze verilog file ../source_code/rtl/hdmi_rtl/enc_file/video_tpg_16801050p.enc.v
HDL-1007 : back to file '../source_code/rtl/hdmi_rtl/enc_file/video_tpg_16801050p.enc.v' in ../source_code/rtl/hdmi_rtl/enc_file/video_tpg_16801050p.enc.v(1)
HDL-1007 : analyze verilog file ../source_code/rtl/hdmi_rtl/enc_file/video_tpg_800600.enc.v
HDL-1007 : back to file '../source_code/rtl/hdmi_rtl/enc_file/video_tpg_800600.enc.v' in ../source_code/rtl/hdmi_rtl/enc_file/video_tpg_800600.enc.v(1)
HDL-1007 : analyze VHDL file ../source_code/rtl/hdmi_rtl/hdmi_tx.vhd
HDL-1007 : analyze entity hdmi_tx in ../source_code/rtl/hdmi_rtl/hdmi_tx.vhd(11)
HDL-1007 : analyze architecture behavioral in ../source_code/rtl/hdmi_rtl/hdmi_tx.vhd(33)
HDL-1007 : analyze verilog file ../source_code/rtl/hdmi_rtl/vga_disp_rtl.v
HDL-7201 CRITICAL-WARNING: overwrite current module 'vga_disp_rtl' in ../source_code/rtl/hdmi_rtl/vga_disp_rtl.v(1)
HDL-7307 CRITICAL-WARNING: previous definition of design element module 'vga_disp_rtl' is here. This is because multiple modules(values) with the same name are defined. Please consider rewriting code in ../source_code/rtl/app/vga_disp_rtl.v(1)
HDL-1007 : analyze verilog file ../source_code/rtl/another/fire_detect.v
HDL-1007 : analyze verilog file ../source_code/rtl/another/intrusion_detect.v
PRJ-1412 : reset_run syn_1 phy_1.
PRJ-1409 : launch_runs syn_1 phy_1  -jobs 6.
PRJ-1410 : Run syn_1 success.
PRJ-1410 : Run phy_1 success.
RUN-1002 : start command "save_best_bits"
PRJ-1424 : The implemented result of phy_1 is saved as best result.
RUN-1002 : start command "import_db D:/FPGA/workplace6_2_1/last_attempt/prj/last_attempt_Runs/phy_1/last_attempt_pr.db"
RUN-1001 : Importing database generated by Tang Dynasty, V6.2.168116.
RUN-1001 : Database version number 46207
RUN-1001 : Import flow parameters
RUN-1001 : Import netlist
PHY-1001 : Generate detailed routing grids ...
PHY-1001 : End build routing graph; 0.484285s wall, 0.484375s user + 0.031250s system = 0.515625s CPU (106.5%)

PHY-1001 : Build lut bridge;  0.082838s wall, 0.078125s user + 0.000000s system = 0.078125s CPU (94.3%)

PHY-1001 : Generate nets ...
PHY-1001 : net clk_50_dup_1 will be routed on clock mesh
PHY-1001 : clock net temac_clk will be merged with clock u_clk_gen/u_pll_0/clk0_buf
PHY-1001 : net udp_clk will be routed on clock mesh
PHY-1001 : net U3/u2_ram/SDRAM_CLK will be routed on clock mesh
PHY-1001 : net U3/u2_ram/u1_init_ref/Sdr_clk will be routed on clock mesh
PHY-1001 : clock net u_ov5640_dri/u_i2c_dr/dri_clk_syn_4 will be merged with clock u_ov5640_dri/u_i2c_dr/dri_clk
PHY-1001 : clock net u2_udp_loopback/app_tx_data_read_syn_4 will be merged with clock u2_udp_loopback/app_tx_data_read
PHY-1001 : clock net frame_read_write_m0/write_clk_syn_4 will be merged with clock frame_read_write_m0/write_clk
PHY-1001 : clock net cam_pclk_syn_4 will be merged with clock cam_pclk_dup_1
PHY-1001 : clock net sd_card_bmp_m0/bmp_read_m0/clk will be merged with clock tf0_sys_pll/clk0_buf
PHY-1001 : net u2_hdmi_tx/Inst_DVITransmitter/PCLK_I will be routed on clock mesh
PHY-1001 : clock net u2_hdmi_tx/Inst_DVITransmitter/PCLK_X5_I will be merged with clock u0_clk_wize/clk0_buf
PHY-1001 : clock net u4_trimac_block/rx_clk will be merged with clock phy1_rgmii_rx_clk_dup_1
PHY-1001 : net u4_trimac_block/u1_rgmii_interface/rgmii_txc_ddr/clk will be routed on clock mesh
PHY-1001 : eco open net = 0
PHY-1001 : 783 feed throughs used by 522 nets
RUN-1001 : Import phy database
RUN-1001 : Import timing constraints
RUN-1001 : Import IO constraints
RUN-1001 : Import Inst constraints
RUN-1001 : Import ChipWatcher
RUN-1001 : Import design success TD_VERSION=6.2.168116 , DB_VERSION=46207
RUN-1003 : finish command "import_db D:/FPGA/workplace6_2_1/last_attempt/prj/last_attempt_Runs/phy_1/last_attempt_pr.db" in  4.098544s wall, 3.812500s user + 0.484375s system = 4.296875s CPU (104.8%)

RUN-1004 : used memory is 942 MB, reserved memory is 887 MB, peak memory is 979 MB
RUN-1002 : start command "commit_param -step design"
RUN-1001 : Print Global Property
RUN-1001 : --------------------------------------------------------
RUN-1001 :   Parameters   |  Settings  |  Default Values  |  Note  
RUN-1001 : --------------------------------------------------------
RUN-1001 :   enable_seed  |    off     |       off        |        
RUN-1001 :     message    |  standard  |     standard     |        
RUN-1001 :   qor_monitor  |     on     |        on        |        
RUN-1001 :   syn_ip_flow  |    off     |       off        |        
RUN-1001 :     thread     |    auto    |       auto       |        
RUN-1001 : --------------------------------------------------------
RUN-1001 : Print Design Property
RUN-1001 : ----------------------------------------------------------------
RUN-1001 :       Parameters       |  Settings  |  Default Values  |  Note  
RUN-1001 : ----------------------------------------------------------------
RUN-1001 :   default_reg_initial  |    auto    |       auto       |        
RUN-1001 :    hdl_warning_level   |   normal   |      normal      |        
RUN-1001 : ----------------------------------------------------------------
HDL-1007 : analyze verilog file last_attempt.v
HDL-1007 : undeclared symbol 'phy_reset', assumed default net type 'wire' in last_attempt.v(167)
HDL-1007 : undeclared symbol 'VGA_HSYNC', assumed default net type 'wire' in last_attempt.v(335)
HDL-1007 : undeclared symbol 'VGA_VSYNC', assumed default net type 'wire' in last_attempt.v(336)
HDL-1007 : undeclared symbol 'rd_en', assumed default net type 'wire' in last_attempt.v(338)
HDL-1007 : undeclared symbol 'tpg_data_done', assumed default net type 'wire' in last_attempt.v(773)
HDL-1007 : undeclared symbol 'full_flag', assumed default net type 'wire' in last_attempt.v(807)
HDL-1007 : undeclared symbol 'input_local_udp_port_num', assumed default net type 'wire' in last_attempt.v(838)
HDL-1007 : undeclared symbol 'input_local_udp_port_num_valid', assumed default net type 'wire' in last_attempt.v(839)
HDL-1007 : undeclared symbol 'input_local_ip_address_valid', assumed default net type 'wire' in last_attempt.v(842)
HDL-1007 : analyze verilog file ../source_code/rtl/udp/BUFGMUX.v
HDL-1007 : analyze verilog file ../source_code/rtl/udp/IDDR.v
HDL-1007 : analyze verilog file ../source_code/rtl/udp/ODDR.v
HDL-1007 : analyze verilog file ../source_code/rtl/udp/RAMB16_S9_S9.v
HDL-1007 : undeclared symbol 'open', assumed default net type 'wire' in ../source_code/rtl/udp/RAMB16_S9_S9.v(109)
HDL-1007 : analyze verilog file ../source_code/rtl/udp/clk_gen_rst_gen.v
HDL-1007 : analyze verilog file ../source_code/rtl/udp/div_clk_gen.v
HDL-1007 : analyze verilog file ../source_code/rtl/udp/rgmii_interface.v
HDL-1007 : analyze verilog file ../source_code/rtl/udp/rx_client_fifo.v
HDL-5370 WARNING: parameter 'WAIT_s' becomes localparam in 'rx_client_fifo' with formal parameter declaration list in ../source_code/rtl/udp/rx_client_fifo.v(49)
HDL-5370 WARNING: parameter 'QUEUE1_s' becomes localparam in 'rx_client_fifo' with formal parameter declaration list in ../source_code/rtl/udp/rx_client_fifo.v(50)
HDL-5370 WARNING: parameter 'QUEUE2_s' becomes localparam in 'rx_client_fifo' with formal parameter declaration list in ../source_code/rtl/udp/rx_client_fifo.v(51)
HDL-5370 WARNING: parameter 'QUEUE3_s' becomes localparam in 'rx_client_fifo' with formal parameter declaration list in ../source_code/rtl/udp/rx_client_fifo.v(52)
HDL-5370 WARNING: parameter 'QUEUE_SOF_s' becomes localparam in 'rx_client_fifo' with formal parameter declaration list in ../source_code/rtl/udp/rx_client_fifo.v(53)
HDL-5370 WARNING: parameter 'SOF_s' becomes localparam in 'rx_client_fifo' with formal parameter declaration list in ../source_code/rtl/udp/rx_client_fifo.v(54)
HDL-5370 WARNING: parameter 'DATA_s' becomes localparam in 'rx_client_fifo' with formal parameter declaration list in ../source_code/rtl/udp/rx_client_fifo.v(55)
HDL-5370 WARNING: parameter 'EOF_s' becomes localparam in 'rx_client_fifo' with formal parameter declaration list in ../source_code/rtl/udp/rx_client_fifo.v(56)
HDL-5370 WARNING: parameter 'IDLE_s' becomes localparam in 'rx_client_fifo' with formal parameter declaration list in ../source_code/rtl/udp/rx_client_fifo.v(62)
HDL-5370 WARNING: parameter 'FRAME_s' becomes localparam in 'rx_client_fifo' with formal parameter declaration list in ../source_code/rtl/udp/rx_client_fifo.v(63)
HDL-5370 Similar messages will be suppressed.
HDL-1007 : analyze verilog file ../source_code/rtl/udp/temac_block.v
HDL-1007 : analyze verilog file ../source_code/rtl/udp/temac_clk_gen.v
HDL-1007 : analyze verilog file ../source_code/rtl/udp/tx_client_fifo.v
HDL-5370 WARNING: parameter 'IDLE_s' becomes localparam in 'tx_client_fifo' with formal parameter declaration list in ../source_code/rtl/udp/tx_client_fifo.v(53)
HDL-5370 WARNING: parameter 'QUEUE1_s' becomes localparam in 'tx_client_fifo' with formal parameter declaration list in ../source_code/rtl/udp/tx_client_fifo.v(54)
HDL-5370 WARNING: parameter 'QUEUE2_s' becomes localparam in 'tx_client_fifo' with formal parameter declaration list in ../source_code/rtl/udp/tx_client_fifo.v(55)
HDL-5370 WARNING: parameter 'QUEUE3_s' becomes localparam in 'tx_client_fifo' with formal parameter declaration list in ../source_code/rtl/udp/tx_client_fifo.v(56)
HDL-5370 WARNING: parameter 'QUEUE_ACK_s' becomes localparam in 'tx_client_fifo' with formal parameter declaration list in ../source_code/rtl/udp/tx_client_fifo.v(57)
HDL-5370 WARNING: parameter 'WAIT_ACK_s' becomes localparam in 'tx_client_fifo' with formal parameter declaration list in ../source_code/rtl/udp/tx_client_fifo.v(58)
HDL-5370 WARNING: parameter 'FRAME_s' becomes localparam in 'tx_client_fifo' with formal parameter declaration list in ../source_code/rtl/udp/tx_client_fifo.v(59)
HDL-5370 WARNING: parameter 'DROP_s' becomes localparam in 'tx_client_fifo' with formal parameter declaration list in ../source_code/rtl/udp/tx_client_fifo.v(60)
HDL-5370 WARNING: parameter 'RETRANSMIT_s' becomes localparam in 'tx_client_fifo' with formal parameter declaration list in ../source_code/rtl/udp/tx_client_fifo.v(61)
HDL-5370 WARNING: parameter 'WAIT_s' becomes localparam in 'tx_client_fifo' with formal parameter declaration list in ../source_code/rtl/udp/tx_client_fifo.v(67)
HDL-5370 Similar messages will be suppressed.
HDL-1007 : analyze verilog file ../source_code/rtl/udp/tx_clk_en_gen.v
HDL-1007 : analyze verilog file ../source_code/rtl/udp/udp_data_tpg.v
HDL-1007 : analyze verilog file ../source_code/rtl/udp/udp_ip_protocol_stack_merge.enc.v
HDL-1007 : back to file '../source_code/rtl/udp/udp_ip_protocol_stack_merge.enc.v' in ../source_code/rtl/udp/udp_ip_protocol_stack_merge.enc.v(56)
HDL-1007 : undeclared symbol '**', assumed default net type '**' in ../source_code/rtl/udp/udp_ip_protocol_stack_merge.enc.v(2638)
HDL-1007 : back to file '../source_code/rtl/udp/udp_ip_protocol_stack_merge.enc.v' in ../source_code/rtl/udp/udp_ip_protocol_stack_merge.enc.v(420)
HDL-1007 : analyze verilog file ../source_code/rtl/udp/udp_loopback.v
HDL-1007 : analyze verilog file al_ip/TEMAC_CORE/RTL/include/define.v
HDL-1007 : analyze verilog file al_ip/TEMAC_CORE/RTL/TEMAC_CORE_aead6cd6dadd.v
HDL-5007 WARNING: column 1032 exceeds maximum value 1023 in al_ip/TEMAC_CORE/RTL/TEMAC_CORE_aead6cd6dadd.v(30)
HDL-1007 : back to file 'al_ip/TEMAC_CORE/RTL/TEMAC_CORE_aead6cd6dadd.v' in al_ip/TEMAC_CORE/RTL/TEMAC_CORE_aead6cd6dadd.v(86)
HDL-5007 WARNING: event expressions must result in a singular type in al_ip/TEMAC_CORE/RTL/TEMAC_CORE_aead6cd6dadd.v(3001)
HDL-1007 : undeclared symbol '**', assumed default net type '**' in al_ip/TEMAC_CORE/RTL/TEMAC_CORE_aead6cd6dadd.v(5050)
HDL-1007 : undeclared symbol '**', assumed default net type '**' in al_ip/TEMAC_CORE/RTL/TEMAC_CORE_aead6cd6dadd.v(5458)
HDL-5007 WARNING: column 1035 exceeds maximum value 1023 in al_ip/TEMAC_CORE/RTL/TEMAC_CORE_aead6cd6dadd.v(6001)
HDL-1007 : back to file 'al_ip/TEMAC_CORE/RTL/TEMAC_CORE_aead6cd6dadd.v' in al_ip/TEMAC_CORE/RTL/TEMAC_CORE_aead6cd6dadd.v(260)
HDL-1007 : analyze verilog file al_ip/TEMAC_CORE/RTL/mac_core_aead6cd6dadd.v
HDL-1007 : analyze verilog file al_ip/TEMAC_CORE/TEMAC_CORE.v
HDL-1007 : analyze verilog file al_ip/pll_gen.v
HDL-1007 : undeclared symbol 'pll_gen_open0', assumed default net type 'wire' in al_ip/pll_gen.v(99)
HDL-1007 : undeclared symbol 'pll_gen_open8', assumed default net type 'wire' in al_ip/pll_gen.v(105)
HDL-1007 : undeclared symbol 'pll_gen_open7', assumed default net type 'wire' in al_ip/pll_gen.v(105)
HDL-1007 : undeclared symbol 'pll_gen_open6', assumed default net type 'wire' in al_ip/pll_gen.v(105)
HDL-1007 : undeclared symbol 'pll_gen_open5', assumed default net type 'wire' in al_ip/pll_gen.v(105)
HDL-1007 : undeclared symbol 'pll_gen_open4', assumed default net type 'wire' in al_ip/pll_gen.v(105)
HDL-1007 : undeclared symbol 'pll_gen_open3', assumed default net type 'wire' in al_ip/pll_gen.v(105)
HDL-1007 : undeclared symbol 'pll_gen_open2', assumed default net type 'wire' in al_ip/pll_gen.v(105)
HDL-1007 : undeclared symbol 'pll_gen_open1', assumed default net type 'wire' in al_ip/pll_gen.v(105)
HDL-1007 : analyze verilog file al_ip/sys_pll.v
HDL-1007 : undeclared symbol 'sys_pll_open0', assumed default net type 'wire' in al_ip/sys_pll.v(77)
HDL-1007 : undeclared symbol 'sys_pll_open1', assumed default net type 'wire' in al_ip/sys_pll.v(83)
HDL-1007 : undeclared symbol 'sys_pll_open9', assumed default net type 'wire' in al_ip/sys_pll.v(89)
HDL-1007 : undeclared symbol 'sys_pll_open8', assumed default net type 'wire' in al_ip/sys_pll.v(89)
HDL-1007 : undeclared symbol 'sys_pll_open7', assumed default net type 'wire' in al_ip/sys_pll.v(89)
HDL-1007 : undeclared symbol 'sys_pll_open6', assumed default net type 'wire' in al_ip/sys_pll.v(89)
HDL-1007 : undeclared symbol 'sys_pll_open5', assumed default net type 'wire' in al_ip/sys_pll.v(89)
HDL-1007 : undeclared symbol 'sys_pll_open4', assumed default net type 'wire' in al_ip/sys_pll.v(89)
HDL-1007 : undeclared symbol 'sys_pll_open3', assumed default net type 'wire' in al_ip/sys_pll.v(89)
HDL-1007 : undeclared symbol 'sys_pll_open2', assumed default net type 'wire' in al_ip/sys_pll.v(89)
HDL-1007 : undeclared symbol 'sys_pll_open11', assumed default net type 'wire' in al_ip/sys_pll.v(91)
HDL-1007 : undeclared symbol 'sys_pll_open10', assumed default net type 'wire' in al_ip/sys_pll.v(91)
HDL-1007 : analyze verilog file ../source_code/rtl/sd_card/ax_debounce.v
HDL-1007 : analyze verilog file ../source_code/rtl/sd_card/bmp_read.v
HDL-1007 : analyze verilog file ../source_code/rtl/sd_card/sd_card_bmp.v
HDL-1007 : analyze verilog file ../source_code/rtl/sd_card/sd_card_cmd.v
HDL-1007 : analyze verilog file ../source_code/rtl/sd_card/sd_card_sec_read_write.v
HDL-1007 : analyze verilog file ../source_code/rtl/sd_card/sd_card_top.v
HDL-1007 : analyze verilog file ../source_code/rtl/sd_card/spi_master.v
HDL-1007 : analyze verilog file ../source_code/rtl/sdram/enc_file/global_def.v
HDL-1007 : analyze verilog file ../source_code/rtl/sdram/enc_file/sdr_as_ram.enc.v
HDL-1007 : back to file '../source_code/rtl/sdram/enc_file/sdr_as_ram.enc.v' in ../source_code/rtl/sdram/enc_file/sdr_as_ram.enc.v(54)
HDL-1007 : analyze verilog file ../source_code/rtl/sdram/enc_file/sdr_wrrd.enc.v
HDL-5007 WARNING: concatenation with an unsized literal will be treated as 32 bits in ../source_code/rtl/sdram/enc_file/sdr_wrrd.enc.v(283)
HDL-1007 : back to file '../source_code/rtl/sdram/enc_file/sdr_wrrd.enc.v' in ../source_code/rtl/sdram/enc_file/sdr_wrrd.enc.v(19)
HDL-1007 : analyze verilog file ../source_code/rtl/frame_fifo/afifo_16_32_256.v
HDL-1007 : analyze verilog file ../source_code/rtl/frame_fifo/afifo_32_16_256.v
HDL-1007 : analyze verilog file ../source_code/rtl/frame_fifo/frame_fifo_read.v
HDL-1007 : analyze verilog file ../source_code/rtl/frame_fifo/frame_fifo_write.v
HDL-1007 : analyze verilog file ../source_code/rtl/frame_fifo/frame_read_write.v
HDL-1007 : analyze verilog file ../source_code/rtl/sdram/sdram.v
HDL-1007 : analyze included file ../source_code/rtl/sdram/enc_file/global_def.v in ../source_code/rtl/sdram/sdram.v(10)
HDL-1007 : back to file '../source_code/rtl/sdram/sdram.v' in ../source_code/rtl/sdram/sdram.v(10)
HDL-1007 : undeclared symbol 'SDR_CKE', assumed default net type 'wire' in ../source_code/rtl/sdram/sdram.v(89)
HDL-1007 : analyze verilog file ../source_code/rtl/sdram/enc_file/sdr_init_ref.enc.v
HDL-1007 : analyze included file ../source_code/rtl/sdram/enc_file/global_def.v in ../source_code/rtl/sdram/enc_file/sdr_init_ref.enc.v(11)
HDL-1007 : back to file '../source_code/rtl/sdram/enc_file/sdr_init_ref.enc.v' in ../source_code/rtl/sdram/enc_file/sdr_init_ref.enc.v(11)
HDL-1007 : undeclared symbol '**', assumed default net type '**' in ../source_code/rtl/sdram/enc_file/sdr_init_ref.enc.v(57)
HDL-1007 : back to file '../source_code/rtl/sdram/enc_file/sdr_init_ref.enc.v' in ../source_code/rtl/sdram/enc_file/sdr_init_ref.enc.v(149)
HDL-5007 WARNING: concatenation with an unsized literal will be treated as 32 bits in ../source_code/rtl/sdram/enc_file/sdr_init_ref.enc.v(47)
HDL-1007 : analyze verilog file ../source_code/rtl/video_timing/color_bar.v
HDL-1007 : analyze included file ../source_code/rtl/video_timing/video_define.v in ../source_code/rtl/video_timing/color_bar.v(2)
HDL-1007 : back to file '../source_code/rtl/video_timing/color_bar.v' in ../source_code/rtl/video_timing/color_bar.v(2)
HDL-1007 : analyze verilog file ../source_code/rtl/video_timing/video_delay.v
HDL-1007 : analyze verilog file ../source_code/rtl/video_timing/video_timing_data.v
HDL-1007 : analyze verilog file ../source_code/rtl/another/m_synchronization_header.v
HDL-1007 : analyze verilog file ../source_code/rtl/led.v
HDL-1007 : analyze verilog file ../source_code/rtl/ov5640/cmos_capture_data.v
HDL-1007 : analyze verilog file ../source_code/rtl/ov5640/i2c_dri.v
HDL-1007 : analyze verilog file ../source_code/rtl/ov5640/i2c_ov5640_rgb565_cfg.v
HDL-1007 : analyze verilog file ../source_code/rtl/ov5640/ov5640_delay.v
HDL-1007 : analyze verilog file ../source_code/rtl/ov5640/ov5640_dri.v
HDL-1007 : analyze verilog file al_ip/clk_wize.v
HDL-1007 : undeclared symbol 'open', assumed default net type 'wire' in al_ip/clk_wize.v(70)
HDL-1007 : analyze verilog file al_ip/ram.v
HDL-1007 : analyze verilog file ../source_code/rtl/app/addr_crt.v
HDL-1007 : analyze verilog file ../source_code/rtl/app/app.v
HDL-1007 : analyze verilog file ../source_code/rtl/app/vga_disp_rtl.v
HDL-1007 : analyze VHDL file ../source_code/rtl/hdmi_rtl/enc_file/DVITransmitter.enc.vhd
HDL-1007 : analyze entity dvitransmitter in ../source_code/rtl/hdmi_rtl/enc_file/DVITransmitter.enc.vhd(13)
HDL-1007 : analyze architecture ** in ../source_code/rtl/hdmi_rtl/enc_file/DVITransmitter.enc.vhd(2)
HDL-1007 : analyze VHDL file ../source_code/rtl/hdmi_rtl/enc_file/SerializerN_1_lvds.enc.vhd
HDL-1007 : analyze entity ** in ../source_code/rtl/hdmi_rtl/enc_file/SerializerN_1_lvds.enc.vhd(12)
HDL-1007 : analyze architecture ** in ../source_code/rtl/hdmi_rtl/enc_file/SerializerN_1_lvds.enc.vhd(25)
HDL-1007 : analyze VHDL file ../source_code/rtl/hdmi_rtl/enc_file/SerializerN_1_lvds_dat.enc.vhd
HDL-1007 : analyze entity ** in ../source_code/rtl/hdmi_rtl/enc_file/SerializerN_1_lvds_dat.enc.vhd(14)
HDL-1007 : analyze architecture ** in ../source_code/rtl/hdmi_rtl/enc_file/SerializerN_1_lvds_dat.enc.vhd(28)
HDL-1007 : analyze VHDL file ../source_code/rtl/hdmi_rtl/enc_file/TMDSEncoder.enc.vhd
HDL-1007 : analyze entity ** in ../source_code/rtl/hdmi_rtl/enc_file/TMDSEncoder.enc.vhd(13)
HDL-1007 : analyze architecture ** in ../source_code/rtl/hdmi_rtl/enc_file/TMDSEncoder.enc.vhd(24)
HDL-1007 : analyze verilog file ../source_code/rtl/hdmi_rtl/enc_file/video_tpg_1024768.enc.v
HDL-5007 WARNING: literal value ** truncated to fit in ** bits in ../source_code/rtl/hdmi_rtl/enc_file/video_tpg_1024768.enc.v(231)
HDL-1007 : back to file '../source_code/rtl/hdmi_rtl/enc_file/video_tpg_1024768.enc.v' in ../source_code/rtl/hdmi_rtl/enc_file/video_tpg_1024768.enc.v(1)
HDL-1007 : analyze verilog file ../source_code/rtl/hdmi_rtl/enc_file/video_tpg_1080p.enc.v
HDL-1007 : back to file '../source_code/rtl/hdmi_rtl/enc_file/video_tpg_1080p.enc.v' in ../source_code/rtl/hdmi_rtl/enc_file/video_tpg_1080p.enc.v(1)
HDL-1007 : analyze verilog file ../source_code/rtl/hdmi_rtl/enc_file/video_tpg_12801024p.enc.v
HDL-1007 : back to file '../source_code/rtl/hdmi_rtl/enc_file/video_tpg_12801024p.enc.v' in ../source_code/rtl/hdmi_rtl/enc_file/video_tpg_12801024p.enc.v(1)
HDL-1007 : analyze verilog file ../source_code/rtl/hdmi_rtl/enc_file/video_tpg_1280800.enc.v
HDL-5007 WARNING: literal value ** truncated to fit in ** bits in ../source_code/rtl/hdmi_rtl/enc_file/video_tpg_1280800.enc.v(233)
HDL-1007 : back to file '../source_code/rtl/hdmi_rtl/enc_file/video_tpg_1280800.enc.v' in ../source_code/rtl/hdmi_rtl/enc_file/video_tpg_1280800.enc.v(1)
HDL-1007 : analyze verilog file ../source_code/rtl/hdmi_rtl/enc_file/video_tpg_16801050p.enc.v
HDL-1007 : back to file '../source_code/rtl/hdmi_rtl/enc_file/video_tpg_16801050p.enc.v' in ../source_code/rtl/hdmi_rtl/enc_file/video_tpg_16801050p.enc.v(1)
HDL-1007 : analyze verilog file ../source_code/rtl/hdmi_rtl/enc_file/video_tpg_800600.enc.v
HDL-1007 : back to file '../source_code/rtl/hdmi_rtl/enc_file/video_tpg_800600.enc.v' in ../source_code/rtl/hdmi_rtl/enc_file/video_tpg_800600.enc.v(1)
HDL-1007 : analyze VHDL file ../source_code/rtl/hdmi_rtl/hdmi_tx.vhd
HDL-1007 : analyze entity hdmi_tx in ../source_code/rtl/hdmi_rtl/hdmi_tx.vhd(11)
HDL-1007 : analyze architecture behavioral in ../source_code/rtl/hdmi_rtl/hdmi_tx.vhd(33)
HDL-1007 : analyze verilog file ../source_code/rtl/hdmi_rtl/vga_disp_rtl.v
HDL-7201 CRITICAL-WARNING: overwrite current module 'vga_disp_rtl' in ../source_code/rtl/hdmi_rtl/vga_disp_rtl.v(1)
HDL-7307 CRITICAL-WARNING: previous definition of design element module 'vga_disp_rtl' is here. This is because multiple modules(values) with the same name are defined. Please consider rewriting code in ../source_code/rtl/app/vga_disp_rtl.v(1)
HDL-1007 : analyze verilog file ../source_code/rtl/another/fire_detect.v
HDL-1007 : analyze verilog file ../source_code/rtl/another/intrusion_detect.v
PRJ-1412 : reset_run syn_1 phy_1.
PRJ-1409 : launch_runs syn_1 phy_1  -jobs 6.
PRJ-1410 : Run syn_1 success.
RUN-1002 : start command "save_best_bits"
PRJ-1424 : The implemented result of phy_1 is saved as best result.
PRJ-1410 : Run phy_1 success.
RUN-1002 : start command "import_db D:/FPGA/workplace6_2_1/last_attempt/prj/last_attempt_Runs/phy_1/last_attempt_pr.db"
RUN-1001 : Importing database generated by Tang Dynasty, V6.2.168116.
RUN-1001 : Database version number 46207
RUN-1001 : Import flow parameters
RUN-1001 : Import netlist
PHY-1001 : Generate detailed routing grids ...
PHY-1001 : End build routing graph; 0.491834s wall, 0.453125s user + 0.062500s system = 0.515625s CPU (104.8%)

PHY-1001 : Build lut bridge;  0.080938s wall, 0.078125s user + 0.000000s system = 0.078125s CPU (96.5%)

PHY-1001 : Generate nets ...
PHY-1001 : net clk_50_dup_1 will be routed on clock mesh
PHY-1001 : clock net temac_clk will be merged with clock u_clk_gen/u_pll_0/clk0_buf
PHY-1001 : net udp_clk will be routed on clock mesh
PHY-1001 : net U3/u2_ram/SDRAM_CLK will be routed on clock mesh
PHY-1001 : net U3/u2_ram/u1_init_ref/Sdr_clk will be routed on clock mesh
PHY-1001 : clock net u_ov5640_dri/u_i2c_dr/dri_clk_syn_4 will be merged with clock u_ov5640_dri/u_i2c_dr/dri_clk
PHY-1001 : clock net u2_udp_loopback/app_tx_data_read_syn_4 will be merged with clock u2_udp_loopback/app_tx_data_read
PHY-1001 : clock net frame_read_write_m0/write_clk_syn_4 will be merged with clock frame_read_write_m0/write_clk
PHY-1001 : clock net cam_pclk_syn_4 will be merged with clock cam_pclk_dup_1
PHY-1001 : clock net sd_card_bmp_m0/bmp_read_m0/clk will be merged with clock tf0_sys_pll/clk0_buf
PHY-1001 : net u2_hdmi_tx/Inst_DVITransmitter/PCLK_I will be routed on clock mesh
PHY-1001 : clock net u2_hdmi_tx/Inst_DVITransmitter/PCLK_X5_I will be merged with clock u0_clk_wize/clk0_buf
PHY-1001 : clock net u4_trimac_block/rx_clk will be merged with clock phy1_rgmii_rx_clk_dup_1
PHY-1001 : net u4_trimac_block/u1_rgmii_interface/rgmii_txc_ddr/clk will be routed on clock mesh
PHY-1001 : eco open net = 0
PHY-1001 : 795 feed throughs used by 500 nets
RUN-1001 : Import phy database
RUN-1001 : Import timing constraints
RUN-1001 : Import IO constraints
RUN-1001 : Import Inst constraints
RUN-1001 : Import ChipWatcher
RUN-1001 : Import design success TD_VERSION=6.2.168116 , DB_VERSION=46207
RUN-1003 : finish command "import_db D:/FPGA/workplace6_2_1/last_attempt/prj/last_attempt_Runs/phy_1/last_attempt_pr.db" in  4.092294s wall, 3.750000s user + 0.453125s system = 4.203125s CPU (102.7%)

RUN-1004 : used memory is 937 MB, reserved memory is 884 MB, peak memory is 979 MB
RUN-1002 : start command "commit_param -step design"
RUN-1001 : Print Global Property
RUN-1001 : --------------------------------------------------------
RUN-1001 :   Parameters   |  Settings  |  Default Values  |  Note  
RUN-1001 : --------------------------------------------------------
RUN-1001 :   enable_seed  |    off     |       off        |        
RUN-1001 :     message    |  standard  |     standard     |        
RUN-1001 :   qor_monitor  |     on     |        on        |        
RUN-1001 :   syn_ip_flow  |    off     |       off        |        
RUN-1001 :     thread     |    auto    |       auto       |        
RUN-1001 : --------------------------------------------------------
RUN-1001 : Print Design Property
RUN-1001 : ----------------------------------------------------------------
RUN-1001 :       Parameters       |  Settings  |  Default Values  |  Note  
RUN-1001 : ----------------------------------------------------------------
RUN-1001 :   default_reg_initial  |    auto    |       auto       |        
RUN-1001 :    hdl_warning_level   |   normal   |      normal      |        
RUN-1001 : ----------------------------------------------------------------
HDL-1007 : analyze verilog file last_attempt.v
HDL-1007 : undeclared symbol 'phy_reset', assumed default net type 'wire' in last_attempt.v(167)
HDL-1007 : undeclared symbol 'VGA_HSYNC', assumed default net type 'wire' in last_attempt.v(335)
HDL-1007 : undeclared symbol 'VGA_VSYNC', assumed default net type 'wire' in last_attempt.v(336)
HDL-1007 : undeclared symbol 'rd_en', assumed default net type 'wire' in last_attempt.v(338)
HDL-1007 : undeclared symbol 'tpg_data_done', assumed default net type 'wire' in last_attempt.v(773)
HDL-1007 : undeclared symbol 'full_flag', assumed default net type 'wire' in last_attempt.v(807)
HDL-1007 : undeclared symbol 'input_local_udp_port_num', assumed default net type 'wire' in last_attempt.v(838)
HDL-1007 : undeclared symbol 'input_local_udp_port_num_valid', assumed default net type 'wire' in last_attempt.v(839)
HDL-1007 : undeclared symbol 'input_local_ip_address_valid', assumed default net type 'wire' in last_attempt.v(842)
HDL-1007 : analyze verilog file ../source_code/rtl/udp/BUFGMUX.v
HDL-1007 : analyze verilog file ../source_code/rtl/udp/IDDR.v
HDL-1007 : analyze verilog file ../source_code/rtl/udp/ODDR.v
HDL-1007 : analyze verilog file ../source_code/rtl/udp/RAMB16_S9_S9.v
HDL-1007 : undeclared symbol 'open', assumed default net type 'wire' in ../source_code/rtl/udp/RAMB16_S9_S9.v(109)
HDL-1007 : analyze verilog file ../source_code/rtl/udp/clk_gen_rst_gen.v
HDL-1007 : analyze verilog file ../source_code/rtl/udp/div_clk_gen.v
HDL-1007 : analyze verilog file ../source_code/rtl/udp/rgmii_interface.v
HDL-1007 : analyze verilog file ../source_code/rtl/udp/rx_client_fifo.v
HDL-5370 WARNING: parameter 'WAIT_s' becomes localparam in 'rx_client_fifo' with formal parameter declaration list in ../source_code/rtl/udp/rx_client_fifo.v(49)
HDL-5370 WARNING: parameter 'QUEUE1_s' becomes localparam in 'rx_client_fifo' with formal parameter declaration list in ../source_code/rtl/udp/rx_client_fifo.v(50)
HDL-5370 WARNING: parameter 'QUEUE2_s' becomes localparam in 'rx_client_fifo' with formal parameter declaration list in ../source_code/rtl/udp/rx_client_fifo.v(51)
HDL-5370 WARNING: parameter 'QUEUE3_s' becomes localparam in 'rx_client_fifo' with formal parameter declaration list in ../source_code/rtl/udp/rx_client_fifo.v(52)
HDL-5370 WARNING: parameter 'QUEUE_SOF_s' becomes localparam in 'rx_client_fifo' with formal parameter declaration list in ../source_code/rtl/udp/rx_client_fifo.v(53)
HDL-5370 WARNING: parameter 'SOF_s' becomes localparam in 'rx_client_fifo' with formal parameter declaration list in ../source_code/rtl/udp/rx_client_fifo.v(54)
HDL-5370 WARNING: parameter 'DATA_s' becomes localparam in 'rx_client_fifo' with formal parameter declaration list in ../source_code/rtl/udp/rx_client_fifo.v(55)
HDL-5370 WARNING: parameter 'EOF_s' becomes localparam in 'rx_client_fifo' with formal parameter declaration list in ../source_code/rtl/udp/rx_client_fifo.v(56)
HDL-5370 WARNING: parameter 'IDLE_s' becomes localparam in 'rx_client_fifo' with formal parameter declaration list in ../source_code/rtl/udp/rx_client_fifo.v(62)
HDL-5370 WARNING: parameter 'FRAME_s' becomes localparam in 'rx_client_fifo' with formal parameter declaration list in ../source_code/rtl/udp/rx_client_fifo.v(63)
HDL-5370 Similar messages will be suppressed.
HDL-1007 : analyze verilog file ../source_code/rtl/udp/temac_block.v
HDL-1007 : analyze verilog file ../source_code/rtl/udp/temac_clk_gen.v
HDL-1007 : analyze verilog file ../source_code/rtl/udp/tx_client_fifo.v
HDL-5370 WARNING: parameter 'IDLE_s' becomes localparam in 'tx_client_fifo' with formal parameter declaration list in ../source_code/rtl/udp/tx_client_fifo.v(53)
HDL-5370 WARNING: parameter 'QUEUE1_s' becomes localparam in 'tx_client_fifo' with formal parameter declaration list in ../source_code/rtl/udp/tx_client_fifo.v(54)
HDL-5370 WARNING: parameter 'QUEUE2_s' becomes localparam in 'tx_client_fifo' with formal parameter declaration list in ../source_code/rtl/udp/tx_client_fifo.v(55)
HDL-5370 WARNING: parameter 'QUEUE3_s' becomes localparam in 'tx_client_fifo' with formal parameter declaration list in ../source_code/rtl/udp/tx_client_fifo.v(56)
HDL-5370 WARNING: parameter 'QUEUE_ACK_s' becomes localparam in 'tx_client_fifo' with formal parameter declaration list in ../source_code/rtl/udp/tx_client_fifo.v(57)
HDL-5370 WARNING: parameter 'WAIT_ACK_s' becomes localparam in 'tx_client_fifo' with formal parameter declaration list in ../source_code/rtl/udp/tx_client_fifo.v(58)
HDL-5370 WARNING: parameter 'FRAME_s' becomes localparam in 'tx_client_fifo' with formal parameter declaration list in ../source_code/rtl/udp/tx_client_fifo.v(59)
HDL-5370 WARNING: parameter 'DROP_s' becomes localparam in 'tx_client_fifo' with formal parameter declaration list in ../source_code/rtl/udp/tx_client_fifo.v(60)
HDL-5370 WARNING: parameter 'RETRANSMIT_s' becomes localparam in 'tx_client_fifo' with formal parameter declaration list in ../source_code/rtl/udp/tx_client_fifo.v(61)
HDL-5370 WARNING: parameter 'WAIT_s' becomes localparam in 'tx_client_fifo' with formal parameter declaration list in ../source_code/rtl/udp/tx_client_fifo.v(67)
HDL-5370 Similar messages will be suppressed.
HDL-1007 : analyze verilog file ../source_code/rtl/udp/tx_clk_en_gen.v
HDL-1007 : analyze verilog file ../source_code/rtl/udp/udp_data_tpg.v
HDL-1007 : analyze verilog file ../source_code/rtl/udp/udp_ip_protocol_stack_merge.enc.v
HDL-1007 : back to file '../source_code/rtl/udp/udp_ip_protocol_stack_merge.enc.v' in ../source_code/rtl/udp/udp_ip_protocol_stack_merge.enc.v(56)
HDL-1007 : undeclared symbol '**', assumed default net type '**' in ../source_code/rtl/udp/udp_ip_protocol_stack_merge.enc.v(2638)
HDL-1007 : back to file '../source_code/rtl/udp/udp_ip_protocol_stack_merge.enc.v' in ../source_code/rtl/udp/udp_ip_protocol_stack_merge.enc.v(420)
HDL-1007 : analyze verilog file ../source_code/rtl/udp/udp_loopback.v
HDL-1007 : analyze verilog file al_ip/TEMAC_CORE/RTL/include/define.v
HDL-1007 : analyze verilog file al_ip/TEMAC_CORE/RTL/TEMAC_CORE_aead6cd6dadd.v
HDL-5007 WARNING: column 1032 exceeds maximum value 1023 in al_ip/TEMAC_CORE/RTL/TEMAC_CORE_aead6cd6dadd.v(30)
HDL-1007 : back to file 'al_ip/TEMAC_CORE/RTL/TEMAC_CORE_aead6cd6dadd.v' in al_ip/TEMAC_CORE/RTL/TEMAC_CORE_aead6cd6dadd.v(86)
HDL-5007 WARNING: event expressions must result in a singular type in al_ip/TEMAC_CORE/RTL/TEMAC_CORE_aead6cd6dadd.v(3001)
HDL-1007 : undeclared symbol '**', assumed default net type '**' in al_ip/TEMAC_CORE/RTL/TEMAC_CORE_aead6cd6dadd.v(5050)
HDL-1007 : undeclared symbol '**', assumed default net type '**' in al_ip/TEMAC_CORE/RTL/TEMAC_CORE_aead6cd6dadd.v(5458)
HDL-5007 WARNING: column 1035 exceeds maximum value 1023 in al_ip/TEMAC_CORE/RTL/TEMAC_CORE_aead6cd6dadd.v(6001)
HDL-1007 : back to file 'al_ip/TEMAC_CORE/RTL/TEMAC_CORE_aead6cd6dadd.v' in al_ip/TEMAC_CORE/RTL/TEMAC_CORE_aead6cd6dadd.v(260)
HDL-1007 : analyze verilog file al_ip/TEMAC_CORE/RTL/mac_core_aead6cd6dadd.v
HDL-1007 : analyze verilog file al_ip/TEMAC_CORE/TEMAC_CORE.v
HDL-1007 : analyze verilog file al_ip/pll_gen.v
HDL-1007 : undeclared symbol 'pll_gen_open0', assumed default net type 'wire' in al_ip/pll_gen.v(99)
HDL-1007 : undeclared symbol 'pll_gen_open8', assumed default net type 'wire' in al_ip/pll_gen.v(105)
HDL-1007 : undeclared symbol 'pll_gen_open7', assumed default net type 'wire' in al_ip/pll_gen.v(105)
HDL-1007 : undeclared symbol 'pll_gen_open6', assumed default net type 'wire' in al_ip/pll_gen.v(105)
HDL-1007 : undeclared symbol 'pll_gen_open5', assumed default net type 'wire' in al_ip/pll_gen.v(105)
HDL-1007 : undeclared symbol 'pll_gen_open4', assumed default net type 'wire' in al_ip/pll_gen.v(105)
HDL-1007 : undeclared symbol 'pll_gen_open3', assumed default net type 'wire' in al_ip/pll_gen.v(105)
HDL-1007 : undeclared symbol 'pll_gen_open2', assumed default net type 'wire' in al_ip/pll_gen.v(105)
HDL-1007 : undeclared symbol 'pll_gen_open1', assumed default net type 'wire' in al_ip/pll_gen.v(105)
HDL-1007 : analyze verilog file al_ip/sys_pll.v
HDL-1007 : undeclared symbol 'sys_pll_open0', assumed default net type 'wire' in al_ip/sys_pll.v(77)
HDL-1007 : undeclared symbol 'sys_pll_open1', assumed default net type 'wire' in al_ip/sys_pll.v(83)
HDL-1007 : undeclared symbol 'sys_pll_open9', assumed default net type 'wire' in al_ip/sys_pll.v(89)
HDL-1007 : undeclared symbol 'sys_pll_open8', assumed default net type 'wire' in al_ip/sys_pll.v(89)
HDL-1007 : undeclared symbol 'sys_pll_open7', assumed default net type 'wire' in al_ip/sys_pll.v(89)
HDL-1007 : undeclared symbol 'sys_pll_open6', assumed default net type 'wire' in al_ip/sys_pll.v(89)
HDL-1007 : undeclared symbol 'sys_pll_open5', assumed default net type 'wire' in al_ip/sys_pll.v(89)
HDL-1007 : undeclared symbol 'sys_pll_open4', assumed default net type 'wire' in al_ip/sys_pll.v(89)
HDL-1007 : undeclared symbol 'sys_pll_open3', assumed default net type 'wire' in al_ip/sys_pll.v(89)
HDL-1007 : undeclared symbol 'sys_pll_open2', assumed default net type 'wire' in al_ip/sys_pll.v(89)
HDL-1007 : undeclared symbol 'sys_pll_open11', assumed default net type 'wire' in al_ip/sys_pll.v(91)
HDL-1007 : undeclared symbol 'sys_pll_open10', assumed default net type 'wire' in al_ip/sys_pll.v(91)
HDL-1007 : analyze verilog file ../source_code/rtl/sd_card/ax_debounce.v
HDL-1007 : analyze verilog file ../source_code/rtl/sd_card/bmp_read.v
HDL-1007 : analyze verilog file ../source_code/rtl/sd_card/sd_card_bmp.v
HDL-1007 : analyze verilog file ../source_code/rtl/sd_card/sd_card_cmd.v
HDL-1007 : analyze verilog file ../source_code/rtl/sd_card/sd_card_sec_read_write.v
HDL-1007 : analyze verilog file ../source_code/rtl/sd_card/sd_card_top.v
HDL-1007 : analyze verilog file ../source_code/rtl/sd_card/spi_master.v
HDL-1007 : analyze verilog file ../source_code/rtl/sdram/enc_file/global_def.v
HDL-1007 : analyze verilog file ../source_code/rtl/sdram/enc_file/sdr_as_ram.enc.v
HDL-1007 : back to file '../source_code/rtl/sdram/enc_file/sdr_as_ram.enc.v' in ../source_code/rtl/sdram/enc_file/sdr_as_ram.enc.v(54)
HDL-1007 : analyze verilog file ../source_code/rtl/sdram/enc_file/sdr_wrrd.enc.v
HDL-5007 WARNING: concatenation with an unsized literal will be treated as 32 bits in ../source_code/rtl/sdram/enc_file/sdr_wrrd.enc.v(283)
HDL-1007 : back to file '../source_code/rtl/sdram/enc_file/sdr_wrrd.enc.v' in ../source_code/rtl/sdram/enc_file/sdr_wrrd.enc.v(19)
HDL-1007 : analyze verilog file ../source_code/rtl/frame_fifo/afifo_16_32_256.v
HDL-1007 : analyze verilog file ../source_code/rtl/frame_fifo/afifo_32_16_256.v
HDL-1007 : analyze verilog file ../source_code/rtl/frame_fifo/frame_fifo_read.v
HDL-1007 : analyze verilog file ../source_code/rtl/frame_fifo/frame_fifo_write.v
HDL-1007 : analyze verilog file ../source_code/rtl/frame_fifo/frame_read_write.v
HDL-1007 : analyze verilog file ../source_code/rtl/sdram/sdram.v
HDL-1007 : analyze included file ../source_code/rtl/sdram/enc_file/global_def.v in ../source_code/rtl/sdram/sdram.v(10)
HDL-1007 : back to file '../source_code/rtl/sdram/sdram.v' in ../source_code/rtl/sdram/sdram.v(10)
HDL-1007 : undeclared symbol 'SDR_CKE', assumed default net type 'wire' in ../source_code/rtl/sdram/sdram.v(89)
HDL-1007 : analyze verilog file ../source_code/rtl/sdram/enc_file/sdr_init_ref.enc.v
HDL-1007 : analyze included file ../source_code/rtl/sdram/enc_file/global_def.v in ../source_code/rtl/sdram/enc_file/sdr_init_ref.enc.v(11)
HDL-1007 : back to file '../source_code/rtl/sdram/enc_file/sdr_init_ref.enc.v' in ../source_code/rtl/sdram/enc_file/sdr_init_ref.enc.v(11)
HDL-1007 : undeclared symbol '**', assumed default net type '**' in ../source_code/rtl/sdram/enc_file/sdr_init_ref.enc.v(57)
HDL-1007 : back to file '../source_code/rtl/sdram/enc_file/sdr_init_ref.enc.v' in ../source_code/rtl/sdram/enc_file/sdr_init_ref.enc.v(149)
HDL-5007 WARNING: concatenation with an unsized literal will be treated as 32 bits in ../source_code/rtl/sdram/enc_file/sdr_init_ref.enc.v(47)
HDL-1007 : analyze verilog file ../source_code/rtl/video_timing/color_bar.v
HDL-1007 : analyze included file ../source_code/rtl/video_timing/video_define.v in ../source_code/rtl/video_timing/color_bar.v(2)
HDL-1007 : back to file '../source_code/rtl/video_timing/color_bar.v' in ../source_code/rtl/video_timing/color_bar.v(2)
HDL-1007 : analyze verilog file ../source_code/rtl/video_timing/video_delay.v
HDL-1007 : analyze verilog file ../source_code/rtl/video_timing/video_timing_data.v
HDL-1007 : analyze verilog file ../source_code/rtl/another/m_synchronization_header.v
HDL-1007 : analyze verilog file ../source_code/rtl/led.v
HDL-1007 : analyze verilog file ../source_code/rtl/ov5640/cmos_capture_data.v
HDL-1007 : analyze verilog file ../source_code/rtl/ov5640/i2c_dri.v
HDL-1007 : analyze verilog file ../source_code/rtl/ov5640/i2c_ov5640_rgb565_cfg.v
HDL-1007 : analyze verilog file ../source_code/rtl/ov5640/ov5640_delay.v
HDL-1007 : analyze verilog file ../source_code/rtl/ov5640/ov5640_dri.v
HDL-1007 : analyze verilog file al_ip/clk_wize.v
HDL-1007 : undeclared symbol 'open', assumed default net type 'wire' in al_ip/clk_wize.v(70)
HDL-1007 : analyze verilog file al_ip/ram.v
HDL-1007 : analyze verilog file ../source_code/rtl/app/addr_crt.v
HDL-1007 : analyze verilog file ../source_code/rtl/app/app.v
HDL-1007 : analyze verilog file ../source_code/rtl/app/vga_disp_rtl.v
HDL-1007 : analyze VHDL file ../source_code/rtl/hdmi_rtl/enc_file/DVITransmitter.enc.vhd
HDL-1007 : analyze entity dvitransmitter in ../source_code/rtl/hdmi_rtl/enc_file/DVITransmitter.enc.vhd(13)
HDL-1007 : analyze architecture ** in ../source_code/rtl/hdmi_rtl/enc_file/DVITransmitter.enc.vhd(2)
HDL-1007 : analyze VHDL file ../source_code/rtl/hdmi_rtl/enc_file/SerializerN_1_lvds.enc.vhd
HDL-1007 : analyze entity ** in ../source_code/rtl/hdmi_rtl/enc_file/SerializerN_1_lvds.enc.vhd(12)
HDL-1007 : analyze architecture ** in ../source_code/rtl/hdmi_rtl/enc_file/SerializerN_1_lvds.enc.vhd(25)
HDL-1007 : analyze VHDL file ../source_code/rtl/hdmi_rtl/enc_file/SerializerN_1_lvds_dat.enc.vhd
HDL-1007 : analyze entity ** in ../source_code/rtl/hdmi_rtl/enc_file/SerializerN_1_lvds_dat.enc.vhd(14)
HDL-1007 : analyze architecture ** in ../source_code/rtl/hdmi_rtl/enc_file/SerializerN_1_lvds_dat.enc.vhd(28)
HDL-1007 : analyze VHDL file ../source_code/rtl/hdmi_rtl/enc_file/TMDSEncoder.enc.vhd
HDL-1007 : analyze entity ** in ../source_code/rtl/hdmi_rtl/enc_file/TMDSEncoder.enc.vhd(13)
HDL-1007 : analyze architecture ** in ../source_code/rtl/hdmi_rtl/enc_file/TMDSEncoder.enc.vhd(24)
HDL-1007 : analyze verilog file ../source_code/rtl/hdmi_rtl/enc_file/video_tpg_1024768.enc.v
HDL-5007 WARNING: literal value ** truncated to fit in ** bits in ../source_code/rtl/hdmi_rtl/enc_file/video_tpg_1024768.enc.v(231)
HDL-1007 : back to file '../source_code/rtl/hdmi_rtl/enc_file/video_tpg_1024768.enc.v' in ../source_code/rtl/hdmi_rtl/enc_file/video_tpg_1024768.enc.v(1)
HDL-1007 : analyze verilog file ../source_code/rtl/hdmi_rtl/enc_file/video_tpg_1080p.enc.v
HDL-1007 : back to file '../source_code/rtl/hdmi_rtl/enc_file/video_tpg_1080p.enc.v' in ../source_code/rtl/hdmi_rtl/enc_file/video_tpg_1080p.enc.v(1)
HDL-1007 : analyze verilog file ../source_code/rtl/hdmi_rtl/enc_file/video_tpg_12801024p.enc.v
HDL-1007 : back to file '../source_code/rtl/hdmi_rtl/enc_file/video_tpg_12801024p.enc.v' in ../source_code/rtl/hdmi_rtl/enc_file/video_tpg_12801024p.enc.v(1)
HDL-1007 : analyze verilog file ../source_code/rtl/hdmi_rtl/enc_file/video_tpg_1280800.enc.v
HDL-5007 WARNING: literal value ** truncated to fit in ** bits in ../source_code/rtl/hdmi_rtl/enc_file/video_tpg_1280800.enc.v(233)
HDL-1007 : back to file '../source_code/rtl/hdmi_rtl/enc_file/video_tpg_1280800.enc.v' in ../source_code/rtl/hdmi_rtl/enc_file/video_tpg_1280800.enc.v(1)
HDL-1007 : analyze verilog file ../source_code/rtl/hdmi_rtl/enc_file/video_tpg_16801050p.enc.v
HDL-1007 : back to file '../source_code/rtl/hdmi_rtl/enc_file/video_tpg_16801050p.enc.v' in ../source_code/rtl/hdmi_rtl/enc_file/video_tpg_16801050p.enc.v(1)
HDL-1007 : analyze verilog file ../source_code/rtl/hdmi_rtl/enc_file/video_tpg_800600.enc.v
HDL-1007 : back to file '../source_code/rtl/hdmi_rtl/enc_file/video_tpg_800600.enc.v' in ../source_code/rtl/hdmi_rtl/enc_file/video_tpg_800600.enc.v(1)
HDL-1007 : analyze VHDL file ../source_code/rtl/hdmi_rtl/hdmi_tx.vhd
HDL-1007 : analyze entity hdmi_tx in ../source_code/rtl/hdmi_rtl/hdmi_tx.vhd(11)
HDL-1007 : analyze architecture behavioral in ../source_code/rtl/hdmi_rtl/hdmi_tx.vhd(33)
HDL-1007 : analyze verilog file ../source_code/rtl/hdmi_rtl/vga_disp_rtl.v
HDL-7201 CRITICAL-WARNING: overwrite current module 'vga_disp_rtl' in ../source_code/rtl/hdmi_rtl/vga_disp_rtl.v(1)
HDL-7307 CRITICAL-WARNING: previous definition of design element module 'vga_disp_rtl' is here. This is because multiple modules(values) with the same name are defined. Please consider rewriting code in ../source_code/rtl/app/vga_disp_rtl.v(1)
HDL-1007 : analyze verilog file ../source_code/rtl/another/fire_detect.v
HDL-1007 : analyze verilog file ../source_code/rtl/another/intrusion_detect.v
PRJ-1412 : reset_run syn_1 phy_1.
PRJ-1409 : launch_runs syn_1 phy_1  -jobs 6.
PRJ-1410 : Run syn_1 success.
RUN-1002 : start command "save_best_bits"
PRJ-1424 : The implemented result of phy_1 is saved as best result.
PRJ-1410 : Run phy_1 success.
RUN-1002 : start command "import_db D:/FPGA/workplace6_2_1/last_attempt/prj/last_attempt_Runs/phy_1/last_attempt_pr.db"
RUN-1001 : Importing database generated by Tang Dynasty, V6.2.168116.
RUN-1001 : Database version number 46207
RUN-1001 : Import flow parameters
RUN-1001 : Import netlist
PHY-1001 : Generate detailed routing grids ...
PHY-1001 : End build routing graph; 0.483316s wall, 0.437500s user + 0.093750s system = 0.531250s CPU (109.9%)

PHY-1001 : Build lut bridge;  0.087995s wall, 0.062500s user + 0.000000s system = 0.062500s CPU (71.0%)

PHY-1001 : Generate nets ...
PHY-1001 : net clk_50_dup_1 will be routed on clock mesh
PHY-1001 : clock net temac_clk will be merged with clock u_clk_gen/u_pll_0/clk0_buf
PHY-1001 : net udp_clk will be routed on clock mesh
PHY-1001 : net U3/u2_ram/SDRAM_CLK will be routed on clock mesh
PHY-1001 : net U3/u2_ram/u1_init_ref/Sdr_clk will be routed on clock mesh
PHY-1001 : clock net u_ov5640_dri/u_i2c_dr/dri_clk_syn_4 will be merged with clock u_ov5640_dri/u_i2c_dr/dri_clk
PHY-1001 : clock net u2_udp_loopback/app_tx_data_read_syn_4 will be merged with clock u2_udp_loopback/app_tx_data_read
PHY-1001 : clock net frame_read_write_m0/write_clk_syn_4 will be merged with clock frame_read_write_m0/write_clk
PHY-1001 : clock net cam_pclk_syn_4 will be merged with clock cam_pclk_dup_1
PHY-1001 : clock net sd_card_bmp_m0/bmp_read_m0/clk will be merged with clock tf0_sys_pll/clk0_buf
PHY-1001 : net u2_hdmi_tx/Inst_DVITransmitter/PCLK_I will be routed on clock mesh
PHY-1001 : clock net u2_hdmi_tx/Inst_DVITransmitter/PCLK_X5_I will be merged with clock u0_clk_wize/clk0_buf
PHY-1001 : clock net u4_trimac_block/rx_clk will be merged with clock phy1_rgmii_rx_clk_dup_1
PHY-1001 : net u4_trimac_block/u1_rgmii_interface/rgmii_txc_ddr/clk will be routed on clock mesh
PHY-1001 : eco open net = 0
PHY-1001 : 783 feed throughs used by 522 nets
RUN-1001 : Import phy database
RUN-1001 : Import timing constraints
RUN-1001 : Import IO constraints
RUN-1001 : Import Inst constraints
RUN-1001 : Import ChipWatcher
RUN-1001 : Import design success TD_VERSION=6.2.168116 , DB_VERSION=46207
RUN-1003 : finish command "import_db D:/FPGA/workplace6_2_1/last_attempt/prj/last_attempt_Runs/phy_1/last_attempt_pr.db" in  4.087169s wall, 3.703125s user + 0.515625s system = 4.218750s CPU (103.2%)

RUN-1004 : used memory is 941 MB, reserved memory is 890 MB, peak memory is 979 MB
RUN-1002 : start command "commit_param -step design"
RUN-1001 : Print Global Property
RUN-1001 : --------------------------------------------------------
RUN-1001 :   Parameters   |  Settings  |  Default Values  |  Note  
RUN-1001 : --------------------------------------------------------
RUN-1001 :   enable_seed  |    off     |       off        |        
RUN-1001 :     message    |  standard  |     standard     |        
RUN-1001 :   qor_monitor  |     on     |        on        |        
RUN-1001 :   syn_ip_flow  |    off     |       off        |        
RUN-1001 :     thread     |    auto    |       auto       |        
RUN-1001 : --------------------------------------------------------
RUN-1001 : Print Design Property
RUN-1001 : ----------------------------------------------------------------
RUN-1001 :       Parameters       |  Settings  |  Default Values  |  Note  
RUN-1001 : ----------------------------------------------------------------
RUN-1001 :   default_reg_initial  |    auto    |       auto       |        
RUN-1001 :    hdl_warning_level   |   normal   |      normal      |        
RUN-1001 : ----------------------------------------------------------------
HDL-1007 : analyze verilog file last_attempt.v
HDL-1007 : undeclared symbol 'phy_reset', assumed default net type 'wire' in last_attempt.v(167)
HDL-1007 : undeclared symbol 'VGA_HSYNC', assumed default net type 'wire' in last_attempt.v(335)
HDL-1007 : undeclared symbol 'VGA_VSYNC', assumed default net type 'wire' in last_attempt.v(336)
HDL-1007 : undeclared symbol 'rd_en', assumed default net type 'wire' in last_attempt.v(338)
HDL-1007 : undeclared symbol 'tpg_data_done', assumed default net type 'wire' in last_attempt.v(807)
HDL-1007 : undeclared symbol 'full_flag', assumed default net type 'wire' in last_attempt.v(841)
HDL-1007 : undeclared symbol 'input_local_udp_port_num', assumed default net type 'wire' in last_attempt.v(872)
HDL-1007 : undeclared symbol 'input_local_udp_port_num_valid', assumed default net type 'wire' in last_attempt.v(873)
HDL-1007 : undeclared symbol 'input_local_ip_address_valid', assumed default net type 'wire' in last_attempt.v(876)
HDL-8007 ERROR: 'intrusion_detect_en' is not declared in last_attempt.v(709)
HDL-8007 ERROR: 'intrusion_detect_en' is not declared in last_attempt.v(712)
HDL-8007 ERROR: 'intrusion_detect_en' is not declared in last_attempt.v(714)
HDL-8007 ERROR: 'intrusion_detect_en' is not declared in last_attempt.v(716)
HDL-8007 ERROR: ignore module module due to previous errors in last_attempt.v(6)
HDL-1007 : analyze VHDL file ../source_code/rtl/hdmi_rtl/enc_file/DVITransmitter.enc.vhd
HDL-1007 : analyze entity dvitransmitter in ../source_code/rtl/hdmi_rtl/enc_file/DVITransmitter.enc.vhd(13)
HDL-1007 : analyze architecture ** in ../source_code/rtl/hdmi_rtl/enc_file/DVITransmitter.enc.vhd(2)
HDL-1007 : analyze VHDL file ../source_code/rtl/hdmi_rtl/enc_file/SerializerN_1_lvds.enc.vhd
HDL-1007 : analyze entity ** in ../source_code/rtl/hdmi_rtl/enc_file/SerializerN_1_lvds.enc.vhd(12)
HDL-1007 : analyze architecture ** in ../source_code/rtl/hdmi_rtl/enc_file/SerializerN_1_lvds.enc.vhd(25)
HDL-1007 : analyze VHDL file ../source_code/rtl/hdmi_rtl/enc_file/SerializerN_1_lvds_dat.enc.vhd
HDL-1007 : analyze entity ** in ../source_code/rtl/hdmi_rtl/enc_file/SerializerN_1_lvds_dat.enc.vhd(14)
HDL-1007 : analyze architecture ** in ../source_code/rtl/hdmi_rtl/enc_file/SerializerN_1_lvds_dat.enc.vhd(28)
HDL-1007 : analyze VHDL file ../source_code/rtl/hdmi_rtl/enc_file/TMDSEncoder.enc.vhd
HDL-1007 : analyze entity ** in ../source_code/rtl/hdmi_rtl/enc_file/TMDSEncoder.enc.vhd(13)
HDL-1007 : analyze architecture ** in ../source_code/rtl/hdmi_rtl/enc_file/TMDSEncoder.enc.vhd(24)
HDL-1007 : analyze verilog file ../source_code/rtl/hdmi_rtl/enc_file/video_tpg_1024768.enc.v
HDL-5007 WARNING: literal value ** truncated to fit in ** bits in ../source_code/rtl/hdmi_rtl/enc_file/video_tpg_1024768.enc.v(231)
HDL-1007 : back to file '../source_code/rtl/hdmi_rtl/enc_file/video_tpg_1024768.enc.v' in ../source_code/rtl/hdmi_rtl/enc_file/video_tpg_1024768.enc.v(1)
HDL-1007 : analyze verilog file ../source_code/rtl/hdmi_rtl/enc_file/video_tpg_1080p.enc.v
HDL-1007 : back to file '../source_code/rtl/hdmi_rtl/enc_file/video_tpg_1080p.enc.v' in ../source_code/rtl/hdmi_rtl/enc_file/video_tpg_1080p.enc.v(1)
HDL-1007 : analyze verilog file ../source_code/rtl/hdmi_rtl/enc_file/video_tpg_12801024p.enc.v
HDL-1007 : back to file '../source_code/rtl/hdmi_rtl/enc_file/video_tpg_12801024p.enc.v' in ../source_code/rtl/hdmi_rtl/enc_file/video_tpg_12801024p.enc.v(1)
HDL-1007 : analyze verilog file ../source_code/rtl/hdmi_rtl/enc_file/video_tpg_1280800.enc.v
HDL-5007 WARNING: literal value ** truncated to fit in ** bits in ../source_code/rtl/hdmi_rtl/enc_file/video_tpg_1280800.enc.v(233)
HDL-1007 : back to file '../source_code/rtl/hdmi_rtl/enc_file/video_tpg_1280800.enc.v' in ../source_code/rtl/hdmi_rtl/enc_file/video_tpg_1280800.enc.v(1)
HDL-1007 : analyze verilog file ../source_code/rtl/hdmi_rtl/enc_file/video_tpg_16801050p.enc.v
HDL-1007 : back to file '../source_code/rtl/hdmi_rtl/enc_file/video_tpg_16801050p.enc.v' in ../source_code/rtl/hdmi_rtl/enc_file/video_tpg_16801050p.enc.v(1)
HDL-1007 : analyze verilog file ../source_code/rtl/hdmi_rtl/enc_file/video_tpg_800600.enc.v
HDL-1007 : back to file '../source_code/rtl/hdmi_rtl/enc_file/video_tpg_800600.enc.v' in ../source_code/rtl/hdmi_rtl/enc_file/video_tpg_800600.enc.v(1)
HDL-1007 : analyze VHDL file ../source_code/rtl/hdmi_rtl/hdmi_tx.vhd
HDL-1007 : analyze entity hdmi_tx in ../source_code/rtl/hdmi_rtl/hdmi_tx.vhd(11)
HDL-1007 : analyze architecture behavioral in ../source_code/rtl/hdmi_rtl/hdmi_tx.vhd(33)
HDL-1007 : analyze verilog file ../source_code/rtl/hdmi_rtl/vga_disp_rtl.v
HDL-1007 : analyze verilog file ../source_code/rtl/another/fire_detect.v
HDL-1007 : analyze verilog file ../source_code/rtl/another/intrusion_detect.v
HDL-5007 WARNING: The file last_attempt.v will not be compiled since it is not included by any other files. Set it as 'global include' if it should be compiled.
RUN-1002 : start command "commit_param -step design"
RUN-1001 : Print Global Property
RUN-1001 : --------------------------------------------------------
RUN-1001 :   Parameters   |  Settings  |  Default Values  |  Note  
RUN-1001 : --------------------------------------------------------
RUN-1001 :   enable_seed  |    off     |       off        |        
RUN-1001 :     message    |  standard  |     standard     |        
RUN-1001 :   qor_monitor  |     on     |        on        |        
RUN-1001 :   syn_ip_flow  |    off     |       off        |        
RUN-1001 :     thread     |    auto    |       auto       |        
RUN-1001 : --------------------------------------------------------
RUN-1001 : Print Design Property
RUN-1001 : ----------------------------------------------------------------
RUN-1001 :       Parameters       |  Settings  |  Default Values  |  Note  
RUN-1001 : ----------------------------------------------------------------
RUN-1001 :   default_reg_initial  |    auto    |       auto       |        
RUN-1001 :    hdl_warning_level   |   normal   |      normal      |        
RUN-1001 : ----------------------------------------------------------------
HDL-1007 : analyze verilog file last_attempt.v
HDL-1007 : undeclared symbol 'phy_reset', assumed default net type 'wire' in last_attempt.v(167)
HDL-1007 : undeclared symbol 'VGA_HSYNC', assumed default net type 'wire' in last_attempt.v(335)
HDL-1007 : undeclared symbol 'VGA_VSYNC', assumed default net type 'wire' in last_attempt.v(336)
HDL-1007 : undeclared symbol 'rd_en', assumed default net type 'wire' in last_attempt.v(338)
HDL-1007 : undeclared symbol 'tpg_data_done', assumed default net type 'wire' in last_attempt.v(807)
HDL-1007 : undeclared symbol 'full_flag', assumed default net type 'wire' in last_attempt.v(841)
HDL-1007 : undeclared symbol 'input_local_udp_port_num', assumed default net type 'wire' in last_attempt.v(872)
HDL-1007 : undeclared symbol 'input_local_udp_port_num_valid', assumed default net type 'wire' in last_attempt.v(873)
HDL-1007 : undeclared symbol 'input_local_ip_address_valid', assumed default net type 'wire' in last_attempt.v(876)
HDL-1007 : analyze verilog file ../source_code/rtl/udp/BUFGMUX.v
HDL-1007 : analyze verilog file ../source_code/rtl/udp/IDDR.v
HDL-1007 : analyze verilog file ../source_code/rtl/udp/ODDR.v
HDL-1007 : analyze verilog file ../source_code/rtl/udp/RAMB16_S9_S9.v
HDL-1007 : undeclared symbol 'open', assumed default net type 'wire' in ../source_code/rtl/udp/RAMB16_S9_S9.v(109)
HDL-1007 : analyze verilog file ../source_code/rtl/udp/clk_gen_rst_gen.v
HDL-1007 : analyze verilog file ../source_code/rtl/udp/div_clk_gen.v
HDL-1007 : analyze verilog file ../source_code/rtl/udp/rgmii_interface.v
HDL-1007 : analyze verilog file ../source_code/rtl/udp/rx_client_fifo.v
HDL-5370 WARNING: parameter 'WAIT_s' becomes localparam in 'rx_client_fifo' with formal parameter declaration list in ../source_code/rtl/udp/rx_client_fifo.v(49)
HDL-5370 WARNING: parameter 'QUEUE1_s' becomes localparam in 'rx_client_fifo' with formal parameter declaration list in ../source_code/rtl/udp/rx_client_fifo.v(50)
HDL-5370 WARNING: parameter 'QUEUE2_s' becomes localparam in 'rx_client_fifo' with formal parameter declaration list in ../source_code/rtl/udp/rx_client_fifo.v(51)
HDL-5370 WARNING: parameter 'QUEUE3_s' becomes localparam in 'rx_client_fifo' with formal parameter declaration list in ../source_code/rtl/udp/rx_client_fifo.v(52)
HDL-5370 WARNING: parameter 'QUEUE_SOF_s' becomes localparam in 'rx_client_fifo' with formal parameter declaration list in ../source_code/rtl/udp/rx_client_fifo.v(53)
HDL-5370 WARNING: parameter 'SOF_s' becomes localparam in 'rx_client_fifo' with formal parameter declaration list in ../source_code/rtl/udp/rx_client_fifo.v(54)
HDL-5370 WARNING: parameter 'DATA_s' becomes localparam in 'rx_client_fifo' with formal parameter declaration list in ../source_code/rtl/udp/rx_client_fifo.v(55)
HDL-5370 WARNING: parameter 'EOF_s' becomes localparam in 'rx_client_fifo' with formal parameter declaration list in ../source_code/rtl/udp/rx_client_fifo.v(56)
HDL-5370 WARNING: parameter 'IDLE_s' becomes localparam in 'rx_client_fifo' with formal parameter declaration list in ../source_code/rtl/udp/rx_client_fifo.v(62)
HDL-5370 WARNING: parameter 'FRAME_s' becomes localparam in 'rx_client_fifo' with formal parameter declaration list in ../source_code/rtl/udp/rx_client_fifo.v(63)
HDL-5370 Similar messages will be suppressed.
HDL-1007 : analyze verilog file ../source_code/rtl/udp/temac_block.v
HDL-1007 : analyze verilog file ../source_code/rtl/udp/temac_clk_gen.v
HDL-1007 : analyze verilog file ../source_code/rtl/udp/tx_client_fifo.v
HDL-5370 WARNING: parameter 'IDLE_s' becomes localparam in 'tx_client_fifo' with formal parameter declaration list in ../source_code/rtl/udp/tx_client_fifo.v(53)
HDL-5370 WARNING: parameter 'QUEUE1_s' becomes localparam in 'tx_client_fifo' with formal parameter declaration list in ../source_code/rtl/udp/tx_client_fifo.v(54)
HDL-5370 WARNING: parameter 'QUEUE2_s' becomes localparam in 'tx_client_fifo' with formal parameter declaration list in ../source_code/rtl/udp/tx_client_fifo.v(55)
HDL-5370 WARNING: parameter 'QUEUE3_s' becomes localparam in 'tx_client_fifo' with formal parameter declaration list in ../source_code/rtl/udp/tx_client_fifo.v(56)
HDL-5370 WARNING: parameter 'QUEUE_ACK_s' becomes localparam in 'tx_client_fifo' with formal parameter declaration list in ../source_code/rtl/udp/tx_client_fifo.v(57)
HDL-5370 WARNING: parameter 'WAIT_ACK_s' becomes localparam in 'tx_client_fifo' with formal parameter declaration list in ../source_code/rtl/udp/tx_client_fifo.v(58)
HDL-5370 WARNING: parameter 'FRAME_s' becomes localparam in 'tx_client_fifo' with formal parameter declaration list in ../source_code/rtl/udp/tx_client_fifo.v(59)
HDL-5370 WARNING: parameter 'DROP_s' becomes localparam in 'tx_client_fifo' with formal parameter declaration list in ../source_code/rtl/udp/tx_client_fifo.v(60)
HDL-5370 WARNING: parameter 'RETRANSMIT_s' becomes localparam in 'tx_client_fifo' with formal parameter declaration list in ../source_code/rtl/udp/tx_client_fifo.v(61)
HDL-5370 WARNING: parameter 'WAIT_s' becomes localparam in 'tx_client_fifo' with formal parameter declaration list in ../source_code/rtl/udp/tx_client_fifo.v(67)
HDL-5370 Similar messages will be suppressed.
HDL-1007 : analyze verilog file ../source_code/rtl/udp/tx_clk_en_gen.v
HDL-1007 : analyze verilog file ../source_code/rtl/udp/udp_data_tpg.v
HDL-1007 : analyze verilog file ../source_code/rtl/udp/udp_ip_protocol_stack_merge.enc.v
HDL-1007 : back to file '../source_code/rtl/udp/udp_ip_protocol_stack_merge.enc.v' in ../source_code/rtl/udp/udp_ip_protocol_stack_merge.enc.v(56)
HDL-1007 : undeclared symbol '**', assumed default net type '**' in ../source_code/rtl/udp/udp_ip_protocol_stack_merge.enc.v(2638)
HDL-1007 : back to file '../source_code/rtl/udp/udp_ip_protocol_stack_merge.enc.v' in ../source_code/rtl/udp/udp_ip_protocol_stack_merge.enc.v(420)
HDL-1007 : analyze verilog file ../source_code/rtl/udp/udp_loopback.v
HDL-1007 : analyze verilog file al_ip/TEMAC_CORE/RTL/include/define.v
HDL-1007 : analyze verilog file al_ip/TEMAC_CORE/RTL/TEMAC_CORE_aead6cd6dadd.v
HDL-5007 WARNING: column 1032 exceeds maximum value 1023 in al_ip/TEMAC_CORE/RTL/TEMAC_CORE_aead6cd6dadd.v(30)
HDL-1007 : back to file 'al_ip/TEMAC_CORE/RTL/TEMAC_CORE_aead6cd6dadd.v' in al_ip/TEMAC_CORE/RTL/TEMAC_CORE_aead6cd6dadd.v(86)
HDL-5007 WARNING: event expressions must result in a singular type in al_ip/TEMAC_CORE/RTL/TEMAC_CORE_aead6cd6dadd.v(3001)
HDL-1007 : undeclared symbol '**', assumed default net type '**' in al_ip/TEMAC_CORE/RTL/TEMAC_CORE_aead6cd6dadd.v(5050)
HDL-1007 : undeclared symbol '**', assumed default net type '**' in al_ip/TEMAC_CORE/RTL/TEMAC_CORE_aead6cd6dadd.v(5458)
HDL-5007 WARNING: column 1035 exceeds maximum value 1023 in al_ip/TEMAC_CORE/RTL/TEMAC_CORE_aead6cd6dadd.v(6001)
HDL-1007 : back to file 'al_ip/TEMAC_CORE/RTL/TEMAC_CORE_aead6cd6dadd.v' in al_ip/TEMAC_CORE/RTL/TEMAC_CORE_aead6cd6dadd.v(260)
HDL-1007 : analyze verilog file al_ip/TEMAC_CORE/RTL/mac_core_aead6cd6dadd.v
HDL-1007 : analyze verilog file al_ip/TEMAC_CORE/TEMAC_CORE.v
HDL-1007 : analyze verilog file al_ip/pll_gen.v
HDL-1007 : undeclared symbol 'pll_gen_open0', assumed default net type 'wire' in al_ip/pll_gen.v(99)
HDL-1007 : undeclared symbol 'pll_gen_open8', assumed default net type 'wire' in al_ip/pll_gen.v(105)
HDL-1007 : undeclared symbol 'pll_gen_open7', assumed default net type 'wire' in al_ip/pll_gen.v(105)
HDL-1007 : undeclared symbol 'pll_gen_open6', assumed default net type 'wire' in al_ip/pll_gen.v(105)
HDL-1007 : undeclared symbol 'pll_gen_open5', assumed default net type 'wire' in al_ip/pll_gen.v(105)
HDL-1007 : undeclared symbol 'pll_gen_open4', assumed default net type 'wire' in al_ip/pll_gen.v(105)
HDL-1007 : undeclared symbol 'pll_gen_open3', assumed default net type 'wire' in al_ip/pll_gen.v(105)
HDL-1007 : undeclared symbol 'pll_gen_open2', assumed default net type 'wire' in al_ip/pll_gen.v(105)
HDL-1007 : undeclared symbol 'pll_gen_open1', assumed default net type 'wire' in al_ip/pll_gen.v(105)
HDL-1007 : analyze verilog file al_ip/sys_pll.v
HDL-1007 : undeclared symbol 'sys_pll_open0', assumed default net type 'wire' in al_ip/sys_pll.v(77)
HDL-1007 : undeclared symbol 'sys_pll_open1', assumed default net type 'wire' in al_ip/sys_pll.v(83)
HDL-1007 : undeclared symbol 'sys_pll_open9', assumed default net type 'wire' in al_ip/sys_pll.v(89)
HDL-1007 : undeclared symbol 'sys_pll_open8', assumed default net type 'wire' in al_ip/sys_pll.v(89)
HDL-1007 : undeclared symbol 'sys_pll_open7', assumed default net type 'wire' in al_ip/sys_pll.v(89)
HDL-1007 : undeclared symbol 'sys_pll_open6', assumed default net type 'wire' in al_ip/sys_pll.v(89)
HDL-1007 : undeclared symbol 'sys_pll_open5', assumed default net type 'wire' in al_ip/sys_pll.v(89)
HDL-1007 : undeclared symbol 'sys_pll_open4', assumed default net type 'wire' in al_ip/sys_pll.v(89)
HDL-1007 : undeclared symbol 'sys_pll_open3', assumed default net type 'wire' in al_ip/sys_pll.v(89)
HDL-1007 : undeclared symbol 'sys_pll_open2', assumed default net type 'wire' in al_ip/sys_pll.v(89)
HDL-1007 : undeclared symbol 'sys_pll_open11', assumed default net type 'wire' in al_ip/sys_pll.v(91)
HDL-1007 : undeclared symbol 'sys_pll_open10', assumed default net type 'wire' in al_ip/sys_pll.v(91)
HDL-1007 : analyze verilog file ../source_code/rtl/sd_card/ax_debounce.v
HDL-1007 : analyze verilog file ../source_code/rtl/sd_card/bmp_read.v
HDL-1007 : analyze verilog file ../source_code/rtl/sd_card/sd_card_bmp.v
HDL-1007 : analyze verilog file ../source_code/rtl/sd_card/sd_card_cmd.v
HDL-1007 : analyze verilog file ../source_code/rtl/sd_card/sd_card_sec_read_write.v
HDL-1007 : analyze verilog file ../source_code/rtl/sd_card/sd_card_top.v
HDL-1007 : analyze verilog file ../source_code/rtl/sd_card/spi_master.v
HDL-1007 : analyze verilog file ../source_code/rtl/sdram/enc_file/global_def.v
HDL-1007 : analyze verilog file ../source_code/rtl/sdram/enc_file/sdr_as_ram.enc.v
HDL-1007 : back to file '../source_code/rtl/sdram/enc_file/sdr_as_ram.enc.v' in ../source_code/rtl/sdram/enc_file/sdr_as_ram.enc.v(54)
HDL-1007 : analyze verilog file ../source_code/rtl/sdram/enc_file/sdr_wrrd.enc.v
HDL-5007 WARNING: concatenation with an unsized literal will be treated as 32 bits in ../source_code/rtl/sdram/enc_file/sdr_wrrd.enc.v(283)
HDL-1007 : back to file '../source_code/rtl/sdram/enc_file/sdr_wrrd.enc.v' in ../source_code/rtl/sdram/enc_file/sdr_wrrd.enc.v(19)
HDL-1007 : analyze verilog file ../source_code/rtl/frame_fifo/afifo_16_32_256.v
HDL-1007 : analyze verilog file ../source_code/rtl/frame_fifo/afifo_32_16_256.v
HDL-1007 : analyze verilog file ../source_code/rtl/frame_fifo/frame_fifo_read.v
HDL-1007 : analyze verilog file ../source_code/rtl/frame_fifo/frame_fifo_write.v
HDL-1007 : analyze verilog file ../source_code/rtl/frame_fifo/frame_read_write.v
HDL-1007 : analyze verilog file ../source_code/rtl/sdram/sdram.v
HDL-1007 : analyze included file ../source_code/rtl/sdram/enc_file/global_def.v in ../source_code/rtl/sdram/sdram.v(10)
HDL-1007 : back to file '../source_code/rtl/sdram/sdram.v' in ../source_code/rtl/sdram/sdram.v(10)
HDL-1007 : undeclared symbol 'SDR_CKE', assumed default net type 'wire' in ../source_code/rtl/sdram/sdram.v(89)
HDL-1007 : analyze verilog file ../source_code/rtl/sdram/enc_file/sdr_init_ref.enc.v
HDL-1007 : analyze included file ../source_code/rtl/sdram/enc_file/global_def.v in ../source_code/rtl/sdram/enc_file/sdr_init_ref.enc.v(11)
HDL-1007 : back to file '../source_code/rtl/sdram/enc_file/sdr_init_ref.enc.v' in ../source_code/rtl/sdram/enc_file/sdr_init_ref.enc.v(11)
HDL-1007 : undeclared symbol '**', assumed default net type '**' in ../source_code/rtl/sdram/enc_file/sdr_init_ref.enc.v(57)
HDL-1007 : back to file '../source_code/rtl/sdram/enc_file/sdr_init_ref.enc.v' in ../source_code/rtl/sdram/enc_file/sdr_init_ref.enc.v(149)
HDL-5007 WARNING: concatenation with an unsized literal will be treated as 32 bits in ../source_code/rtl/sdram/enc_file/sdr_init_ref.enc.v(47)
HDL-1007 : analyze verilog file ../source_code/rtl/video_timing/color_bar.v
HDL-1007 : analyze included file ../source_code/rtl/video_timing/video_define.v in ../source_code/rtl/video_timing/color_bar.v(2)
HDL-1007 : back to file '../source_code/rtl/video_timing/color_bar.v' in ../source_code/rtl/video_timing/color_bar.v(2)
HDL-1007 : analyze verilog file ../source_code/rtl/video_timing/video_delay.v
HDL-1007 : analyze verilog file ../source_code/rtl/video_timing/video_timing_data.v
HDL-1007 : analyze verilog file ../source_code/rtl/another/m_synchronization_header.v
HDL-1007 : analyze verilog file ../source_code/rtl/led.v
HDL-1007 : analyze verilog file ../source_code/rtl/ov5640/cmos_capture_data.v
HDL-1007 : analyze verilog file ../source_code/rtl/ov5640/i2c_dri.v
HDL-1007 : analyze verilog file ../source_code/rtl/ov5640/i2c_ov5640_rgb565_cfg.v
HDL-1007 : analyze verilog file ../source_code/rtl/ov5640/ov5640_delay.v
HDL-1007 : analyze verilog file ../source_code/rtl/ov5640/ov5640_dri.v
HDL-1007 : analyze verilog file al_ip/clk_wize.v
HDL-1007 : undeclared symbol 'open', assumed default net type 'wire' in al_ip/clk_wize.v(70)
HDL-1007 : analyze verilog file al_ip/ram.v
HDL-1007 : analyze verilog file ../source_code/rtl/app/addr_crt.v
HDL-1007 : analyze verilog file ../source_code/rtl/app/app.v
HDL-1007 : analyze verilog file ../source_code/rtl/app/vga_disp_rtl.v
HDL-1007 : analyze VHDL file ../source_code/rtl/hdmi_rtl/enc_file/DVITransmitter.enc.vhd
HDL-1007 : analyze entity dvitransmitter in ../source_code/rtl/hdmi_rtl/enc_file/DVITransmitter.enc.vhd(13)
HDL-1007 : analyze architecture ** in ../source_code/rtl/hdmi_rtl/enc_file/DVITransmitter.enc.vhd(2)
HDL-1007 : analyze VHDL file ../source_code/rtl/hdmi_rtl/enc_file/SerializerN_1_lvds.enc.vhd
HDL-1007 : analyze entity ** in ../source_code/rtl/hdmi_rtl/enc_file/SerializerN_1_lvds.enc.vhd(12)
HDL-1007 : analyze architecture ** in ../source_code/rtl/hdmi_rtl/enc_file/SerializerN_1_lvds.enc.vhd(25)
HDL-1007 : analyze VHDL file ../source_code/rtl/hdmi_rtl/enc_file/SerializerN_1_lvds_dat.enc.vhd
HDL-1007 : analyze entity ** in ../source_code/rtl/hdmi_rtl/enc_file/SerializerN_1_lvds_dat.enc.vhd(14)
HDL-1007 : analyze architecture ** in ../source_code/rtl/hdmi_rtl/enc_file/SerializerN_1_lvds_dat.enc.vhd(28)
HDL-1007 : analyze VHDL file ../source_code/rtl/hdmi_rtl/enc_file/TMDSEncoder.enc.vhd
HDL-1007 : analyze entity ** in ../source_code/rtl/hdmi_rtl/enc_file/TMDSEncoder.enc.vhd(13)
HDL-1007 : analyze architecture ** in ../source_code/rtl/hdmi_rtl/enc_file/TMDSEncoder.enc.vhd(24)
HDL-1007 : analyze verilog file ../source_code/rtl/hdmi_rtl/enc_file/video_tpg_1024768.enc.v
HDL-5007 WARNING: literal value ** truncated to fit in ** bits in ../source_code/rtl/hdmi_rtl/enc_file/video_tpg_1024768.enc.v(231)
HDL-1007 : back to file '../source_code/rtl/hdmi_rtl/enc_file/video_tpg_1024768.enc.v' in ../source_code/rtl/hdmi_rtl/enc_file/video_tpg_1024768.enc.v(1)
HDL-1007 : analyze verilog file ../source_code/rtl/hdmi_rtl/enc_file/video_tpg_1080p.enc.v
HDL-1007 : back to file '../source_code/rtl/hdmi_rtl/enc_file/video_tpg_1080p.enc.v' in ../source_code/rtl/hdmi_rtl/enc_file/video_tpg_1080p.enc.v(1)
HDL-1007 : analyze verilog file ../source_code/rtl/hdmi_rtl/enc_file/video_tpg_12801024p.enc.v
HDL-1007 : back to file '../source_code/rtl/hdmi_rtl/enc_file/video_tpg_12801024p.enc.v' in ../source_code/rtl/hdmi_rtl/enc_file/video_tpg_12801024p.enc.v(1)
HDL-1007 : analyze verilog file ../source_code/rtl/hdmi_rtl/enc_file/video_tpg_1280800.enc.v
HDL-5007 WARNING: literal value ** truncated to fit in ** bits in ../source_code/rtl/hdmi_rtl/enc_file/video_tpg_1280800.enc.v(233)
HDL-1007 : back to file '../source_code/rtl/hdmi_rtl/enc_file/video_tpg_1280800.enc.v' in ../source_code/rtl/hdmi_rtl/enc_file/video_tpg_1280800.enc.v(1)
HDL-1007 : analyze verilog file ../source_code/rtl/hdmi_rtl/enc_file/video_tpg_16801050p.enc.v
HDL-1007 : back to file '../source_code/rtl/hdmi_rtl/enc_file/video_tpg_16801050p.enc.v' in ../source_code/rtl/hdmi_rtl/enc_file/video_tpg_16801050p.enc.v(1)
HDL-1007 : analyze verilog file ../source_code/rtl/hdmi_rtl/enc_file/video_tpg_800600.enc.v
HDL-1007 : back to file '../source_code/rtl/hdmi_rtl/enc_file/video_tpg_800600.enc.v' in ../source_code/rtl/hdmi_rtl/enc_file/video_tpg_800600.enc.v(1)
HDL-1007 : analyze VHDL file ../source_code/rtl/hdmi_rtl/hdmi_tx.vhd
HDL-1007 : analyze entity hdmi_tx in ../source_code/rtl/hdmi_rtl/hdmi_tx.vhd(11)
HDL-1007 : analyze architecture behavioral in ../source_code/rtl/hdmi_rtl/hdmi_tx.vhd(33)
HDL-1007 : analyze verilog file ../source_code/rtl/hdmi_rtl/vga_disp_rtl.v
HDL-7201 CRITICAL-WARNING: overwrite current module 'vga_disp_rtl' in ../source_code/rtl/hdmi_rtl/vga_disp_rtl.v(1)
HDL-7307 CRITICAL-WARNING: previous definition of design element module 'vga_disp_rtl' is here. This is because multiple modules(values) with the same name are defined. Please consider rewriting code in ../source_code/rtl/app/vga_disp_rtl.v(1)
HDL-1007 : analyze verilog file ../source_code/rtl/another/fire_detect.v
HDL-1007 : analyze verilog file ../source_code/rtl/another/intrusion_detect.v
RUN-1002 : start command "commit_param -step design"
RUN-1001 : Print Global Property
RUN-1001 : --------------------------------------------------------
RUN-1001 :   Parameters   |  Settings  |  Default Values  |  Note  
RUN-1001 : --------------------------------------------------------
RUN-1001 :   enable_seed  |    off     |       off        |        
RUN-1001 :     message    |  standard  |     standard     |        
RUN-1001 :   qor_monitor  |     on     |        on        |        
RUN-1001 :   syn_ip_flow  |    off     |       off        |        
RUN-1001 :     thread     |    auto    |       auto       |        
RUN-1001 : --------------------------------------------------------
RUN-1001 : Print Design Property
RUN-1001 : ----------------------------------------------------------------
RUN-1001 :       Parameters       |  Settings  |  Default Values  |  Note  
RUN-1001 : ----------------------------------------------------------------
RUN-1001 :   default_reg_initial  |    auto    |       auto       |        
RUN-1001 :    hdl_warning_level   |   normal   |      normal      |        
RUN-1001 : ----------------------------------------------------------------
HDL-1007 : analyze verilog file last_attempt.v
HDL-1007 : undeclared symbol 'phy_reset', assumed default net type 'wire' in last_attempt.v(167)
HDL-1007 : undeclared symbol 'VGA_HSYNC', assumed default net type 'wire' in last_attempt.v(335)
HDL-1007 : undeclared symbol 'VGA_VSYNC', assumed default net type 'wire' in last_attempt.v(336)
HDL-1007 : undeclared symbol 'rd_en', assumed default net type 'wire' in last_attempt.v(338)
HDL-1007 : undeclared symbol 'tpg_data_done', assumed default net type 'wire' in last_attempt.v(804)
HDL-1007 : undeclared symbol 'full_flag', assumed default net type 'wire' in last_attempt.v(838)
HDL-1007 : undeclared symbol 'input_local_udp_port_num', assumed default net type 'wire' in last_attempt.v(869)
HDL-1007 : undeclared symbol 'input_local_udp_port_num_valid', assumed default net type 'wire' in last_attempt.v(870)
HDL-1007 : undeclared symbol 'input_local_ip_address_valid', assumed default net type 'wire' in last_attempt.v(873)
HDL-1007 : analyze verilog file ../source_code/rtl/udp/BUFGMUX.v
HDL-1007 : analyze verilog file ../source_code/rtl/udp/IDDR.v
HDL-1007 : analyze verilog file ../source_code/rtl/udp/ODDR.v
HDL-1007 : analyze verilog file ../source_code/rtl/udp/RAMB16_S9_S9.v
HDL-1007 : undeclared symbol 'open', assumed default net type 'wire' in ../source_code/rtl/udp/RAMB16_S9_S9.v(109)
HDL-1007 : analyze verilog file ../source_code/rtl/udp/clk_gen_rst_gen.v
HDL-1007 : analyze verilog file ../source_code/rtl/udp/div_clk_gen.v
HDL-1007 : analyze verilog file ../source_code/rtl/udp/rgmii_interface.v
HDL-1007 : analyze verilog file ../source_code/rtl/udp/rx_client_fifo.v
HDL-5370 WARNING: parameter 'WAIT_s' becomes localparam in 'rx_client_fifo' with formal parameter declaration list in ../source_code/rtl/udp/rx_client_fifo.v(49)
HDL-5370 WARNING: parameter 'QUEUE1_s' becomes localparam in 'rx_client_fifo' with formal parameter declaration list in ../source_code/rtl/udp/rx_client_fifo.v(50)
HDL-5370 WARNING: parameter 'QUEUE2_s' becomes localparam in 'rx_client_fifo' with formal parameter declaration list in ../source_code/rtl/udp/rx_client_fifo.v(51)
HDL-5370 WARNING: parameter 'QUEUE3_s' becomes localparam in 'rx_client_fifo' with formal parameter declaration list in ../source_code/rtl/udp/rx_client_fifo.v(52)
HDL-5370 WARNING: parameter 'QUEUE_SOF_s' becomes localparam in 'rx_client_fifo' with formal parameter declaration list in ../source_code/rtl/udp/rx_client_fifo.v(53)
HDL-5370 WARNING: parameter 'SOF_s' becomes localparam in 'rx_client_fifo' with formal parameter declaration list in ../source_code/rtl/udp/rx_client_fifo.v(54)
HDL-5370 WARNING: parameter 'DATA_s' becomes localparam in 'rx_client_fifo' with formal parameter declaration list in ../source_code/rtl/udp/rx_client_fifo.v(55)
HDL-5370 WARNING: parameter 'EOF_s' becomes localparam in 'rx_client_fifo' with formal parameter declaration list in ../source_code/rtl/udp/rx_client_fifo.v(56)
HDL-5370 WARNING: parameter 'IDLE_s' becomes localparam in 'rx_client_fifo' with formal parameter declaration list in ../source_code/rtl/udp/rx_client_fifo.v(62)
HDL-5370 WARNING: parameter 'FRAME_s' becomes localparam in 'rx_client_fifo' with formal parameter declaration list in ../source_code/rtl/udp/rx_client_fifo.v(63)
HDL-5370 Similar messages will be suppressed.
HDL-1007 : analyze verilog file ../source_code/rtl/udp/temac_block.v
HDL-1007 : analyze verilog file ../source_code/rtl/udp/temac_clk_gen.v
HDL-1007 : analyze verilog file ../source_code/rtl/udp/tx_client_fifo.v
HDL-5370 WARNING: parameter 'IDLE_s' becomes localparam in 'tx_client_fifo' with formal parameter declaration list in ../source_code/rtl/udp/tx_client_fifo.v(53)
HDL-5370 WARNING: parameter 'QUEUE1_s' becomes localparam in 'tx_client_fifo' with formal parameter declaration list in ../source_code/rtl/udp/tx_client_fifo.v(54)
HDL-5370 WARNING: parameter 'QUEUE2_s' becomes localparam in 'tx_client_fifo' with formal parameter declaration list in ../source_code/rtl/udp/tx_client_fifo.v(55)
HDL-5370 WARNING: parameter 'QUEUE3_s' becomes localparam in 'tx_client_fifo' with formal parameter declaration list in ../source_code/rtl/udp/tx_client_fifo.v(56)
HDL-5370 WARNING: parameter 'QUEUE_ACK_s' becomes localparam in 'tx_client_fifo' with formal parameter declaration list in ../source_code/rtl/udp/tx_client_fifo.v(57)
HDL-5370 WARNING: parameter 'WAIT_ACK_s' becomes localparam in 'tx_client_fifo' with formal parameter declaration list in ../source_code/rtl/udp/tx_client_fifo.v(58)
HDL-5370 WARNING: parameter 'FRAME_s' becomes localparam in 'tx_client_fifo' with formal parameter declaration list in ../source_code/rtl/udp/tx_client_fifo.v(59)
HDL-5370 WARNING: parameter 'DROP_s' becomes localparam in 'tx_client_fifo' with formal parameter declaration list in ../source_code/rtl/udp/tx_client_fifo.v(60)
HDL-5370 WARNING: parameter 'RETRANSMIT_s' becomes localparam in 'tx_client_fifo' with formal parameter declaration list in ../source_code/rtl/udp/tx_client_fifo.v(61)
HDL-5370 WARNING: parameter 'WAIT_s' becomes localparam in 'tx_client_fifo' with formal parameter declaration list in ../source_code/rtl/udp/tx_client_fifo.v(67)
HDL-5370 Similar messages will be suppressed.
HDL-1007 : analyze verilog file ../source_code/rtl/udp/tx_clk_en_gen.v
HDL-1007 : analyze verilog file ../source_code/rtl/udp/udp_data_tpg.v
HDL-1007 : analyze verilog file ../source_code/rtl/udp/udp_ip_protocol_stack_merge.enc.v
HDL-1007 : back to file '../source_code/rtl/udp/udp_ip_protocol_stack_merge.enc.v' in ../source_code/rtl/udp/udp_ip_protocol_stack_merge.enc.v(56)
HDL-1007 : undeclared symbol '**', assumed default net type '**' in ../source_code/rtl/udp/udp_ip_protocol_stack_merge.enc.v(2638)
HDL-1007 : back to file '../source_code/rtl/udp/udp_ip_protocol_stack_merge.enc.v' in ../source_code/rtl/udp/udp_ip_protocol_stack_merge.enc.v(420)
HDL-1007 : analyze verilog file ../source_code/rtl/udp/udp_loopback.v
HDL-1007 : analyze verilog file al_ip/TEMAC_CORE/RTL/include/define.v
HDL-1007 : analyze verilog file al_ip/TEMAC_CORE/RTL/TEMAC_CORE_aead6cd6dadd.v
HDL-5007 WARNING: column 1032 exceeds maximum value 1023 in al_ip/TEMAC_CORE/RTL/TEMAC_CORE_aead6cd6dadd.v(30)
HDL-1007 : back to file 'al_ip/TEMAC_CORE/RTL/TEMAC_CORE_aead6cd6dadd.v' in al_ip/TEMAC_CORE/RTL/TEMAC_CORE_aead6cd6dadd.v(86)
HDL-5007 WARNING: event expressions must result in a singular type in al_ip/TEMAC_CORE/RTL/TEMAC_CORE_aead6cd6dadd.v(3001)
HDL-1007 : undeclared symbol '**', assumed default net type '**' in al_ip/TEMAC_CORE/RTL/TEMAC_CORE_aead6cd6dadd.v(5050)
HDL-1007 : undeclared symbol '**', assumed default net type '**' in al_ip/TEMAC_CORE/RTL/TEMAC_CORE_aead6cd6dadd.v(5458)
HDL-5007 WARNING: column 1035 exceeds maximum value 1023 in al_ip/TEMAC_CORE/RTL/TEMAC_CORE_aead6cd6dadd.v(6001)
HDL-1007 : back to file 'al_ip/TEMAC_CORE/RTL/TEMAC_CORE_aead6cd6dadd.v' in al_ip/TEMAC_CORE/RTL/TEMAC_CORE_aead6cd6dadd.v(260)
HDL-1007 : analyze verilog file al_ip/TEMAC_CORE/RTL/mac_core_aead6cd6dadd.v
HDL-1007 : analyze verilog file al_ip/TEMAC_CORE/TEMAC_CORE.v
HDL-1007 : analyze verilog file al_ip/pll_gen.v
HDL-1007 : undeclared symbol 'pll_gen_open0', assumed default net type 'wire' in al_ip/pll_gen.v(99)
HDL-1007 : undeclared symbol 'pll_gen_open8', assumed default net type 'wire' in al_ip/pll_gen.v(105)
HDL-1007 : undeclared symbol 'pll_gen_open7', assumed default net type 'wire' in al_ip/pll_gen.v(105)
HDL-1007 : undeclared symbol 'pll_gen_open6', assumed default net type 'wire' in al_ip/pll_gen.v(105)
HDL-1007 : undeclared symbol 'pll_gen_open5', assumed default net type 'wire' in al_ip/pll_gen.v(105)
HDL-1007 : undeclared symbol 'pll_gen_open4', assumed default net type 'wire' in al_ip/pll_gen.v(105)
HDL-1007 : undeclared symbol 'pll_gen_open3', assumed default net type 'wire' in al_ip/pll_gen.v(105)
HDL-1007 : undeclared symbol 'pll_gen_open2', assumed default net type 'wire' in al_ip/pll_gen.v(105)
HDL-1007 : undeclared symbol 'pll_gen_open1', assumed default net type 'wire' in al_ip/pll_gen.v(105)
HDL-1007 : analyze verilog file al_ip/sys_pll.v
HDL-1007 : undeclared symbol 'sys_pll_open0', assumed default net type 'wire' in al_ip/sys_pll.v(77)
HDL-1007 : undeclared symbol 'sys_pll_open1', assumed default net type 'wire' in al_ip/sys_pll.v(83)
HDL-1007 : undeclared symbol 'sys_pll_open9', assumed default net type 'wire' in al_ip/sys_pll.v(89)
HDL-1007 : undeclared symbol 'sys_pll_open8', assumed default net type 'wire' in al_ip/sys_pll.v(89)
HDL-1007 : undeclared symbol 'sys_pll_open7', assumed default net type 'wire' in al_ip/sys_pll.v(89)
HDL-1007 : undeclared symbol 'sys_pll_open6', assumed default net type 'wire' in al_ip/sys_pll.v(89)
HDL-1007 : undeclared symbol 'sys_pll_open5', assumed default net type 'wire' in al_ip/sys_pll.v(89)
HDL-1007 : undeclared symbol 'sys_pll_open4', assumed default net type 'wire' in al_ip/sys_pll.v(89)
HDL-1007 : undeclared symbol 'sys_pll_open3', assumed default net type 'wire' in al_ip/sys_pll.v(89)
HDL-1007 : undeclared symbol 'sys_pll_open2', assumed default net type 'wire' in al_ip/sys_pll.v(89)
HDL-1007 : undeclared symbol 'sys_pll_open11', assumed default net type 'wire' in al_ip/sys_pll.v(91)
HDL-1007 : undeclared symbol 'sys_pll_open10', assumed default net type 'wire' in al_ip/sys_pll.v(91)
HDL-1007 : analyze verilog file ../source_code/rtl/sd_card/ax_debounce.v
HDL-1007 : analyze verilog file ../source_code/rtl/sd_card/bmp_read.v
HDL-1007 : analyze verilog file ../source_code/rtl/sd_card/sd_card_bmp.v
HDL-1007 : analyze verilog file ../source_code/rtl/sd_card/sd_card_cmd.v
HDL-1007 : analyze verilog file ../source_code/rtl/sd_card/sd_card_sec_read_write.v
HDL-1007 : analyze verilog file ../source_code/rtl/sd_card/sd_card_top.v
HDL-1007 : analyze verilog file ../source_code/rtl/sd_card/spi_master.v
HDL-1007 : analyze verilog file ../source_code/rtl/sdram/enc_file/global_def.v
HDL-1007 : analyze verilog file ../source_code/rtl/sdram/enc_file/sdr_as_ram.enc.v
HDL-1007 : back to file '../source_code/rtl/sdram/enc_file/sdr_as_ram.enc.v' in ../source_code/rtl/sdram/enc_file/sdr_as_ram.enc.v(54)
HDL-1007 : analyze verilog file ../source_code/rtl/sdram/enc_file/sdr_wrrd.enc.v
HDL-5007 WARNING: concatenation with an unsized literal will be treated as 32 bits in ../source_code/rtl/sdram/enc_file/sdr_wrrd.enc.v(283)
HDL-1007 : back to file '../source_code/rtl/sdram/enc_file/sdr_wrrd.enc.v' in ../source_code/rtl/sdram/enc_file/sdr_wrrd.enc.v(19)
HDL-1007 : analyze verilog file ../source_code/rtl/frame_fifo/afifo_16_32_256.v
HDL-1007 : analyze verilog file ../source_code/rtl/frame_fifo/afifo_32_16_256.v
HDL-1007 : analyze verilog file ../source_code/rtl/frame_fifo/frame_fifo_read.v
HDL-1007 : analyze verilog file ../source_code/rtl/frame_fifo/frame_fifo_write.v
HDL-1007 : analyze verilog file ../source_code/rtl/frame_fifo/frame_read_write.v
HDL-1007 : analyze verilog file ../source_code/rtl/sdram/sdram.v
HDL-1007 : analyze included file ../source_code/rtl/sdram/enc_file/global_def.v in ../source_code/rtl/sdram/sdram.v(10)
HDL-1007 : back to file '../source_code/rtl/sdram/sdram.v' in ../source_code/rtl/sdram/sdram.v(10)
HDL-1007 : undeclared symbol 'SDR_CKE', assumed default net type 'wire' in ../source_code/rtl/sdram/sdram.v(89)
HDL-1007 : analyze verilog file ../source_code/rtl/sdram/enc_file/sdr_init_ref.enc.v
HDL-1007 : analyze included file ../source_code/rtl/sdram/enc_file/global_def.v in ../source_code/rtl/sdram/enc_file/sdr_init_ref.enc.v(11)
HDL-1007 : back to file '../source_code/rtl/sdram/enc_file/sdr_init_ref.enc.v' in ../source_code/rtl/sdram/enc_file/sdr_init_ref.enc.v(11)
HDL-1007 : undeclared symbol '**', assumed default net type '**' in ../source_code/rtl/sdram/enc_file/sdr_init_ref.enc.v(57)
HDL-1007 : back to file '../source_code/rtl/sdram/enc_file/sdr_init_ref.enc.v' in ../source_code/rtl/sdram/enc_file/sdr_init_ref.enc.v(149)
HDL-5007 WARNING: concatenation with an unsized literal will be treated as 32 bits in ../source_code/rtl/sdram/enc_file/sdr_init_ref.enc.v(47)
HDL-1007 : analyze verilog file ../source_code/rtl/video_timing/color_bar.v
HDL-1007 : analyze included file ../source_code/rtl/video_timing/video_define.v in ../source_code/rtl/video_timing/color_bar.v(2)
HDL-1007 : back to file '../source_code/rtl/video_timing/color_bar.v' in ../source_code/rtl/video_timing/color_bar.v(2)
HDL-1007 : analyze verilog file ../source_code/rtl/video_timing/video_delay.v
HDL-1007 : analyze verilog file ../source_code/rtl/video_timing/video_timing_data.v
HDL-1007 : analyze verilog file ../source_code/rtl/another/m_synchronization_header.v
HDL-1007 : analyze verilog file ../source_code/rtl/led.v
HDL-1007 : analyze verilog file ../source_code/rtl/ov5640/cmos_capture_data.v
HDL-1007 : analyze verilog file ../source_code/rtl/ov5640/i2c_dri.v
HDL-1007 : analyze verilog file ../source_code/rtl/ov5640/i2c_ov5640_rgb565_cfg.v
HDL-1007 : analyze verilog file ../source_code/rtl/ov5640/ov5640_delay.v
HDL-1007 : analyze verilog file ../source_code/rtl/ov5640/ov5640_dri.v
HDL-1007 : analyze verilog file al_ip/clk_wize.v
HDL-1007 : undeclared symbol 'open', assumed default net type 'wire' in al_ip/clk_wize.v(70)
HDL-1007 : analyze verilog file al_ip/ram.v
HDL-1007 : analyze verilog file ../source_code/rtl/app/addr_crt.v
HDL-1007 : analyze verilog file ../source_code/rtl/app/app.v
HDL-1007 : analyze verilog file ../source_code/rtl/app/vga_disp_rtl.v
HDL-1007 : analyze VHDL file ../source_code/rtl/hdmi_rtl/enc_file/DVITransmitter.enc.vhd
HDL-1007 : analyze entity dvitransmitter in ../source_code/rtl/hdmi_rtl/enc_file/DVITransmitter.enc.vhd(13)
HDL-1007 : analyze architecture ** in ../source_code/rtl/hdmi_rtl/enc_file/DVITransmitter.enc.vhd(2)
HDL-1007 : analyze VHDL file ../source_code/rtl/hdmi_rtl/enc_file/SerializerN_1_lvds.enc.vhd
HDL-1007 : analyze entity ** in ../source_code/rtl/hdmi_rtl/enc_file/SerializerN_1_lvds.enc.vhd(12)
HDL-1007 : analyze architecture ** in ../source_code/rtl/hdmi_rtl/enc_file/SerializerN_1_lvds.enc.vhd(25)
HDL-1007 : analyze VHDL file ../source_code/rtl/hdmi_rtl/enc_file/SerializerN_1_lvds_dat.enc.vhd
HDL-1007 : analyze entity ** in ../source_code/rtl/hdmi_rtl/enc_file/SerializerN_1_lvds_dat.enc.vhd(14)
HDL-1007 : analyze architecture ** in ../source_code/rtl/hdmi_rtl/enc_file/SerializerN_1_lvds_dat.enc.vhd(28)
HDL-1007 : analyze VHDL file ../source_code/rtl/hdmi_rtl/enc_file/TMDSEncoder.enc.vhd
HDL-1007 : analyze entity ** in ../source_code/rtl/hdmi_rtl/enc_file/TMDSEncoder.enc.vhd(13)
HDL-1007 : analyze architecture ** in ../source_code/rtl/hdmi_rtl/enc_file/TMDSEncoder.enc.vhd(24)
HDL-1007 : analyze verilog file ../source_code/rtl/hdmi_rtl/enc_file/video_tpg_1024768.enc.v
HDL-5007 WARNING: literal value ** truncated to fit in ** bits in ../source_code/rtl/hdmi_rtl/enc_file/video_tpg_1024768.enc.v(231)
HDL-1007 : back to file '../source_code/rtl/hdmi_rtl/enc_file/video_tpg_1024768.enc.v' in ../source_code/rtl/hdmi_rtl/enc_file/video_tpg_1024768.enc.v(1)
HDL-1007 : analyze verilog file ../source_code/rtl/hdmi_rtl/enc_file/video_tpg_1080p.enc.v
HDL-1007 : back to file '../source_code/rtl/hdmi_rtl/enc_file/video_tpg_1080p.enc.v' in ../source_code/rtl/hdmi_rtl/enc_file/video_tpg_1080p.enc.v(1)
HDL-1007 : analyze verilog file ../source_code/rtl/hdmi_rtl/enc_file/video_tpg_12801024p.enc.v
HDL-1007 : back to file '../source_code/rtl/hdmi_rtl/enc_file/video_tpg_12801024p.enc.v' in ../source_code/rtl/hdmi_rtl/enc_file/video_tpg_12801024p.enc.v(1)
HDL-1007 : analyze verilog file ../source_code/rtl/hdmi_rtl/enc_file/video_tpg_1280800.enc.v
HDL-5007 WARNING: literal value ** truncated to fit in ** bits in ../source_code/rtl/hdmi_rtl/enc_file/video_tpg_1280800.enc.v(233)
HDL-1007 : back to file '../source_code/rtl/hdmi_rtl/enc_file/video_tpg_1280800.enc.v' in ../source_code/rtl/hdmi_rtl/enc_file/video_tpg_1280800.enc.v(1)
HDL-1007 : analyze verilog file ../source_code/rtl/hdmi_rtl/enc_file/video_tpg_16801050p.enc.v
HDL-1007 : back to file '../source_code/rtl/hdmi_rtl/enc_file/video_tpg_16801050p.enc.v' in ../source_code/rtl/hdmi_rtl/enc_file/video_tpg_16801050p.enc.v(1)
HDL-1007 : analyze verilog file ../source_code/rtl/hdmi_rtl/enc_file/video_tpg_800600.enc.v
HDL-1007 : back to file '../source_code/rtl/hdmi_rtl/enc_file/video_tpg_800600.enc.v' in ../source_code/rtl/hdmi_rtl/enc_file/video_tpg_800600.enc.v(1)
HDL-1007 : analyze VHDL file ../source_code/rtl/hdmi_rtl/hdmi_tx.vhd
HDL-1007 : analyze entity hdmi_tx in ../source_code/rtl/hdmi_rtl/hdmi_tx.vhd(11)
HDL-1007 : analyze architecture behavioral in ../source_code/rtl/hdmi_rtl/hdmi_tx.vhd(33)
HDL-1007 : analyze verilog file ../source_code/rtl/hdmi_rtl/vga_disp_rtl.v
HDL-7201 CRITICAL-WARNING: overwrite current module 'vga_disp_rtl' in ../source_code/rtl/hdmi_rtl/vga_disp_rtl.v(1)
HDL-7307 CRITICAL-WARNING: previous definition of design element module 'vga_disp_rtl' is here. This is because multiple modules(values) with the same name are defined. Please consider rewriting code in ../source_code/rtl/app/vga_disp_rtl.v(1)
HDL-1007 : analyze verilog file ../source_code/rtl/another/fire_detect.v
HDL-1007 : analyze verilog file ../source_code/rtl/another/intrusion_detect.v
PRJ-1412 : reset_run syn_1 phy_1.
PRJ-1409 : launch_runs syn_1 phy_1  -jobs 6.
PRJ-1410 : Run syn_1 success.
RUN-1002 : start command "save_best_bits"
PRJ-1424 : The implemented result of phy_1 is saved as best result.
PRJ-1410 : Run phy_1 success.
RUN-1002 : start command "import_db D:/FPGA/workplace6_2_1/last_attempt/prj/last_attempt_Runs/phy_1/last_attempt_pr.db"
RUN-1001 : Importing database generated by Tang Dynasty, V6.2.168116.
RUN-1001 : Database version number 46207
RUN-1001 : Import flow parameters
RUN-1001 : Import netlist
PHY-1001 : Generate detailed routing grids ...
PHY-1001 : End build routing graph; 0.482407s wall, 0.421875s user + 0.125000s system = 0.546875s CPU (113.4%)

PHY-1001 : Build lut bridge;  0.077384s wall, 0.093750s user + 0.000000s system = 0.093750s CPU (121.1%)

PHY-1001 : Generate nets ...
PHY-1001 : net clk_50_dup_1 will be routed on clock mesh
PHY-1001 : clock net temac_clk will be merged with clock u_clk_gen/u_pll_0/clk0_buf
PHY-1001 : net udp_clk will be routed on clock mesh
PHY-1001 : net U3/u2_ram/SDRAM_CLK will be routed on clock mesh
PHY-1001 : net U3/u2_ram/u1_init_ref/Sdr_clk will be routed on clock mesh
PHY-1001 : clock net u_ov5640_dri/u_i2c_dr/dri_clk_syn_4 will be merged with clock u_ov5640_dri/u_i2c_dr/dri_clk
PHY-1001 : clock net u2_udp_loopback/app_tx_data_read_syn_4 will be merged with clock u2_udp_loopback/app_tx_data_read
PHY-1001 : clock net frame_read_write_m0/write_clk_syn_4 will be merged with clock frame_read_write_m0/write_clk
PHY-1001 : clock net cam_pclk_syn_4 will be merged with clock cam_pclk_dup_1
PHY-1001 : clock net sd_card_bmp_m0/bmp_read_m0/clk will be merged with clock tf0_sys_pll/clk0_buf
PHY-1001 : net u2_hdmi_tx/Inst_DVITransmitter/PCLK_I will be routed on clock mesh
PHY-1001 : clock net u2_hdmi_tx/Inst_DVITransmitter/PCLK_X5_I will be merged with clock u0_clk_wize/clk0_buf
PHY-1001 : clock net u4_trimac_block/rx_clk will be merged with clock phy1_rgmii_rx_clk_dup_1
PHY-1001 : net u4_trimac_block/u1_rgmii_interface/rgmii_txc_ddr/clk will be routed on clock mesh
PHY-1001 : eco open net = 0
PHY-1001 : 704 feed throughs used by 479 nets
RUN-1001 : Import phy database
RUN-1001 : Import timing constraints
RUN-1001 : Import IO constraints
RUN-1001 : Import Inst constraints
RUN-1001 : Import ChipWatcher
RUN-1001 : Import design success TD_VERSION=6.2.168116 , DB_VERSION=46207
RUN-1003 : finish command "import_db D:/FPGA/workplace6_2_1/last_attempt/prj/last_attempt_Runs/phy_1/last_attempt_pr.db" in  4.007572s wall, 3.718750s user + 0.500000s system = 4.218750s CPU (105.3%)

RUN-1004 : used memory is 940 MB, reserved memory is 889 MB, peak memory is 979 MB
RUN-1002 : start command "commit_param -step design"
RUN-1001 : Print Global Property
RUN-1001 : --------------------------------------------------------
RUN-1001 :   Parameters   |  Settings  |  Default Values  |  Note  
RUN-1001 : --------------------------------------------------------
RUN-1001 :   enable_seed  |    off     |       off        |        
RUN-1001 :     message    |  standard  |     standard     |        
RUN-1001 :   qor_monitor  |     on     |        on        |        
RUN-1001 :   syn_ip_flow  |    off     |       off        |        
RUN-1001 :     thread     |    auto    |       auto       |        
RUN-1001 : --------------------------------------------------------
RUN-1001 : Print Design Property
RUN-1001 : ----------------------------------------------------------------
RUN-1001 :       Parameters       |  Settings  |  Default Values  |  Note  
RUN-1001 : ----------------------------------------------------------------
RUN-1001 :   default_reg_initial  |    auto    |       auto       |        
RUN-1001 :    hdl_warning_level   |   normal   |      normal      |        
RUN-1001 : ----------------------------------------------------------------
HDL-1007 : analyze verilog file last_attempt.v
HDL-1007 : undeclared symbol 'phy_reset', assumed default net type 'wire' in last_attempt.v(167)
HDL-1007 : undeclared symbol 'VGA_HSYNC', assumed default net type 'wire' in last_attempt.v(335)
HDL-1007 : undeclared symbol 'VGA_VSYNC', assumed default net type 'wire' in last_attempt.v(336)
HDL-1007 : undeclared symbol 'rd_en', assumed default net type 'wire' in last_attempt.v(338)
HDL-1007 : undeclared symbol 'tpg_data_done', assumed default net type 'wire' in last_attempt.v(789)
HDL-1007 : undeclared symbol 'full_flag', assumed default net type 'wire' in last_attempt.v(823)
HDL-1007 : undeclared symbol 'input_local_udp_port_num', assumed default net type 'wire' in last_attempt.v(854)
HDL-1007 : undeclared symbol 'input_local_udp_port_num_valid', assumed default net type 'wire' in last_attempt.v(855)
HDL-1007 : undeclared symbol 'input_local_ip_address_valid', assumed default net type 'wire' in last_attempt.v(858)
HDL-1007 : analyze verilog file ../source_code/rtl/udp/BUFGMUX.v
HDL-1007 : analyze verilog file ../source_code/rtl/udp/IDDR.v
HDL-1007 : analyze verilog file ../source_code/rtl/udp/ODDR.v
HDL-1007 : analyze verilog file ../source_code/rtl/udp/RAMB16_S9_S9.v
HDL-1007 : undeclared symbol 'open', assumed default net type 'wire' in ../source_code/rtl/udp/RAMB16_S9_S9.v(109)
HDL-1007 : analyze verilog file ../source_code/rtl/udp/clk_gen_rst_gen.v
HDL-1007 : analyze verilog file ../source_code/rtl/udp/div_clk_gen.v
HDL-1007 : analyze verilog file ../source_code/rtl/udp/rgmii_interface.v
HDL-1007 : analyze verilog file ../source_code/rtl/udp/rx_client_fifo.v
HDL-5370 WARNING: parameter 'WAIT_s' becomes localparam in 'rx_client_fifo' with formal parameter declaration list in ../source_code/rtl/udp/rx_client_fifo.v(49)
HDL-5370 WARNING: parameter 'QUEUE1_s' becomes localparam in 'rx_client_fifo' with formal parameter declaration list in ../source_code/rtl/udp/rx_client_fifo.v(50)
HDL-5370 WARNING: parameter 'QUEUE2_s' becomes localparam in 'rx_client_fifo' with formal parameter declaration list in ../source_code/rtl/udp/rx_client_fifo.v(51)
HDL-5370 WARNING: parameter 'QUEUE3_s' becomes localparam in 'rx_client_fifo' with formal parameter declaration list in ../source_code/rtl/udp/rx_client_fifo.v(52)
HDL-5370 WARNING: parameter 'QUEUE_SOF_s' becomes localparam in 'rx_client_fifo' with formal parameter declaration list in ../source_code/rtl/udp/rx_client_fifo.v(53)
HDL-5370 WARNING: parameter 'SOF_s' becomes localparam in 'rx_client_fifo' with formal parameter declaration list in ../source_code/rtl/udp/rx_client_fifo.v(54)
HDL-5370 WARNING: parameter 'DATA_s' becomes localparam in 'rx_client_fifo' with formal parameter declaration list in ../source_code/rtl/udp/rx_client_fifo.v(55)
HDL-5370 WARNING: parameter 'EOF_s' becomes localparam in 'rx_client_fifo' with formal parameter declaration list in ../source_code/rtl/udp/rx_client_fifo.v(56)
HDL-5370 WARNING: parameter 'IDLE_s' becomes localparam in 'rx_client_fifo' with formal parameter declaration list in ../source_code/rtl/udp/rx_client_fifo.v(62)
HDL-5370 WARNING: parameter 'FRAME_s' becomes localparam in 'rx_client_fifo' with formal parameter declaration list in ../source_code/rtl/udp/rx_client_fifo.v(63)
HDL-5370 Similar messages will be suppressed.
HDL-1007 : analyze verilog file ../source_code/rtl/udp/temac_block.v
HDL-1007 : analyze verilog file ../source_code/rtl/udp/temac_clk_gen.v
HDL-1007 : analyze verilog file ../source_code/rtl/udp/tx_client_fifo.v
HDL-5370 WARNING: parameter 'IDLE_s' becomes localparam in 'tx_client_fifo' with formal parameter declaration list in ../source_code/rtl/udp/tx_client_fifo.v(53)
HDL-5370 WARNING: parameter 'QUEUE1_s' becomes localparam in 'tx_client_fifo' with formal parameter declaration list in ../source_code/rtl/udp/tx_client_fifo.v(54)
HDL-5370 WARNING: parameter 'QUEUE2_s' becomes localparam in 'tx_client_fifo' with formal parameter declaration list in ../source_code/rtl/udp/tx_client_fifo.v(55)
HDL-5370 WARNING: parameter 'QUEUE3_s' becomes localparam in 'tx_client_fifo' with formal parameter declaration list in ../source_code/rtl/udp/tx_client_fifo.v(56)
HDL-5370 WARNING: parameter 'QUEUE_ACK_s' becomes localparam in 'tx_client_fifo' with formal parameter declaration list in ../source_code/rtl/udp/tx_client_fifo.v(57)
HDL-5370 WARNING: parameter 'WAIT_ACK_s' becomes localparam in 'tx_client_fifo' with formal parameter declaration list in ../source_code/rtl/udp/tx_client_fifo.v(58)
HDL-5370 WARNING: parameter 'FRAME_s' becomes localparam in 'tx_client_fifo' with formal parameter declaration list in ../source_code/rtl/udp/tx_client_fifo.v(59)
HDL-5370 WARNING: parameter 'DROP_s' becomes localparam in 'tx_client_fifo' with formal parameter declaration list in ../source_code/rtl/udp/tx_client_fifo.v(60)
HDL-5370 WARNING: parameter 'RETRANSMIT_s' becomes localparam in 'tx_client_fifo' with formal parameter declaration list in ../source_code/rtl/udp/tx_client_fifo.v(61)
HDL-5370 WARNING: parameter 'WAIT_s' becomes localparam in 'tx_client_fifo' with formal parameter declaration list in ../source_code/rtl/udp/tx_client_fifo.v(67)
HDL-5370 Similar messages will be suppressed.
HDL-1007 : analyze verilog file ../source_code/rtl/udp/tx_clk_en_gen.v
HDL-1007 : analyze verilog file ../source_code/rtl/udp/udp_data_tpg.v
HDL-1007 : analyze verilog file ../source_code/rtl/udp/udp_ip_protocol_stack_merge.enc.v
HDL-1007 : back to file '../source_code/rtl/udp/udp_ip_protocol_stack_merge.enc.v' in ../source_code/rtl/udp/udp_ip_protocol_stack_merge.enc.v(56)
HDL-1007 : undeclared symbol '**', assumed default net type '**' in ../source_code/rtl/udp/udp_ip_protocol_stack_merge.enc.v(2638)
HDL-1007 : back to file '../source_code/rtl/udp/udp_ip_protocol_stack_merge.enc.v' in ../source_code/rtl/udp/udp_ip_protocol_stack_merge.enc.v(420)
HDL-1007 : analyze verilog file ../source_code/rtl/udp/udp_loopback.v
HDL-1007 : analyze verilog file al_ip/TEMAC_CORE/RTL/include/define.v
HDL-1007 : analyze verilog file al_ip/TEMAC_CORE/RTL/TEMAC_CORE_aead6cd6dadd.v
HDL-5007 WARNING: column 1032 exceeds maximum value 1023 in al_ip/TEMAC_CORE/RTL/TEMAC_CORE_aead6cd6dadd.v(30)
HDL-1007 : back to file 'al_ip/TEMAC_CORE/RTL/TEMAC_CORE_aead6cd6dadd.v' in al_ip/TEMAC_CORE/RTL/TEMAC_CORE_aead6cd6dadd.v(86)
HDL-5007 WARNING: event expressions must result in a singular type in al_ip/TEMAC_CORE/RTL/TEMAC_CORE_aead6cd6dadd.v(3001)
HDL-1007 : undeclared symbol '**', assumed default net type '**' in al_ip/TEMAC_CORE/RTL/TEMAC_CORE_aead6cd6dadd.v(5050)
HDL-1007 : undeclared symbol '**', assumed default net type '**' in al_ip/TEMAC_CORE/RTL/TEMAC_CORE_aead6cd6dadd.v(5458)
HDL-5007 WARNING: column 1035 exceeds maximum value 1023 in al_ip/TEMAC_CORE/RTL/TEMAC_CORE_aead6cd6dadd.v(6001)
HDL-1007 : back to file 'al_ip/TEMAC_CORE/RTL/TEMAC_CORE_aead6cd6dadd.v' in al_ip/TEMAC_CORE/RTL/TEMAC_CORE_aead6cd6dadd.v(260)
HDL-1007 : analyze verilog file al_ip/TEMAC_CORE/RTL/mac_core_aead6cd6dadd.v
HDL-1007 : analyze verilog file al_ip/TEMAC_CORE/TEMAC_CORE.v
HDL-1007 : analyze verilog file al_ip/pll_gen.v
HDL-1007 : undeclared symbol 'pll_gen_open0', assumed default net type 'wire' in al_ip/pll_gen.v(99)
HDL-1007 : undeclared symbol 'pll_gen_open8', assumed default net type 'wire' in al_ip/pll_gen.v(105)
HDL-1007 : undeclared symbol 'pll_gen_open7', assumed default net type 'wire' in al_ip/pll_gen.v(105)
HDL-1007 : undeclared symbol 'pll_gen_open6', assumed default net type 'wire' in al_ip/pll_gen.v(105)
HDL-1007 : undeclared symbol 'pll_gen_open5', assumed default net type 'wire' in al_ip/pll_gen.v(105)
HDL-1007 : undeclared symbol 'pll_gen_open4', assumed default net type 'wire' in al_ip/pll_gen.v(105)
HDL-1007 : undeclared symbol 'pll_gen_open3', assumed default net type 'wire' in al_ip/pll_gen.v(105)
HDL-1007 : undeclared symbol 'pll_gen_open2', assumed default net type 'wire' in al_ip/pll_gen.v(105)
HDL-1007 : undeclared symbol 'pll_gen_open1', assumed default net type 'wire' in al_ip/pll_gen.v(105)
HDL-1007 : analyze verilog file al_ip/sys_pll.v
HDL-1007 : undeclared symbol 'sys_pll_open0', assumed default net type 'wire' in al_ip/sys_pll.v(77)
HDL-1007 : undeclared symbol 'sys_pll_open1', assumed default net type 'wire' in al_ip/sys_pll.v(83)
HDL-1007 : undeclared symbol 'sys_pll_open9', assumed default net type 'wire' in al_ip/sys_pll.v(89)
HDL-1007 : undeclared symbol 'sys_pll_open8', assumed default net type 'wire' in al_ip/sys_pll.v(89)
HDL-1007 : undeclared symbol 'sys_pll_open7', assumed default net type 'wire' in al_ip/sys_pll.v(89)
HDL-1007 : undeclared symbol 'sys_pll_open6', assumed default net type 'wire' in al_ip/sys_pll.v(89)
HDL-1007 : undeclared symbol 'sys_pll_open5', assumed default net type 'wire' in al_ip/sys_pll.v(89)
HDL-1007 : undeclared symbol 'sys_pll_open4', assumed default net type 'wire' in al_ip/sys_pll.v(89)
HDL-1007 : undeclared symbol 'sys_pll_open3', assumed default net type 'wire' in al_ip/sys_pll.v(89)
HDL-1007 : undeclared symbol 'sys_pll_open2', assumed default net type 'wire' in al_ip/sys_pll.v(89)
HDL-1007 : undeclared symbol 'sys_pll_open11', assumed default net type 'wire' in al_ip/sys_pll.v(91)
HDL-1007 : undeclared symbol 'sys_pll_open10', assumed default net type 'wire' in al_ip/sys_pll.v(91)
HDL-1007 : analyze verilog file ../source_code/rtl/sd_card/ax_debounce.v
HDL-1007 : analyze verilog file ../source_code/rtl/sd_card/bmp_read.v
HDL-1007 : analyze verilog file ../source_code/rtl/sd_card/sd_card_bmp.v
HDL-1007 : analyze verilog file ../source_code/rtl/sd_card/sd_card_cmd.v
HDL-1007 : analyze verilog file ../source_code/rtl/sd_card/sd_card_sec_read_write.v
HDL-1007 : analyze verilog file ../source_code/rtl/sd_card/sd_card_top.v
HDL-1007 : analyze verilog file ../source_code/rtl/sd_card/spi_master.v
HDL-1007 : analyze verilog file ../source_code/rtl/sdram/enc_file/global_def.v
HDL-1007 : analyze verilog file ../source_code/rtl/sdram/enc_file/sdr_as_ram.enc.v
HDL-1007 : back to file '../source_code/rtl/sdram/enc_file/sdr_as_ram.enc.v' in ../source_code/rtl/sdram/enc_file/sdr_as_ram.enc.v(54)
HDL-1007 : analyze verilog file ../source_code/rtl/sdram/enc_file/sdr_wrrd.enc.v
HDL-5007 WARNING: concatenation with an unsized literal will be treated as 32 bits in ../source_code/rtl/sdram/enc_file/sdr_wrrd.enc.v(283)
HDL-1007 : back to file '../source_code/rtl/sdram/enc_file/sdr_wrrd.enc.v' in ../source_code/rtl/sdram/enc_file/sdr_wrrd.enc.v(19)
HDL-1007 : analyze verilog file ../source_code/rtl/frame_fifo/afifo_16_32_256.v
HDL-1007 : analyze verilog file ../source_code/rtl/frame_fifo/afifo_32_16_256.v
HDL-1007 : analyze verilog file ../source_code/rtl/frame_fifo/frame_fifo_read.v
HDL-1007 : analyze verilog file ../source_code/rtl/frame_fifo/frame_fifo_write.v
HDL-1007 : analyze verilog file ../source_code/rtl/frame_fifo/frame_read_write.v
HDL-1007 : analyze verilog file ../source_code/rtl/sdram/sdram.v
HDL-1007 : analyze included file ../source_code/rtl/sdram/enc_file/global_def.v in ../source_code/rtl/sdram/sdram.v(10)
HDL-1007 : back to file '../source_code/rtl/sdram/sdram.v' in ../source_code/rtl/sdram/sdram.v(10)
HDL-1007 : undeclared symbol 'SDR_CKE', assumed default net type 'wire' in ../source_code/rtl/sdram/sdram.v(89)
HDL-1007 : analyze verilog file ../source_code/rtl/sdram/enc_file/sdr_init_ref.enc.v
HDL-1007 : analyze included file ../source_code/rtl/sdram/enc_file/global_def.v in ../source_code/rtl/sdram/enc_file/sdr_init_ref.enc.v(11)
HDL-1007 : back to file '../source_code/rtl/sdram/enc_file/sdr_init_ref.enc.v' in ../source_code/rtl/sdram/enc_file/sdr_init_ref.enc.v(11)
HDL-1007 : undeclared symbol '**', assumed default net type '**' in ../source_code/rtl/sdram/enc_file/sdr_init_ref.enc.v(57)
HDL-1007 : back to file '../source_code/rtl/sdram/enc_file/sdr_init_ref.enc.v' in ../source_code/rtl/sdram/enc_file/sdr_init_ref.enc.v(149)
HDL-5007 WARNING: concatenation with an unsized literal will be treated as 32 bits in ../source_code/rtl/sdram/enc_file/sdr_init_ref.enc.v(47)
HDL-1007 : analyze verilog file ../source_code/rtl/video_timing/color_bar.v
HDL-1007 : analyze included file ../source_code/rtl/video_timing/video_define.v in ../source_code/rtl/video_timing/color_bar.v(2)
HDL-1007 : back to file '../source_code/rtl/video_timing/color_bar.v' in ../source_code/rtl/video_timing/color_bar.v(2)
HDL-1007 : analyze verilog file ../source_code/rtl/video_timing/video_delay.v
HDL-1007 : analyze verilog file ../source_code/rtl/video_timing/video_timing_data.v
HDL-1007 : analyze verilog file ../source_code/rtl/another/m_synchronization_header.v
HDL-1007 : analyze verilog file ../source_code/rtl/led.v
HDL-1007 : analyze verilog file ../source_code/rtl/ov5640/cmos_capture_data.v
HDL-1007 : analyze verilog file ../source_code/rtl/ov5640/i2c_dri.v
HDL-1007 : analyze verilog file ../source_code/rtl/ov5640/i2c_ov5640_rgb565_cfg.v
HDL-1007 : analyze verilog file ../source_code/rtl/ov5640/ov5640_delay.v
HDL-1007 : analyze verilog file ../source_code/rtl/ov5640/ov5640_dri.v
HDL-1007 : analyze verilog file al_ip/clk_wize.v
HDL-1007 : undeclared symbol 'open', assumed default net type 'wire' in al_ip/clk_wize.v(70)
HDL-1007 : analyze verilog file al_ip/ram.v
HDL-1007 : analyze verilog file ../source_code/rtl/app/addr_crt.v
HDL-1007 : analyze verilog file ../source_code/rtl/app/app.v
HDL-1007 : analyze verilog file ../source_code/rtl/app/vga_disp_rtl.v
HDL-1007 : analyze VHDL file ../source_code/rtl/hdmi_rtl/enc_file/DVITransmitter.enc.vhd
HDL-1007 : analyze entity dvitransmitter in ../source_code/rtl/hdmi_rtl/enc_file/DVITransmitter.enc.vhd(13)
HDL-1007 : analyze architecture ** in ../source_code/rtl/hdmi_rtl/enc_file/DVITransmitter.enc.vhd(2)
HDL-1007 : analyze VHDL file ../source_code/rtl/hdmi_rtl/enc_file/SerializerN_1_lvds.enc.vhd
HDL-1007 : analyze entity ** in ../source_code/rtl/hdmi_rtl/enc_file/SerializerN_1_lvds.enc.vhd(12)
HDL-1007 : analyze architecture ** in ../source_code/rtl/hdmi_rtl/enc_file/SerializerN_1_lvds.enc.vhd(25)
HDL-1007 : analyze VHDL file ../source_code/rtl/hdmi_rtl/enc_file/SerializerN_1_lvds_dat.enc.vhd
HDL-1007 : analyze entity ** in ../source_code/rtl/hdmi_rtl/enc_file/SerializerN_1_lvds_dat.enc.vhd(14)
HDL-1007 : analyze architecture ** in ../source_code/rtl/hdmi_rtl/enc_file/SerializerN_1_lvds_dat.enc.vhd(28)
HDL-1007 : analyze VHDL file ../source_code/rtl/hdmi_rtl/enc_file/TMDSEncoder.enc.vhd
HDL-1007 : analyze entity ** in ../source_code/rtl/hdmi_rtl/enc_file/TMDSEncoder.enc.vhd(13)
HDL-1007 : analyze architecture ** in ../source_code/rtl/hdmi_rtl/enc_file/TMDSEncoder.enc.vhd(24)
HDL-1007 : analyze verilog file ../source_code/rtl/hdmi_rtl/enc_file/video_tpg_1024768.enc.v
HDL-5007 WARNING: literal value ** truncated to fit in ** bits in ../source_code/rtl/hdmi_rtl/enc_file/video_tpg_1024768.enc.v(231)
HDL-1007 : back to file '../source_code/rtl/hdmi_rtl/enc_file/video_tpg_1024768.enc.v' in ../source_code/rtl/hdmi_rtl/enc_file/video_tpg_1024768.enc.v(1)
HDL-1007 : analyze verilog file ../source_code/rtl/hdmi_rtl/enc_file/video_tpg_1080p.enc.v
HDL-1007 : back to file '../source_code/rtl/hdmi_rtl/enc_file/video_tpg_1080p.enc.v' in ../source_code/rtl/hdmi_rtl/enc_file/video_tpg_1080p.enc.v(1)
HDL-1007 : analyze verilog file ../source_code/rtl/hdmi_rtl/enc_file/video_tpg_12801024p.enc.v
HDL-1007 : back to file '../source_code/rtl/hdmi_rtl/enc_file/video_tpg_12801024p.enc.v' in ../source_code/rtl/hdmi_rtl/enc_file/video_tpg_12801024p.enc.v(1)
HDL-1007 : analyze verilog file ../source_code/rtl/hdmi_rtl/enc_file/video_tpg_1280800.enc.v
HDL-5007 WARNING: literal value ** truncated to fit in ** bits in ../source_code/rtl/hdmi_rtl/enc_file/video_tpg_1280800.enc.v(233)
HDL-1007 : back to file '../source_code/rtl/hdmi_rtl/enc_file/video_tpg_1280800.enc.v' in ../source_code/rtl/hdmi_rtl/enc_file/video_tpg_1280800.enc.v(1)
HDL-1007 : analyze verilog file ../source_code/rtl/hdmi_rtl/enc_file/video_tpg_16801050p.enc.v
HDL-1007 : back to file '../source_code/rtl/hdmi_rtl/enc_file/video_tpg_16801050p.enc.v' in ../source_code/rtl/hdmi_rtl/enc_file/video_tpg_16801050p.enc.v(1)
HDL-1007 : analyze verilog file ../source_code/rtl/hdmi_rtl/enc_file/video_tpg_800600.enc.v
HDL-1007 : back to file '../source_code/rtl/hdmi_rtl/enc_file/video_tpg_800600.enc.v' in ../source_code/rtl/hdmi_rtl/enc_file/video_tpg_800600.enc.v(1)
HDL-1007 : analyze VHDL file ../source_code/rtl/hdmi_rtl/hdmi_tx.vhd
HDL-1007 : analyze entity hdmi_tx in ../source_code/rtl/hdmi_rtl/hdmi_tx.vhd(11)
HDL-1007 : analyze architecture behavioral in ../source_code/rtl/hdmi_rtl/hdmi_tx.vhd(33)
HDL-1007 : analyze verilog file ../source_code/rtl/hdmi_rtl/vga_disp_rtl.v
HDL-7201 CRITICAL-WARNING: overwrite current module 'vga_disp_rtl' in ../source_code/rtl/hdmi_rtl/vga_disp_rtl.v(1)
HDL-7307 CRITICAL-WARNING: previous definition of design element module 'vga_disp_rtl' is here. This is because multiple modules(values) with the same name are defined. Please consider rewriting code in ../source_code/rtl/app/vga_disp_rtl.v(1)
HDL-1007 : analyze verilog file ../source_code/rtl/another/fire_detect.v
HDL-1007 : analyze verilog file ../source_code/rtl/another/intrusion_detect.v
RUN-1002 : start command "commit_param -step design"
RUN-1001 : Print Global Property
RUN-1001 : --------------------------------------------------------
RUN-1001 :   Parameters   |  Settings  |  Default Values  |  Note  
RUN-1001 : --------------------------------------------------------
RUN-1001 :   enable_seed  |    off     |       off        |        
RUN-1001 :     message    |  standard  |     standard     |        
RUN-1001 :   qor_monitor  |     on     |        on        |        
RUN-1001 :   syn_ip_flow  |    off     |       off        |        
RUN-1001 :     thread     |    auto    |       auto       |        
RUN-1001 : --------------------------------------------------------
RUN-1001 : Print Design Property
RUN-1001 : ----------------------------------------------------------------
RUN-1001 :       Parameters       |  Settings  |  Default Values  |  Note  
RUN-1001 : ----------------------------------------------------------------
RUN-1001 :   default_reg_initial  |    auto    |       auto       |        
RUN-1001 :    hdl_warning_level   |   normal   |      normal      |        
RUN-1001 : ----------------------------------------------------------------
HDL-1007 : analyze verilog file last_attempt.v
HDL-1007 : undeclared symbol 'phy_reset', assumed default net type 'wire' in last_attempt.v(167)
HDL-1007 : undeclared symbol 'VGA_HSYNC', assumed default net type 'wire' in last_attempt.v(335)
HDL-1007 : undeclared symbol 'VGA_VSYNC', assumed default net type 'wire' in last_attempt.v(336)
HDL-1007 : undeclared symbol 'rd_en', assumed default net type 'wire' in last_attempt.v(338)
HDL-1007 : undeclared symbol 'tpg_data_done', assumed default net type 'wire' in last_attempt.v(822)
HDL-1007 : undeclared symbol 'full_flag', assumed default net type 'wire' in last_attempt.v(856)
HDL-1007 : undeclared symbol 'input_local_udp_port_num', assumed default net type 'wire' in last_attempt.v(887)
HDL-1007 : undeclared symbol 'input_local_udp_port_num_valid', assumed default net type 'wire' in last_attempt.v(888)
HDL-1007 : undeclared symbol 'input_local_ip_address_valid', assumed default net type 'wire' in last_attempt.v(891)
HDL-1007 : analyze verilog file ../source_code/rtl/udp/BUFGMUX.v
HDL-1007 : analyze verilog file ../source_code/rtl/udp/IDDR.v
HDL-1007 : analyze verilog file ../source_code/rtl/udp/ODDR.v
HDL-1007 : analyze verilog file ../source_code/rtl/udp/RAMB16_S9_S9.v
HDL-1007 : undeclared symbol 'open', assumed default net type 'wire' in ../source_code/rtl/udp/RAMB16_S9_S9.v(109)
HDL-1007 : analyze verilog file ../source_code/rtl/udp/clk_gen_rst_gen.v
HDL-1007 : analyze verilog file ../source_code/rtl/udp/div_clk_gen.v
HDL-1007 : analyze verilog file ../source_code/rtl/udp/rgmii_interface.v
HDL-1007 : analyze verilog file ../source_code/rtl/udp/rx_client_fifo.v
HDL-5370 WARNING: parameter 'WAIT_s' becomes localparam in 'rx_client_fifo' with formal parameter declaration list in ../source_code/rtl/udp/rx_client_fifo.v(49)
HDL-5370 WARNING: parameter 'QUEUE1_s' becomes localparam in 'rx_client_fifo' with formal parameter declaration list in ../source_code/rtl/udp/rx_client_fifo.v(50)
HDL-5370 WARNING: parameter 'QUEUE2_s' becomes localparam in 'rx_client_fifo' with formal parameter declaration list in ../source_code/rtl/udp/rx_client_fifo.v(51)
HDL-5370 WARNING: parameter 'QUEUE3_s' becomes localparam in 'rx_client_fifo' with formal parameter declaration list in ../source_code/rtl/udp/rx_client_fifo.v(52)
HDL-5370 WARNING: parameter 'QUEUE_SOF_s' becomes localparam in 'rx_client_fifo' with formal parameter declaration list in ../source_code/rtl/udp/rx_client_fifo.v(53)
HDL-5370 WARNING: parameter 'SOF_s' becomes localparam in 'rx_client_fifo' with formal parameter declaration list in ../source_code/rtl/udp/rx_client_fifo.v(54)
HDL-5370 WARNING: parameter 'DATA_s' becomes localparam in 'rx_client_fifo' with formal parameter declaration list in ../source_code/rtl/udp/rx_client_fifo.v(55)
HDL-5370 WARNING: parameter 'EOF_s' becomes localparam in 'rx_client_fifo' with formal parameter declaration list in ../source_code/rtl/udp/rx_client_fifo.v(56)
HDL-5370 WARNING: parameter 'IDLE_s' becomes localparam in 'rx_client_fifo' with formal parameter declaration list in ../source_code/rtl/udp/rx_client_fifo.v(62)
HDL-5370 WARNING: parameter 'FRAME_s' becomes localparam in 'rx_client_fifo' with formal parameter declaration list in ../source_code/rtl/udp/rx_client_fifo.v(63)
HDL-5370 Similar messages will be suppressed.
HDL-1007 : analyze verilog file ../source_code/rtl/udp/temac_block.v
HDL-1007 : analyze verilog file ../source_code/rtl/udp/temac_clk_gen.v
HDL-1007 : analyze verilog file ../source_code/rtl/udp/tx_client_fifo.v
HDL-5370 WARNING: parameter 'IDLE_s' becomes localparam in 'tx_client_fifo' with formal parameter declaration list in ../source_code/rtl/udp/tx_client_fifo.v(53)
HDL-5370 WARNING: parameter 'QUEUE1_s' becomes localparam in 'tx_client_fifo' with formal parameter declaration list in ../source_code/rtl/udp/tx_client_fifo.v(54)
HDL-5370 WARNING: parameter 'QUEUE2_s' becomes localparam in 'tx_client_fifo' with formal parameter declaration list in ../source_code/rtl/udp/tx_client_fifo.v(55)
HDL-5370 WARNING: parameter 'QUEUE3_s' becomes localparam in 'tx_client_fifo' with formal parameter declaration list in ../source_code/rtl/udp/tx_client_fifo.v(56)
HDL-5370 WARNING: parameter 'QUEUE_ACK_s' becomes localparam in 'tx_client_fifo' with formal parameter declaration list in ../source_code/rtl/udp/tx_client_fifo.v(57)
HDL-5370 WARNING: parameter 'WAIT_ACK_s' becomes localparam in 'tx_client_fifo' with formal parameter declaration list in ../source_code/rtl/udp/tx_client_fifo.v(58)
HDL-5370 WARNING: parameter 'FRAME_s' becomes localparam in 'tx_client_fifo' with formal parameter declaration list in ../source_code/rtl/udp/tx_client_fifo.v(59)
HDL-5370 WARNING: parameter 'DROP_s' becomes localparam in 'tx_client_fifo' with formal parameter declaration list in ../source_code/rtl/udp/tx_client_fifo.v(60)
HDL-5370 WARNING: parameter 'RETRANSMIT_s' becomes localparam in 'tx_client_fifo' with formal parameter declaration list in ../source_code/rtl/udp/tx_client_fifo.v(61)
HDL-5370 WARNING: parameter 'WAIT_s' becomes localparam in 'tx_client_fifo' with formal parameter declaration list in ../source_code/rtl/udp/tx_client_fifo.v(67)
HDL-5370 Similar messages will be suppressed.
HDL-1007 : analyze verilog file ../source_code/rtl/udp/tx_clk_en_gen.v
HDL-1007 : analyze verilog file ../source_code/rtl/udp/udp_data_tpg.v
HDL-1007 : analyze verilog file ../source_code/rtl/udp/udp_ip_protocol_stack_merge.enc.v
HDL-1007 : back to file '../source_code/rtl/udp/udp_ip_protocol_stack_merge.enc.v' in ../source_code/rtl/udp/udp_ip_protocol_stack_merge.enc.v(56)
HDL-1007 : undeclared symbol '**', assumed default net type '**' in ../source_code/rtl/udp/udp_ip_protocol_stack_merge.enc.v(2638)
HDL-1007 : back to file '../source_code/rtl/udp/udp_ip_protocol_stack_merge.enc.v' in ../source_code/rtl/udp/udp_ip_protocol_stack_merge.enc.v(420)
HDL-1007 : analyze verilog file ../source_code/rtl/udp/udp_loopback.v
HDL-1007 : analyze verilog file al_ip/TEMAC_CORE/RTL/include/define.v
HDL-1007 : analyze verilog file al_ip/TEMAC_CORE/RTL/TEMAC_CORE_aead6cd6dadd.v
HDL-5007 WARNING: column 1032 exceeds maximum value 1023 in al_ip/TEMAC_CORE/RTL/TEMAC_CORE_aead6cd6dadd.v(30)
HDL-1007 : back to file 'al_ip/TEMAC_CORE/RTL/TEMAC_CORE_aead6cd6dadd.v' in al_ip/TEMAC_CORE/RTL/TEMAC_CORE_aead6cd6dadd.v(86)
HDL-5007 WARNING: event expressions must result in a singular type in al_ip/TEMAC_CORE/RTL/TEMAC_CORE_aead6cd6dadd.v(3001)
HDL-1007 : undeclared symbol '**', assumed default net type '**' in al_ip/TEMAC_CORE/RTL/TEMAC_CORE_aead6cd6dadd.v(5050)
HDL-1007 : undeclared symbol '**', assumed default net type '**' in al_ip/TEMAC_CORE/RTL/TEMAC_CORE_aead6cd6dadd.v(5458)
HDL-5007 WARNING: column 1035 exceeds maximum value 1023 in al_ip/TEMAC_CORE/RTL/TEMAC_CORE_aead6cd6dadd.v(6001)
HDL-1007 : back to file 'al_ip/TEMAC_CORE/RTL/TEMAC_CORE_aead6cd6dadd.v' in al_ip/TEMAC_CORE/RTL/TEMAC_CORE_aead6cd6dadd.v(260)
HDL-1007 : analyze verilog file al_ip/TEMAC_CORE/RTL/mac_core_aead6cd6dadd.v
HDL-1007 : analyze verilog file al_ip/TEMAC_CORE/TEMAC_CORE.v
HDL-1007 : analyze verilog file al_ip/pll_gen.v
HDL-1007 : undeclared symbol 'pll_gen_open0', assumed default net type 'wire' in al_ip/pll_gen.v(99)
HDL-1007 : undeclared symbol 'pll_gen_open8', assumed default net type 'wire' in al_ip/pll_gen.v(105)
HDL-1007 : undeclared symbol 'pll_gen_open7', assumed default net type 'wire' in al_ip/pll_gen.v(105)
HDL-1007 : undeclared symbol 'pll_gen_open6', assumed default net type 'wire' in al_ip/pll_gen.v(105)
HDL-1007 : undeclared symbol 'pll_gen_open5', assumed default net type 'wire' in al_ip/pll_gen.v(105)
HDL-1007 : undeclared symbol 'pll_gen_open4', assumed default net type 'wire' in al_ip/pll_gen.v(105)
HDL-1007 : undeclared symbol 'pll_gen_open3', assumed default net type 'wire' in al_ip/pll_gen.v(105)
HDL-1007 : undeclared symbol 'pll_gen_open2', assumed default net type 'wire' in al_ip/pll_gen.v(105)
HDL-1007 : undeclared symbol 'pll_gen_open1', assumed default net type 'wire' in al_ip/pll_gen.v(105)
HDL-1007 : analyze verilog file al_ip/sys_pll.v
HDL-1007 : undeclared symbol 'sys_pll_open0', assumed default net type 'wire' in al_ip/sys_pll.v(77)
HDL-1007 : undeclared symbol 'sys_pll_open1', assumed default net type 'wire' in al_ip/sys_pll.v(83)
HDL-1007 : undeclared symbol 'sys_pll_open9', assumed default net type 'wire' in al_ip/sys_pll.v(89)
HDL-1007 : undeclared symbol 'sys_pll_open8', assumed default net type 'wire' in al_ip/sys_pll.v(89)
HDL-1007 : undeclared symbol 'sys_pll_open7', assumed default net type 'wire' in al_ip/sys_pll.v(89)
HDL-1007 : undeclared symbol 'sys_pll_open6', assumed default net type 'wire' in al_ip/sys_pll.v(89)
HDL-1007 : undeclared symbol 'sys_pll_open5', assumed default net type 'wire' in al_ip/sys_pll.v(89)
HDL-1007 : undeclared symbol 'sys_pll_open4', assumed default net type 'wire' in al_ip/sys_pll.v(89)
HDL-1007 : undeclared symbol 'sys_pll_open3', assumed default net type 'wire' in al_ip/sys_pll.v(89)
HDL-1007 : undeclared symbol 'sys_pll_open2', assumed default net type 'wire' in al_ip/sys_pll.v(89)
HDL-1007 : undeclared symbol 'sys_pll_open11', assumed default net type 'wire' in al_ip/sys_pll.v(91)
HDL-1007 : undeclared symbol 'sys_pll_open10', assumed default net type 'wire' in al_ip/sys_pll.v(91)
HDL-1007 : analyze verilog file ../source_code/rtl/sd_card/ax_debounce.v
HDL-1007 : analyze verilog file ../source_code/rtl/sd_card/bmp_read.v
HDL-1007 : analyze verilog file ../source_code/rtl/sd_card/sd_card_bmp.v
HDL-1007 : analyze verilog file ../source_code/rtl/sd_card/sd_card_cmd.v
HDL-1007 : analyze verilog file ../source_code/rtl/sd_card/sd_card_sec_read_write.v
HDL-1007 : analyze verilog file ../source_code/rtl/sd_card/sd_card_top.v
HDL-1007 : analyze verilog file ../source_code/rtl/sd_card/spi_master.v
HDL-1007 : analyze verilog file ../source_code/rtl/sdram/enc_file/global_def.v
HDL-1007 : analyze verilog file ../source_code/rtl/sdram/enc_file/sdr_as_ram.enc.v
HDL-1007 : back to file '../source_code/rtl/sdram/enc_file/sdr_as_ram.enc.v' in ../source_code/rtl/sdram/enc_file/sdr_as_ram.enc.v(54)
HDL-1007 : analyze verilog file ../source_code/rtl/sdram/enc_file/sdr_wrrd.enc.v
HDL-5007 WARNING: concatenation with an unsized literal will be treated as 32 bits in ../source_code/rtl/sdram/enc_file/sdr_wrrd.enc.v(283)
HDL-1007 : back to file '../source_code/rtl/sdram/enc_file/sdr_wrrd.enc.v' in ../source_code/rtl/sdram/enc_file/sdr_wrrd.enc.v(19)
HDL-1007 : analyze verilog file ../source_code/rtl/frame_fifo/afifo_16_32_256.v
HDL-1007 : analyze verilog file ../source_code/rtl/frame_fifo/afifo_32_16_256.v
HDL-1007 : analyze verilog file ../source_code/rtl/frame_fifo/frame_fifo_read.v
HDL-1007 : analyze verilog file ../source_code/rtl/frame_fifo/frame_fifo_write.v
HDL-1007 : analyze verilog file ../source_code/rtl/frame_fifo/frame_read_write.v
HDL-1007 : analyze verilog file ../source_code/rtl/sdram/sdram.v
HDL-1007 : analyze included file ../source_code/rtl/sdram/enc_file/global_def.v in ../source_code/rtl/sdram/sdram.v(10)
HDL-1007 : back to file '../source_code/rtl/sdram/sdram.v' in ../source_code/rtl/sdram/sdram.v(10)
HDL-1007 : undeclared symbol 'SDR_CKE', assumed default net type 'wire' in ../source_code/rtl/sdram/sdram.v(89)
HDL-1007 : analyze verilog file ../source_code/rtl/sdram/enc_file/sdr_init_ref.enc.v
HDL-1007 : analyze included file ../source_code/rtl/sdram/enc_file/global_def.v in ../source_code/rtl/sdram/enc_file/sdr_init_ref.enc.v(11)
HDL-1007 : back to file '../source_code/rtl/sdram/enc_file/sdr_init_ref.enc.v' in ../source_code/rtl/sdram/enc_file/sdr_init_ref.enc.v(11)
HDL-1007 : undeclared symbol '**', assumed default net type '**' in ../source_code/rtl/sdram/enc_file/sdr_init_ref.enc.v(57)
HDL-1007 : back to file '../source_code/rtl/sdram/enc_file/sdr_init_ref.enc.v' in ../source_code/rtl/sdram/enc_file/sdr_init_ref.enc.v(149)
HDL-5007 WARNING: concatenation with an unsized literal will be treated as 32 bits in ../source_code/rtl/sdram/enc_file/sdr_init_ref.enc.v(47)
HDL-1007 : analyze verilog file ../source_code/rtl/video_timing/color_bar.v
HDL-1007 : analyze included file ../source_code/rtl/video_timing/video_define.v in ../source_code/rtl/video_timing/color_bar.v(2)
HDL-1007 : back to file '../source_code/rtl/video_timing/color_bar.v' in ../source_code/rtl/video_timing/color_bar.v(2)
HDL-1007 : analyze verilog file ../source_code/rtl/video_timing/video_delay.v
HDL-1007 : analyze verilog file ../source_code/rtl/video_timing/video_timing_data.v
HDL-1007 : analyze verilog file ../source_code/rtl/another/m_synchronization_header.v
HDL-1007 : analyze verilog file ../source_code/rtl/led.v
HDL-1007 : analyze verilog file ../source_code/rtl/ov5640/cmos_capture_data.v
HDL-1007 : analyze verilog file ../source_code/rtl/ov5640/i2c_dri.v
HDL-1007 : analyze verilog file ../source_code/rtl/ov5640/i2c_ov5640_rgb565_cfg.v
HDL-1007 : analyze verilog file ../source_code/rtl/ov5640/ov5640_delay.v
HDL-1007 : analyze verilog file ../source_code/rtl/ov5640/ov5640_dri.v
HDL-1007 : analyze verilog file al_ip/clk_wize.v
HDL-1007 : undeclared symbol 'open', assumed default net type 'wire' in al_ip/clk_wize.v(70)
HDL-1007 : analyze verilog file al_ip/ram.v
HDL-1007 : analyze verilog file ../source_code/rtl/app/addr_crt.v
HDL-1007 : analyze verilog file ../source_code/rtl/app/app.v
HDL-1007 : analyze verilog file ../source_code/rtl/app/vga_disp_rtl.v
HDL-1007 : analyze VHDL file ../source_code/rtl/hdmi_rtl/enc_file/DVITransmitter.enc.vhd
HDL-1007 : analyze entity dvitransmitter in ../source_code/rtl/hdmi_rtl/enc_file/DVITransmitter.enc.vhd(13)
HDL-1007 : analyze architecture ** in ../source_code/rtl/hdmi_rtl/enc_file/DVITransmitter.enc.vhd(2)
HDL-1007 : analyze VHDL file ../source_code/rtl/hdmi_rtl/enc_file/SerializerN_1_lvds.enc.vhd
HDL-1007 : analyze entity ** in ../source_code/rtl/hdmi_rtl/enc_file/SerializerN_1_lvds.enc.vhd(12)
HDL-1007 : analyze architecture ** in ../source_code/rtl/hdmi_rtl/enc_file/SerializerN_1_lvds.enc.vhd(25)
HDL-1007 : analyze VHDL file ../source_code/rtl/hdmi_rtl/enc_file/SerializerN_1_lvds_dat.enc.vhd
HDL-1007 : analyze entity ** in ../source_code/rtl/hdmi_rtl/enc_file/SerializerN_1_lvds_dat.enc.vhd(14)
HDL-1007 : analyze architecture ** in ../source_code/rtl/hdmi_rtl/enc_file/SerializerN_1_lvds_dat.enc.vhd(28)
HDL-1007 : analyze VHDL file ../source_code/rtl/hdmi_rtl/enc_file/TMDSEncoder.enc.vhd
HDL-1007 : analyze entity ** in ../source_code/rtl/hdmi_rtl/enc_file/TMDSEncoder.enc.vhd(13)
HDL-1007 : analyze architecture ** in ../source_code/rtl/hdmi_rtl/enc_file/TMDSEncoder.enc.vhd(24)
HDL-1007 : analyze verilog file ../source_code/rtl/hdmi_rtl/enc_file/video_tpg_1024768.enc.v
HDL-5007 WARNING: literal value ** truncated to fit in ** bits in ../source_code/rtl/hdmi_rtl/enc_file/video_tpg_1024768.enc.v(231)
HDL-1007 : back to file '../source_code/rtl/hdmi_rtl/enc_file/video_tpg_1024768.enc.v' in ../source_code/rtl/hdmi_rtl/enc_file/video_tpg_1024768.enc.v(1)
HDL-1007 : analyze verilog file ../source_code/rtl/hdmi_rtl/enc_file/video_tpg_1080p.enc.v
HDL-1007 : back to file '../source_code/rtl/hdmi_rtl/enc_file/video_tpg_1080p.enc.v' in ../source_code/rtl/hdmi_rtl/enc_file/video_tpg_1080p.enc.v(1)
HDL-1007 : analyze verilog file ../source_code/rtl/hdmi_rtl/enc_file/video_tpg_12801024p.enc.v
HDL-1007 : back to file '../source_code/rtl/hdmi_rtl/enc_file/video_tpg_12801024p.enc.v' in ../source_code/rtl/hdmi_rtl/enc_file/video_tpg_12801024p.enc.v(1)
HDL-1007 : analyze verilog file ../source_code/rtl/hdmi_rtl/enc_file/video_tpg_1280800.enc.v
HDL-5007 WARNING: literal value ** truncated to fit in ** bits in ../source_code/rtl/hdmi_rtl/enc_file/video_tpg_1280800.enc.v(233)
HDL-1007 : back to file '../source_code/rtl/hdmi_rtl/enc_file/video_tpg_1280800.enc.v' in ../source_code/rtl/hdmi_rtl/enc_file/video_tpg_1280800.enc.v(1)
HDL-1007 : analyze verilog file ../source_code/rtl/hdmi_rtl/enc_file/video_tpg_16801050p.enc.v
HDL-1007 : back to file '../source_code/rtl/hdmi_rtl/enc_file/video_tpg_16801050p.enc.v' in ../source_code/rtl/hdmi_rtl/enc_file/video_tpg_16801050p.enc.v(1)
HDL-1007 : analyze verilog file ../source_code/rtl/hdmi_rtl/enc_file/video_tpg_800600.enc.v
HDL-1007 : back to file '../source_code/rtl/hdmi_rtl/enc_file/video_tpg_800600.enc.v' in ../source_code/rtl/hdmi_rtl/enc_file/video_tpg_800600.enc.v(1)
HDL-1007 : analyze VHDL file ../source_code/rtl/hdmi_rtl/hdmi_tx.vhd
HDL-1007 : analyze entity hdmi_tx in ../source_code/rtl/hdmi_rtl/hdmi_tx.vhd(11)
HDL-1007 : analyze architecture behavioral in ../source_code/rtl/hdmi_rtl/hdmi_tx.vhd(33)
HDL-1007 : analyze verilog file ../source_code/rtl/hdmi_rtl/vga_disp_rtl.v
HDL-7201 CRITICAL-WARNING: overwrite current module 'vga_disp_rtl' in ../source_code/rtl/hdmi_rtl/vga_disp_rtl.v(1)
HDL-7307 CRITICAL-WARNING: previous definition of design element module 'vga_disp_rtl' is here. This is because multiple modules(values) with the same name are defined. Please consider rewriting code in ../source_code/rtl/app/vga_disp_rtl.v(1)
HDL-1007 : analyze verilog file ../source_code/rtl/another/fire_detect.v
HDL-1007 : analyze verilog file ../source_code/rtl/another/intrusion_detect.v
PRJ-1412 : reset_run syn_1 phy_1.
PRJ-1409 : launch_runs syn_1 phy_1  -jobs 6.
PRJ-1410 : Run syn_1 success.
PRJ-1410 : Run phy_1 success.
RUN-1002 : start command "save_best_bits"
PRJ-1424 : The implemented result of phy_1 is saved as best result.
RUN-1002 : start command "import_db D:/FPGA/workplace6_2_1/last_attempt/prj/last_attempt_Runs/phy_1/last_attempt_pr.db"
RUN-1001 : Importing database generated by Tang Dynasty, V6.2.168116.
RUN-1001 : Database version number 46207
RUN-1001 : Import flow parameters
RUN-1001 : Import netlist
PHY-1001 : Generate detailed routing grids ...
PHY-1001 : End build routing graph; 0.487279s wall, 0.468750s user + 0.046875s system = 0.515625s CPU (105.8%)

PHY-1001 : Build lut bridge;  0.072830s wall, 0.078125s user + 0.000000s system = 0.078125s CPU (107.3%)

PHY-1001 : Generate nets ...
PHY-1001 : net clk_50_dup_1 will be routed on clock mesh
PHY-1001 : clock net temac_clk will be merged with clock u_clk_gen/u_pll_0/clk0_buf
PHY-1001 : net udp_clk will be routed on clock mesh
PHY-1001 : net U3/u2_ram/SDRAM_CLK will be routed on clock mesh
PHY-1001 : net U3/u2_ram/u1_init_ref/Sdr_clk will be routed on clock mesh
PHY-1001 : clock net u_ov5640_dri/u_i2c_dr/dri_clk_syn_4 will be merged with clock u_ov5640_dri/u_i2c_dr/dri_clk
PHY-1001 : clock net u2_udp_loopback/app_tx_data_read_syn_4 will be merged with clock u2_udp_loopback/app_tx_data_read
PHY-1001 : clock net frame_read_write_m0/write_clk_syn_4 will be merged with clock frame_read_write_m0/write_clk
PHY-1001 : clock net cam_pclk_syn_4 will be merged with clock cam_pclk_dup_1
PHY-1001 : clock net sd_card_bmp_m0/bmp_read_m0/clk will be merged with clock tf0_sys_pll/clk0_buf
PHY-1001 : net u2_hdmi_tx/Inst_DVITransmitter/PCLK_I will be routed on clock mesh
PHY-1001 : clock net u2_hdmi_tx/Inst_DVITransmitter/PCLK_X5_I will be merged with clock u0_clk_wize/clk0_buf
PHY-1001 : net u4_trimac_block/u1_rgmii_interface/rgmii_txc_ddr/clk will be routed on clock mesh
PHY-1001 : clock net u4_trimac_block/rx_clk will be merged with clock phy1_rgmii_rx_clk_dup_1
PHY-1001 : eco open net = 0
PHY-1001 : 199 feed throughs used by 168 nets
RUN-1001 : Import phy database
RUN-1001 : Import timing constraints
RUN-1001 : Import IO constraints
RUN-1001 : Import Inst constraints
RUN-1001 : Import ChipWatcher
RUN-1001 : Import design success TD_VERSION=6.2.168116 , DB_VERSION=46207
RUN-1003 : finish command "import_db D:/FPGA/workplace6_2_1/last_attempt/prj/last_attempt_Runs/phy_1/last_attempt_pr.db" in  3.152493s wall, 2.953125s user + 0.359375s system = 3.312500s CPU (105.1%)

RUN-1004 : used memory is 895 MB, reserved memory is 847 MB, peak memory is 979 MB
RUN-1002 : start command "commit_param -step design"
RUN-1001 : Print Global Property
RUN-1001 : --------------------------------------------------------
RUN-1001 :   Parameters   |  Settings  |  Default Values  |  Note  
RUN-1001 : --------------------------------------------------------
RUN-1001 :   enable_seed  |    off     |       off        |        
RUN-1001 :     message    |  standard  |     standard     |        
RUN-1001 :   qor_monitor  |     on     |        on        |        
RUN-1001 :   syn_ip_flow  |    off     |       off        |        
RUN-1001 :     thread     |    auto    |       auto       |        
RUN-1001 : --------------------------------------------------------
RUN-1001 : Print Design Property
RUN-1001 : ----------------------------------------------------------------
RUN-1001 :       Parameters       |  Settings  |  Default Values  |  Note  
RUN-1001 : ----------------------------------------------------------------
RUN-1001 :   default_reg_initial  |    auto    |       auto       |        
RUN-1001 :    hdl_warning_level   |   normal   |      normal      |        
RUN-1001 : ----------------------------------------------------------------
HDL-1007 : analyze verilog file last_attempt.v
HDL-1007 : undeclared symbol 'phy_reset', assumed default net type 'wire' in last_attempt.v(167)
HDL-1007 : undeclared symbol 'VGA_HSYNC', assumed default net type 'wire' in last_attempt.v(335)
HDL-1007 : undeclared symbol 'VGA_VSYNC', assumed default net type 'wire' in last_attempt.v(336)
HDL-1007 : undeclared symbol 'rd_en', assumed default net type 'wire' in last_attempt.v(338)
HDL-1007 : undeclared symbol 'tpg_data_done', assumed default net type 'wire' in last_attempt.v(792)
HDL-1007 : undeclared symbol 'full_flag', assumed default net type 'wire' in last_attempt.v(826)
HDL-1007 : undeclared symbol 'input_local_udp_port_num', assumed default net type 'wire' in last_attempt.v(857)
HDL-1007 : undeclared symbol 'input_local_udp_port_num_valid', assumed default net type 'wire' in last_attempt.v(858)
HDL-1007 : undeclared symbol 'input_local_ip_address_valid', assumed default net type 'wire' in last_attempt.v(861)
HDL-1007 : analyze verilog file ../source_code/rtl/udp/BUFGMUX.v
HDL-1007 : analyze verilog file ../source_code/rtl/udp/IDDR.v
HDL-1007 : analyze verilog file ../source_code/rtl/udp/ODDR.v
HDL-1007 : analyze verilog file ../source_code/rtl/udp/RAMB16_S9_S9.v
HDL-1007 : undeclared symbol 'open', assumed default net type 'wire' in ../source_code/rtl/udp/RAMB16_S9_S9.v(109)
HDL-1007 : analyze verilog file ../source_code/rtl/udp/clk_gen_rst_gen.v
HDL-1007 : analyze verilog file ../source_code/rtl/udp/div_clk_gen.v
HDL-1007 : analyze verilog file ../source_code/rtl/udp/rgmii_interface.v
HDL-1007 : analyze verilog file ../source_code/rtl/udp/rx_client_fifo.v
HDL-5370 WARNING: parameter 'WAIT_s' becomes localparam in 'rx_client_fifo' with formal parameter declaration list in ../source_code/rtl/udp/rx_client_fifo.v(49)
HDL-5370 WARNING: parameter 'QUEUE1_s' becomes localparam in 'rx_client_fifo' with formal parameter declaration list in ../source_code/rtl/udp/rx_client_fifo.v(50)
HDL-5370 WARNING: parameter 'QUEUE2_s' becomes localparam in 'rx_client_fifo' with formal parameter declaration list in ../source_code/rtl/udp/rx_client_fifo.v(51)
HDL-5370 WARNING: parameter 'QUEUE3_s' becomes localparam in 'rx_client_fifo' with formal parameter declaration list in ../source_code/rtl/udp/rx_client_fifo.v(52)
HDL-5370 WARNING: parameter 'QUEUE_SOF_s' becomes localparam in 'rx_client_fifo' with formal parameter declaration list in ../source_code/rtl/udp/rx_client_fifo.v(53)
HDL-5370 WARNING: parameter 'SOF_s' becomes localparam in 'rx_client_fifo' with formal parameter declaration list in ../source_code/rtl/udp/rx_client_fifo.v(54)
HDL-5370 WARNING: parameter 'DATA_s' becomes localparam in 'rx_client_fifo' with formal parameter declaration list in ../source_code/rtl/udp/rx_client_fifo.v(55)
HDL-5370 WARNING: parameter 'EOF_s' becomes localparam in 'rx_client_fifo' with formal parameter declaration list in ../source_code/rtl/udp/rx_client_fifo.v(56)
HDL-5370 WARNING: parameter 'IDLE_s' becomes localparam in 'rx_client_fifo' with formal parameter declaration list in ../source_code/rtl/udp/rx_client_fifo.v(62)
HDL-5370 WARNING: parameter 'FRAME_s' becomes localparam in 'rx_client_fifo' with formal parameter declaration list in ../source_code/rtl/udp/rx_client_fifo.v(63)
HDL-5370 Similar messages will be suppressed.
HDL-1007 : analyze verilog file ../source_code/rtl/udp/temac_block.v
HDL-1007 : analyze verilog file ../source_code/rtl/udp/temac_clk_gen.v
HDL-1007 : analyze verilog file ../source_code/rtl/udp/tx_client_fifo.v
HDL-5370 WARNING: parameter 'IDLE_s' becomes localparam in 'tx_client_fifo' with formal parameter declaration list in ../source_code/rtl/udp/tx_client_fifo.v(53)
HDL-5370 WARNING: parameter 'QUEUE1_s' becomes localparam in 'tx_client_fifo' with formal parameter declaration list in ../source_code/rtl/udp/tx_client_fifo.v(54)
HDL-5370 WARNING: parameter 'QUEUE2_s' becomes localparam in 'tx_client_fifo' with formal parameter declaration list in ../source_code/rtl/udp/tx_client_fifo.v(55)
HDL-5370 WARNING: parameter 'QUEUE3_s' becomes localparam in 'tx_client_fifo' with formal parameter declaration list in ../source_code/rtl/udp/tx_client_fifo.v(56)
HDL-5370 WARNING: parameter 'QUEUE_ACK_s' becomes localparam in 'tx_client_fifo' with formal parameter declaration list in ../source_code/rtl/udp/tx_client_fifo.v(57)
HDL-5370 WARNING: parameter 'WAIT_ACK_s' becomes localparam in 'tx_client_fifo' with formal parameter declaration list in ../source_code/rtl/udp/tx_client_fifo.v(58)
HDL-5370 WARNING: parameter 'FRAME_s' becomes localparam in 'tx_client_fifo' with formal parameter declaration list in ../source_code/rtl/udp/tx_client_fifo.v(59)
HDL-5370 WARNING: parameter 'DROP_s' becomes localparam in 'tx_client_fifo' with formal parameter declaration list in ../source_code/rtl/udp/tx_client_fifo.v(60)
HDL-5370 WARNING: parameter 'RETRANSMIT_s' becomes localparam in 'tx_client_fifo' with formal parameter declaration list in ../source_code/rtl/udp/tx_client_fifo.v(61)
HDL-5370 WARNING: parameter 'WAIT_s' becomes localparam in 'tx_client_fifo' with formal parameter declaration list in ../source_code/rtl/udp/tx_client_fifo.v(67)
HDL-5370 Similar messages will be suppressed.
HDL-1007 : analyze verilog file ../source_code/rtl/udp/tx_clk_en_gen.v
HDL-1007 : analyze verilog file ../source_code/rtl/udp/udp_data_tpg.v
HDL-1007 : analyze verilog file ../source_code/rtl/udp/udp_ip_protocol_stack_merge.enc.v
HDL-1007 : back to file '../source_code/rtl/udp/udp_ip_protocol_stack_merge.enc.v' in ../source_code/rtl/udp/udp_ip_protocol_stack_merge.enc.v(56)
HDL-1007 : undeclared symbol '**', assumed default net type '**' in ../source_code/rtl/udp/udp_ip_protocol_stack_merge.enc.v(2638)
HDL-1007 : back to file '../source_code/rtl/udp/udp_ip_protocol_stack_merge.enc.v' in ../source_code/rtl/udp/udp_ip_protocol_stack_merge.enc.v(420)
HDL-1007 : analyze verilog file ../source_code/rtl/udp/udp_loopback.v
HDL-1007 : analyze verilog file al_ip/TEMAC_CORE/RTL/include/define.v
HDL-1007 : analyze verilog file al_ip/TEMAC_CORE/RTL/TEMAC_CORE_aead6cd6dadd.v
HDL-5007 WARNING: column 1032 exceeds maximum value 1023 in al_ip/TEMAC_CORE/RTL/TEMAC_CORE_aead6cd6dadd.v(30)
HDL-1007 : back to file 'al_ip/TEMAC_CORE/RTL/TEMAC_CORE_aead6cd6dadd.v' in al_ip/TEMAC_CORE/RTL/TEMAC_CORE_aead6cd6dadd.v(86)
HDL-5007 WARNING: event expressions must result in a singular type in al_ip/TEMAC_CORE/RTL/TEMAC_CORE_aead6cd6dadd.v(3001)
HDL-1007 : undeclared symbol '**', assumed default net type '**' in al_ip/TEMAC_CORE/RTL/TEMAC_CORE_aead6cd6dadd.v(5050)
HDL-1007 : undeclared symbol '**', assumed default net type '**' in al_ip/TEMAC_CORE/RTL/TEMAC_CORE_aead6cd6dadd.v(5458)
HDL-5007 WARNING: column 1035 exceeds maximum value 1023 in al_ip/TEMAC_CORE/RTL/TEMAC_CORE_aead6cd6dadd.v(6001)
HDL-1007 : back to file 'al_ip/TEMAC_CORE/RTL/TEMAC_CORE_aead6cd6dadd.v' in al_ip/TEMAC_CORE/RTL/TEMAC_CORE_aead6cd6dadd.v(260)
HDL-1007 : analyze verilog file al_ip/TEMAC_CORE/RTL/mac_core_aead6cd6dadd.v
HDL-1007 : analyze verilog file al_ip/TEMAC_CORE/TEMAC_CORE.v
HDL-1007 : analyze verilog file al_ip/pll_gen.v
HDL-1007 : undeclared symbol 'pll_gen_open0', assumed default net type 'wire' in al_ip/pll_gen.v(99)
HDL-1007 : undeclared symbol 'pll_gen_open8', assumed default net type 'wire' in al_ip/pll_gen.v(105)
HDL-1007 : undeclared symbol 'pll_gen_open7', assumed default net type 'wire' in al_ip/pll_gen.v(105)
HDL-1007 : undeclared symbol 'pll_gen_open6', assumed default net type 'wire' in al_ip/pll_gen.v(105)
HDL-1007 : undeclared symbol 'pll_gen_open5', assumed default net type 'wire' in al_ip/pll_gen.v(105)
HDL-1007 : undeclared symbol 'pll_gen_open4', assumed default net type 'wire' in al_ip/pll_gen.v(105)
HDL-1007 : undeclared symbol 'pll_gen_open3', assumed default net type 'wire' in al_ip/pll_gen.v(105)
HDL-1007 : undeclared symbol 'pll_gen_open2', assumed default net type 'wire' in al_ip/pll_gen.v(105)
HDL-1007 : undeclared symbol 'pll_gen_open1', assumed default net type 'wire' in al_ip/pll_gen.v(105)
HDL-1007 : analyze verilog file al_ip/sys_pll.v
HDL-1007 : undeclared symbol 'sys_pll_open0', assumed default net type 'wire' in al_ip/sys_pll.v(77)
HDL-1007 : undeclared symbol 'sys_pll_open1', assumed default net type 'wire' in al_ip/sys_pll.v(83)
HDL-1007 : undeclared symbol 'sys_pll_open9', assumed default net type 'wire' in al_ip/sys_pll.v(89)
HDL-1007 : undeclared symbol 'sys_pll_open8', assumed default net type 'wire' in al_ip/sys_pll.v(89)
HDL-1007 : undeclared symbol 'sys_pll_open7', assumed default net type 'wire' in al_ip/sys_pll.v(89)
HDL-1007 : undeclared symbol 'sys_pll_open6', assumed default net type 'wire' in al_ip/sys_pll.v(89)
HDL-1007 : undeclared symbol 'sys_pll_open5', assumed default net type 'wire' in al_ip/sys_pll.v(89)
HDL-1007 : undeclared symbol 'sys_pll_open4', assumed default net type 'wire' in al_ip/sys_pll.v(89)
HDL-1007 : undeclared symbol 'sys_pll_open3', assumed default net type 'wire' in al_ip/sys_pll.v(89)
HDL-1007 : undeclared symbol 'sys_pll_open2', assumed default net type 'wire' in al_ip/sys_pll.v(89)
HDL-1007 : undeclared symbol 'sys_pll_open11', assumed default net type 'wire' in al_ip/sys_pll.v(91)
HDL-1007 : undeclared symbol 'sys_pll_open10', assumed default net type 'wire' in al_ip/sys_pll.v(91)
HDL-1007 : analyze verilog file ../source_code/rtl/sd_card/ax_debounce.v
HDL-1007 : analyze verilog file ../source_code/rtl/sd_card/bmp_read.v
HDL-1007 : analyze verilog file ../source_code/rtl/sd_card/sd_card_bmp.v
HDL-1007 : analyze verilog file ../source_code/rtl/sd_card/sd_card_cmd.v
HDL-1007 : analyze verilog file ../source_code/rtl/sd_card/sd_card_sec_read_write.v
HDL-1007 : analyze verilog file ../source_code/rtl/sd_card/sd_card_top.v
HDL-1007 : analyze verilog file ../source_code/rtl/sd_card/spi_master.v
HDL-1007 : analyze verilog file ../source_code/rtl/sdram/enc_file/global_def.v
HDL-1007 : analyze verilog file ../source_code/rtl/sdram/enc_file/sdr_as_ram.enc.v
HDL-1007 : back to file '../source_code/rtl/sdram/enc_file/sdr_as_ram.enc.v' in ../source_code/rtl/sdram/enc_file/sdr_as_ram.enc.v(54)
HDL-1007 : analyze verilog file ../source_code/rtl/sdram/enc_file/sdr_wrrd.enc.v
HDL-5007 WARNING: concatenation with an unsized literal will be treated as 32 bits in ../source_code/rtl/sdram/enc_file/sdr_wrrd.enc.v(283)
HDL-1007 : back to file '../source_code/rtl/sdram/enc_file/sdr_wrrd.enc.v' in ../source_code/rtl/sdram/enc_file/sdr_wrrd.enc.v(19)
HDL-1007 : analyze verilog file ../source_code/rtl/frame_fifo/afifo_16_32_256.v
HDL-1007 : analyze verilog file ../source_code/rtl/frame_fifo/afifo_32_16_256.v
HDL-1007 : analyze verilog file ../source_code/rtl/frame_fifo/frame_fifo_read.v
HDL-1007 : analyze verilog file ../source_code/rtl/frame_fifo/frame_fifo_write.v
HDL-1007 : analyze verilog file ../source_code/rtl/frame_fifo/frame_read_write.v
HDL-1007 : analyze verilog file ../source_code/rtl/sdram/sdram.v
HDL-1007 : analyze included file ../source_code/rtl/sdram/enc_file/global_def.v in ../source_code/rtl/sdram/sdram.v(10)
HDL-1007 : back to file '../source_code/rtl/sdram/sdram.v' in ../source_code/rtl/sdram/sdram.v(10)
HDL-1007 : undeclared symbol 'SDR_CKE', assumed default net type 'wire' in ../source_code/rtl/sdram/sdram.v(89)
HDL-1007 : analyze verilog file ../source_code/rtl/sdram/enc_file/sdr_init_ref.enc.v
HDL-1007 : analyze included file ../source_code/rtl/sdram/enc_file/global_def.v in ../source_code/rtl/sdram/enc_file/sdr_init_ref.enc.v(11)
HDL-1007 : back to file '../source_code/rtl/sdram/enc_file/sdr_init_ref.enc.v' in ../source_code/rtl/sdram/enc_file/sdr_init_ref.enc.v(11)
HDL-1007 : undeclared symbol '**', assumed default net type '**' in ../source_code/rtl/sdram/enc_file/sdr_init_ref.enc.v(57)
HDL-1007 : back to file '../source_code/rtl/sdram/enc_file/sdr_init_ref.enc.v' in ../source_code/rtl/sdram/enc_file/sdr_init_ref.enc.v(149)
HDL-5007 WARNING: concatenation with an unsized literal will be treated as 32 bits in ../source_code/rtl/sdram/enc_file/sdr_init_ref.enc.v(47)
HDL-1007 : analyze verilog file ../source_code/rtl/video_timing/color_bar.v
HDL-1007 : analyze included file ../source_code/rtl/video_timing/video_define.v in ../source_code/rtl/video_timing/color_bar.v(2)
HDL-1007 : back to file '../source_code/rtl/video_timing/color_bar.v' in ../source_code/rtl/video_timing/color_bar.v(2)
HDL-1007 : analyze verilog file ../source_code/rtl/video_timing/video_delay.v
HDL-1007 : analyze verilog file ../source_code/rtl/video_timing/video_timing_data.v
HDL-1007 : analyze verilog file ../source_code/rtl/another/m_synchronization_header.v
HDL-1007 : analyze verilog file ../source_code/rtl/led.v
HDL-1007 : analyze verilog file ../source_code/rtl/ov5640/cmos_capture_data.v
HDL-1007 : analyze verilog file ../source_code/rtl/ov5640/i2c_dri.v
HDL-1007 : analyze verilog file ../source_code/rtl/ov5640/i2c_ov5640_rgb565_cfg.v
HDL-1007 : analyze verilog file ../source_code/rtl/ov5640/ov5640_delay.v
HDL-1007 : analyze verilog file ../source_code/rtl/ov5640/ov5640_dri.v
HDL-1007 : analyze verilog file al_ip/clk_wize.v
HDL-1007 : undeclared symbol 'open', assumed default net type 'wire' in al_ip/clk_wize.v(70)
HDL-1007 : analyze verilog file al_ip/ram.v
HDL-1007 : analyze verilog file ../source_code/rtl/app/addr_crt.v
HDL-1007 : analyze verilog file ../source_code/rtl/app/app.v
HDL-1007 : analyze verilog file ../source_code/rtl/app/vga_disp_rtl.v
HDL-1007 : analyze VHDL file ../source_code/rtl/hdmi_rtl/enc_file/DVITransmitter.enc.vhd
HDL-1007 : analyze entity dvitransmitter in ../source_code/rtl/hdmi_rtl/enc_file/DVITransmitter.enc.vhd(13)
HDL-1007 : analyze architecture ** in ../source_code/rtl/hdmi_rtl/enc_file/DVITransmitter.enc.vhd(2)
HDL-1007 : analyze VHDL file ../source_code/rtl/hdmi_rtl/enc_file/SerializerN_1_lvds.enc.vhd
HDL-1007 : analyze entity ** in ../source_code/rtl/hdmi_rtl/enc_file/SerializerN_1_lvds.enc.vhd(12)
HDL-1007 : analyze architecture ** in ../source_code/rtl/hdmi_rtl/enc_file/SerializerN_1_lvds.enc.vhd(25)
HDL-1007 : analyze VHDL file ../source_code/rtl/hdmi_rtl/enc_file/SerializerN_1_lvds_dat.enc.vhd
HDL-1007 : analyze entity ** in ../source_code/rtl/hdmi_rtl/enc_file/SerializerN_1_lvds_dat.enc.vhd(14)
HDL-1007 : analyze architecture ** in ../source_code/rtl/hdmi_rtl/enc_file/SerializerN_1_lvds_dat.enc.vhd(28)
HDL-1007 : analyze VHDL file ../source_code/rtl/hdmi_rtl/enc_file/TMDSEncoder.enc.vhd
HDL-1007 : analyze entity ** in ../source_code/rtl/hdmi_rtl/enc_file/TMDSEncoder.enc.vhd(13)
HDL-1007 : analyze architecture ** in ../source_code/rtl/hdmi_rtl/enc_file/TMDSEncoder.enc.vhd(24)
HDL-1007 : analyze verilog file ../source_code/rtl/hdmi_rtl/enc_file/video_tpg_1024768.enc.v
HDL-5007 WARNING: literal value ** truncated to fit in ** bits in ../source_code/rtl/hdmi_rtl/enc_file/video_tpg_1024768.enc.v(231)
HDL-1007 : back to file '../source_code/rtl/hdmi_rtl/enc_file/video_tpg_1024768.enc.v' in ../source_code/rtl/hdmi_rtl/enc_file/video_tpg_1024768.enc.v(1)
HDL-1007 : analyze verilog file ../source_code/rtl/hdmi_rtl/enc_file/video_tpg_1080p.enc.v
HDL-1007 : back to file '../source_code/rtl/hdmi_rtl/enc_file/video_tpg_1080p.enc.v' in ../source_code/rtl/hdmi_rtl/enc_file/video_tpg_1080p.enc.v(1)
HDL-1007 : analyze verilog file ../source_code/rtl/hdmi_rtl/enc_file/video_tpg_12801024p.enc.v
HDL-1007 : back to file '../source_code/rtl/hdmi_rtl/enc_file/video_tpg_12801024p.enc.v' in ../source_code/rtl/hdmi_rtl/enc_file/video_tpg_12801024p.enc.v(1)
HDL-1007 : analyze verilog file ../source_code/rtl/hdmi_rtl/enc_file/video_tpg_1280800.enc.v
HDL-5007 WARNING: literal value ** truncated to fit in ** bits in ../source_code/rtl/hdmi_rtl/enc_file/video_tpg_1280800.enc.v(233)
HDL-1007 : back to file '../source_code/rtl/hdmi_rtl/enc_file/video_tpg_1280800.enc.v' in ../source_code/rtl/hdmi_rtl/enc_file/video_tpg_1280800.enc.v(1)
HDL-1007 : analyze verilog file ../source_code/rtl/hdmi_rtl/enc_file/video_tpg_16801050p.enc.v
HDL-1007 : back to file '../source_code/rtl/hdmi_rtl/enc_file/video_tpg_16801050p.enc.v' in ../source_code/rtl/hdmi_rtl/enc_file/video_tpg_16801050p.enc.v(1)
HDL-1007 : analyze verilog file ../source_code/rtl/hdmi_rtl/enc_file/video_tpg_800600.enc.v
HDL-1007 : back to file '../source_code/rtl/hdmi_rtl/enc_file/video_tpg_800600.enc.v' in ../source_code/rtl/hdmi_rtl/enc_file/video_tpg_800600.enc.v(1)
HDL-1007 : analyze VHDL file ../source_code/rtl/hdmi_rtl/hdmi_tx.vhd
HDL-1007 : analyze entity hdmi_tx in ../source_code/rtl/hdmi_rtl/hdmi_tx.vhd(11)
HDL-1007 : analyze architecture behavioral in ../source_code/rtl/hdmi_rtl/hdmi_tx.vhd(33)
HDL-1007 : analyze verilog file ../source_code/rtl/hdmi_rtl/vga_disp_rtl.v
HDL-7201 CRITICAL-WARNING: overwrite current module 'vga_disp_rtl' in ../source_code/rtl/hdmi_rtl/vga_disp_rtl.v(1)
HDL-7307 CRITICAL-WARNING: previous definition of design element module 'vga_disp_rtl' is here. This is because multiple modules(values) with the same name are defined. Please consider rewriting code in ../source_code/rtl/app/vga_disp_rtl.v(1)
HDL-1007 : analyze verilog file ../source_code/rtl/another/fire_detect.v
HDL-1007 : analyze verilog file ../source_code/rtl/another/intrusion_detect.v
RUN-1002 : start command "commit_param -step design"
RUN-1001 : Print Global Property
RUN-1001 : --------------------------------------------------------
RUN-1001 :   Parameters   |  Settings  |  Default Values  |  Note  
RUN-1001 : --------------------------------------------------------
RUN-1001 :   enable_seed  |    off     |       off        |        
RUN-1001 :     message    |  standard  |     standard     |        
RUN-1001 :   qor_monitor  |     on     |        on        |        
RUN-1001 :   syn_ip_flow  |    off     |       off        |        
RUN-1001 :     thread     |    auto    |       auto       |        
RUN-1001 : --------------------------------------------------------
RUN-1001 : Print Design Property
RUN-1001 : ----------------------------------------------------------------
RUN-1001 :       Parameters       |  Settings  |  Default Values  |  Note  
RUN-1001 : ----------------------------------------------------------------
RUN-1001 :   default_reg_initial  |    auto    |       auto       |        
RUN-1001 :    hdl_warning_level   |   normal   |      normal      |        
RUN-1001 : ----------------------------------------------------------------
HDL-1007 : analyze verilog file last_attempt.v
HDL-1007 : undeclared symbol 'phy_reset', assumed default net type 'wire' in last_attempt.v(167)
HDL-1007 : undeclared symbol 'VGA_HSYNC', assumed default net type 'wire' in last_attempt.v(335)
HDL-1007 : undeclared symbol 'VGA_VSYNC', assumed default net type 'wire' in last_attempt.v(336)
HDL-1007 : undeclared symbol 'rd_en', assumed default net type 'wire' in last_attempt.v(338)
HDL-8007 ERROR: unexpected non-printable character with the hex value '0xe5' in last_attempt.v(677)
HDL-8007 ERROR: unexpected non-printable character with the hex value '0x88' in last_attempt.v(677)
HDL-8007 ERROR: unexpected non-printable character with the hex value '0xa4' in last_attempt.v(677)
HDL-8007 ERROR: unexpected non-printable character with the hex value '0xe6' in last_attempt.v(677)
HDL-8007 ERROR: unexpected non-printable character with the hex value '0x96' in last_attempt.v(677)
HDL-8007 ERROR: unexpected non-printable character with the hex value '0xad' in last_attempt.v(677)
HDL-8007 ERROR: unexpected non-printable character with the hex value '0xe6' in last_attempt.v(677)
HDL-8007 ERROR: unexpected non-printable character with the hex value '0x98' in last_attempt.v(677)
HDL-8007 ERROR: unexpected non-printable character with the hex value '0xaf' in last_attempt.v(677)
HDL-8007 ERROR: unexpected non-printable character with the hex value '0xe5' in last_attempt.v(677)
HDL-8007 Similar messages will be suppressed.
HDL-1007 : Sorry, too many errors..
HDL-1007 : analyze VHDL file ../source_code/rtl/hdmi_rtl/enc_file/DVITransmitter.enc.vhd
HDL-1007 : analyze entity dvitransmitter in ../source_code/rtl/hdmi_rtl/enc_file/DVITransmitter.enc.vhd(13)
HDL-1007 : analyze architecture ** in ../source_code/rtl/hdmi_rtl/enc_file/DVITransmitter.enc.vhd(2)
HDL-1007 : analyze VHDL file ../source_code/rtl/hdmi_rtl/enc_file/SerializerN_1_lvds.enc.vhd
HDL-1007 : analyze entity ** in ../source_code/rtl/hdmi_rtl/enc_file/SerializerN_1_lvds.enc.vhd(12)
HDL-1007 : analyze architecture ** in ../source_code/rtl/hdmi_rtl/enc_file/SerializerN_1_lvds.enc.vhd(25)
HDL-1007 : analyze VHDL file ../source_code/rtl/hdmi_rtl/enc_file/SerializerN_1_lvds_dat.enc.vhd
HDL-1007 : analyze entity ** in ../source_code/rtl/hdmi_rtl/enc_file/SerializerN_1_lvds_dat.enc.vhd(14)
HDL-1007 : analyze architecture ** in ../source_code/rtl/hdmi_rtl/enc_file/SerializerN_1_lvds_dat.enc.vhd(28)
HDL-1007 : analyze VHDL file ../source_code/rtl/hdmi_rtl/enc_file/TMDSEncoder.enc.vhd
HDL-1007 : analyze entity ** in ../source_code/rtl/hdmi_rtl/enc_file/TMDSEncoder.enc.vhd(13)
HDL-1007 : analyze architecture ** in ../source_code/rtl/hdmi_rtl/enc_file/TMDSEncoder.enc.vhd(24)
HDL-1007 : analyze verilog file ../source_code/rtl/hdmi_rtl/enc_file/video_tpg_1024768.enc.v
HDL-5007 WARNING: literal value ** truncated to fit in ** bits in ../source_code/rtl/hdmi_rtl/enc_file/video_tpg_1024768.enc.v(231)
HDL-1007 : back to file '../source_code/rtl/hdmi_rtl/enc_file/video_tpg_1024768.enc.v' in ../source_code/rtl/hdmi_rtl/enc_file/video_tpg_1024768.enc.v(1)
HDL-1007 : analyze verilog file ../source_code/rtl/hdmi_rtl/enc_file/video_tpg_1080p.enc.v
HDL-1007 : back to file '../source_code/rtl/hdmi_rtl/enc_file/video_tpg_1080p.enc.v' in ../source_code/rtl/hdmi_rtl/enc_file/video_tpg_1080p.enc.v(1)
HDL-1007 : analyze verilog file ../source_code/rtl/hdmi_rtl/enc_file/video_tpg_12801024p.enc.v
HDL-1007 : back to file '../source_code/rtl/hdmi_rtl/enc_file/video_tpg_12801024p.enc.v' in ../source_code/rtl/hdmi_rtl/enc_file/video_tpg_12801024p.enc.v(1)
HDL-1007 : analyze verilog file ../source_code/rtl/hdmi_rtl/enc_file/video_tpg_1280800.enc.v
HDL-5007 WARNING: literal value ** truncated to fit in ** bits in ../source_code/rtl/hdmi_rtl/enc_file/video_tpg_1280800.enc.v(233)
HDL-1007 : back to file '../source_code/rtl/hdmi_rtl/enc_file/video_tpg_1280800.enc.v' in ../source_code/rtl/hdmi_rtl/enc_file/video_tpg_1280800.enc.v(1)
HDL-1007 : analyze verilog file ../source_code/rtl/hdmi_rtl/enc_file/video_tpg_16801050p.enc.v
HDL-1007 : back to file '../source_code/rtl/hdmi_rtl/enc_file/video_tpg_16801050p.enc.v' in ../source_code/rtl/hdmi_rtl/enc_file/video_tpg_16801050p.enc.v(1)
HDL-1007 : analyze verilog file ../source_code/rtl/hdmi_rtl/enc_file/video_tpg_800600.enc.v
HDL-1007 : back to file '../source_code/rtl/hdmi_rtl/enc_file/video_tpg_800600.enc.v' in ../source_code/rtl/hdmi_rtl/enc_file/video_tpg_800600.enc.v(1)
HDL-1007 : analyze VHDL file ../source_code/rtl/hdmi_rtl/hdmi_tx.vhd
HDL-1007 : analyze entity hdmi_tx in ../source_code/rtl/hdmi_rtl/hdmi_tx.vhd(11)
HDL-1007 : analyze architecture behavioral in ../source_code/rtl/hdmi_rtl/hdmi_tx.vhd(33)
HDL-1007 : analyze verilog file ../source_code/rtl/hdmi_rtl/vga_disp_rtl.v
HDL-1007 : analyze verilog file ../source_code/rtl/another/fire_detect.v
HDL-1007 : analyze verilog file ../source_code/rtl/another/intrusion_detect.v
HDL-5007 WARNING: The file last_attempt.v will not be compiled since it is not included by any other files. Set it as 'global include' if it should be compiled.
RUN-1002 : start command "commit_param -step design"
RUN-1001 : Print Global Property
RUN-1001 : --------------------------------------------------------
RUN-1001 :   Parameters   |  Settings  |  Default Values  |  Note  
RUN-1001 : --------------------------------------------------------
RUN-1001 :   enable_seed  |    off     |       off        |        
RUN-1001 :     message    |  standard  |     standard     |        
RUN-1001 :   qor_monitor  |     on     |        on        |        
RUN-1001 :   syn_ip_flow  |    off     |       off        |        
RUN-1001 :     thread     |    auto    |       auto       |        
RUN-1001 : --------------------------------------------------------
RUN-1001 : Print Design Property
RUN-1001 : ----------------------------------------------------------------
RUN-1001 :       Parameters       |  Settings  |  Default Values  |  Note  
RUN-1001 : ----------------------------------------------------------------
RUN-1001 :   default_reg_initial  |    auto    |       auto       |        
RUN-1001 :    hdl_warning_level   |   normal   |      normal      |        
RUN-1001 : ----------------------------------------------------------------
HDL-1007 : analyze verilog file last_attempt.v
HDL-1007 : undeclared symbol 'phy_reset', assumed default net type 'wire' in last_attempt.v(167)
HDL-1007 : undeclared symbol 'VGA_HSYNC', assumed default net type 'wire' in last_attempt.v(335)
HDL-1007 : undeclared symbol 'VGA_VSYNC', assumed default net type 'wire' in last_attempt.v(336)
HDL-1007 : undeclared symbol 'rd_en', assumed default net type 'wire' in last_attempt.v(338)
HDL-1007 : undeclared symbol 'tpg_data_done', assumed default net type 'wire' in last_attempt.v(792)
HDL-1007 : undeclared symbol 'full_flag', assumed default net type 'wire' in last_attempt.v(826)
HDL-1007 : undeclared symbol 'input_local_udp_port_num', assumed default net type 'wire' in last_attempt.v(857)
HDL-1007 : undeclared symbol 'input_local_udp_port_num_valid', assumed default net type 'wire' in last_attempt.v(858)
HDL-1007 : undeclared symbol 'input_local_ip_address_valid', assumed default net type 'wire' in last_attempt.v(861)
HDL-1007 : analyze verilog file ../source_code/rtl/udp/BUFGMUX.v
HDL-1007 : analyze verilog file ../source_code/rtl/udp/IDDR.v
HDL-1007 : analyze verilog file ../source_code/rtl/udp/ODDR.v
HDL-1007 : analyze verilog file ../source_code/rtl/udp/RAMB16_S9_S9.v
HDL-1007 : undeclared symbol 'open', assumed default net type 'wire' in ../source_code/rtl/udp/RAMB16_S9_S9.v(109)
HDL-1007 : analyze verilog file ../source_code/rtl/udp/clk_gen_rst_gen.v
HDL-1007 : analyze verilog file ../source_code/rtl/udp/div_clk_gen.v
HDL-1007 : analyze verilog file ../source_code/rtl/udp/rgmii_interface.v
HDL-1007 : analyze verilog file ../source_code/rtl/udp/rx_client_fifo.v
HDL-5370 WARNING: parameter 'WAIT_s' becomes localparam in 'rx_client_fifo' with formal parameter declaration list in ../source_code/rtl/udp/rx_client_fifo.v(49)
HDL-5370 WARNING: parameter 'QUEUE1_s' becomes localparam in 'rx_client_fifo' with formal parameter declaration list in ../source_code/rtl/udp/rx_client_fifo.v(50)
HDL-5370 WARNING: parameter 'QUEUE2_s' becomes localparam in 'rx_client_fifo' with formal parameter declaration list in ../source_code/rtl/udp/rx_client_fifo.v(51)
HDL-5370 WARNING: parameter 'QUEUE3_s' becomes localparam in 'rx_client_fifo' with formal parameter declaration list in ../source_code/rtl/udp/rx_client_fifo.v(52)
HDL-5370 WARNING: parameter 'QUEUE_SOF_s' becomes localparam in 'rx_client_fifo' with formal parameter declaration list in ../source_code/rtl/udp/rx_client_fifo.v(53)
HDL-5370 WARNING: parameter 'SOF_s' becomes localparam in 'rx_client_fifo' with formal parameter declaration list in ../source_code/rtl/udp/rx_client_fifo.v(54)
HDL-5370 WARNING: parameter 'DATA_s' becomes localparam in 'rx_client_fifo' with formal parameter declaration list in ../source_code/rtl/udp/rx_client_fifo.v(55)
HDL-5370 WARNING: parameter 'EOF_s' becomes localparam in 'rx_client_fifo' with formal parameter declaration list in ../source_code/rtl/udp/rx_client_fifo.v(56)
HDL-5370 WARNING: parameter 'IDLE_s' becomes localparam in 'rx_client_fifo' with formal parameter declaration list in ../source_code/rtl/udp/rx_client_fifo.v(62)
HDL-5370 WARNING: parameter 'FRAME_s' becomes localparam in 'rx_client_fifo' with formal parameter declaration list in ../source_code/rtl/udp/rx_client_fifo.v(63)
HDL-5370 Similar messages will be suppressed.
HDL-1007 : analyze verilog file ../source_code/rtl/udp/temac_block.v
HDL-1007 : analyze verilog file ../source_code/rtl/udp/temac_clk_gen.v
HDL-1007 : analyze verilog file ../source_code/rtl/udp/tx_client_fifo.v
HDL-5370 WARNING: parameter 'IDLE_s' becomes localparam in 'tx_client_fifo' with formal parameter declaration list in ../source_code/rtl/udp/tx_client_fifo.v(53)
HDL-5370 WARNING: parameter 'QUEUE1_s' becomes localparam in 'tx_client_fifo' with formal parameter declaration list in ../source_code/rtl/udp/tx_client_fifo.v(54)
HDL-5370 WARNING: parameter 'QUEUE2_s' becomes localparam in 'tx_client_fifo' with formal parameter declaration list in ../source_code/rtl/udp/tx_client_fifo.v(55)
HDL-5370 WARNING: parameter 'QUEUE3_s' becomes localparam in 'tx_client_fifo' with formal parameter declaration list in ../source_code/rtl/udp/tx_client_fifo.v(56)
HDL-5370 WARNING: parameter 'QUEUE_ACK_s' becomes localparam in 'tx_client_fifo' with formal parameter declaration list in ../source_code/rtl/udp/tx_client_fifo.v(57)
HDL-5370 WARNING: parameter 'WAIT_ACK_s' becomes localparam in 'tx_client_fifo' with formal parameter declaration list in ../source_code/rtl/udp/tx_client_fifo.v(58)
HDL-5370 WARNING: parameter 'FRAME_s' becomes localparam in 'tx_client_fifo' with formal parameter declaration list in ../source_code/rtl/udp/tx_client_fifo.v(59)
HDL-5370 WARNING: parameter 'DROP_s' becomes localparam in 'tx_client_fifo' with formal parameter declaration list in ../source_code/rtl/udp/tx_client_fifo.v(60)
HDL-5370 WARNING: parameter 'RETRANSMIT_s' becomes localparam in 'tx_client_fifo' with formal parameter declaration list in ../source_code/rtl/udp/tx_client_fifo.v(61)
HDL-5370 WARNING: parameter 'WAIT_s' becomes localparam in 'tx_client_fifo' with formal parameter declaration list in ../source_code/rtl/udp/tx_client_fifo.v(67)
HDL-5370 Similar messages will be suppressed.
HDL-1007 : analyze verilog file ../source_code/rtl/udp/tx_clk_en_gen.v
HDL-1007 : analyze verilog file ../source_code/rtl/udp/udp_data_tpg.v
HDL-1007 : analyze verilog file ../source_code/rtl/udp/udp_ip_protocol_stack_merge.enc.v
HDL-1007 : back to file '../source_code/rtl/udp/udp_ip_protocol_stack_merge.enc.v' in ../source_code/rtl/udp/udp_ip_protocol_stack_merge.enc.v(56)
HDL-1007 : undeclared symbol '**', assumed default net type '**' in ../source_code/rtl/udp/udp_ip_protocol_stack_merge.enc.v(2638)
HDL-1007 : back to file '../source_code/rtl/udp/udp_ip_protocol_stack_merge.enc.v' in ../source_code/rtl/udp/udp_ip_protocol_stack_merge.enc.v(420)
HDL-1007 : analyze verilog file ../source_code/rtl/udp/udp_loopback.v
HDL-1007 : analyze verilog file al_ip/TEMAC_CORE/RTL/include/define.v
HDL-1007 : analyze verilog file al_ip/TEMAC_CORE/RTL/TEMAC_CORE_aead6cd6dadd.v
HDL-5007 WARNING: column 1032 exceeds maximum value 1023 in al_ip/TEMAC_CORE/RTL/TEMAC_CORE_aead6cd6dadd.v(30)
HDL-1007 : back to file 'al_ip/TEMAC_CORE/RTL/TEMAC_CORE_aead6cd6dadd.v' in al_ip/TEMAC_CORE/RTL/TEMAC_CORE_aead6cd6dadd.v(86)
HDL-5007 WARNING: event expressions must result in a singular type in al_ip/TEMAC_CORE/RTL/TEMAC_CORE_aead6cd6dadd.v(3001)
HDL-1007 : undeclared symbol '**', assumed default net type '**' in al_ip/TEMAC_CORE/RTL/TEMAC_CORE_aead6cd6dadd.v(5050)
HDL-1007 : undeclared symbol '**', assumed default net type '**' in al_ip/TEMAC_CORE/RTL/TEMAC_CORE_aead6cd6dadd.v(5458)
HDL-5007 WARNING: column 1035 exceeds maximum value 1023 in al_ip/TEMAC_CORE/RTL/TEMAC_CORE_aead6cd6dadd.v(6001)
HDL-1007 : back to file 'al_ip/TEMAC_CORE/RTL/TEMAC_CORE_aead6cd6dadd.v' in al_ip/TEMAC_CORE/RTL/TEMAC_CORE_aead6cd6dadd.v(260)
HDL-1007 : analyze verilog file al_ip/TEMAC_CORE/RTL/mac_core_aead6cd6dadd.v
HDL-1007 : analyze verilog file al_ip/TEMAC_CORE/TEMAC_CORE.v
HDL-1007 : analyze verilog file al_ip/pll_gen.v
HDL-1007 : undeclared symbol 'pll_gen_open0', assumed default net type 'wire' in al_ip/pll_gen.v(99)
HDL-1007 : undeclared symbol 'pll_gen_open8', assumed default net type 'wire' in al_ip/pll_gen.v(105)
HDL-1007 : undeclared symbol 'pll_gen_open7', assumed default net type 'wire' in al_ip/pll_gen.v(105)
HDL-1007 : undeclared symbol 'pll_gen_open6', assumed default net type 'wire' in al_ip/pll_gen.v(105)
HDL-1007 : undeclared symbol 'pll_gen_open5', assumed default net type 'wire' in al_ip/pll_gen.v(105)
HDL-1007 : undeclared symbol 'pll_gen_open4', assumed default net type 'wire' in al_ip/pll_gen.v(105)
HDL-1007 : undeclared symbol 'pll_gen_open3', assumed default net type 'wire' in al_ip/pll_gen.v(105)
HDL-1007 : undeclared symbol 'pll_gen_open2', assumed default net type 'wire' in al_ip/pll_gen.v(105)
HDL-1007 : undeclared symbol 'pll_gen_open1', assumed default net type 'wire' in al_ip/pll_gen.v(105)
HDL-1007 : analyze verilog file al_ip/sys_pll.v
HDL-1007 : undeclared symbol 'sys_pll_open0', assumed default net type 'wire' in al_ip/sys_pll.v(77)
HDL-1007 : undeclared symbol 'sys_pll_open1', assumed default net type 'wire' in al_ip/sys_pll.v(83)
HDL-1007 : undeclared symbol 'sys_pll_open9', assumed default net type 'wire' in al_ip/sys_pll.v(89)
HDL-1007 : undeclared symbol 'sys_pll_open8', assumed default net type 'wire' in al_ip/sys_pll.v(89)
HDL-1007 : undeclared symbol 'sys_pll_open7', assumed default net type 'wire' in al_ip/sys_pll.v(89)
HDL-1007 : undeclared symbol 'sys_pll_open6', assumed default net type 'wire' in al_ip/sys_pll.v(89)
HDL-1007 : undeclared symbol 'sys_pll_open5', assumed default net type 'wire' in al_ip/sys_pll.v(89)
HDL-1007 : undeclared symbol 'sys_pll_open4', assumed default net type 'wire' in al_ip/sys_pll.v(89)
HDL-1007 : undeclared symbol 'sys_pll_open3', assumed default net type 'wire' in al_ip/sys_pll.v(89)
HDL-1007 : undeclared symbol 'sys_pll_open2', assumed default net type 'wire' in al_ip/sys_pll.v(89)
HDL-1007 : undeclared symbol 'sys_pll_open11', assumed default net type 'wire' in al_ip/sys_pll.v(91)
HDL-1007 : undeclared symbol 'sys_pll_open10', assumed default net type 'wire' in al_ip/sys_pll.v(91)
HDL-1007 : analyze verilog file ../source_code/rtl/sd_card/ax_debounce.v
HDL-1007 : analyze verilog file ../source_code/rtl/sd_card/bmp_read.v
HDL-1007 : analyze verilog file ../source_code/rtl/sd_card/sd_card_bmp.v
HDL-1007 : analyze verilog file ../source_code/rtl/sd_card/sd_card_cmd.v
HDL-1007 : analyze verilog file ../source_code/rtl/sd_card/sd_card_sec_read_write.v
HDL-1007 : analyze verilog file ../source_code/rtl/sd_card/sd_card_top.v
HDL-1007 : analyze verilog file ../source_code/rtl/sd_card/spi_master.v
HDL-1007 : analyze verilog file ../source_code/rtl/sdram/enc_file/global_def.v
HDL-1007 : analyze verilog file ../source_code/rtl/sdram/enc_file/sdr_as_ram.enc.v
HDL-1007 : back to file '../source_code/rtl/sdram/enc_file/sdr_as_ram.enc.v' in ../source_code/rtl/sdram/enc_file/sdr_as_ram.enc.v(54)
HDL-1007 : analyze verilog file ../source_code/rtl/sdram/enc_file/sdr_wrrd.enc.v
HDL-5007 WARNING: concatenation with an unsized literal will be treated as 32 bits in ../source_code/rtl/sdram/enc_file/sdr_wrrd.enc.v(283)
HDL-1007 : back to file '../source_code/rtl/sdram/enc_file/sdr_wrrd.enc.v' in ../source_code/rtl/sdram/enc_file/sdr_wrrd.enc.v(19)
HDL-1007 : analyze verilog file ../source_code/rtl/frame_fifo/afifo_16_32_256.v
HDL-1007 : analyze verilog file ../source_code/rtl/frame_fifo/afifo_32_16_256.v
HDL-1007 : analyze verilog file ../source_code/rtl/frame_fifo/frame_fifo_read.v
HDL-1007 : analyze verilog file ../source_code/rtl/frame_fifo/frame_fifo_write.v
HDL-1007 : analyze verilog file ../source_code/rtl/frame_fifo/frame_read_write.v
HDL-1007 : analyze verilog file ../source_code/rtl/sdram/sdram.v
HDL-1007 : analyze included file ../source_code/rtl/sdram/enc_file/global_def.v in ../source_code/rtl/sdram/sdram.v(10)
HDL-1007 : back to file '../source_code/rtl/sdram/sdram.v' in ../source_code/rtl/sdram/sdram.v(10)
HDL-1007 : undeclared symbol 'SDR_CKE', assumed default net type 'wire' in ../source_code/rtl/sdram/sdram.v(89)
HDL-1007 : analyze verilog file ../source_code/rtl/sdram/enc_file/sdr_init_ref.enc.v
HDL-1007 : analyze included file ../source_code/rtl/sdram/enc_file/global_def.v in ../source_code/rtl/sdram/enc_file/sdr_init_ref.enc.v(11)
HDL-1007 : back to file '../source_code/rtl/sdram/enc_file/sdr_init_ref.enc.v' in ../source_code/rtl/sdram/enc_file/sdr_init_ref.enc.v(11)
HDL-1007 : undeclared symbol '**', assumed default net type '**' in ../source_code/rtl/sdram/enc_file/sdr_init_ref.enc.v(57)
HDL-1007 : back to file '../source_code/rtl/sdram/enc_file/sdr_init_ref.enc.v' in ../source_code/rtl/sdram/enc_file/sdr_init_ref.enc.v(149)
HDL-5007 WARNING: concatenation with an unsized literal will be treated as 32 bits in ../source_code/rtl/sdram/enc_file/sdr_init_ref.enc.v(47)
HDL-1007 : analyze verilog file ../source_code/rtl/video_timing/color_bar.v
HDL-1007 : analyze included file ../source_code/rtl/video_timing/video_define.v in ../source_code/rtl/video_timing/color_bar.v(2)
HDL-1007 : back to file '../source_code/rtl/video_timing/color_bar.v' in ../source_code/rtl/video_timing/color_bar.v(2)
HDL-1007 : analyze verilog file ../source_code/rtl/video_timing/video_delay.v
HDL-1007 : analyze verilog file ../source_code/rtl/video_timing/video_timing_data.v
HDL-1007 : analyze verilog file ../source_code/rtl/another/m_synchronization_header.v
HDL-1007 : analyze verilog file ../source_code/rtl/led.v
HDL-1007 : analyze verilog file ../source_code/rtl/ov5640/cmos_capture_data.v
HDL-1007 : analyze verilog file ../source_code/rtl/ov5640/i2c_dri.v
HDL-1007 : analyze verilog file ../source_code/rtl/ov5640/i2c_ov5640_rgb565_cfg.v
HDL-1007 : analyze verilog file ../source_code/rtl/ov5640/ov5640_delay.v
HDL-1007 : analyze verilog file ../source_code/rtl/ov5640/ov5640_dri.v
HDL-1007 : analyze verilog file al_ip/clk_wize.v
HDL-1007 : undeclared symbol 'open', assumed default net type 'wire' in al_ip/clk_wize.v(70)
HDL-1007 : analyze verilog file al_ip/ram.v
HDL-1007 : analyze verilog file ../source_code/rtl/app/addr_crt.v
HDL-1007 : analyze verilog file ../source_code/rtl/app/app.v
HDL-1007 : analyze verilog file ../source_code/rtl/app/vga_disp_rtl.v
HDL-1007 : analyze VHDL file ../source_code/rtl/hdmi_rtl/enc_file/DVITransmitter.enc.vhd
HDL-1007 : analyze entity dvitransmitter in ../source_code/rtl/hdmi_rtl/enc_file/DVITransmitter.enc.vhd(13)
HDL-1007 : analyze architecture ** in ../source_code/rtl/hdmi_rtl/enc_file/DVITransmitter.enc.vhd(2)
HDL-1007 : analyze VHDL file ../source_code/rtl/hdmi_rtl/enc_file/SerializerN_1_lvds.enc.vhd
HDL-1007 : analyze entity ** in ../source_code/rtl/hdmi_rtl/enc_file/SerializerN_1_lvds.enc.vhd(12)
HDL-1007 : analyze architecture ** in ../source_code/rtl/hdmi_rtl/enc_file/SerializerN_1_lvds.enc.vhd(25)
HDL-1007 : analyze VHDL file ../source_code/rtl/hdmi_rtl/enc_file/SerializerN_1_lvds_dat.enc.vhd
HDL-1007 : analyze entity ** in ../source_code/rtl/hdmi_rtl/enc_file/SerializerN_1_lvds_dat.enc.vhd(14)
HDL-1007 : analyze architecture ** in ../source_code/rtl/hdmi_rtl/enc_file/SerializerN_1_lvds_dat.enc.vhd(28)
HDL-1007 : analyze VHDL file ../source_code/rtl/hdmi_rtl/enc_file/TMDSEncoder.enc.vhd
HDL-1007 : analyze entity ** in ../source_code/rtl/hdmi_rtl/enc_file/TMDSEncoder.enc.vhd(13)
HDL-1007 : analyze architecture ** in ../source_code/rtl/hdmi_rtl/enc_file/TMDSEncoder.enc.vhd(24)
HDL-1007 : analyze verilog file ../source_code/rtl/hdmi_rtl/enc_file/video_tpg_1024768.enc.v
HDL-5007 WARNING: literal value ** truncated to fit in ** bits in ../source_code/rtl/hdmi_rtl/enc_file/video_tpg_1024768.enc.v(231)
HDL-1007 : back to file '../source_code/rtl/hdmi_rtl/enc_file/video_tpg_1024768.enc.v' in ../source_code/rtl/hdmi_rtl/enc_file/video_tpg_1024768.enc.v(1)
HDL-1007 : analyze verilog file ../source_code/rtl/hdmi_rtl/enc_file/video_tpg_1080p.enc.v
HDL-1007 : back to file '../source_code/rtl/hdmi_rtl/enc_file/video_tpg_1080p.enc.v' in ../source_code/rtl/hdmi_rtl/enc_file/video_tpg_1080p.enc.v(1)
HDL-1007 : analyze verilog file ../source_code/rtl/hdmi_rtl/enc_file/video_tpg_12801024p.enc.v
HDL-1007 : back to file '../source_code/rtl/hdmi_rtl/enc_file/video_tpg_12801024p.enc.v' in ../source_code/rtl/hdmi_rtl/enc_file/video_tpg_12801024p.enc.v(1)
HDL-1007 : analyze verilog file ../source_code/rtl/hdmi_rtl/enc_file/video_tpg_1280800.enc.v
HDL-5007 WARNING: literal value ** truncated to fit in ** bits in ../source_code/rtl/hdmi_rtl/enc_file/video_tpg_1280800.enc.v(233)
HDL-1007 : back to file '../source_code/rtl/hdmi_rtl/enc_file/video_tpg_1280800.enc.v' in ../source_code/rtl/hdmi_rtl/enc_file/video_tpg_1280800.enc.v(1)
HDL-1007 : analyze verilog file ../source_code/rtl/hdmi_rtl/enc_file/video_tpg_16801050p.enc.v
HDL-1007 : back to file '../source_code/rtl/hdmi_rtl/enc_file/video_tpg_16801050p.enc.v' in ../source_code/rtl/hdmi_rtl/enc_file/video_tpg_16801050p.enc.v(1)
HDL-1007 : analyze verilog file ../source_code/rtl/hdmi_rtl/enc_file/video_tpg_800600.enc.v
HDL-1007 : back to file '../source_code/rtl/hdmi_rtl/enc_file/video_tpg_800600.enc.v' in ../source_code/rtl/hdmi_rtl/enc_file/video_tpg_800600.enc.v(1)
HDL-1007 : analyze VHDL file ../source_code/rtl/hdmi_rtl/hdmi_tx.vhd
HDL-1007 : analyze entity hdmi_tx in ../source_code/rtl/hdmi_rtl/hdmi_tx.vhd(11)
HDL-1007 : analyze architecture behavioral in ../source_code/rtl/hdmi_rtl/hdmi_tx.vhd(33)
HDL-1007 : analyze verilog file ../source_code/rtl/hdmi_rtl/vga_disp_rtl.v
HDL-7201 CRITICAL-WARNING: overwrite current module 'vga_disp_rtl' in ../source_code/rtl/hdmi_rtl/vga_disp_rtl.v(1)
HDL-7307 CRITICAL-WARNING: previous definition of design element module 'vga_disp_rtl' is here. This is because multiple modules(values) with the same name are defined. Please consider rewriting code in ../source_code/rtl/app/vga_disp_rtl.v(1)
HDL-1007 : analyze verilog file ../source_code/rtl/another/fire_detect.v
HDL-1007 : analyze verilog file ../source_code/rtl/another/intrusion_detect.v
RUN-1002 : start command "commit_param -step design"
RUN-1001 : Print Global Property
RUN-1001 : --------------------------------------------------------
RUN-1001 :   Parameters   |  Settings  |  Default Values  |  Note  
RUN-1001 : --------------------------------------------------------
RUN-1001 :   enable_seed  |    off     |       off        |        
RUN-1001 :     message    |  standard  |     standard     |        
RUN-1001 :   qor_monitor  |     on     |        on        |        
RUN-1001 :   syn_ip_flow  |    off     |       off        |        
RUN-1001 :     thread     |    auto    |       auto       |        
RUN-1001 : --------------------------------------------------------
RUN-1001 : Print Design Property
RUN-1001 : ----------------------------------------------------------------
RUN-1001 :       Parameters       |  Settings  |  Default Values  |  Note  
RUN-1001 : ----------------------------------------------------------------
RUN-1001 :   default_reg_initial  |    auto    |       auto       |        
RUN-1001 :    hdl_warning_level   |   normal   |      normal      |        
RUN-1001 : ----------------------------------------------------------------
HDL-1007 : analyze verilog file last_attempt.v
HDL-1007 : undeclared symbol 'phy_reset', assumed default net type 'wire' in last_attempt.v(167)
HDL-1007 : undeclared symbol 'VGA_HSYNC', assumed default net type 'wire' in last_attempt.v(335)
HDL-1007 : undeclared symbol 'VGA_VSYNC', assumed default net type 'wire' in last_attempt.v(336)
HDL-1007 : undeclared symbol 'rd_en', assumed default net type 'wire' in last_attempt.v(338)
HDL-1007 : undeclared symbol 'tpg_data_done', assumed default net type 'wire' in last_attempt.v(792)
HDL-1007 : undeclared symbol 'full_flag', assumed default net type 'wire' in last_attempt.v(826)
HDL-1007 : undeclared symbol 'input_local_udp_port_num', assumed default net type 'wire' in last_attempt.v(857)
HDL-1007 : undeclared symbol 'input_local_udp_port_num_valid', assumed default net type 'wire' in last_attempt.v(858)
HDL-1007 : undeclared symbol 'input_local_ip_address_valid', assumed default net type 'wire' in last_attempt.v(861)
HDL-1007 : analyze verilog file ../source_code/rtl/udp/BUFGMUX.v
HDL-1007 : analyze verilog file ../source_code/rtl/udp/IDDR.v
HDL-1007 : analyze verilog file ../source_code/rtl/udp/ODDR.v
HDL-1007 : analyze verilog file ../source_code/rtl/udp/RAMB16_S9_S9.v
HDL-1007 : undeclared symbol 'open', assumed default net type 'wire' in ../source_code/rtl/udp/RAMB16_S9_S9.v(109)
HDL-1007 : analyze verilog file ../source_code/rtl/udp/clk_gen_rst_gen.v
HDL-1007 : analyze verilog file ../source_code/rtl/udp/div_clk_gen.v
HDL-1007 : analyze verilog file ../source_code/rtl/udp/rgmii_interface.v
HDL-1007 : analyze verilog file ../source_code/rtl/udp/rx_client_fifo.v
HDL-5370 WARNING: parameter 'WAIT_s' becomes localparam in 'rx_client_fifo' with formal parameter declaration list in ../source_code/rtl/udp/rx_client_fifo.v(49)
HDL-5370 WARNING: parameter 'QUEUE1_s' becomes localparam in 'rx_client_fifo' with formal parameter declaration list in ../source_code/rtl/udp/rx_client_fifo.v(50)
HDL-5370 WARNING: parameter 'QUEUE2_s' becomes localparam in 'rx_client_fifo' with formal parameter declaration list in ../source_code/rtl/udp/rx_client_fifo.v(51)
HDL-5370 WARNING: parameter 'QUEUE3_s' becomes localparam in 'rx_client_fifo' with formal parameter declaration list in ../source_code/rtl/udp/rx_client_fifo.v(52)
HDL-5370 WARNING: parameter 'QUEUE_SOF_s' becomes localparam in 'rx_client_fifo' with formal parameter declaration list in ../source_code/rtl/udp/rx_client_fifo.v(53)
HDL-5370 WARNING: parameter 'SOF_s' becomes localparam in 'rx_client_fifo' with formal parameter declaration list in ../source_code/rtl/udp/rx_client_fifo.v(54)
HDL-5370 WARNING: parameter 'DATA_s' becomes localparam in 'rx_client_fifo' with formal parameter declaration list in ../source_code/rtl/udp/rx_client_fifo.v(55)
HDL-5370 WARNING: parameter 'EOF_s' becomes localparam in 'rx_client_fifo' with formal parameter declaration list in ../source_code/rtl/udp/rx_client_fifo.v(56)
HDL-5370 WARNING: parameter 'IDLE_s' becomes localparam in 'rx_client_fifo' with formal parameter declaration list in ../source_code/rtl/udp/rx_client_fifo.v(62)
HDL-5370 WARNING: parameter 'FRAME_s' becomes localparam in 'rx_client_fifo' with formal parameter declaration list in ../source_code/rtl/udp/rx_client_fifo.v(63)
HDL-5370 Similar messages will be suppressed.
HDL-1007 : analyze verilog file ../source_code/rtl/udp/temac_block.v
HDL-1007 : analyze verilog file ../source_code/rtl/udp/temac_clk_gen.v
HDL-1007 : analyze verilog file ../source_code/rtl/udp/tx_client_fifo.v
HDL-5370 WARNING: parameter 'IDLE_s' becomes localparam in 'tx_client_fifo' with formal parameter declaration list in ../source_code/rtl/udp/tx_client_fifo.v(53)
HDL-5370 WARNING: parameter 'QUEUE1_s' becomes localparam in 'tx_client_fifo' with formal parameter declaration list in ../source_code/rtl/udp/tx_client_fifo.v(54)
HDL-5370 WARNING: parameter 'QUEUE2_s' becomes localparam in 'tx_client_fifo' with formal parameter declaration list in ../source_code/rtl/udp/tx_client_fifo.v(55)
HDL-5370 WARNING: parameter 'QUEUE3_s' becomes localparam in 'tx_client_fifo' with formal parameter declaration list in ../source_code/rtl/udp/tx_client_fifo.v(56)
HDL-5370 WARNING: parameter 'QUEUE_ACK_s' becomes localparam in 'tx_client_fifo' with formal parameter declaration list in ../source_code/rtl/udp/tx_client_fifo.v(57)
HDL-5370 WARNING: parameter 'WAIT_ACK_s' becomes localparam in 'tx_client_fifo' with formal parameter declaration list in ../source_code/rtl/udp/tx_client_fifo.v(58)
HDL-5370 WARNING: parameter 'FRAME_s' becomes localparam in 'tx_client_fifo' with formal parameter declaration list in ../source_code/rtl/udp/tx_client_fifo.v(59)
HDL-5370 WARNING: parameter 'DROP_s' becomes localparam in 'tx_client_fifo' with formal parameter declaration list in ../source_code/rtl/udp/tx_client_fifo.v(60)
HDL-5370 WARNING: parameter 'RETRANSMIT_s' becomes localparam in 'tx_client_fifo' with formal parameter declaration list in ../source_code/rtl/udp/tx_client_fifo.v(61)
HDL-5370 WARNING: parameter 'WAIT_s' becomes localparam in 'tx_client_fifo' with formal parameter declaration list in ../source_code/rtl/udp/tx_client_fifo.v(67)
HDL-5370 Similar messages will be suppressed.
HDL-1007 : analyze verilog file ../source_code/rtl/udp/tx_clk_en_gen.v
HDL-1007 : analyze verilog file ../source_code/rtl/udp/udp_data_tpg.v
HDL-1007 : analyze verilog file ../source_code/rtl/udp/udp_ip_protocol_stack_merge.enc.v
HDL-1007 : back to file '../source_code/rtl/udp/udp_ip_protocol_stack_merge.enc.v' in ../source_code/rtl/udp/udp_ip_protocol_stack_merge.enc.v(56)
HDL-1007 : undeclared symbol '**', assumed default net type '**' in ../source_code/rtl/udp/udp_ip_protocol_stack_merge.enc.v(2638)
HDL-1007 : back to file '../source_code/rtl/udp/udp_ip_protocol_stack_merge.enc.v' in ../source_code/rtl/udp/udp_ip_protocol_stack_merge.enc.v(420)
HDL-1007 : analyze verilog file ../source_code/rtl/udp/udp_loopback.v
HDL-1007 : analyze verilog file al_ip/TEMAC_CORE/RTL/include/define.v
HDL-1007 : analyze verilog file al_ip/TEMAC_CORE/RTL/TEMAC_CORE_aead6cd6dadd.v
HDL-5007 WARNING: column 1032 exceeds maximum value 1023 in al_ip/TEMAC_CORE/RTL/TEMAC_CORE_aead6cd6dadd.v(30)
HDL-1007 : back to file 'al_ip/TEMAC_CORE/RTL/TEMAC_CORE_aead6cd6dadd.v' in al_ip/TEMAC_CORE/RTL/TEMAC_CORE_aead6cd6dadd.v(86)
HDL-5007 WARNING: event expressions must result in a singular type in al_ip/TEMAC_CORE/RTL/TEMAC_CORE_aead6cd6dadd.v(3001)
HDL-1007 : undeclared symbol '**', assumed default net type '**' in al_ip/TEMAC_CORE/RTL/TEMAC_CORE_aead6cd6dadd.v(5050)
HDL-1007 : undeclared symbol '**', assumed default net type '**' in al_ip/TEMAC_CORE/RTL/TEMAC_CORE_aead6cd6dadd.v(5458)
HDL-5007 WARNING: column 1035 exceeds maximum value 1023 in al_ip/TEMAC_CORE/RTL/TEMAC_CORE_aead6cd6dadd.v(6001)
HDL-1007 : back to file 'al_ip/TEMAC_CORE/RTL/TEMAC_CORE_aead6cd6dadd.v' in al_ip/TEMAC_CORE/RTL/TEMAC_CORE_aead6cd6dadd.v(260)
HDL-1007 : analyze verilog file al_ip/TEMAC_CORE/RTL/mac_core_aead6cd6dadd.v
HDL-1007 : analyze verilog file al_ip/TEMAC_CORE/TEMAC_CORE.v
HDL-1007 : analyze verilog file al_ip/pll_gen.v
HDL-1007 : undeclared symbol 'pll_gen_open0', assumed default net type 'wire' in al_ip/pll_gen.v(99)
HDL-1007 : undeclared symbol 'pll_gen_open8', assumed default net type 'wire' in al_ip/pll_gen.v(105)
HDL-1007 : undeclared symbol 'pll_gen_open7', assumed default net type 'wire' in al_ip/pll_gen.v(105)
HDL-1007 : undeclared symbol 'pll_gen_open6', assumed default net type 'wire' in al_ip/pll_gen.v(105)
HDL-1007 : undeclared symbol 'pll_gen_open5', assumed default net type 'wire' in al_ip/pll_gen.v(105)
HDL-1007 : undeclared symbol 'pll_gen_open4', assumed default net type 'wire' in al_ip/pll_gen.v(105)
HDL-1007 : undeclared symbol 'pll_gen_open3', assumed default net type 'wire' in al_ip/pll_gen.v(105)
HDL-1007 : undeclared symbol 'pll_gen_open2', assumed default net type 'wire' in al_ip/pll_gen.v(105)
HDL-1007 : undeclared symbol 'pll_gen_open1', assumed default net type 'wire' in al_ip/pll_gen.v(105)
HDL-1007 : analyze verilog file al_ip/sys_pll.v
HDL-1007 : undeclared symbol 'sys_pll_open0', assumed default net type 'wire' in al_ip/sys_pll.v(77)
HDL-1007 : undeclared symbol 'sys_pll_open1', assumed default net type 'wire' in al_ip/sys_pll.v(83)
HDL-1007 : undeclared symbol 'sys_pll_open9', assumed default net type 'wire' in al_ip/sys_pll.v(89)
HDL-1007 : undeclared symbol 'sys_pll_open8', assumed default net type 'wire' in al_ip/sys_pll.v(89)
HDL-1007 : undeclared symbol 'sys_pll_open7', assumed default net type 'wire' in al_ip/sys_pll.v(89)
HDL-1007 : undeclared symbol 'sys_pll_open6', assumed default net type 'wire' in al_ip/sys_pll.v(89)
HDL-1007 : undeclared symbol 'sys_pll_open5', assumed default net type 'wire' in al_ip/sys_pll.v(89)
HDL-1007 : undeclared symbol 'sys_pll_open4', assumed default net type 'wire' in al_ip/sys_pll.v(89)
HDL-1007 : undeclared symbol 'sys_pll_open3', assumed default net type 'wire' in al_ip/sys_pll.v(89)
HDL-1007 : undeclared symbol 'sys_pll_open2', assumed default net type 'wire' in al_ip/sys_pll.v(89)
HDL-1007 : undeclared symbol 'sys_pll_open11', assumed default net type 'wire' in al_ip/sys_pll.v(91)
HDL-1007 : undeclared symbol 'sys_pll_open10', assumed default net type 'wire' in al_ip/sys_pll.v(91)
HDL-1007 : analyze verilog file ../source_code/rtl/sd_card/ax_debounce.v
HDL-1007 : analyze verilog file ../source_code/rtl/sd_card/bmp_read.v
HDL-1007 : analyze verilog file ../source_code/rtl/sd_card/sd_card_bmp.v
HDL-1007 : analyze verilog file ../source_code/rtl/sd_card/sd_card_cmd.v
HDL-1007 : analyze verilog file ../source_code/rtl/sd_card/sd_card_sec_read_write.v
HDL-1007 : analyze verilog file ../source_code/rtl/sd_card/sd_card_top.v
HDL-1007 : analyze verilog file ../source_code/rtl/sd_card/spi_master.v
HDL-1007 : analyze verilog file ../source_code/rtl/sdram/enc_file/global_def.v
HDL-1007 : analyze verilog file ../source_code/rtl/sdram/enc_file/sdr_as_ram.enc.v
HDL-1007 : back to file '../source_code/rtl/sdram/enc_file/sdr_as_ram.enc.v' in ../source_code/rtl/sdram/enc_file/sdr_as_ram.enc.v(54)
HDL-1007 : analyze verilog file ../source_code/rtl/sdram/enc_file/sdr_wrrd.enc.v
HDL-5007 WARNING: concatenation with an unsized literal will be treated as 32 bits in ../source_code/rtl/sdram/enc_file/sdr_wrrd.enc.v(283)
HDL-1007 : back to file '../source_code/rtl/sdram/enc_file/sdr_wrrd.enc.v' in ../source_code/rtl/sdram/enc_file/sdr_wrrd.enc.v(19)
HDL-1007 : analyze verilog file ../source_code/rtl/frame_fifo/afifo_16_32_256.v
HDL-1007 : analyze verilog file ../source_code/rtl/frame_fifo/afifo_32_16_256.v
HDL-1007 : analyze verilog file ../source_code/rtl/frame_fifo/frame_fifo_read.v
HDL-1007 : analyze verilog file ../source_code/rtl/frame_fifo/frame_fifo_write.v
HDL-1007 : analyze verilog file ../source_code/rtl/frame_fifo/frame_read_write.v
HDL-1007 : analyze verilog file ../source_code/rtl/sdram/sdram.v
HDL-1007 : analyze included file ../source_code/rtl/sdram/enc_file/global_def.v in ../source_code/rtl/sdram/sdram.v(10)
HDL-1007 : back to file '../source_code/rtl/sdram/sdram.v' in ../source_code/rtl/sdram/sdram.v(10)
HDL-1007 : undeclared symbol 'SDR_CKE', assumed default net type 'wire' in ../source_code/rtl/sdram/sdram.v(89)
HDL-1007 : analyze verilog file ../source_code/rtl/sdram/enc_file/sdr_init_ref.enc.v
HDL-1007 : analyze included file ../source_code/rtl/sdram/enc_file/global_def.v in ../source_code/rtl/sdram/enc_file/sdr_init_ref.enc.v(11)
HDL-1007 : back to file '../source_code/rtl/sdram/enc_file/sdr_init_ref.enc.v' in ../source_code/rtl/sdram/enc_file/sdr_init_ref.enc.v(11)
HDL-1007 : undeclared symbol '**', assumed default net type '**' in ../source_code/rtl/sdram/enc_file/sdr_init_ref.enc.v(57)
HDL-1007 : back to file '../source_code/rtl/sdram/enc_file/sdr_init_ref.enc.v' in ../source_code/rtl/sdram/enc_file/sdr_init_ref.enc.v(149)
HDL-5007 WARNING: concatenation with an unsized literal will be treated as 32 bits in ../source_code/rtl/sdram/enc_file/sdr_init_ref.enc.v(47)
HDL-1007 : analyze verilog file ../source_code/rtl/video_timing/color_bar.v
HDL-1007 : analyze included file ../source_code/rtl/video_timing/video_define.v in ../source_code/rtl/video_timing/color_bar.v(2)
HDL-1007 : back to file '../source_code/rtl/video_timing/color_bar.v' in ../source_code/rtl/video_timing/color_bar.v(2)
HDL-1007 : analyze verilog file ../source_code/rtl/video_timing/video_delay.v
HDL-1007 : analyze verilog file ../source_code/rtl/video_timing/video_timing_data.v
HDL-1007 : analyze verilog file ../source_code/rtl/another/m_synchronization_header.v
HDL-1007 : analyze verilog file ../source_code/rtl/led.v
HDL-1007 : analyze verilog file ../source_code/rtl/ov5640/cmos_capture_data.v
HDL-1007 : analyze verilog file ../source_code/rtl/ov5640/i2c_dri.v
HDL-1007 : analyze verilog file ../source_code/rtl/ov5640/i2c_ov5640_rgb565_cfg.v
HDL-1007 : analyze verilog file ../source_code/rtl/ov5640/ov5640_delay.v
HDL-1007 : analyze verilog file ../source_code/rtl/ov5640/ov5640_dri.v
HDL-1007 : analyze verilog file al_ip/clk_wize.v
HDL-1007 : undeclared symbol 'open', assumed default net type 'wire' in al_ip/clk_wize.v(70)
HDL-1007 : analyze verilog file al_ip/ram.v
HDL-1007 : analyze verilog file ../source_code/rtl/app/addr_crt.v
HDL-1007 : analyze verilog file ../source_code/rtl/app/app.v
HDL-1007 : analyze verilog file ../source_code/rtl/app/vga_disp_rtl.v
HDL-1007 : analyze VHDL file ../source_code/rtl/hdmi_rtl/enc_file/DVITransmitter.enc.vhd
HDL-1007 : analyze entity dvitransmitter in ../source_code/rtl/hdmi_rtl/enc_file/DVITransmitter.enc.vhd(13)
HDL-1007 : analyze architecture ** in ../source_code/rtl/hdmi_rtl/enc_file/DVITransmitter.enc.vhd(2)
HDL-1007 : analyze VHDL file ../source_code/rtl/hdmi_rtl/enc_file/SerializerN_1_lvds.enc.vhd
HDL-1007 : analyze entity ** in ../source_code/rtl/hdmi_rtl/enc_file/SerializerN_1_lvds.enc.vhd(12)
HDL-1007 : analyze architecture ** in ../source_code/rtl/hdmi_rtl/enc_file/SerializerN_1_lvds.enc.vhd(25)
HDL-1007 : analyze VHDL file ../source_code/rtl/hdmi_rtl/enc_file/SerializerN_1_lvds_dat.enc.vhd
HDL-1007 : analyze entity ** in ../source_code/rtl/hdmi_rtl/enc_file/SerializerN_1_lvds_dat.enc.vhd(14)
HDL-1007 : analyze architecture ** in ../source_code/rtl/hdmi_rtl/enc_file/SerializerN_1_lvds_dat.enc.vhd(28)
HDL-1007 : analyze VHDL file ../source_code/rtl/hdmi_rtl/enc_file/TMDSEncoder.enc.vhd
HDL-1007 : analyze entity ** in ../source_code/rtl/hdmi_rtl/enc_file/TMDSEncoder.enc.vhd(13)
HDL-1007 : analyze architecture ** in ../source_code/rtl/hdmi_rtl/enc_file/TMDSEncoder.enc.vhd(24)
HDL-1007 : analyze verilog file ../source_code/rtl/hdmi_rtl/enc_file/video_tpg_1024768.enc.v
HDL-5007 WARNING: literal value ** truncated to fit in ** bits in ../source_code/rtl/hdmi_rtl/enc_file/video_tpg_1024768.enc.v(231)
HDL-1007 : back to file '../source_code/rtl/hdmi_rtl/enc_file/video_tpg_1024768.enc.v' in ../source_code/rtl/hdmi_rtl/enc_file/video_tpg_1024768.enc.v(1)
HDL-1007 : analyze verilog file ../source_code/rtl/hdmi_rtl/enc_file/video_tpg_1080p.enc.v
HDL-1007 : back to file '../source_code/rtl/hdmi_rtl/enc_file/video_tpg_1080p.enc.v' in ../source_code/rtl/hdmi_rtl/enc_file/video_tpg_1080p.enc.v(1)
HDL-1007 : analyze verilog file ../source_code/rtl/hdmi_rtl/enc_file/video_tpg_12801024p.enc.v
HDL-1007 : back to file '../source_code/rtl/hdmi_rtl/enc_file/video_tpg_12801024p.enc.v' in ../source_code/rtl/hdmi_rtl/enc_file/video_tpg_12801024p.enc.v(1)
HDL-1007 : analyze verilog file ../source_code/rtl/hdmi_rtl/enc_file/video_tpg_1280800.enc.v
HDL-5007 WARNING: literal value ** truncated to fit in ** bits in ../source_code/rtl/hdmi_rtl/enc_file/video_tpg_1280800.enc.v(233)
HDL-1007 : back to file '../source_code/rtl/hdmi_rtl/enc_file/video_tpg_1280800.enc.v' in ../source_code/rtl/hdmi_rtl/enc_file/video_tpg_1280800.enc.v(1)
HDL-1007 : analyze verilog file ../source_code/rtl/hdmi_rtl/enc_file/video_tpg_16801050p.enc.v
HDL-1007 : back to file '../source_code/rtl/hdmi_rtl/enc_file/video_tpg_16801050p.enc.v' in ../source_code/rtl/hdmi_rtl/enc_file/video_tpg_16801050p.enc.v(1)
HDL-1007 : analyze verilog file ../source_code/rtl/hdmi_rtl/enc_file/video_tpg_800600.enc.v
HDL-1007 : back to file '../source_code/rtl/hdmi_rtl/enc_file/video_tpg_800600.enc.v' in ../source_code/rtl/hdmi_rtl/enc_file/video_tpg_800600.enc.v(1)
HDL-1007 : analyze VHDL file ../source_code/rtl/hdmi_rtl/hdmi_tx.vhd
HDL-1007 : analyze entity hdmi_tx in ../source_code/rtl/hdmi_rtl/hdmi_tx.vhd(11)
HDL-1007 : analyze architecture behavioral in ../source_code/rtl/hdmi_rtl/hdmi_tx.vhd(33)
HDL-1007 : analyze verilog file ../source_code/rtl/hdmi_rtl/vga_disp_rtl.v
HDL-7201 CRITICAL-WARNING: overwrite current module 'vga_disp_rtl' in ../source_code/rtl/hdmi_rtl/vga_disp_rtl.v(1)
HDL-7307 CRITICAL-WARNING: previous definition of design element module 'vga_disp_rtl' is here. This is because multiple modules(values) with the same name are defined. Please consider rewriting code in ../source_code/rtl/app/vga_disp_rtl.v(1)
HDL-1007 : analyze verilog file ../source_code/rtl/another/fire_detect.v
HDL-1007 : analyze verilog file ../source_code/rtl/another/intrusion_detect.v
PRJ-1412 : reset_run syn_1 phy_1.
PRJ-1409 : launch_runs syn_1 phy_1  -jobs 6.
PRJ-1416 : stop_run syn_1.
PRJ-1416 : stop_run phy_1.
PRJ-1410 : Run syn_1 success.
RUN-1002 : start command "save_best_bits"
RUN-1002 : start command "import_db D:/FPGA/workplace6_2_1/last_attempt/prj/last_attempt_Runs/syn_1/last_attempt_rtl.db"
RUN-1001 : Importing database generated by Tang Dynasty, V6.2.168116.
RUN-1001 : Database version number 46207
RUN-1001 : Import flow parameters
RUN-1001 : Import netlist
RUN-1001 : Import timing constraints
RUN-1001 : Import IO constraints
RUN-1001 : Import Inst constraints
RUN-1001 : Import ChipWatcher
RUN-1001 : Import design success TD_VERSION=6.2.168116 , DB_VERSION=46207
PRJ-1412 : reset_run syn_1 phy_1.
PRJ-1409 : launch_runs syn_1 phy_1  -jobs 6.
PRJ-1410 : Run syn_1 success.
PRJ-1410 : Run phy_1 success.
RUN-1002 : start command "save_best_bits"
PRJ-1424 : The implemented result of phy_1 is saved as best result.
RUN-1002 : start command "import_db D:/FPGA/workplace6_2_1/last_attempt/prj/last_attempt_Runs/phy_1/last_attempt_pr.db"
RUN-1001 : Importing database generated by Tang Dynasty, V6.2.168116.
RUN-1001 : Database version number 46207
RUN-1001 : Import flow parameters
RUN-1001 : Import netlist
PHY-1001 : Generate detailed routing grids ...
PHY-1001 : End build routing graph; 0.476259s wall, 0.359375s user + 0.125000s system = 0.484375s CPU (101.7%)

PHY-1001 : Build lut bridge;  0.083531s wall, 0.078125s user + 0.000000s system = 0.078125s CPU (93.5%)

PHY-1001 : Generate nets ...
PHY-1001 : net clk_50_dup_1 will be routed on clock mesh
PHY-1001 : clock net temac_clk will be merged with clock u_clk_gen/u_pll_0/clk0_buf
PHY-1001 : net udp_clk will be routed on clock mesh
PHY-1001 : net U3/u2_ram/SDRAM_CLK will be routed on clock mesh
PHY-1001 : net U3/u2_ram/u1_init_ref/Sdr_clk will be routed on clock mesh
PHY-1001 : clock net u_ov5640_dri/u_i2c_dr/dri_clk_syn_4 will be merged with clock u_ov5640_dri/u_i2c_dr/dri_clk
PHY-1001 : clock net u2_udp_loopback/app_tx_data_read_syn_4 will be merged with clock u2_udp_loopback/app_tx_data_read
PHY-1001 : clock net frame_read_write_m0/write_clk_syn_4 will be merged with clock frame_read_write_m0/write_clk
PHY-1001 : clock net cam_pclk_syn_4 will be merged with clock cam_pclk_dup_1
PHY-1001 : clock net sd_card_bmp_m0/bmp_read_m0/clk will be merged with clock tf0_sys_pll/clk0_buf
PHY-1001 : net u2_hdmi_tx/Inst_DVITransmitter/PCLK_I will be routed on clock mesh
PHY-1001 : clock net u2_hdmi_tx/Inst_DVITransmitter/PCLK_X5_I will be merged with clock u0_clk_wize/clk0_buf
PHY-1001 : clock net u4_trimac_block/rx_clk will be merged with clock phy1_rgmii_rx_clk_dup_1
PHY-1001 : net u4_trimac_block/u1_rgmii_interface/rgmii_txc_ddr/clk will be routed on clock mesh
PHY-1001 : eco open net = 0
PHY-1001 : 726 feed throughs used by 497 nets
RUN-1001 : Import phy database
RUN-1001 : Import timing constraints
RUN-1001 : Import IO constraints
RUN-1001 : Import Inst constraints
RUN-1001 : Import ChipWatcher
RUN-1001 : Import design success TD_VERSION=6.2.168116 , DB_VERSION=46207
RUN-1003 : finish command "import_db D:/FPGA/workplace6_2_1/last_attempt/prj/last_attempt_Runs/phy_1/last_attempt_pr.db" in  3.782373s wall, 3.390625s user + 0.531250s system = 3.921875s CPU (103.7%)

RUN-1004 : used memory is 950 MB, reserved memory is 896 MB, peak memory is 987 MB
