============================================================
   Tang Dynasty, V6.2.168116
   Copyright (c) 2012-2025 Anlogic Inc.
   Executable = D:/FPGA/TD6_2_1/bin/run.exe
   Built at =   16:32:07 Jun 12 2025
   Run by =     GL
   Run Date =   Wed Nov  5 17:24:07 2025

   Run on =     DESKTOP-7VJ84VU
============================================================
RUN-1002 : start command "import_device eagle_s20.db -package EG4S20BG256"
RUN-1001 : Using default speed grade: NA
ARC-1001 : Device Initialization.
ARC-1001 : ------------------------------------------------------------------
ARC-1001 :            OPTION            |          IO          |   SETTING   
ARC-1001 : ------------------------------------------------------------------
ARC-1001 :   cso_b/cclk/mosi/miso/dout  |  T3/R11/T10/P10/S11  |    gpio    
ARC-1001 :             done             |         P13          |    gpio    
ARC-1001 :           program_b          |          T2          |  dedicate  
ARC-1001 :        tdi/tms/tck/tdo       |   C12/A15/C14/E14    |  dedicate  
ARC-1001 : ------------------------------------------------------------------
ARC-1004 : Device setting, marked 5 dedicate IOs in total.
RUN-1002 : start command "open_project last_attempt.prj"
RUN-1002 : start command "commit_param -step design"
RUN-1001 : Print Global Property
RUN-1001 : --------------------------------------------------------
RUN-1001 :   Parameters   |  Settings  |  Default Values  |  Note  
RUN-1001 : --------------------------------------------------------
RUN-1001 :   enable_seed  |    off     |       off        |        
RUN-1001 :     message    |  standard  |     standard     |        
RUN-1001 :   qor_monitor  |     on     |        on        |        
RUN-1001 :   syn_ip_flow  |    off     |       off        |        
RUN-1001 :     thread     |    auto    |       auto       |        
RUN-1001 : --------------------------------------------------------
RUN-1001 : Print Design Property
RUN-1001 : ----------------------------------------------------------------
RUN-1001 :       Parameters       |  Settings  |  Default Values  |  Note  
RUN-1001 : ----------------------------------------------------------------
RUN-1001 :   default_reg_initial  |    auto    |       auto       |        
RUN-1001 :    hdl_warning_level   |   normal   |      normal      |        
RUN-1001 : ----------------------------------------------------------------
HDL-1007 : analyze verilog file ../../last_attempt.v
HDL-1007 : undeclared symbol 'phy_reset', assumed default net type 'wire' in ../../last_attempt.v(169)
HDL-1007 : undeclared symbol 'VGA_HSYNC', assumed default net type 'wire' in ../../last_attempt.v(414)
HDL-1007 : undeclared symbol 'VGA_VSYNC', assumed default net type 'wire' in ../../last_attempt.v(415)
HDL-1007 : undeclared symbol 'rd_en', assumed default net type 'wire' in ../../last_attempt.v(417)
HDL-1007 : undeclared symbol 'tpg_data_done', assumed default net type 'wire' in ../../last_attempt.v(862)
HDL-1007 : undeclared symbol 'full_flag', assumed default net type 'wire' in ../../last_attempt.v(896)
HDL-1007 : undeclared symbol 'input_local_udp_port_num', assumed default net type 'wire' in ../../last_attempt.v(927)
HDL-1007 : undeclared symbol 'input_local_udp_port_num_valid', assumed default net type 'wire' in ../../last_attempt.v(928)
HDL-1007 : undeclared symbol 'input_local_ip_address_valid', assumed default net type 'wire' in ../../last_attempt.v(931)
HDL-1007 : analyze verilog file ../../../source_code/rtl/udp/IDDR.v
HDL-1007 : analyze verilog file ../../../source_code/rtl/udp/ODDR.v
HDL-1007 : analyze verilog file ../../../source_code/rtl/udp/RAMB16_S9_S9.v
HDL-1007 : undeclared symbol 'open', assumed default net type 'wire' in ../../../source_code/rtl/udp/RAMB16_S9_S9.v(109)
HDL-1007 : analyze verilog file ../../../source_code/rtl/udp/clk_gen_rst_gen.v
HDL-1007 : analyze verilog file ../../../source_code/rtl/udp/div_clk_gen.v
HDL-1007 : analyze verilog file ../../../source_code/rtl/udp/rgmii_interface.v
HDL-1007 : analyze verilog file ../../../source_code/rtl/udp/rx_client_fifo.v
HDL-5370 WARNING: parameter 'WAIT_s' becomes localparam in 'rx_client_fifo' with formal parameter declaration list in ../../../source_code/rtl/udp/rx_client_fifo.v(49)
HDL-5370 WARNING: parameter 'QUEUE1_s' becomes localparam in 'rx_client_fifo' with formal parameter declaration list in ../../../source_code/rtl/udp/rx_client_fifo.v(50)
HDL-5370 WARNING: parameter 'QUEUE2_s' becomes localparam in 'rx_client_fifo' with formal parameter declaration list in ../../../source_code/rtl/udp/rx_client_fifo.v(51)
HDL-5370 WARNING: parameter 'QUEUE3_s' becomes localparam in 'rx_client_fifo' with formal parameter declaration list in ../../../source_code/rtl/udp/rx_client_fifo.v(52)
HDL-5370 WARNING: parameter 'QUEUE_SOF_s' becomes localparam in 'rx_client_fifo' with formal parameter declaration list in ../../../source_code/rtl/udp/rx_client_fifo.v(53)
HDL-5370 WARNING: parameter 'SOF_s' becomes localparam in 'rx_client_fifo' with formal parameter declaration list in ../../../source_code/rtl/udp/rx_client_fifo.v(54)
HDL-5370 WARNING: parameter 'DATA_s' becomes localparam in 'rx_client_fifo' with formal parameter declaration list in ../../../source_code/rtl/udp/rx_client_fifo.v(55)
HDL-5370 WARNING: parameter 'EOF_s' becomes localparam in 'rx_client_fifo' with formal parameter declaration list in ../../../source_code/rtl/udp/rx_client_fifo.v(56)
HDL-5370 WARNING: parameter 'IDLE_s' becomes localparam in 'rx_client_fifo' with formal parameter declaration list in ../../../source_code/rtl/udp/rx_client_fifo.v(62)
HDL-5370 WARNING: parameter 'FRAME_s' becomes localparam in 'rx_client_fifo' with formal parameter declaration list in ../../../source_code/rtl/udp/rx_client_fifo.v(63)
HDL-5370 Similar messages will be suppressed.
HDL-1007 : analyze verilog file ../../../source_code/rtl/udp/temac_block.v
HDL-1007 : analyze verilog file ../../../source_code/rtl/udp/temac_clk_gen.v
HDL-1007 : analyze verilog file ../../../source_code/rtl/udp/tx_client_fifo.v
HDL-5370 WARNING: parameter 'IDLE_s' becomes localparam in 'tx_client_fifo' with formal parameter declaration list in ../../../source_code/rtl/udp/tx_client_fifo.v(53)
HDL-5370 WARNING: parameter 'QUEUE1_s' becomes localparam in 'tx_client_fifo' with formal parameter declaration list in ../../../source_code/rtl/udp/tx_client_fifo.v(54)
HDL-5370 WARNING: parameter 'QUEUE2_s' becomes localparam in 'tx_client_fifo' with formal parameter declaration list in ../../../source_code/rtl/udp/tx_client_fifo.v(55)
HDL-5370 WARNING: parameter 'QUEUE3_s' becomes localparam in 'tx_client_fifo' with formal parameter declaration list in ../../../source_code/rtl/udp/tx_client_fifo.v(56)
HDL-5370 WARNING: parameter 'QUEUE_ACK_s' becomes localparam in 'tx_client_fifo' with formal parameter declaration list in ../../../source_code/rtl/udp/tx_client_fifo.v(57)
HDL-5370 WARNING: parameter 'WAIT_ACK_s' becomes localparam in 'tx_client_fifo' with formal parameter declaration list in ../../../source_code/rtl/udp/tx_client_fifo.v(58)
HDL-5370 WARNING: parameter 'FRAME_s' becomes localparam in 'tx_client_fifo' with formal parameter declaration list in ../../../source_code/rtl/udp/tx_client_fifo.v(59)
HDL-5370 WARNING: parameter 'DROP_s' becomes localparam in 'tx_client_fifo' with formal parameter declaration list in ../../../source_code/rtl/udp/tx_client_fifo.v(60)
HDL-5370 WARNING: parameter 'RETRANSMIT_s' becomes localparam in 'tx_client_fifo' with formal parameter declaration list in ../../../source_code/rtl/udp/tx_client_fifo.v(61)
HDL-5370 WARNING: parameter 'WAIT_s' becomes localparam in 'tx_client_fifo' with formal parameter declaration list in ../../../source_code/rtl/udp/tx_client_fifo.v(67)
HDL-5370 Similar messages will be suppressed.
HDL-1007 : analyze verilog file ../../../source_code/rtl/udp/tx_clk_en_gen.v
HDL-1007 : analyze verilog file ../../../source_code/rtl/udp/udp_data_tpg.v
HDL-1007 : analyze verilog file ../../../source_code/rtl/udp/udp_ip_protocol_stack_merge.enc.v
Copyright (c) 1998-2019 The OpenSSL Project.  All rights reserved.
This product includes software developed by the OpenSSL Project
for use in the OpenSSL Toolkit (http://www.openssl.org/)
Copyright (C) 1995-1998 Eric Young (eay@cryptsoft.com)
All rights reserved.
This product includes cryptographic software written by Eric Young (eay@cryptsoft.com)
HDL-1007 : back to file '../../../source_code/rtl/udp/udp_ip_protocol_stack_merge.enc.v' in ../../../source_code/rtl/udp/udp_ip_protocol_stack_merge.enc.v(56)
HDL-1007 : undeclared symbol '**', assumed default net type '**' in ../../../source_code/rtl/udp/udp_ip_protocol_stack_merge.enc.v(2638)
HDL-1007 : back to file '../../../source_code/rtl/udp/udp_ip_protocol_stack_merge.enc.v' in ../../../source_code/rtl/udp/udp_ip_protocol_stack_merge.enc.v(420)
HDL-1007 : analyze verilog file ../../../source_code/rtl/udp/udp_loopback.v
HDL-5373 WARNING: identifier 'app_tx_data_reg_d' is used before its declaration in ../../../source_code/rtl/udp/udp_loopback.v(54)
HDL-5373 WARNING: identifier 'app_tx_data_reg_d' is used before its declaration in ../../../source_code/rtl/udp/udp_loopback.v(55)
HDL-5373 WARNING: identifier 'app_tx_data_reg_d' is used before its declaration in ../../../source_code/rtl/udp/udp_loopback.v(56)
HDL-1007 : analyze verilog file ../../al_ip/TEMAC_CORE/RTL/TEMAC_CORE_aead6cd6dadd.v
HDL-5007 WARNING: column 1032 exceeds maximum value 1023 in ../../al_ip/TEMAC_CORE/RTL/TEMAC_CORE_aead6cd6dadd.v(30)
HDL-1007 : back to file '../../al_ip/TEMAC_CORE/RTL/TEMAC_CORE_aead6cd6dadd.v' in ../../al_ip/TEMAC_CORE/RTL/TEMAC_CORE_aead6cd6dadd.v(86)
HDL-5007 WARNING: event expressions must result in a singular type in ../../al_ip/TEMAC_CORE/RTL/TEMAC_CORE_aead6cd6dadd.v(3001)
HDL-1007 : undeclared symbol '**', assumed default net type '**' in ../../al_ip/TEMAC_CORE/RTL/TEMAC_CORE_aead6cd6dadd.v(5050)
HDL-1007 : undeclared symbol '**', assumed default net type '**' in ../../al_ip/TEMAC_CORE/RTL/TEMAC_CORE_aead6cd6dadd.v(5458)
HDL-5007 WARNING: column 1035 exceeds maximum value 1023 in ../../al_ip/TEMAC_CORE/RTL/TEMAC_CORE_aead6cd6dadd.v(6001)
HDL-1007 : back to file '../../al_ip/TEMAC_CORE/RTL/TEMAC_CORE_aead6cd6dadd.v' in ../../al_ip/TEMAC_CORE/RTL/TEMAC_CORE_aead6cd6dadd.v(260)
HDL-1007 : analyze verilog file ../../al_ip/TEMAC_CORE/RTL/mac_core_aead6cd6dadd.v
HDL-1007 : analyze verilog file ../../al_ip/TEMAC_CORE/TEMAC_CORE.v
HDL-1007 : analyze verilog file ../../al_ip/pll_gen.v
HDL-1007 : undeclared symbol 'pll_gen_open0', assumed default net type 'wire' in ../../al_ip/pll_gen.v(99)
HDL-1007 : undeclared symbol 'pll_gen_open8', assumed default net type 'wire' in ../../al_ip/pll_gen.v(105)
HDL-1007 : undeclared symbol 'pll_gen_open7', assumed default net type 'wire' in ../../al_ip/pll_gen.v(105)
HDL-1007 : undeclared symbol 'pll_gen_open6', assumed default net type 'wire' in ../../al_ip/pll_gen.v(105)
HDL-1007 : undeclared symbol 'pll_gen_open5', assumed default net type 'wire' in ../../al_ip/pll_gen.v(105)
HDL-1007 : undeclared symbol 'pll_gen_open4', assumed default net type 'wire' in ../../al_ip/pll_gen.v(105)
HDL-1007 : undeclared symbol 'pll_gen_open3', assumed default net type 'wire' in ../../al_ip/pll_gen.v(105)
HDL-1007 : undeclared symbol 'pll_gen_open2', assumed default net type 'wire' in ../../al_ip/pll_gen.v(105)
HDL-1007 : undeclared symbol 'pll_gen_open1', assumed default net type 'wire' in ../../al_ip/pll_gen.v(105)
HDL-1007 : analyze verilog file ../../al_ip/sys_pll.v
HDL-1007 : undeclared symbol 'sys_pll_open0', assumed default net type 'wire' in ../../al_ip/sys_pll.v(77)
HDL-1007 : undeclared symbol 'sys_pll_open1', assumed default net type 'wire' in ../../al_ip/sys_pll.v(83)
HDL-1007 : undeclared symbol 'sys_pll_open9', assumed default net type 'wire' in ../../al_ip/sys_pll.v(89)
HDL-1007 : undeclared symbol 'sys_pll_open8', assumed default net type 'wire' in ../../al_ip/sys_pll.v(89)
HDL-1007 : undeclared symbol 'sys_pll_open7', assumed default net type 'wire' in ../../al_ip/sys_pll.v(89)
HDL-1007 : undeclared symbol 'sys_pll_open6', assumed default net type 'wire' in ../../al_ip/sys_pll.v(89)
HDL-1007 : undeclared symbol 'sys_pll_open5', assumed default net type 'wire' in ../../al_ip/sys_pll.v(89)
HDL-1007 : undeclared symbol 'sys_pll_open4', assumed default net type 'wire' in ../../al_ip/sys_pll.v(89)
HDL-1007 : undeclared symbol 'sys_pll_open3', assumed default net type 'wire' in ../../al_ip/sys_pll.v(89)
HDL-1007 : undeclared symbol 'sys_pll_open2', assumed default net type 'wire' in ../../al_ip/sys_pll.v(89)
HDL-1007 : undeclared symbol 'sys_pll_open11', assumed default net type 'wire' in ../../al_ip/sys_pll.v(91)
HDL-1007 : undeclared symbol 'sys_pll_open10', assumed default net type 'wire' in ../../al_ip/sys_pll.v(91)
HDL-1007 : analyze verilog file ../../../source_code/rtl/sd_card/ax_debounce.v
HDL-1007 : analyze verilog file ../../../source_code/rtl/sd_card/bmp_read.v
HDL-1007 : analyze verilog file ../../../source_code/rtl/sd_card/sd_card_bmp.v
HDL-1007 : analyze verilog file ../../../source_code/rtl/sd_card/sd_card_cmd.v
HDL-1007 : analyze verilog file ../../../source_code/rtl/sd_card/sd_card_sec_read_write.v
HDL-1007 : analyze verilog file ../../../source_code/rtl/sd_card/sd_card_top.v
HDL-1007 : analyze verilog file ../../../source_code/rtl/sd_card/spi_master.v
HDL-1007 : analyze verilog file ../../../source_code/rtl/sdram/enc_file/sdr_as_ram.enc.v
HDL-1007 : back to file '../../../source_code/rtl/sdram/enc_file/sdr_as_ram.enc.v' in ../../../source_code/rtl/sdram/enc_file/sdr_as_ram.enc.v(54)
HDL-1007 : analyze verilog file ../../../source_code/rtl/sdram/enc_file/sdr_wrrd.enc.v
HDL-5007 WARNING: concatenation with an unsized literal will be treated as 32 bits in ../../../source_code/rtl/sdram/enc_file/sdr_wrrd.enc.v(283)
HDL-1007 : back to file '../../../source_code/rtl/sdram/enc_file/sdr_wrrd.enc.v' in ../../../source_code/rtl/sdram/enc_file/sdr_wrrd.enc.v(19)
HDL-1007 : analyze verilog file ../../../source_code/rtl/frame_fifo/afifo_16_32_256.v
HDL-1007 : analyze verilog file ../../../source_code/rtl/frame_fifo/afifo_32_16_256.v
HDL-1007 : analyze verilog file ../../../source_code/rtl/frame_fifo/frame_fifo_read.v
HDL-1007 : analyze verilog file ../../../source_code/rtl/frame_fifo/frame_fifo_write.v
HDL-1007 : analyze verilog file ../../../source_code/rtl/frame_fifo/frame_read_write.v
HDL-1007 : analyze verilog file ../../../source_code/rtl/sdram/sdram.v
HDL-1007 : analyze included file ../../../source_code/rtl/sdram/enc_file/global_def.v in ../../../source_code/rtl/sdram/sdram.v(10)
HDL-1007 : back to file '../../../source_code/rtl/sdram/sdram.v' in ../../../source_code/rtl/sdram/sdram.v(10)
HDL-1007 : undeclared symbol 'SDR_CKE', assumed default net type 'wire' in ../../../source_code/rtl/sdram/sdram.v(89)
HDL-1007 : analyze verilog file ../../../source_code/rtl/sdram/enc_file/sdr_init_ref.enc.v
HDL-1007 : analyze included file ../../../source_code/rtl/sdram/enc_file/global_def.v in ../../../source_code/rtl/sdram/enc_file/sdr_init_ref.enc.v(11)
HDL-1007 : back to file '../../../source_code/rtl/sdram/enc_file/sdr_init_ref.enc.v' in ../../../source_code/rtl/sdram/enc_file/sdr_init_ref.enc.v(11)
HDL-1007 : undeclared symbol '**', assumed default net type '**' in ../../../source_code/rtl/sdram/enc_file/sdr_init_ref.enc.v(57)
HDL-1007 : back to file '../../../source_code/rtl/sdram/enc_file/sdr_init_ref.enc.v' in ../../../source_code/rtl/sdram/enc_file/sdr_init_ref.enc.v(149)
HDL-5007 WARNING: concatenation with an unsized literal will be treated as 32 bits in ../../../source_code/rtl/sdram/enc_file/sdr_init_ref.enc.v(47)
HDL-1007 : analyze verilog file ../../../source_code/rtl/video_timing/color_bar.v
HDL-1007 : analyze included file ../../../source_code/rtl/video_timing/video_define.v in ../../../source_code/rtl/video_timing/color_bar.v(2)
HDL-1007 : back to file '../../../source_code/rtl/video_timing/color_bar.v' in ../../../source_code/rtl/video_timing/color_bar.v(2)
HDL-1007 : analyze verilog file ../../../source_code/rtl/video_timing/video_delay.v
HDL-1007 : analyze verilog file ../../../source_code/rtl/video_timing/video_timing_data.v
HDL-1007 : analyze verilog file ../../../source_code/rtl/another/m_synchronization_header.v
HDL-1007 : analyze verilog file ../../../source_code/rtl/led.v
HDL-1007 : analyze verilog file ../../../source_code/rtl/ov5640/cmos_capture_data.v
HDL-1007 : analyze verilog file ../../../source_code/rtl/ov5640/i2c_dri.v
HDL-1007 : analyze verilog file ../../../source_code/rtl/ov5640/i2c_ov5640_rgb565_cfg.v
HDL-1007 : analyze verilog file ../../../source_code/rtl/ov5640/ov5640_delay.v
HDL-1007 : analyze verilog file ../../../source_code/rtl/ov5640/ov5640_dri.v
HDL-1007 : analyze verilog file ../../al_ip/clk_wize.v
HDL-1007 : undeclared symbol 'open', assumed default net type 'wire' in ../../al_ip/clk_wize.v(70)
HDL-1007 : analyze verilog file ../../al_ip/ram.v
HDL-1007 : analyze verilog file ../../../source_code/rtl/app/addr_crt.v
HDL-1007 : analyze verilog file ../../../source_code/rtl/app/app.v
HDL-1007 : analyze VHDL file ../../../source_code/rtl/hdmi_rtl/enc_file/DVITransmitter.enc.vhd
HDL-1007 : analyze entity dvitransmitter in ../../../source_code/rtl/hdmi_rtl/enc_file/DVITransmitter.enc.vhd(13)
HDL-1007 : analyze architecture ** in ../../../source_code/rtl/hdmi_rtl/enc_file/DVITransmitter.enc.vhd(2)
HDL-1007 : analyze VHDL file ../../../source_code/rtl/hdmi_rtl/enc_file/SerializerN_1_lvds.enc.vhd
HDL-1007 : analyze entity ** in ../../../source_code/rtl/hdmi_rtl/enc_file/SerializerN_1_lvds.enc.vhd(12)
HDL-1007 : analyze architecture ** in ../../../source_code/rtl/hdmi_rtl/enc_file/SerializerN_1_lvds.enc.vhd(25)
HDL-1007 : analyze VHDL file ../../../source_code/rtl/hdmi_rtl/enc_file/SerializerN_1_lvds_dat.enc.vhd
HDL-1007 : analyze entity ** in ../../../source_code/rtl/hdmi_rtl/enc_file/SerializerN_1_lvds_dat.enc.vhd(14)
HDL-1007 : analyze architecture ** in ../../../source_code/rtl/hdmi_rtl/enc_file/SerializerN_1_lvds_dat.enc.vhd(28)
HDL-1007 : analyze VHDL file ../../../source_code/rtl/hdmi_rtl/enc_file/TMDSEncoder.enc.vhd
HDL-1007 : analyze entity ** in ../../../source_code/rtl/hdmi_rtl/enc_file/TMDSEncoder.enc.vhd(13)
HDL-1007 : analyze architecture ** in ../../../source_code/rtl/hdmi_rtl/enc_file/TMDSEncoder.enc.vhd(24)
HDL-1007 : analyze VHDL file ../../../source_code/rtl/hdmi_rtl/hdmi_tx.vhd
HDL-1007 : analyze entity hdmi_tx in ../../../source_code/rtl/hdmi_rtl/hdmi_tx.vhd(11)
HDL-1007 : analyze architecture behavioral in ../../../source_code/rtl/hdmi_rtl/hdmi_tx.vhd(33)
HDL-1007 : analyze verilog file ../../../source_code/rtl/hdmi_rtl/vga_disp_rtl.v
HDL-1007 : analyze verilog file ../../../source_code/rtl/another/fire_detect.v
HDL-1007 : analyze verilog file ../../../source_code/rtl/another/intrusion_detect.v
PRJ-1401 : Successfully analyzed 58 source files.
RUN-1002 : start command "commit_param -step design"
RUN-1001 : Print Global Property
RUN-1001 : --------------------------------------------------------
RUN-1001 :   Parameters   |  Settings  |  Default Values  |  Note  
RUN-1001 : --------------------------------------------------------
RUN-1001 :   enable_seed  |    off     |       off        |        
RUN-1001 :     message    |  standard  |     standard     |        
RUN-1001 :   qor_monitor  |     on     |        on        |        
RUN-1001 :   syn_ip_flow  |    off     |       off        |        
RUN-1001 :     thread     |    auto    |       auto       |        
RUN-1001 : --------------------------------------------------------
RUN-1001 : Print Design Property
RUN-1001 : ----------------------------------------------------------------
RUN-1001 :       Parameters       |  Settings  |  Default Values  |  Note  
RUN-1001 : ----------------------------------------------------------------
RUN-1001 :   default_reg_initial  |    auto    |       auto       |        
RUN-1001 :    hdl_warning_level   |   normal   |      normal      |        
RUN-1001 : ----------------------------------------------------------------
RUN-1002 : start command "elaborate -top last_attempt"
HDL-1007 : port 'led' remains unconnected for this instance in ../../last_attempt.v(379)
HDL-1007 : port 'cam_init_done' remains unconnected for this instance in ../../last_attempt.v(500)
HDL-1007 : port 'tri_speed' remains unconnected for this instance in ../../last_attempt.v(965)
HDL-1007 : port 'mdio_o' remains unconnected for this instance in ../../last_attempt.v(965)
HDL-1007 : port 'mdio_oen' remains unconnected for this instance in ../../last_attempt.v(965)
HDL-1007 : port 'mdio_clk' remains unconnected for this instance in ../../last_attempt.v(965)
HDL-1007 : elaborate module last_attempt in ../../last_attempt.v(6)
HDL-1007 : elaborate module led in ../../../source_code/rtl/led.v(1)
HDL-1007 : elaborate module clk_wize in ../../al_ip/clk_wize.v(23)
HDL-1007 : elaborate module EG_LOGIC_BUFG in D:\FPGA\TD6_2_1\arch/eagle_macro.v(5)
HDL-1007 : elaborate module EG_PHY_PLL(FIN="50.000",REFCLK_DIV=2,FBCLK_DIV=5,CLKC0_DIV=8,CLKC1_DIV=40,CLKC0_ENABLE="ENABLE",CLKC1_ENABLE="ENABLE",FEEDBK_PATH="CLKC0_EXT",STDBY_ENABLE="DISABLE",CLKC0_CPHASE=7,CLKC1_CPHASE=39,GMC_GAIN=2,ICP_CURRENT=9,KVCO=2,LPF_CAPACITOR=1,LPF_RESISTOR=8,SYNC_ENABLE="DISABLE") in D:\FPGA\TD6_2_1\arch/eagle_macro.v(889)
HDL-1007 : elaborate module app in ../../../source_code/rtl/app/app.v(1)
HDL-1007 : elaborate module addr_crt in ../../../source_code/rtl/app/addr_crt.v(1)
HDL-5007 WARNING: actual bit length 17 differs from formal bit length 16 for port 'wr_addr' in ../../../source_code/rtl/app/app.v(42)
HDL-1007 : elaborate module ram in ../../al_ip/ram.v(14)
HDL-1007 : elaborate module EG_LOGIC_BRAM(DATA_WIDTH_A=24,DATA_WIDTH_B=24,ADDR_WIDTH_A=13,ADDR_WIDTH_B=13,DATA_DEPTH_A=8192,DATA_DEPTH_B=8192,MODE="PDPW",FILL_ALL="000000000000000000000000") in D:\FPGA\TD6_2_1\arch/eagle_macro.v(986)
HDL-5007 WARNING: actual bit length 2 differs from formal bit length 1 for port 'beb' in ../../al_ip/ram.v(73)
HDL-5007 WARNING: actual bit length 17 differs from formal bit length 13 for port 'addra' in ../../../source_code/rtl/app/app.v(50)
HDL-5007 WARNING: actual bit length 17 differs from formal bit length 13 for port 'addrb' in ../../../source_code/rtl/app/app.v(53)
HDL-1007 : elaborate module vga_disp_rtl in ../../../source_code/rtl/hdmi_rtl/vga_disp_rtl.v(1)
HDL-5007 WARNING: actual bit length 17 differs from formal bit length 15 for port 'addr' in ../../../source_code/rtl/app/app.v(71)
HDL-1007 : switch to vhdl to elaborate module hdmi_tx in ../../last_attempt.v(428)
HDL-1007 : elaborate hdmi_tx(1,3)(Behavioral) in ../../../source_code/rtl/hdmi_rtl/hdmi_tx.vhd(11)
HDL-1007 : elaborate DVITransmitter(1,3)(Behavioral) in ../../../source_code/rtl/hdmi_rtl/enc_file/DVITransmitter.enc.vhd(13)
HDL-1007 : elaborate **(**) in ../../../source_code/rtl/hdmi_rtl/enc_file/TMDSEncoder.enc.vhd(13)
HDL-1007 : elaborate **(**) in ../../../source_code/rtl/hdmi_rtl/enc_file/SerializerN_1_lvds.enc.vhd(12)
HDL-1007 : elaborate EG_LOGIC_ODDR(1,6)(rtl) in D:\FPGA\TD6_2_1\arch/eagle_macro.vhd(1399)
HDL-1007 : elaborate **(**) in ../../../source_code/rtl/hdmi_rtl/enc_file/SerializerN_1_lvds_dat.enc.vhd(14)
HDL-1007 : back to vlog to elaborate in ../../last_attempt.v(428)
HDL-1007 : elaborate module sys_pll in ../../al_ip/sys_pll.v(24)
HDL-1007 : elaborate module EG_PHY_PLL(FIN="50.000000",FBCLK_DIV=2,CLKC0_DIV=10,CLKC1_DIV=8,CLKC2_DIV=8,CLKC0_ENABLE="ENABLE",CLKC1_ENABLE="ENABLE",CLKC2_ENABLE="ENABLE",FEEDBK_PATH="CLKC0_EXT",STDBY_ENABLE="DISABLE",CLKC0_CPHASE=9,CLKC1_CPHASE=7,CLKC2_CPHASE=3,GMC_GAIN=4,ICP_CURRENT=29,KVCO=4,LPF_CAPACITOR=1,LPF_RESISTOR=2,SYNC_ENABLE="DISABLE") in D:\FPGA\TD6_2_1\arch/eagle_macro.v(889)
HDL-1007 : elaborate module sd_card_bmp in ../../../source_code/rtl/sd_card/sd_card_bmp.v(1)
HDL-1007 : elaborate module ax_debounce in ../../../source_code/rtl/sd_card/ax_debounce.v(1)
HDL-1007 : elaborate module bmp_read in ../../../source_code/rtl/sd_card/bmp_read.v(2)
HDL-1007 : elaborate module sd_card_top in ../../../source_code/rtl/sd_card/sd_card_top.v(2)
HDL-1007 : elaborate module sd_card_sec_read_write in ../../../source_code/rtl/sd_card/sd_card_sec_read_write.v(2)
HDL-1007 : elaborate module sd_card_cmd in ../../../source_code/rtl/sd_card/sd_card_cmd.v(2)
HDL-1007 : elaborate module spi_master in ../../../source_code/rtl/sd_card/spi_master.v(2)
HDL-5323 WARNING: input port 'sd_sec_write_data[7]' remains unconnected for this instance in ../../../source_code/rtl/sd_card/sd_card_bmp.v(59)
HDL-1007 : port 'i2c_ack' remains unconnected for this instance in ../../../source_code/rtl/ov5640/ov5640_dri.v(94)
HDL-1007 : elaborate module ov5640_dri in ../../../source_code/rtl/ov5640/ov5640_dri.v(24)
HDL-1007 : elaborate module i2c_ov5640_rgb565_cfg in ../../../source_code/rtl/ov5640/i2c_ov5640_rgb565_cfg.v(24)
HDL-1007 : elaborate module i2c_dri(SLAVE_ADDR=7'b0111100,CLK_FREQ=27'b010111110101111000010000000) in ../../../source_code/rtl/ov5640/i2c_dri.v(24)
HDL-1007 : elaborate module cmos_capture_data in ../../../source_code/rtl/ov5640/cmos_capture_data.v(23)
HDL-5007 WARNING: actual bit length 11 differs from formal bit length 13 for port 'cmos_h_pixel' in ../../last_attempt.v(514)
HDL-5007 WARNING: actual bit length 11 differs from formal bit length 13 for port 'cmos_v_pixel' in ../../last_attempt.v(515)
HDL-5007 WARNING: actual bit length 12 differs from formal bit length 13 for port 'total_h_pixel' in ../../last_attempt.v(516)
HDL-5007 WARNING: actual bit length 12 differs from formal bit length 13 for port 'total_v_pixel' in ../../last_attempt.v(517)
HDL-1007 : elaborate module ov5640_delay in ../../../source_code/rtl/ov5640/ov5640_delay.v(1)
HDL-1007 : port 'valid' remains unconnected for this instance in ../../../source_code/rtl/frame_fifo/frame_read_write.v(88)
HDL-1007 : port 'afull' remains unconnected for this instance in ../../../source_code/rtl/frame_fifo/frame_read_write.v(88)
HDL-1007 : port 'aempty' remains unconnected for this instance in ../../../source_code/rtl/frame_fifo/frame_read_write.v(88)
HDL-1007 : port 'valid' remains unconnected for this instance in ../../../source_code/rtl/frame_fifo/frame_read_write.v(136)
HDL-1007 : port 'afull' remains unconnected for this instance in ../../../source_code/rtl/frame_fifo/frame_read_write.v(136)
HDL-1007 : port 'aempty' remains unconnected for this instance in ../../../source_code/rtl/frame_fifo/frame_read_write.v(136)
HDL-1007 : elaborate module frame_read_write in ../../../source_code/rtl/frame_fifo/frame_read_write.v(2)
HDL-1007 : port 'doa' remains unconnected for this instance in ../../../source_code/rtl/frame_fifo/afifo_16_32_256.v(226)
HDL-1007 : port 'dib' remains unconnected for this instance in ../../../source_code/rtl/frame_fifo/afifo_16_32_256.v(226)
HDL-1007 : elaborate module wfifo_32_32_512 in ../../../source_code/rtl/frame_fifo/afifo_16_32_256.v(13)
HDL-1007 : elaborate module fifo_cross_domain_addr_process_al_wfifo_32_32_512 in ../../../source_code/rtl/frame_fifo/afifo_16_32_256.v(250)
HDL-1007 : elaborate module ram_infer_wfifo_32_32_512(ADDRWIDTH_A=9,DATAWIDTH_B=32,ADDRWIDTH_B=9) in ../../../source_code/rtl/frame_fifo/afifo_16_32_256.v(333)
HDL-1007 : extracting RAM for identifier 'memory' in ../../../source_code/rtl/frame_fifo/afifo_16_32_256.v(398)
HDL-5317 WARNING: input port 'dib[31]' is not connected on this instance in ../../../source_code/rtl/frame_fifo/afifo_16_32_256.v(231)
HDL-1007 : elaborate module frame_fifo_write(BURST_SIZE=256) in ../../../source_code/rtl/frame_fifo/frame_fifo_write.v(2)
HDL-5007 WARNING: actual bit length 9 differs from formal bit length 10 for port 'rdusedw' in ../../../source_code/rtl/frame_fifo/frame_read_write.v(132)
HDL-1007 : port 'doa' remains unconnected for this instance in ../../../source_code/rtl/frame_fifo/afifo_32_16_256.v(226)
HDL-1007 : port 'dib' remains unconnected for this instance in ../../../source_code/rtl/frame_fifo/afifo_32_16_256.v(226)
HDL-1007 : elaborate module rfifo_32_32_512 in ../../../source_code/rtl/frame_fifo/afifo_32_16_256.v(13)
HDL-1007 : elaborate module fifo_cross_domain_addr_process_al_rfifo_32_32_512 in ../../../source_code/rtl/frame_fifo/afifo_32_16_256.v(250)
HDL-1007 : elaborate module ram_infer_rfifo_32_32_512(ADDRWIDTH_A=9,DATAWIDTH_B=32,ADDRWIDTH_B=9) in ../../../source_code/rtl/frame_fifo/afifo_32_16_256.v(333)
HDL-1007 : extracting RAM for identifier 'memory' in ../../../source_code/rtl/frame_fifo/afifo_32_16_256.v(398)
HDL-5317 WARNING: input port 'dib[31]' is not connected on this instance in ../../../source_code/rtl/frame_fifo/afifo_32_16_256.v(231)
HDL-1007 : elaborate module frame_fifo_read(BURST_SIZE=256) in ../../../source_code/rtl/frame_fifo/frame_fifo_read.v(2)
HDL-5007 WARNING: actual bit length 9 differs from formal bit length 10 for port 'wrusedw' in ../../../source_code/rtl/frame_fifo/frame_read_write.v(181)
HDL-5007 WARNING: actual bit length 24 differs from formal bit length 21 for port 'read_addr_0' in ../../last_attempt.v(593)
HDL-5007 WARNING: actual bit length 24 differs from formal bit length 21 for port 'read_addr_1' in ../../last_attempt.v(594)
HDL-5007 WARNING: actual bit length 24 differs from formal bit length 21 for port 'read_addr_2' in ../../last_attempt.v(595)
HDL-5007 WARNING: actual bit length 24 differs from formal bit length 21 for port 'read_addr_3' in ../../last_attempt.v(596)
HDL-5007 WARNING: actual bit length 24 differs from formal bit length 21 for port 'read_len' in ../../last_attempt.v(598)
HDL-5007 WARNING: actual bit length 24 differs from formal bit length 21 for port 'write_addr_0' in ../../last_attempt.v(611)
HDL-5007 WARNING: actual bit length 24 differs from formal bit length 21 for port 'write_addr_1' in ../../last_attempt.v(612)
HDL-5007 WARNING: actual bit length 24 differs from formal bit length 21 for port 'write_addr_2' in ../../last_attempt.v(613)
HDL-5007 WARNING: actual bit length 24 differs from formal bit length 21 for port 'write_addr_3' in ../../last_attempt.v(614)
HDL-5007 Similar messages will be suppressed.
HDL-1007 : elaborate module sdram in ../../../source_code/rtl/sdram/sdram.v(12)
HDL-1007 : elaborate module sdr_as_ram(self_refresh_open=1'b1) in ../../../source_code/rtl/sdram/enc_file/sdr_as_ram.enc.v(21)
HDL-5007 WARNING: concatenation with an unsized literal will be treated as 32 bits in ../../../source_code/rtl/sdram/enc_file/sdr_init_ref.enc.v(47)
HDL-1007 : elaborate module sdr_init_ref(self_refresh_open=1'b1) in ../../../source_code/rtl/sdram/enc_file/sdr_init_ref.enc.v(13)
HDL-5007 WARNING: concatenation with an unsized literal will be treated as 32 bits in ../../../source_code/rtl/sdram/enc_file/sdr_wrrd.enc.v(283)
HDL-1007 : elaborate module ** in ../../../source_code/rtl/sdram/enc_file/sdr_wrrd.enc.v(3)
HDL-5317 WARNING: input port '**' is not connected on this instance in ../../../source_code/rtl/sdram/enc_file/sdr_as_ram.enc.v(17)
HDL-1007 : elaborate module EG_PHY_SDRAM_2M_32 in D:\FPGA\TD6_2_1\arch/eagle_macro.v(683)
HDL-1007 : elaborate module video_timing_data in ../../../source_code/rtl/video_timing/video_timing_data.v(1)
HDL-1007 : elaborate module color_bar in ../../../source_code/rtl/video_timing/color_bar.v(3)
HDL-1007 : elaborate module video_delay in ../../../source_code/rtl/video_timing/video_delay.v(1)
HDL-1007 : elaborate module fire_detect in ../../../source_code/rtl/another/fire_detect.v(1)
HDL-1007 : elaborate module intrusion_detect in ../../../source_code/rtl/another/intrusion_detect.v(1)
HDL-1007 : elaborate module m_synchronization_header in ../../../source_code/rtl/another/m_synchronization_header.v(1)
HDL-1007 : elaborate module clk_gen_rst_gen in ../../../source_code/rtl/udp/clk_gen_rst_gen.v(31)
HDL-1007 : elaborate module pll_gen in ../../al_ip/pll_gen.v(26)
HDL-1007 : elaborate module EG_PHY_PLL(FIN="50.000000",REFCLK_DIV=2,FBCLK_DIV=5,CLKC0_DIV=8,CLKC1_DIV=8,CLKC2_DIV=80,CLKC3_DIV=40,CLKC4_DIV=8,CLKC0_ENABLE="ENABLE",CLKC1_ENABLE="ENABLE",CLKC2_ENABLE="ENABLE",CLKC3_ENABLE="ENABLE",CLKC4_ENABLE="ENABLE",FEEDBK_PATH="CLKC0_EXT",STDBY_ENABLE="DISABLE",CLKC0_CPHASE=7,CLKC1_CPHASE=7,CLKC2_CPHASE=79,CLKC3_CPHASE=39,GMC_GAIN=2,ICP_CURRENT=9,KVCO=2,LPF_CAPACITOR=1,LPF_RESISTOR=8,SYNC_ENABLE="DISABLE") in D:\FPGA\TD6_2_1\arch/eagle_macro.v(889)
HDL-1007 : elaborate module div_clk_gen in ../../../source_code/rtl/udp/div_clk_gen.v(31)
HDL-1007 : elaborate module udp_data_tpg in ../../../source_code/rtl/udp/udp_data_tpg.v(1)
HDL-1007 : port 'afull' remains unconnected for this instance in ../../../source_code/rtl/udp/udp_loopback.v(92)
HDL-1007 : port 'aempty' remains unconnected for this instance in ../../../source_code/rtl/udp/udp_loopback.v(92)
HDL-1007 : elaborate module udp_loopback in ../../../source_code/rtl/udp/udp_loopback.v(23)
HDL-1007 : elaborate module ** in ../../../source_code/rtl/udp/udp_ip_protocol_stack_merge.enc.v(2405)
HDL-1007 : elaborate module ** in ../../../source_code/rtl/udp/udp_ip_protocol_stack_merge.enc.v(2482)
HDL-1007 : elaborate module EG_LOGIC_BRAM(DATA_WIDTH_A=24,DATA_WIDTH_B=24,ADDR_WIDTH_A=12,ADDR_WIDTH_B=12,DATA_DEPTH_A=4096,DATA_DEPTH_B=4096,MODE="PDPW",RESETMODE="ASYNC") in D:\FPGA\TD6_2_1\arch/eagle_macro.v(986)
HDL-1007 : elaborate module ** in ../../../source_code/rtl/udp/udp_ip_protocol_stack_merge.enc.v(3068)
HDL-1007 : port '**' remains unconnected for this instance in ../../../source_code/rtl/udp/udp_ip_protocol_stack_merge.enc.v(284)
HDL-1007 : port '**' remains unconnected for this instance in ../../../source_code/rtl/udp/udp_ip_protocol_stack_merge.enc.v(284)
HDL-1007 : port '**' remains unconnected for this instance in ../../../source_code/rtl/udp/udp_ip_protocol_stack_merge.enc.v(284)
HDL-1007 : elaborate module udp_ip_protocol_stack(LOCAL_UDP_PORT_NUM=16'b01,LOCAL_IP_ADDRESS=32'b11000000101010001111000000000001) in ../../../source_code/rtl/udp/udp_ip_protocol_stack_merge.enc.v(2)
HDL-1007 : elaborate module ** in ../../../source_code/rtl/udp/udp_ip_protocol_stack_merge.enc.v(3861)
HDL-1007 : elaborate module ** in ../../../source_code/rtl/udp/udp_ip_protocol_stack_merge.enc.v(4077)
HDL-1007 : elaborate module ** in ../../../source_code/rtl/udp/udp_ip_protocol_stack_merge.enc.v(3465)
HDL-1007 : elaborate module ** in ../../../source_code/rtl/udp/udp_ip_protocol_stack_merge.enc.v(3963)
HDL-1007 : port '**' remains unconnected for this instance in ../../../source_code/rtl/udp/udp_ip_protocol_stack_merge.enc.v(1251)
HDL-1007 : port '**' remains unconnected for this instance in ../../../source_code/rtl/udp/udp_ip_protocol_stack_merge.enc.v(1251)
HDL-1007 : elaborate module ** in ../../../source_code/rtl/udp/udp_ip_protocol_stack_merge.enc.v(1172)
HDL-1007 : elaborate module ** in ../../../source_code/rtl/udp/udp_ip_protocol_stack_merge.enc.v(2405)
HDL-1007 : elaborate module ** in ../../../source_code/rtl/udp/udp_ip_protocol_stack_merge.enc.v(2482)
HDL-1007 : elaborate module EG_LOGIC_BRAM(DATA_WIDTH_A=8,DATA_WIDTH_B=8,ADDR_WIDTH_A=11,ADDR_WIDTH_B=11,DATA_DEPTH_A=2048,DATA_DEPTH_B=2048,MODE="PDPW",RESETMODE="ASYNC") in D:\FPGA\TD6_2_1\arch/eagle_macro.v(986)
HDL-1007 : elaborate module ** in ../../../source_code/rtl/udp/udp_ip_protocol_stack_merge.enc.v(3068)
HDL-1007 : elaborate module ** in ../../../source_code/rtl/udp/udp_ip_protocol_stack_merge.enc.v(1601)
HDL-1007 : elaborate module ** in ../../../source_code/rtl/udp/udp_ip_protocol_stack_merge.enc.v(3465)
HDL-1007 : elaborate module ** in ../../../source_code/rtl/udp/udp_ip_protocol_stack_merge.enc.v(909)
HDL-1007 : elaborate module ** in ../../../source_code/rtl/udp/udp_ip_protocol_stack_merge.enc.v(1374)
HDL-1007 : elaborate module ** in ../../../source_code/rtl/udp/udp_ip_protocol_stack_merge.enc.v(1079)
HDL-1007 : elaborate module ** in ../../../source_code/rtl/udp/udp_ip_protocol_stack_merge.enc.v(713)
HDL-1007 : elaborate module ** in ../../../source_code/rtl/udp/udp_ip_protocol_stack_merge.enc.v(26)
HDL-1007 : elaborate module ** in ../../../source_code/rtl/udp/udp_ip_protocol_stack_merge.enc.v(436)
HDL-1007 : elaborate module ** in ../../../source_code/rtl/udp/udp_ip_protocol_stack_merge.enc.v(223)
HDL-1007 : elaborate module ** in ../../../source_code/rtl/udp/udp_ip_protocol_stack_merge.enc.v(1920)
HDL-1007 : elaborate module ** in ../../../source_code/rtl/udp/udp_ip_protocol_stack_merge.enc.v(3190)
HDL-1007 : elaborate module ** in ../../../source_code/rtl/udp/udp_ip_protocol_stack_merge.enc.v(3113)
HDL-1007 : elaborate module ** in ../../../source_code/rtl/udp/udp_ip_protocol_stack_merge.enc.v(3537)
HDL-1007 : elaborate module ** in ../../../source_code/rtl/udp/udp_ip_protocol_stack_merge.enc.v(3465)
HDL-1007 : elaborate module ** in ../../../source_code/rtl/udp/udp_ip_protocol_stack_merge.enc.v(3465)
HDL-1007 : elaborate module temac_block in ../../../source_code/rtl/udp/temac_block.v(2)
HDL-1007 : elaborate module tx_clk_en_gen in ../../../source_code/rtl/udp/tx_clk_en_gen.v(16)
HDL-1007 : elaborate module rgmii_interface in ../../../source_code/rtl/udp/rgmii_interface.v(14)
HDL-1007 : elaborate module ODDR in ../../../source_code/rtl/udp/ODDR.v(23)
HDL-1007 : elaborate module EG_LOGIC_ODDR in D:\FPGA\TD6_2_1\arch/eagle_macro.v(66)
HDL-1007 : elaborate module IDDR(DEVICE="EG4") in ../../../source_code/rtl/udp/IDDR.v(23)
HDL-1007 : elaborate module EG_LOGIC_IDDR in D:\FPGA\TD6_2_1\arch/eagle_macro.v(57)
HDL-1007 : elaborate module TEMAC_CORE in ../../al_ip/TEMAC_CORE/TEMAC_CORE.v(9)
HDL-1007 : elaborate module mac_core_aead6cd6dadd(P_HOST_EN=1'b0,P_ADD_FILT_LIST=0) in ../../al_ip/TEMAC_CORE/RTL/mac_core_aead6cd6dadd.v(14)
HDL-1007 : elaborate module TEMAC_CORE_aead6cd6dadd(P_HALF_DUPLEX=1'b1) in ../../al_ip/TEMAC_CORE/RTL/TEMAC_CORE_aead6cd6dadd.v(1)
HDL-1007 : elaborate module ** in ../../al_ip/TEMAC_CORE/RTL/TEMAC_CORE_aead6cd6dadd.v(9306)
HDL-1007 : elaborate module ** in ../../al_ip/TEMAC_CORE/RTL/TEMAC_CORE_aead6cd6dadd.v(186)
HDL-1007 : elaborate module ** in ../../al_ip/TEMAC_CORE/RTL/TEMAC_CORE_aead6cd6dadd.v(5470)
HDL-1007 : elaborate module ** in ../../al_ip/TEMAC_CORE/RTL/TEMAC_CORE_aead6cd6dadd.v(6852)
HDL-1007 : elaborate module ** in ../../al_ip/TEMAC_CORE/RTL/TEMAC_CORE_aead6cd6dadd.v(7513)
HDL-1007 : elaborate module ** in ../../al_ip/TEMAC_CORE/RTL/TEMAC_CORE_aead6cd6dadd.v(3818)
HDL-1007 : elaborate module ** in ../../al_ip/TEMAC_CORE/RTL/TEMAC_CORE_aead6cd6dadd.v(3754)
HDL-1007 : elaborate module ** in ../../al_ip/TEMAC_CORE/RTL/TEMAC_CORE_aead6cd6dadd.v(3865)
HDL-1007 : elaborate module ** in ../../al_ip/TEMAC_CORE/RTL/TEMAC_CORE_aead6cd6dadd.v(3808)
HDL-1007 : elaborate module ** in ../../al_ip/TEMAC_CORE/RTL/TEMAC_CORE_aead6cd6dadd.v(3829)
HDL-5007 WARNING: specify block is ignored for synthesis in ../../al_ip/TEMAC_CORE/RTL/TEMAC_CORE_aead6cd6dadd.v(3840)
HDL-1007 : elaborate module ** in ../../al_ip/TEMAC_CORE/RTL/TEMAC_CORE_aead6cd6dadd.v(7839)
HDL-1007 : elaborate module ** in ../../al_ip/TEMAC_CORE/RTL/TEMAC_CORE_aead6cd6dadd.v(1251)
HDL-1007 : elaborate module ** in ../../al_ip/TEMAC_CORE/RTL/TEMAC_CORE_aead6cd6dadd.v(8904)
HDL-1007 : elaborate module ** in ../../al_ip/TEMAC_CORE/RTL/TEMAC_CORE_aead6cd6dadd.v(6199)
HDL-1007 : elaborate module ** in ../../al_ip/TEMAC_CORE/RTL/TEMAC_CORE_aead6cd6dadd.v(4813)
HDL-1007 : elaborate module ** in ../../al_ip/TEMAC_CORE/RTL/TEMAC_CORE_aead6cd6dadd.v(3988)
HDL-1007 : elaborate module ** in ../../al_ip/TEMAC_CORE/RTL/TEMAC_CORE_aead6cd6dadd.v(225)
HDL-1007 : elaborate module ** in ../../al_ip/TEMAC_CORE/RTL/TEMAC_CORE_aead6cd6dadd.v(3844)
HDL-1007 : elaborate module ** in ../../al_ip/TEMAC_CORE/RTL/TEMAC_CORE_aead6cd6dadd.v(4444)
HDL-1007 : elaborate module ** in ../../al_ip/TEMAC_CORE/RTL/TEMAC_CORE_aead6cd6dadd.v(6947)
HDL-1007 : elaborate module ** in ../../al_ip/TEMAC_CORE/RTL/TEMAC_CORE_aead6cd6dadd.v(6270)
HDL-1007 : elaborate module ** in ../../al_ip/TEMAC_CORE/RTL/TEMAC_CORE_aead6cd6dadd.v(8504)
HDL-1007 : elaborate module ** in ../../al_ip/TEMAC_CORE/RTL/TEMAC_CORE_aead6cd6dadd.v(8272)
HDL-1007 : elaborate module ** in ../../al_ip/TEMAC_CORE/RTL/TEMAC_CORE_aead6cd6dadd.v(4209)
HDL-1007 : elaborate module ** in ../../al_ip/TEMAC_CORE/RTL/TEMAC_CORE_aead6cd6dadd.v(4055)
HDL-1007 : elaborate module ** in ../../al_ip/TEMAC_CORE/RTL/TEMAC_CORE_aead6cd6dadd.v(253)
HDL-1007 : elaborate module ** in ../../al_ip/TEMAC_CORE/RTL/TEMAC_CORE_aead6cd6dadd.v(4147)
HDL-5314 WARNING: net '**' does not have a driver in ../../al_ip/TEMAC_CORE/RTL/TEMAC_CORE_aead6cd6dadd.v(353)
HDL-5314 WARNING: net '**' does not have a driver in ../../al_ip/TEMAC_CORE/RTL/TEMAC_CORE_aead6cd6dadd.v(9517)
HDL-5314 WARNING: net '**' does not have a driver in ../../al_ip/TEMAC_CORE/RTL/TEMAC_CORE_aead6cd6dadd.v(9520)
HDL-5314 WARNING: net '**' does not have a driver in ../../al_ip/TEMAC_CORE/RTL/TEMAC_CORE_aead6cd6dadd.v(9525)
HDL-5314 WARNING: net '**' does not have a driver in ../../al_ip/TEMAC_CORE/RTL/TEMAC_CORE_aead6cd6dadd.v(9526)
HDL-5314 WARNING: net '**' does not have a driver in ../../al_ip/TEMAC_CORE/RTL/TEMAC_CORE_aead6cd6dadd.v(9527)
HDL-5314 WARNING: net '**' does not have a driver in ../../al_ip/TEMAC_CORE/RTL/TEMAC_CORE_aead6cd6dadd.v(9528)
HDL-5323 WARNING: input port 'mac_has_sgmii' remains unconnected for this instance in ../../../source_code/rtl/udp/temac_block.v(294)
HDL-1007 : elaborate module udp_clk_gen in ../../../source_code/rtl/udp/temac_clk_gen.v(30)
HDL-1007 : elaborate module tx_client_fifo(DEVICE="EG4") in ../../../source_code/rtl/udp/tx_client_fifo.v(14)
HDL-1007 : elaborate module RAMB16_S9_S9(DEVICE="EG4") in ../../../source_code/rtl/udp/RAMB16_S9_S9.v(4)
HDL-1007 : elaborate module EG_LOGIC_BRAM(DATA_WIDTH_B=9,ADDR_WIDTH_A=11,ADDR_WIDTH_B=11,DATA_DEPTH_A=2048,DATA_DEPTH_B=2048,WRITEMODE_A="WRITETHROUGH",WRITEMODE_B="WRITETHROUGH") in D:\FPGA\TD6_2_1\arch/eagle_macro.v(986)
HDL-5323 WARNING: input port 'dib[8]' remains unconnected for this instance in ../../../source_code/rtl/udp/tx_client_fifo.v(1291)
HDL-5323 WARNING: input port 'dib[8]' remains unconnected for this instance in ../../../source_code/rtl/udp/tx_client_fifo.v(1312)
HDL-1007 : elaborate module rx_client_fifo(DEVICE="EG4") in ../../../source_code/rtl/udp/rx_client_fifo.v(14)
HDL-5323 WARNING: input port 'dib[8]' remains unconnected for this instance in ../../../source_code/rtl/udp/rx_client_fifo.v(871)
HDL-5323 WARNING: input port 'dib[8]' remains unconnected for this instance in ../../../source_code/rtl/udp/rx_client_fifo.v(892)
HDL-5314 WARNING: net 'input_local_udp_port_num' does not have a driver in ../../last_attempt.v(927)
HDL-5314 WARNING: net 'input_local_udp_port_num_valid' does not have a driver in ../../last_attempt.v(928)
HDL-5314 WARNING: net 'input_local_ip_address_valid' does not have a driver in ../../last_attempt.v(931)
HDL-5323 WARNING: input port 'mdio_i' remains unconnected for this instance in ../../last_attempt.v(968)
HDL-5001 WARNING: Contains anonymous inst(s) and/or net(s) that have not been renamed
HDL-5001 WARNING: Contains anonymous inst(s) and/or net(s) that have not been renamed
HDL-5001 WARNING: Contains anonymous inst(s) and/or net(s) that have not been renamed
HDL-5001 WARNING: Contains anonymous inst(s) and/or net(s) that have not been renamed
HDL-5001 WARNING: Contains anonymous inst(s) and/or net(s) that have not been renamed
HDL-5001 WARNING: Contains anonymous inst(s) and/or net(s) that have not been renamed
HDL-5001 WARNING: Contains anonymous inst(s) and/or net(s) that have not been renamed
HDL-1200 : Current top model is last_attempt
HDL-5106 WARNING: Initial value omitted on non-DFF net "cnt_t[4]" in ../../../source_code/rtl/hdmi_rtl/enc_file/TMDSEncoder.enc.vhd(0) 
HDL-5106 WARNING: Initial value omitted on non-DFF net "cnt_t[3]" in ../../../source_code/rtl/hdmi_rtl/enc_file/TMDSEncoder.enc.vhd(0) 
HDL-5106 WARNING: Initial value omitted on non-DFF net "cnt_t[2]" in ../../../source_code/rtl/hdmi_rtl/enc_file/TMDSEncoder.enc.vhd(0) 
HDL-5106 WARNING: Initial value omitted on non-DFF net "cnt_t[1]" in ../../../source_code/rtl/hdmi_rtl/enc_file/TMDSEncoder.enc.vhd(0) 
HDL-5106 WARNING: Initial value omitted on non-DFF net "cnt_t[0]" in ../../../source_code/rtl/hdmi_rtl/enc_file/TMDSEncoder.enc.vhd(0) 
HDL-5106 WARNING: Initial value omitted on non-DFF net "dc_bias[4]" in D:\FPGA\TD6_2_1\packages/std_logic_arith.vhd(1071) 
HDL-5106 WARNING: Initial value omitted on non-DFF net "dc_bias[3]" in D:\FPGA\TD6_2_1\packages/std_logic_arith.vhd(1071) 
HDL-5106 WARNING: Initial value omitted on non-DFF net "dc_bias[2]" in D:\FPGA\TD6_2_1\packages/std_logic_arith.vhd(1071) 
HDL-5106 WARNING: Initial value omitted on non-DFF net "dc_bias[1]" in D:\FPGA\TD6_2_1\packages/std_logic_arith.vhd(1071) 
HDL-5106 WARNING: Initial value omitted on non-DFF net "dc_bias[0]" in D:\FPGA\TD6_2_1\packages/std_logic_arith.vhd(1071) 
HDL-1100 : Inferred 2 RAMs.
RUN-1002 : start command "read_adc ../../../source_code/constraints/UDP.adc"
RUN-1002 : start command "set_pin_assignment  HDMI_CLK_P   LOCATION = K1; IOSTANDARD = LVDS33; PULLTYPE = NONE; "
RUN-1002 : start command "set_pin_assignment  HDMI_D0_P   LOCATION = F5; IOSTANDARD = LVDS33; PULLTYPE = NONE; "
RUN-1002 : start command "set_pin_assignment  HDMI_D1_P   LOCATION = E3; IOSTANDARD = LVDS33; PULLTYPE = NONE; "
RUN-1002 : start command "set_pin_assignment  HDMI_D2_P   LOCATION = B3; IOSTANDARD = LVDS33; PULLTYPE = NONE; "
RUN-1002 : start command "set_pin_assignment  buzzer   LOCATION = H11; IOSTANDARD = LVCMOS33; DRIVESTRENGTH = 8; PULLTYPE = NONE; "
RUN-1002 : start command "set_pin_assignment  cam_data[0]   LOCATION = P16; IOSTANDARD = LVCMOS33; PULLTYPE = NONE; "
RUN-1002 : start command "set_pin_assignment  cam_data[1]   LOCATION = N14; IOSTANDARD = LVCMOS33; PULLTYPE = NONE; "
RUN-1002 : start command "set_pin_assignment  cam_data[2]   LOCATION = N16; IOSTANDARD = LVCMOS33; PULLTYPE = NONE; "
RUN-1002 : start command "set_pin_assignment  cam_data[3]   LOCATION = L16; IOSTANDARD = LVCMOS33; PULLTYPE = NONE; "
RUN-1002 : start command "set_pin_assignment  cam_data[4]   LOCATION = M15; IOSTANDARD = LVCMOS33; PULLTYPE = NONE; "
RUN-1002 : start command "set_pin_assignment  cam_data[5]   LOCATION = M16; IOSTANDARD = LVCMOS33; PULLTYPE = NONE; "
RUN-1002 : start command "set_pin_assignment  cam_data[6]   LOCATION = K16; IOSTANDARD = LVCMOS33; PULLTYPE = NONE; "
RUN-1002 : start command "set_pin_assignment  cam_data[7]   LOCATION = H16; IOSTANDARD = LVCMOS33; PULLTYPE = NONE; "
RUN-1002 : start command "set_pin_assignment  cam_href   LOCATION = R15; IOSTANDARD = LVCMOS33; PULLTYPE = NONE; "
RUN-1002 : start command "set_pin_assignment  cam_pclk   LOCATION = H15; IOSTANDARD = LVCMOS33; PULLTYPE = NONE; "
RUN-1002 : start command "set_pin_assignment  cam_pwdn   LOCATION = K15; IOSTANDARD = LVCMOS33; DRIVESTRENGTH = 8; PULLTYPE = NONE; "
RUN-1002 : start command "set_pin_assignment  cam_rst_n   LOCATION = P15; IOSTANDARD = LVCMOS33; DRIVESTRENGTH = 8; PULLTYPE = NONE; "
RUN-1002 : start command "set_pin_assignment  cam_scl   LOCATION = T15; IOSTANDARD = LVCMOS33; DRIVESTRENGTH = 8; PULLTYPE = NONE; "
RUN-1002 : start command "set_pin_assignment  cam_sda   LOCATION = R16; IOSTANDARD = LVCMOS33; DRIVESTRENGTH = 8; PULLTYPE = NONE; "
RUN-1002 : start command "set_pin_assignment  cam_vsync   LOCATION = R14; IOSTANDARD = LVCMOS33; PULLTYPE = NONE; "
RUN-1002 : start command "set_pin_assignment  clk_50   LOCATION = R7; IOSTANDARD = LVCMOS33; PULLTYPE = NONE; "
RUN-1002 : start command "set_pin_assignment  dled[0]   LOCATION = C15; IOSTANDARD = LVCMOS33; DRIVESTRENGTH = 8; PULLTYPE = NONE; "
RUN-1002 : start command "set_pin_assignment  dled[10]   LOCATION = E12; IOSTANDARD = LVCMOS33; DRIVESTRENGTH = 8; PULLTYPE = NONE; "
RUN-1002 : start command "set_pin_assignment  dled[11]   LOCATION = E10; IOSTANDARD = LVCMOS33; DRIVESTRENGTH = 8; PULLTYPE = NONE; "
RUN-1002 : start command "set_pin_assignment  dled[12]   LOCATION = C13; IOSTANDARD = LVCMOS33; DRIVESTRENGTH = 8; PULLTYPE = NONE; "
RUN-1002 : start command "set_pin_assignment  dled[13]   LOCATION = F10; IOSTANDARD = LVCMOS33; DRIVESTRENGTH = 8; PULLTYPE = NONE; "
RUN-1002 : start command "set_pin_assignment  dled[14]   LOCATION = E11; IOSTANDARD = LVCMOS33; DRIVESTRENGTH = 8; PULLTYPE = NONE; "
RUN-1002 : start command "set_pin_assignment  dled[15]   LOCATION = D11; IOSTANDARD = LVCMOS33; DRIVESTRENGTH = 8; PULLTYPE = NONE; "
RUN-1002 : start command "set_pin_assignment  dled[1]   LOCATION = C16; IOSTANDARD = LVCMOS33; DRIVESTRENGTH = 8; PULLTYPE = NONE; "
RUN-1002 : start command "set_pin_assignment  dled[2]   LOCATION = B6; IOSTANDARD = LVCMOS33; DRIVESTRENGTH = 8; PULLTYPE = NONE; "
RUN-1002 : start command "set_pin_assignment  dled[3]   LOCATION = A5; IOSTANDARD = LVCMOS33; DRIVESTRENGTH = 8; PULLTYPE = NONE; "
RUN-1002 : start command "set_pin_assignment  dled[4]   LOCATION = B5; IOSTANDARD = LVCMOS33; DRIVESTRENGTH = 8; PULLTYPE = NONE; "
RUN-1002 : start command "set_pin_assignment  dled[5]   LOCATION = A8; IOSTANDARD = LVCMOS33; DRIVESTRENGTH = 8; PULLTYPE = NONE; "
RUN-1002 : start command "set_pin_assignment  dled[6]   LOCATION = A7; IOSTANDARD = LVCMOS33; DRIVESTRENGTH = 8; PULLTYPE = NONE; "
RUN-1002 : start command "set_pin_assignment  dled[7]   LOCATION = A6; IOSTANDARD = LVCMOS33; DRIVESTRENGTH = 8; PULLTYPE = NONE; "
RUN-1002 : start command "set_pin_assignment  dled[8]   LOCATION = F16; IOSTANDARD = LVCMOS33; DRIVESTRENGTH = 8; PULLTYPE = NONE; "
RUN-1002 : start command "set_pin_assignment  dled[9]   LOCATION = E16; IOSTANDARD = LVCMOS33; DRIVESTRENGTH = 8; PULLTYPE = NONE; "
RUN-1002 : start command "set_pin_assignment  key_bg_capture   LOCATION = B2; IOSTANDARD = LVCMOS33; PULLTYPE = NONE; "
RUN-1002 : start command "set_pin_assignment  led_data[0]   LOCATION = B12; IOSTANDARD = LVCMOS33; DRIVESTRENGTH = 8; PULLTYPE = NONE; "
RUN-1002 : start command "set_pin_assignment  led_data[1]   LOCATION = C10; IOSTANDARD = LVCMOS33; DRIVESTRENGTH = 8; PULLTYPE = NONE; "
RUN-1002 : start command "set_pin_assignment  led_data[2]   LOCATION = A3; IOSTANDARD = LVCMOS33; DRIVESTRENGTH = 8; PULLTYPE = NONE; "
RUN-1002 : start command "set_pin_assignment  led_data[3]   LOCATION = A4; IOSTANDARD = LVCMOS33; DRIVESTRENGTH = 8; PULLTYPE = NONE; "
RUN-1002 : start command "set_pin_assignment  m_rst_key   LOCATION = C1; IOSTANDARD = LVCMOS33; PULLTYPE = NONE; "
RUN-1002 : start command "set_pin_assignment  phy1_rgmii_rx_clk   LOCATION = T14; IOSTANDARD = LVCMOS33; PULLTYPE = NONE; INDEL = 1; "
RUN-1002 : start command "set_pin_assignment  phy1_rgmii_rx_ctl   LOCATION = T13; IOSTANDARD = LVCMOS33; PULLTYPE = NONE; "
RUN-1002 : start command "set_pin_assignment  phy1_rgmii_rx_data[0]   LOCATION = P6; IOSTANDARD = LVCMOS33; PULLTYPE = NONE; "
RUN-1002 : start command "set_pin_assignment  phy1_rgmii_rx_data[1]   LOCATION = M6; IOSTANDARD = LVCMOS33; PULLTYPE = NONE; "
RUN-1002 : start command "set_pin_assignment  phy1_rgmii_rx_data[2]   LOCATION = T9; IOSTANDARD = LVCMOS33; PULLTYPE = NONE; "
RUN-1002 : start command "set_pin_assignment  phy1_rgmii_rx_data[3]   LOCATION = N9; IOSTANDARD = LVCMOS33; PULLTYPE = NONE; "
RUN-1002 : start command "set_pin_assignment  phy1_rgmii_tx_clk   LOCATION = T12; IOSTANDARD = LVCMOS33; DRIVESTRENGTH = 16; PULLTYPE = NONE; SLEWRATE = FAST; "
RUN-1002 : start command "set_pin_assignment  phy1_rgmii_tx_ctl   LOCATION = T7; IOSTANDARD = LVCMOS33; DRIVESTRENGTH = 16; PULLTYPE = NONE; SLEWRATE = FAST; "
RUN-1002 : start command "set_pin_assignment  phy1_rgmii_tx_data[0]   LOCATION = T4; IOSTANDARD = LVCMOS33; DRIVESTRENGTH = 16; PULLTYPE = NONE; SLEWRATE = FAST; "
RUN-1002 : start command "set_pin_assignment  phy1_rgmii_tx_data[1]   LOCATION = T6; IOSTANDARD = LVCMOS33; DRIVESTRENGTH = 16; PULLTYPE = NONE; SLEWRATE = FAST; "
RUN-1002 : start command "set_pin_assignment  phy1_rgmii_tx_data[2]   LOCATION = M7; IOSTANDARD = LVCMOS33; DRIVESTRENGTH = 16; PULLTYPE = NONE; SLEWRATE = FAST; "
RUN-1002 : start command "set_pin_assignment  phy1_rgmii_tx_data[3]   LOCATION = T8; IOSTANDARD = LVCMOS33; DRIVESTRENGTH = 16; PULLTYPE = NONE; SLEWRATE = FAST; "
RUN-1002 : start command "set_pin_assignment  sd_bmp_find   LOCATION = B1; IOSTANDARD = LVCMOS33; PULLTYPE = NONE; "
RUN-1002 : start command "set_pin_assignment  sd_clk   LOCATION = A14; IOSTANDARD = LVCMOS33; DRIVESTRENGTH = 8; PULLTYPE = NONE; "
RUN-1002 : start command "set_pin_assignment  sd_cs   LOCATION = A12; IOSTANDARD = LVCMOS33; DRIVESTRENGTH = 8; PULLTYPE = NONE; "
RUN-1002 : start command "set_pin_assignment  sd_miso   LOCATION = B14; IOSTANDARD = LVCMOS33; PULLTYPE = NONE; "
RUN-1002 : start command "set_pin_assignment  sd_mosi   LOCATION = A13; IOSTANDARD = LVCMOS33; DRIVESTRENGTH = 8; PULLTYPE = NONE; "
RUN-1002 : start command "set_pin_assignment  state_key[0]   LOCATION = C8; IOSTANDARD = LVCMOS33; PULLTYPE = NONE; "
RUN-1002 : start command "set_pin_assignment  state_key[1]   LOCATION = C7; IOSTANDARD = LVCMOS33; PULLTYPE = NONE; "
RUN-1002 : start command "set_pin_assignment  state_key[2]   LOCATION = C6; IOSTANDARD = LVCMOS33; PULLTYPE = NONE; "
RUN-1002 : start command "set_pin_assignment  state_key[3]   LOCATION = C5; IOSTANDARD = LVCMOS33; PULLTYPE = NONE; "
RUN-1001 : Starting of IO setups legality check.
RUN-1001 : Starting of IO vref setups legality check.
RUN-1002 : start command "read_sdc ../../../source_code/constraints/UDP.sdc"
RUN-1002 : start command "export_db last_attempt_elaborate.db"
RUN-1001 : Exported flow parameters
RUN-1001 : Exported /
RUN-1001 : Exported libs
RUN-1001 : Exported entities
RUN-1001 : Exported ports
RUN-1001 : Exported pins
RUN-1001 : Exported instances
RUN-1001 : Exported nets
RUN-1001 : Exported buses
RUN-1001 : Exported models
RUN-1001 : Exported packer
RUN-1001 : Exported congestions
RUN-1001 : Exported violations
RUN-1001 : Exported ATMR Setting
RUN-1001 : Exported timing constraints
RUN-1001 : Exported IO constraints
RUN-1001 : Exported Inst constraints
RUN-1001 : Exported ChipWatcher
RUN-1002 : start command "commit_param -step rtl"
RUN-1001 : Print Global Property
RUN-1001 : --------------------------------------------------------
RUN-1001 :   Parameters   |  Settings  |  Default Values  |  Note  
RUN-1001 : --------------------------------------------------------
RUN-1001 :   enable_seed  |    off     |       off        |        
RUN-1001 :     message    |  standard  |     standard     |        
RUN-1001 :   qor_monitor  |     on     |        on        |        
RUN-1001 :   syn_ip_flow  |    off     |       off        |        
RUN-1001 :     thread     |    auto    |       auto       |        
RUN-1001 : --------------------------------------------------------
RUN-1001 : Print Rtl Property
RUN-1001 : -------------------------------------------------------------------
RUN-1001 :         Parameters        |  Settings  |  Default Values  |  Note  
RUN-1001 : -------------------------------------------------------------------
RUN-1001 :        fix_undriven       |     0      |        0         |        
RUN-1001 :   gated_clock_conversion  |    off     |       off        |        
RUN-1001 :         infer_fsm         |    auto    |       auto       |        
RUN-1001 :         infer_gsr         |    off     |       off        |        
RUN-1001 :         infer_rom         |     on     |        on        |        
RUN-1001 :       keep_hierarchy      |    auto    |       auto       |        
RUN-1001 :        merge_equal        |     on     |        on        |        
RUN-1001 :      min_control_set      |     8      |        8         |        
RUN-1001 :       min_ripple_len      |    auto    |       auto       |        
RUN-1001 :          seq_syn          |     on     |        on        |        
RUN-1001 : -------------------------------------------------------------------
RUN-1002 : start command "insert_debugger ../../chip_debugger"
RUN-1002 : start command "optimize_rtl"
RUN-1001 : Open license file D:/FPGA/TD6_2_1/license/Anlogic.lic
SYN-1001 : Stage 1 | Optimize RTL
SYN-1001 : Stage 1.1 | Check Design Sanity
SYN-5065 WARNING: Register "ifg_reg" in ../../../source_code/rtl/udp/udp_data_tpg.v(27) is described with both an asynchronous reset and an asynchronous set. It may have an uncertainty of the timing. Please conside rewriting code.
SYN-1001 : End Stage 1.1 | Check Design Sanity; Time: 0.008136s wall, 0.015625s user + 0.000000s system = 0.015625s CPU (192.1%); Memory(MB): used = 307, reserved = 413, peak = 307;

SYN-1079 : finish stage Check Design Sanity. Total instances: 35940, Total nets: 83942.

SYN-1001 : Stage 1.2 | Initialize Design
SYN-1001 : End Stage 1.2 | Initialize Design; Time: 1.262636s wall, 1.218750s user + 0.000000s system = 1.218750s CPU (96.5%); Memory(MB): used = 307, reserved = 413, peak = 307;

SYN-1079 : finish stage Initialize Design. Total instances: 9588, Total nets: 49949.

SYN-1001 : Stage 1.3 | Flatten Module
SYN-1011 : Flatten model last_attempt
SYN-1050 : Instances selected by 'keep_hierarchy':
RUN-1001 : --------------------------------------------------------------------------------------------------
RUN-1001 :           instance           |  keep_hierarchy  |    down_module    |         file(line)          
RUN-1001 : --------------------------------------------------------------------------------------------------
RUN-1001 :  frame_read_write_m0/rea...  |       true       |  rfifo_32_32_512  | ../../../source_code/rt...  
RUN-1001 :  frame_read_write_m0/wri...  |       true       |  wfifo_32_32_512  | ../../../source_code/rt...  
RUN-1001 : --------------------------------------------------------------------------------------------------
SYN-1001 : End Stage 1.3 | Flatten Module; Time: 0.216186s wall, 0.218750s user + 0.000000s system = 0.218750s CPU (101.2%); Memory(MB): used = 307, reserved = 413, peak = 307;

SYN-1079 : finish stage Flatten Module. Total instances: 10363, Total nets: 41285.

SYN-1001 : Stage 1.4 | Uniform Instance
SYN-5013 WARNING: Undriven net: model "last_attempt" / net "U3/u2_ram/u2_wrrd/Sdr_init_ref_ba[1]" in ../../../source_code/rtl/sdram/enc_file/sdr_wrrd.enc.v(0)
		the net's pin: pin "i1[1]" in ../../../source_code/rtl/sdram/enc_file/sdr_wrrd.enc.v(0)
SYN-5013 WARNING: Undriven net: model "last_attempt" / net "U3/u2_ram/u2_wrrd/Sdr_init_ref_ba[0]" in ../../../source_code/rtl/sdram/enc_file/sdr_wrrd.enc.v(0)
		the net's pin: pin "i1[0]" in ../../../source_code/rtl/sdram/enc_file/sdr_wrrd.enc.v(0)
SYN-5013 WARNING: Undriven net: model "last_attempt" / net "sd_card_bmp_m0/sd_card_top_m0/sd_card_cmd_m0/block_write_data[7]" in ../../../source_code/rtl/sd_card/sd_card_cmd.v(17)
		the net's pin: pin "i0[7]" in ../../../source_code/rtl/sd_card/sd_card_cmd.v(258)
SYN-5013 WARNING: Undriven net: model "last_attempt" / net "sd_card_bmp_m0/sd_card_top_m0/sd_card_cmd_m0/block_write_data[6]" in ../../../source_code/rtl/sd_card/sd_card_cmd.v(17)
		the net's pin: pin "i0[6]" in ../../../source_code/rtl/sd_card/sd_card_cmd.v(258)
SYN-5013 WARNING: Undriven net: model "last_attempt" / net "sd_card_bmp_m0/sd_card_top_m0/sd_card_cmd_m0/block_write_data[5]" in ../../../source_code/rtl/sd_card/sd_card_cmd.v(17)
		the net's pin: pin "i0[5]" in ../../../source_code/rtl/sd_card/sd_card_cmd.v(258)
SYN-5013 WARNING: Undriven net: model "last_attempt" / net "sd_card_bmp_m0/sd_card_top_m0/sd_card_cmd_m0/block_write_data[4]" in ../../../source_code/rtl/sd_card/sd_card_cmd.v(17)
		the net's pin: pin "i0[4]" in ../../../source_code/rtl/sd_card/sd_card_cmd.v(258)
SYN-5013 WARNING: Undriven net: model "last_attempt" / net "sd_card_bmp_m0/sd_card_top_m0/sd_card_cmd_m0/block_write_data[3]" in ../../../source_code/rtl/sd_card/sd_card_cmd.v(17)
		the net's pin: pin "i0[3]" in ../../../source_code/rtl/sd_card/sd_card_cmd.v(258)
SYN-5013 WARNING: Undriven net: model "last_attempt" / net "sd_card_bmp_m0/sd_card_top_m0/sd_card_cmd_m0/block_write_data[2]" in ../../../source_code/rtl/sd_card/sd_card_cmd.v(17)
		the net's pin: pin "i0[2]" in ../../../source_code/rtl/sd_card/sd_card_cmd.v(258)
SYN-5013 WARNING: Undriven net: model "last_attempt" / net "sd_card_bmp_m0/sd_card_top_m0/sd_card_cmd_m0/block_write_data[1]" in ../../../source_code/rtl/sd_card/sd_card_cmd.v(17)
		the net's pin: pin "i0[1]" in ../../../source_code/rtl/sd_card/sd_card_cmd.v(258)
SYN-5013 WARNING: Undriven net: model "last_attempt" / net "sd_card_bmp_m0/sd_card_top_m0/sd_card_cmd_m0/block_write_data[0]" in ../../../source_code/rtl/sd_card/sd_card_cmd.v(17)
		the net's pin: pin "i0[0]" in ../../../source_code/rtl/sd_card/sd_card_cmd.v(258)
SYN-5013 Similar messages will be suppressed.
SYN-5025 WARNING: Using 0 for all undriven pins and nets
SYN-1001 : End Stage 1.4 | Uniform Instance; Time: 0.037894s wall, 0.046875s user + 0.000000s system = 0.046875s CPU (123.7%); Memory(MB): used = 287, reserved = 393, peak = 307;

SYN-1079 : finish stage Uniform Instance. Total instances: 10158, Total nets: 41031.

SYN-1001 : Stage 1.5 | Optimize Design
SYN-1066 : Inferred FSM for state register 'U3/u2_ram/u2_wrrd/state_reg' in module 'last_attempt'
--------------------------------------------
     Previous Encoding     New Encoding
--------------------------------------------
                  0000              001
                  0001              010
                  0010              100
--------------------------------------------
SYN-1067 : encoded FSM with state register 'U3/u2_ram/u2_wrrd/state_reg' using encoding 'one_hot' in model 'last_attempt'
SYN-1066 : Inferred FSM for state register 'frame_read_write_m0/frame_fifo_read_m0/state_reg' in module 'last_attempt'
--------------------------------------------
     Previous Encoding     New Encoding
--------------------------------------------
                  0000           000001
                  0001           000010
                  0010           000100
                  0011           001000
                  0100           010000
                  0101           100000
--------------------------------------------
SYN-1067 : encoded FSM with state register 'frame_read_write_m0/frame_fifo_read_m0/state_reg' using encoding 'one_hot' in model 'last_attempt'
SYN-1066 : Inferred FSM for state register 'frame_read_write_m0/frame_fifo_write_m0/state_reg' in module 'last_attempt'
--------------------------------------------
     Previous Encoding     New Encoding
--------------------------------------------
                  0000           000001
                  0001           000010
                  0010           000100
                  0011           001000
                  0100           010000
                  0101           100000
--------------------------------------------
SYN-1067 : encoded FSM with state register 'frame_read_write_m0/frame_fifo_write_m0/state_reg' using encoding 'one_hot' in model 'last_attempt'
SYN-1066 : Inferred FSM for state register 'sd_card_bmp_m0/bmp_read_m0/state_reg' in module 'last_attempt'
--------------------------------------------
     Previous Encoding     New Encoding
--------------------------------------------
                  0000            00001
                  0001            00010
                  0010            00100
                  0011            01000
                  0100            10000
--------------------------------------------
SYN-1067 : encoded FSM with state register 'sd_card_bmp_m0/bmp_read_m0/state_reg' using encoding 'one_hot' in model 'last_attempt'
SYN-1066 : Inferred FSM for state register 'sd_card_bmp_m0/sd_card_top_m0/sd_card_cmd_m0/state_reg' in module 'last_attempt'
--------------------------------------------------
     Previous Encoding           New Encoding
--------------------------------------------------
                 00000     000000000000000001
                 00010     000000000000000010
                 00001     000000000000000100
                 01001     000000000000001000
                 01010     000000000000010000
                 01011     000000000000100000
                 01100     000000000001000000
                 01101     000000000010000000
                 01110     000000000100000000
                 01111     000000001000000000
                 00110     000000010000000000
                 00011     000000100000000000
                 00111     000001000000000000
                 00100     000010000000000000
                 01000     000100000000000000
                 10001     001000000000000000
                 00101     010000000000000000
                 10000     100000000000000000
--------------------------------------------------
SYN-1067 : encoded FSM with state register 'sd_card_bmp_m0/sd_card_top_m0/sd_card_cmd_m0/state_reg' using encoding 'one_hot' in model 'last_attempt'
SYN-1066 : Inferred FSM for state register 'sd_card_bmp_m0/sd_card_top_m0/sd_card_sec_read_write_m0/state_reg' in module 'last_attempt'
--------------------------------------------
     Previous Encoding     New Encoding
--------------------------------------------
                 00000       0000000001
                 00001       0000000010
                 00010       0000000100
                 00011       0000001000
                 00100       0000010000
                 10010       0000100000
                 10001       0001000000
                 00101       0010000000
                 00110       0100000000
                 10000       1000000000
--------------------------------------------
SYN-1067 : encoded FSM with state register 'sd_card_bmp_m0/sd_card_top_m0/sd_card_sec_read_write_m0/state_reg' using encoding 'one_hot' in model 'last_attempt'
SYN-1066 : Inferred FSM for state register 'sd_card_bmp_m0/sd_card_top_m0/spi_master_m0/state_reg' in module 'last_attempt'
--------------------------------------------
     Previous Encoding     New Encoding
--------------------------------------------
                   000           000001
                   010           000010
                   001           000100
                   100           001000
                   011           010000
                   101           100000
--------------------------------------------
SYN-1067 : encoded FSM with state register 'sd_card_bmp_m0/sd_card_top_m0/spi_master_m0/state_reg' using encoding 'one_hot' in model 'last_attempt'
SYN-1066 : Inferred FSM for state register 'u3_udp_ip_protocol_stack/arp_layer/arp_receive_module/STATE_reg' in module 'last_attempt'
--------------------------------------------
     Previous Encoding     New Encoding
--------------------------------------------
                    00               01
                    01               10
--------------------------------------------
SYN-1067 : encoded FSM with state register 'u3_udp_ip_protocol_stack/arp_layer/arp_receive_module/STATE_reg' using encoding 'one_hot' in model 'last_attempt'
SYN-1066 : Inferred FSM for state register 'u3_udp_ip_protocol_stack/arp_layer/arp_receive_module/arp_rx_cnt_reg' in module 'last_attempt'
------------------------------------------------------------
     Previous Encoding                     New Encoding
------------------------------------------------------------
                 00000     0000000000000000000000000001
                 00001     0000000000000000000000000010
                 00010     0000000000000000000000000100
                 00011     0000000000000000000000001000
                 00100     0000000000000000000000010000
                 00101     0000000000000000000000100000
                 00110     0000000000000000000001000000
                 00111     0000000000000000000010000000
                 01000     0000000000000000000100000000
                 01001     0000000000000000001000000000
                 01010     0000000000000000010000000000
                 01011     0000000000000000100000000000
                 01100     0000000000000001000000000000
                 01101     0000000000000010000000000000
                 01110     0000000000000100000000000000
                 01111     0000000000001000000000000000
                 10000     0000000000010000000000000000
                 10001     0000000000100000000000000000
                 10010     0000000001000000000000000000
                 10011     0000000010000000000000000000
                 10100     0000000100000000000000000000
                 10101     0000001000000000000000000000
                 10110     0000010000000000000000000000
                 10111     0000100000000000000000000000
                 11000     0001000000000000000000000000
                 11001     0010000000000000000000000000
                 11010     0100000000000000000000000000
                 11011     1000000000000000000000000000
------------------------------------------------------------
SYN-1067 : encoded FSM with state register 'u3_udp_ip_protocol_stack/arp_layer/arp_receive_module/arp_rx_cnt_reg' using encoding 'one_hot' in model 'last_attempt'
SYN-1066 : Inferred FSM for state register 'u3_udp_ip_protocol_stack/ip_layer/ip_receive_module/STATE_reg' in module 'last_attempt'
--------------------------------------------
     Previous Encoding     New Encoding
--------------------------------------------
                    00             0001
                    01             0010
                    10             0100
                    11             1000
--------------------------------------------
SYN-1067 : encoded FSM with state register 'u3_udp_ip_protocol_stack/ip_layer/ip_receive_module/STATE_reg' using encoding 'one_hot' in model 'last_attempt'
SYN-1066 : Inferred FSM for state register 'u3_udp_ip_protocol_stack/ip_layer/ip_receive_module/cnt_reg' in module 'last_attempt'
---------------------------------------------------
     Previous Encoding            New Encoding
---------------------------------------------------
                 00000     0000000000000000001
                 00001     0000000000000000010
                 00010     0000000000000000100
                 00011     0000000000000001000
                 00100     0000000000000010000
                 00101     0000000000000100000
                 00110     0000000000001000000
                 00111     0000000000010000000
                 01000     0000000000100000000
                 01001     0000000001000000000
                 01010     0000000010000000000
                 01011     0000000100000000000
                 01100     0000001000000000000
                 01101     0000010000000000000
                 01110     0000100000000000000
                 01111     0001000000000000000
                 10000     0010000000000000000
                 10001     0100000000000000000
                 10010     1000000000000000000
---------------------------------------------------
SYN-1067 : encoded FSM with state register 'u3_udp_ip_protocol_stack/ip_layer/ip_receive_module/cnt_reg' using encoding 'one_hot' in model 'last_attempt'
SYN-1066 : Inferred FSM for state register 'u3_udp_ip_protocol_stack/ip_layer/ip_receive_module/icmp_packet_process_module/checksum_state_reg' in module 'last_attempt'
--------------------------------------------
     Previous Encoding     New Encoding
--------------------------------------------
                    00             0001
                    01             0010
                    10             0100
                    11             1000
--------------------------------------------
SYN-1067 : encoded FSM with state register 'u3_udp_ip_protocol_stack/ip_layer/ip_receive_module/icmp_packet_process_module/checksum_state_reg' using encoding 'one_hot' in model 'last_attempt'
SYN-1066 : Inferred FSM for state register 'u3_udp_ip_protocol_stack/ip_layer/ip_receive_module/icmp_packet_process_module/cnt_reg' in module 'last_attempt'
--------------------------------------------
     Previous Encoding     New Encoding
--------------------------------------------
                  0000        000000001
                  0001        000000010
                  0010        000000100
                  0011        000001000
                  0100        000010000
                  0101        000100000
                  0110        001000000
                  0111        010000000
                  1000        100000000
--------------------------------------------
SYN-1067 : encoded FSM with state register 'u3_udp_ip_protocol_stack/ip_layer/ip_receive_module/icmp_packet_process_module/cnt_reg' using encoding 'one_hot' in model 'last_attempt'
SYN-1066 : Inferred FSM for state register 'u3_udp_ip_protocol_stack/ip_layer/ip_receive_module/ip_header_checksum_check_module/state_reg' in module 'last_attempt'
--------------------------------------------
     Previous Encoding     New Encoding
--------------------------------------------
                    00             0001
                    01             0010
                    10             0100
                    11             1000
--------------------------------------------
SYN-1067 : encoded FSM with state register 'u3_udp_ip_protocol_stack/ip_layer/ip_receive_module/ip_header_checksum_check_module/state_reg' using encoding 'one_hot' in model 'last_attempt'
SYN-1066 : Inferred FSM for state register 'u3_udp_ip_protocol_stack/ip_layer/ip_send_module/STATE_reg' in module 'last_attempt'
--------------------------------------------
     Previous Encoding     New Encoding
--------------------------------------------
                   000            00001
                   001            00010
                   010            00100
                   100            01000
                   011            10000
--------------------------------------------
SYN-1067 : encoded FSM with state register 'u3_udp_ip_protocol_stack/ip_layer/ip_send_module/STATE_reg' using encoding 'one_hot' in model 'last_attempt'
SYN-1066 : Inferred FSM for state register 'u3_udp_ip_protocol_stack/ip_layer/ip_send_module/cnt_reg' in module 'last_attempt'
----------------------------------------------------
     Previous Encoding             New Encoding
----------------------------------------------------
                 00000     00000000000000000001
                 00001     00000000000000000010
                 00010     00000000000000000100
                 00011     00000000000000001000
                 00100     00000000000000010000
                 00101     00000000000000100000
                 00110     00000000000001000000
                 00111     00000000000010000000
                 01000     00000000000100000000
                 01001     00000000001000000000
                 01010     00000000010000000000
                 01011     00000000100000000000
                 01100     00000001000000000000
                 01101     00000010000000000000
                 01110     00000100000000000000
                 01111     00001000000000000000
                 10000     00010000000000000000
                 10001     00100000000000000000
                 10010     01000000000000000000
                 10011     10000000000000000000
----------------------------------------------------
SYN-1067 : encoded FSM with state register 'u3_udp_ip_protocol_stack/ip_layer/ip_send_module/cnt_reg' using encoding 'one_hot' in model 'last_attempt'
SYN-1066 : Inferred FSM for state register 'u3_udp_ip_protocol_stack/ip_layer/ip_send_module/icmp_packet_send_module/STATE_reg' in module 'last_attempt'
--------------------------------------------
     Previous Encoding     New Encoding
--------------------------------------------
                    00              001
                    01              010
                    10              100
--------------------------------------------
SYN-1067 : encoded FSM with state register 'u3_udp_ip_protocol_stack/ip_layer/ip_send_module/icmp_packet_send_module/STATE_reg' using encoding 'one_hot' in model 'last_attempt'
SYN-1066 : Inferred FSM for state register 'u3_udp_ip_protocol_stack/ip_layer/ip_send_module/icmp_packet_send_module/cnt1_reg' in module 'last_attempt'
--------------------------------------------
     Previous Encoding     New Encoding
--------------------------------------------
                  0000        000000001
                  0001        000000010
                  0010        000000100
                  0011        000001000
                  0100        000010000
                  0101        000100000
                  0110        001000000
                  0111        010000000
                  1000        100000000
--------------------------------------------
SYN-1067 : encoded FSM with state register 'u3_udp_ip_protocol_stack/ip_layer/ip_send_module/icmp_packet_send_module/cnt1_reg' using encoding 'one_hot' in model 'last_attempt'
SYN-1066 : Inferred FSM for state register 'u3_udp_ip_protocol_stack/send_buffer/STATE_reg' in module 'last_attempt'
--------------------------------------------
     Previous Encoding     New Encoding
--------------------------------------------
                   000          0000001
                   011          0000010
                   100          0000100
                   010          0001000
                   001          0010000
                   101          0100000
                   110          1000000
--------------------------------------------
SYN-1067 : encoded FSM with state register 'u3_udp_ip_protocol_stack/send_buffer/STATE_reg' using encoding 'one_hot' in model 'last_attempt'
SYN-1066 : Inferred FSM for state register 'u3_udp_ip_protocol_stack/temac_data_process/RX_STATE_reg' in module 'last_attempt'
--------------------------------------------
     Previous Encoding     New Encoding
--------------------------------------------
                    00              001
                    01              010
                    10              100
--------------------------------------------
SYN-1067 : encoded FSM with state register 'u3_udp_ip_protocol_stack/temac_data_process/RX_STATE_reg' using encoding 'one_hot' in model 'last_attempt'
SYN-1066 : Inferred FSM for state register 'u3_udp_ip_protocol_stack/temac_data_process/TX_STATE_reg' in module 'last_attempt'
--------------------------------------------
     Previous Encoding     New Encoding
--------------------------------------------
                    00              001
                    01              010
                    10              100
--------------------------------------------
SYN-1067 : encoded FSM with state register 'u3_udp_ip_protocol_stack/temac_data_process/TX_STATE_reg' using encoding 'one_hot' in model 'last_attempt'
SYN-1066 : Inferred FSM for state register 'u3_udp_ip_protocol_stack/temac_data_process/temac_rx_cnt_reg' in module 'last_attempt'
----------------------------------------------
     Previous Encoding       New Encoding
----------------------------------------------
                  0000     00000000000001
                  0001     00000000000010
                  0010     00000000000100
                  0011     00000000001000
                  0100     00000000010000
                  0101     00000000100000
                  0110     00000001000000
                  0111     00000010000000
                  1000     00000100000000
                  1001     00001000000000
                  1010     00010000000000
                  1011     00100000000000
                  1100     01000000000000
                  1101     10000000000000
----------------------------------------------
SYN-1067 : encoded FSM with state register 'u3_udp_ip_protocol_stack/temac_data_process/temac_rx_cnt_reg' using encoding 'one_hot' in model 'last_attempt'
SYN-1066 : Inferred FSM for state register 'u3_udp_ip_protocol_stack/temac_data_process/temac_tx_cnt_reg' in module 'last_attempt'
-----------------------------------------------
     Previous Encoding        New Encoding
-----------------------------------------------
                  0000     000000000000001
                  0001     000000000000010
                  0010     000000000000100
                  0011     000000000001000
                  0100     000000000010000
                  0101     000000000100000
                  0110     000000001000000
                  0111     000000010000000
                  1000     000000100000000
                  1001     000001000000000
                  1010     000010000000000
                  1011     000100000000000
                  1100     001000000000000
                  1101     010000000000000
                  1110     100000000000000
-----------------------------------------------
SYN-1067 : encoded FSM with state register 'u3_udp_ip_protocol_stack/temac_data_process/temac_tx_cnt_reg' using encoding 'one_hot' in model 'last_attempt'
SYN-1066 : Inferred FSM for state register 'u3_udp_ip_protocol_stack/udp_layer/udp_receive_module/cnt_reg' in module 'last_attempt'
--------------------------------------------
     Previous Encoding     New Encoding
--------------------------------------------
                  0000      00000000001
                  0001      00000000010
                  0010      00000000100
                  0011      00000001000
                  0100      00000010000
                  0101      00000100000
                  0110      00001000000
                  0111      00010000000
                  1000      00100000000
                  1001      01000000000
                  1010      10000000000
--------------------------------------------
SYN-1067 : encoded FSM with state register 'u3_udp_ip_protocol_stack/udp_layer/udp_receive_module/cnt_reg' using encoding 'one_hot' in model 'last_attempt'
SYN-1066 : Inferred FSM for state register 'u3_udp_ip_protocol_stack/udp_layer/udp_send_module/STATE_reg' in module 'last_attempt'
--------------------------------------------
     Previous Encoding     New Encoding
--------------------------------------------
                    00             0001
                    01             0010
                    10             0100
                    11             1000
--------------------------------------------
SYN-1067 : encoded FSM with state register 'u3_udp_ip_protocol_stack/udp_layer/udp_send_module/STATE_reg' using encoding 'one_hot' in model 'last_attempt'
SYN-1066 : Inferred FSM for state register 'u3_udp_ip_protocol_stack/udp_layer/udp_send_module/cnt_reg' in module 'last_attempt'
--------------------------------------------
     Previous Encoding     New Encoding
--------------------------------------------
                  0000         00000001
                  0001         00000010
                  0010         00000100
                  0011         00001000
                  0100         00010000
                  0101         00100000
                  0110         01000000
                  0111         10000000
--------------------------------------------
SYN-1067 : encoded FSM with state register 'u3_udp_ip_protocol_stack/udp_layer/udp_send_module/cnt_reg' using encoding 'one_hot' in model 'last_attempt'
SYN-1066 : Inferred FSM for state register 'u4_trimac_block/trimac_core/mac_core_aead6cd6dadd_Inst/TEMAC_CORE_INST/al102_vfhtA8Nz/al102_6KjBLuws/al102_FvxPC15R$al102_NkBI8S2N/al102_sGgJ2iOw_reg' in module 'last_attempt'
--------------------------------------------
     Previous Encoding     New Encoding
--------------------------------------------
                    00              001
                    01              010
                    10              100
--------------------------------------------
SYN-1067 : encoded FSM with state register 'u4_trimac_block/trimac_core/mac_core_aead6cd6dadd_Inst/TEMAC_CORE_INST/al102_vfhtA8Nz/al102_6KjBLuws/al102_FvxPC15R$al102_NkBI8S2N/al102_sGgJ2iOw_reg' using encoding 'one_hot' in model 'last_attempt'
SYN-1066 : Inferred FSM for state register 'u4_trimac_block/trimac_core/mac_core_aead6cd6dadd_Inst/TEMAC_CORE_INST/al102_vfhtA8Nz/al102_6KjBLuws/al102_FvxPC15R$al102_ORYeWAza/al102_sGgJ2iOw_reg' in module 'last_attempt'
--------------------------------------------
     Previous Encoding     New Encoding
--------------------------------------------
                   000                1
--------------------------------------------
SYN-1067 : encoded FSM with state register 'u4_trimac_block/trimac_core/mac_core_aead6cd6dadd_Inst/TEMAC_CORE_INST/al102_vfhtA8Nz/al102_6KjBLuws/al102_FvxPC15R$al102_ORYeWAza/al102_sGgJ2iOw_reg' using encoding 'one_hot' in model 'last_attempt'
SYN-1066 : Inferred FSM for state register 'u6_tx_fifo/rd_state_reg' in module 'last_attempt'
--------------------------------------------
     Previous Encoding     New Encoding
--------------------------------------------
                  0000          0000001
                  0001          0000010
                  0010          0000100
                  0011          0001000
                  0100          0010000
                  0101          0100000
                  0110          1000000
--------------------------------------------
SYN-1067 : encoded FSM with state register 'u6_tx_fifo/rd_state_reg' using encoding 'one_hot' in model 'last_attempt'
SYN-1066 : Inferred FSM for state register 'u6_tx_fifo/wr_state_reg' in module 'last_attempt'
--------------------------------------------
     Previous Encoding     New Encoding
--------------------------------------------
                    00             0001
                    01             0010
                    11             0100
                    10             1000
--------------------------------------------
SYN-1067 : encoded FSM with state register 'u6_tx_fifo/wr_state_reg' using encoding 'one_hot' in model 'last_attempt'
SYN-1066 : Inferred FSM for state register 'u7_rx_fifo/rd_state_reg' in module 'last_attempt'
--------------------------------------------
     Previous Encoding     New Encoding
--------------------------------------------
                   000         00000001
                   001         00000010
                   010         00000100
                   011         00001000
                   100         00010000
                   110         00100000
                   111         01000000
                   101         10000000
--------------------------------------------
SYN-1067 : encoded FSM with state register 'u7_rx_fifo/rd_state_reg' using encoding 'one_hot' in model 'last_attempt'
SYN-1066 : Inferred FSM for state register 'u7_rx_fifo/wr_state_reg' in module 'last_attempt'
--------------------------------------------
     Previous Encoding     New Encoding
--------------------------------------------
                   000           000001
                   001           000010
                   101           000100
                   010           001000
                   100           010000
                   011           100000
--------------------------------------------
SYN-1067 : encoded FSM with state register 'u7_rx_fifo/wr_state_reg' using encoding 'one_hot' in model 'last_attempt'
SYN-1057 : Inferred 32 FSM(s)
SYN-1001 : Optimize 1 less-than instances
SYN-1001 : Optimize 2 less-than instances
SYN-1032 : 38457/638 useful/useless nets, 9277/36 useful/useless insts
SYN-1001 : Bypass 1 mux instances
SYN-1021 : Optimized 10 onehot mux instances.
SYN-1068 : Optimized 8 binary mux instances.
SYN-1019 : Optimized 1 mux instances.
SYN-1021 : Optimized 6 onehot mux instances.
SYN-1021 : Optimized 1 onehot mux instances.
SYN-1021 : Optimized 2 onehot mux instances.
SYN-1001 : Optimize 36 less-than instances
SYN-1016 : Merged 1647 instances.
SYN-1025 : Merged 1 RAM ports.
SYN-1026 : Infer Logic BRAM(frame_read_write_m0/read_buf/ram_inst/ramread0_syn_4)
	 port mode: single dual port
	 port a size: 512 x 32	 write mode: NORMAL
	 port b size: 512 x 32	 write mode: READBEFOREWRITE
SYN-1026 : Infer Logic BRAM(frame_read_write_m0/write_buf/ram_inst/ramread0_syn_4)
	 port mode: single dual port
	 port a size: 512 x 32	 write mode: NORMAL
	 port b size: 512 x 32	 write mode: READBEFOREWRITE
SYN-1023 : Infer 0 Logic DRAMs, 2 Logic BRAMs.
SYN-1035 : Inferred 1 ROM(s)
SYN-1016 : Merged 807 instances.
SYN-1001 : End Stage 1.5 | Optimize Design; Time: 3.799716s wall, 3.437500s user + 0.046875s system = 3.484375s CPU (91.7%); Memory(MB): used = 494, reserved = 477, peak = 494;

SYN-1079 : finish stage Optimize Design. Total instances: 22552, Total nets: 25142.

SYN-1001 : Stage 1.6 | Optimize Iteratively
SYN-1018 : Transformed 4 mux instances.
SYN-1019 : Optimized 13 mux instances.
SYN-1021 : Optimized 733 onehot mux instances.
SYN-1014 : Optimize round 1
SYN-1044 : Optimized 8 inv instances.
SYN-1017 : Remove 43 const input seq instances
SYN-1018 : Transformed 6 mux instances.
SYN-1019 : Optimized 35 mux instances.
SYN-1020 : Optimized 307 distributor mux.
SYN-1001 : Optimize 25 less-than instances
SYN-1019 : Optimized 207 mux instances.
SYN-2595 : bram inst: frame_read_write_m0/read_buf/ram_inst/ramread0_syn_4 is set to PDPW/SP from DP for resource saving
SYN-2595 : bram inst: frame_read_write_m0/write_buf/ram_inst/ramread0_syn_4 is set to PDPW/SP from DP for resource saving
SYN-2595 : bram inst: u6_tx_fifo/ramgen_l/inst is set to PDPW/SP from DP for resource saving
SYN-2595 : bram inst: u6_tx_fifo/ramgen_u/inst is set to PDPW/SP from DP for resource saving
SYN-2595 : bram inst: u7_rx_fifo/ramgen_l/inst is set to PDPW/SP from DP for resource saving
SYN-2595 : bram inst: u7_rx_fifo/ramgen_u/inst is set to PDPW/SP from DP for resource saving
SYN-2593 : bram inst: frame_read_write_m0/read_buf/ram_inst/ramread0_syn_4 will be optimized to a new one with A-width 24 due to unused data out
SYN-2593 : bram inst: u1_app/u_ram/inst will be optimized to a new one with A-width 12 due to unused data out
SYN-1016 : Merged 11272 instances.
SYN-1015 : Optimize round 1, 32221 better
SYN-1014 : Optimize round 2
SYN-1044 : Optimized 16 inv instances.
SYN-1017 : Remove 15 const input seq instances
SYN-1019 : Optimized 240 mux instances.
SYN-1020 : Optimized 6 distributor mux.
SYN-1001 : Optimize 1 less-than instances
SYN-1019 : Optimized 384 mux instances.
SYN-1016 : Merged 82 instances.
SYN-1015 : Optimize round 2, 1606 better
SYN-5011 WARNING: Undriven pin: model "last_attempt" / inst "frame_read_write_m0/read_buf/ram_inst/ramread0_syn_4" in ../../../source_code/rtl/frame_fifo/afifo_32_16_256.v(822) / pin "bea[0]"
SYN-5011 WARNING: Undriven pin: model "last_attempt" / inst "frame_read_write_m0/read_buf/ram_inst/ramread0_syn_4" in ../../../source_code/rtl/frame_fifo/afifo_32_16_256.v(822) / pin "beb[0]"
SYN-5011 WARNING: Undriven pin: model "last_attempt" / inst "u1_app/u_ram/inst" in ../../al_ip/ram.v(59) / pin "bea[0]"
SYN-5011 WARNING: Undriven pin: model "last_attempt" / inst "u1_app/u_ram/inst" in ../../al_ip/ram.v(59) / pin "beb[0]"
SYN-5011 WARNING: Undriven pin: model "last_attempt" / inst "u_ov5640_dri/u_i2c_cfg/mux2_syn_1" in ../../../source_code/rtl/ov5640/i2c_ov5640_rgb565_cfg.v(103) / pin "addrb[7]"
SYN-5011 WARNING: Undriven pin: model "last_attempt" / inst "u_ov5640_dri/u_i2c_cfg/mux2_syn_1" in ../../../source_code/rtl/ov5640/i2c_ov5640_rgb565_cfg.v(103) / pin "addrb[6]"
SYN-5011 WARNING: Undriven pin: model "last_attempt" / inst "u_ov5640_dri/u_i2c_cfg/mux2_syn_1" in ../../../source_code/rtl/ov5640/i2c_ov5640_rgb565_cfg.v(103) / pin "addrb[5]"
SYN-5011 WARNING: Undriven pin: model "last_attempt" / inst "u_ov5640_dri/u_i2c_cfg/mux2_syn_1" in ../../../source_code/rtl/ov5640/i2c_ov5640_rgb565_cfg.v(103) / pin "addrb[4]"
SYN-5011 WARNING: Undriven pin: model "last_attempt" / inst "u_ov5640_dri/u_i2c_cfg/mux2_syn_1" in ../../../source_code/rtl/ov5640/i2c_ov5640_rgb565_cfg.v(103) / pin "addrb[3]"
SYN-5011 WARNING: Undriven pin: model "last_attempt" / inst "u_ov5640_dri/u_i2c_cfg/mux2_syn_1" in ../../../source_code/rtl/ov5640/i2c_ov5640_rgb565_cfg.v(103) / pin "addrb[2]"
SYN-5011 Similar messages will be suppressed.
SYN-5025 WARNING: Using 0 for all undriven pins and nets
SYN-3010 : Optimized 210 DFF(s)
SYN-1014 : Optimize round 1
SYN-1020 : Optimized 144 distributor mux.
SYN-1019 : Optimized 9 mux instances.
SYN-1016 : Merged 771 instances.
SYN-1015 : Optimize round 1, 975 better
SYN-1014 : Optimize round 2
SYN-1020 : Optimized 31 distributor mux.
SYN-1016 : Merged 57 instances.
SYN-1015 : Optimize round 2, 88 better
SYN-1014 : Optimize round 3
SYN-1015 : Optimize round 3, 0 better
SYN-1001 : End Stage 1.6 | Optimize Iteratively; Time: 10.757692s wall, 9.312500s user + 0.093750s system = 9.406250s CPU (87.4%); Memory(MB): used = 533, reserved = 524, peak = 637;

SYN-1079 : finish stage Optimize Iteratively. Total instances: 26560, Total nets: 28824.

SYN-1001 : Stage 1.7 | Check Design
SYN-1001 : End Stage 1.7 | Check Design; Time: 0.004863s wall, 0.000000s user + 0.000000s system = 0.000000s CPU (n/a%); Memory(MB): used = 533, reserved = 525, peak = 637;

SYN-1079 : finish stage Check Design. Total instances: 26560, Total nets: 28824.

SYN-1001 : End Stage 1 | Optimize RTL; Time: 16.088355s wall, 14.250000s user + 0.140625s system = 14.390625s CPU (89.4%); Memory(MB): used = 533, reserved = 525, peak = 637;

SYN-1079 : finish stage Optimize RTL. Total instances: 26560, Total nets: 28824.

RUN-1003 : finish command "optimize_rtl" in  16.096287s wall, 14.250000s user + 0.156250s system = 14.406250s CPU (89.5%)

RUN-1004 : used memory is 533 MB, reserved memory is 525 MB, peak memory is 637 MB
RUN-1002 : start command "report_area -file last_attempt_rtl.area"
RUN-1001 : standard
***Report Model: last_attempt Device: EG4S20BG256***

IO Statistics
#IO                        64
  #input                   26
  #output                  37
  #inout                    1

Gate Statistics
#Basic gates            20526
  #and                   4227
  #nand                     0
  #or                    4036
  #nor                      0
  #xor                    551
  #xnor                     9
  #buf                      0
  #not                    729
  #bufif1                  33
  #MX21                  3867
  #FADD                     0
  #DFF                   7074
  #LATCH                    0
#MACRO_ADD                292
#MACRO_EQ                 176
#MACRO_MULT                 3
#MACRO_MUX               4518
#MACRO_OTHERS              29

RUN-1002 : start command "export_db last_attempt_rtl.db"
RUN-1001 : Exported flow parameters
RUN-1001 : Exported /
RUN-1001 : Exported libs
RUN-1001 : Exported entities
RUN-1001 : Exported ports
RUN-1001 : Exported pins
RUN-1001 : Exported instances
RUN-1001 : Exported nets
RUN-1001 : Exported buses
RUN-1001 : Exported models
RUN-1001 : Exported packer
RUN-1001 : Exported congestions
RUN-1001 : Exported violations
RUN-1001 : Exported ATMR Setting
RUN-1001 : Exported timing constraints
RUN-1001 : Exported IO constraints
RUN-1001 : Exported Inst constraints
RUN-1001 : Exported ChipWatcher
RUN-1002 : start command "commit_param -step gate"
RUN-1001 : Print Global Property
RUN-1001 : --------------------------------------------------------
RUN-1001 :   Parameters   |  Settings  |  Default Values  |  Note  
RUN-1001 : --------------------------------------------------------
RUN-1001 :   enable_seed  |    off     |       off        |        
RUN-1001 :     message    |  standard  |     standard     |        
RUN-1001 :   qor_monitor  |     on     |        on        |        
RUN-1001 :   syn_ip_flow  |    off     |       off        |        
RUN-1001 :     thread     |    auto    |       auto       |        
RUN-1001 : --------------------------------------------------------
RUN-1001 : Print Gate Property
RUN-1001 : -----------------------------------------------------------
RUN-1001 :     Parameters    |  Settings  |  Default Values  |  Note  
RUN-1001 : -----------------------------------------------------------
RUN-1001 :     eram_init     |    off     |       off        |        
RUN-1001 :      map_mode     |    auto    |       auto       |        
RUN-1001 :    pack_effort    |   medium   |      medium      |        
RUN-1001 :   pack_seq_in_io  |    auto    |       auto       |        
RUN-1001 :       report      |  standard  |     standard     |        
RUN-1001 : -----------------------------------------------------------
RUN-1002 : start command "optimize_gate -packarea last_attempt_gate.area"
RUN-1001 : Open license file D:/FPGA/TD6_2_1/license/Anlogic.lic
SYN-1001 : Stage 2 | Optimize Gate
SYN-1001 : Stage 2.1 | Map Reg
SYN-1001 : End Stage 2.1 | Map Reg; Time: 0.430313s wall, 0.406250s user + 0.000000s system = 0.406250s CPU (94.4%); Memory(MB): used = 533, reserved = 525, peak = 637;

SYN-1079 : finish stage Map Reg. Total instances: 26560, Total nets: 28824.

SYN-1001 : Stage 2.2 | Map IO
SYN-2002 : EG_PHY_SDRAM_2M_32 instance U3/sdram.
SYN-2001 : Map 119 IOs to PADs of model 'last_attempt'
SYN-1001 : End Stage 2.2 | Map IO; Time: 0.269720s wall, 0.265625s user + 0.000000s system = 0.265625s CPU (98.5%); Memory(MB): used = 534, reserved = 525, peak = 637;

SYN-1001 : Stage 2.3 | Map Macro
RUN-1002 : start command "update_pll_param -module last_attempt"
SYN-6577 WARNING: The clock signal "udp_clk" is added with the synthetic instruction (keep/mark_debug/dont_touch/max_fanout), which may create additional logic on this net
SYN-6577 WARNING: The clock signal "U3/u2_ram/SDRAM_CLK" is added with the synthetic instruction (keep/mark_debug/dont_touch/max_fanout), which may create additional logic on this net
SYN-2501 : Processed 0 LOGIC_BUF instances.
SYN-2501 : 4 BUFG to GCLK
SYN-6562 WARNING: The init value of "frame_read_write_m0/read_buf/ram_inst/ramread0_syn_4(../../../source_code/rtl/frame_fifo/afifo_32_16_256.v(822))" will be ignored since gate eram_init is set to off
SYN-6562 WARNING: The init value of "frame_read_write_m0/write_buf/ram_inst/ramread0_syn_4(../../../source_code/rtl/frame_fifo/afifo_16_32_256.v(822))" will be ignored since gate eram_init is set to off
SYN-6562 WARNING: The init value of "u2_udp_loopback/udp_packet_fifo/u_anlogic_soft_async_fifo/inst(../../../source_code/rtl/udp/udp_ip_protocol_stack_merge.enc.v(0))" will be ignored since gate eram_init is set to off
SYN-6562 WARNING: The init value of "u3_udp_ip_protocol_stack/ip_layer/icmp_echo_data_fifo/u_anlogic_soft_async_fifo/inst(../../../source_code/rtl/udp/udp_ip_protocol_stack_merge.enc.v(0))" will be ignored since gate eram_init is set to off
SYN-6562 WARNING: The init value of "u6_tx_fifo/ramgen_l/inst(../../../source_code/rtl/udp/RAMB16_S9_S9.v(45))" will be ignored since gate eram_init is set to off
SYN-6562 WARNING: The init value of "u6_tx_fifo/ramgen_u/inst(../../../source_code/rtl/udp/RAMB16_S9_S9.v(45))" will be ignored since gate eram_init is set to off
SYN-6562 WARNING: The init value of "u7_rx_fifo/ramgen_l/inst(../../../source_code/rtl/udp/RAMB16_S9_S9.v(45))" will be ignored since gate eram_init is set to off
SYN-6562 WARNING: The init value of "u7_rx_fifo/ramgen_u/inst(../../../source_code/rtl/udp/RAMB16_S9_S9.v(45))" will be ignored since gate eram_init is set to off
SYN-2571 : Map 3 macro multiplier
SYN-2571 : Optimize after map_dsp, round 1
SYN-1016 : Merged 36 instances.
SYN-2571 : Optimize after map_dsp, round 1, 36 better
SYN-2571 : Optimize after map_dsp, round 2
SYN-2571 : Optimize after map_dsp, round 2, 0 better
SYN-1001 : Throwback 967 control mux instances
SYN-1001 : Generate 48 bigger adders
SYN-1001 : Optimize 64 adders
SYN-1001 : Optimize 3 less-than instances
SYN-2501 : Optimize round 1
SYN-1016 : Merged 480 instances.
SYN-2501 : Optimize round 1, 1777 better
SYN-2501 : Optimize round 2
SYN-2501 : Optimize round 2, 0 better
SYN-2501 : Optimize round 1
SYN-1017 : Remove 1 const input seq instances
SYN-1016 : Merged 1 instances.
SYN-2501 : Optimize round 1, 2 better
SYN-2501 : Optimize round 2
SYN-2501 : Optimize round 2, 0 better
SYN-2501 : Map 255 macro adder(s)
SYN-1019 : Optimized 1839 mux instances.
SYN-1016 : Merged 5389 instances.
SYN-5011 WARNING: Undriven pin: model "last_attempt" / inst "U3/u2_ram/u2_wrrd/Sdr_rd_dout_reg[0]" in ../../../source_code/rtl/sdram/enc_file/sdr_wrrd.enc.v(0) / pin "clk"
SYN-5011 WARNING: Undriven pin: model "last_attempt" / inst "U3/u2_ram/u2_wrrd/Sdr_rd_dout_reg[1]" in ../../../source_code/rtl/sdram/enc_file/sdr_wrrd.enc.v(0) / pin "clk"
SYN-5011 WARNING: Undriven pin: model "last_attempt" / inst "U3/u2_ram/u2_wrrd/Sdr_rd_dout_reg[2]" in ../../../source_code/rtl/sdram/enc_file/sdr_wrrd.enc.v(0) / pin "clk"
SYN-5011 WARNING: Undriven pin: model "last_attempt" / inst "U3/u2_ram/u2_wrrd/Sdr_rd_dout_reg[3]" in ../../../source_code/rtl/sdram/enc_file/sdr_wrrd.enc.v(0) / pin "clk"
SYN-5011 WARNING: Undriven pin: model "last_attempt" / inst "U3/u2_ram/u2_wrrd/Sdr_rd_dout_reg[4]" in ../../../source_code/rtl/sdram/enc_file/sdr_wrrd.enc.v(0) / pin "clk"
SYN-5011 WARNING: Undriven pin: model "last_attempt" / inst "U3/u2_ram/u2_wrrd/Sdr_rd_dout_reg[5]" in ../../../source_code/rtl/sdram/enc_file/sdr_wrrd.enc.v(0) / pin "clk"
SYN-5011 WARNING: Undriven pin: model "last_attempt" / inst "U3/u2_ram/u2_wrrd/Sdr_rd_dout_reg[6]" in ../../../source_code/rtl/sdram/enc_file/sdr_wrrd.enc.v(0) / pin "clk"
SYN-5011 WARNING: Undriven pin: model "last_attempt" / inst "U3/u2_ram/u2_wrrd/Sdr_rd_dout_reg[7]" in ../../../source_code/rtl/sdram/enc_file/sdr_wrrd.enc.v(0) / pin "clk"
SYN-5011 WARNING: Undriven pin: model "last_attempt" / inst "U3/u2_ram/u2_wrrd/Sdr_rd_dout_reg[8]" in ../../../source_code/rtl/sdram/enc_file/sdr_wrrd.enc.v(0) / pin "clk"
SYN-5011 WARNING: Undriven pin: model "last_attempt" / inst "U3/u2_ram/u2_wrrd/Sdr_rd_dout_reg[9]" in ../../../source_code/rtl/sdram/enc_file/sdr_wrrd.enc.v(0) / pin "clk"
SYN-5011 Similar messages will be suppressed.
SYN-5025 WARNING: Using 0 for all undriven pins and nets
SYN-1001 : End Stage 2.3 | Map Macro; Time: 4.456113s wall, 4.078125s user + 0.000000s system = 4.078125s CPU (91.5%); Memory(MB): used = 568, reserved = 549, peak = 637;

SYN-1079 : finish stage Map Macro. Total instances: 32869, Total nets: 34515.

SYN-1001 : Stage 2.4 | Map Gate
SYN-3001 : Collect 6616 PI 4142 PO (68 timing unconstrained) for mapping
SYN-2581 : Mapping with K=5, #lut = 7682 (3.48), #lev = 11 (2.50), #crit_level = 11
SYN-2551 : Post LUT mapping optimization.
SYN-2581 : Mapping with K=5, #lut = 7438 (3.52), #lev = 10 (2.62), #crit_level = 0
SYN-3001 : Logic optimization opt = 3.23 sec, map = 0.64 sec, post map opt = 2.53 sec.
SYN-1001 : End Stage 2.4 | Map Gate; Time: 10.641672s wall, 10.343750s user + 0.031250s system = 10.375000s CPU (97.5%); Memory(MB): used = 602, reserved = 591, peak = 637;

SYN-1001 : Packing model "last_attempt" ...
SYN-4010 : Pack lib has 57 rtl pack models with 26 top pack blocks
SYN-1014 : Optimize round 1
SYN-1015 : Optimize round 1, 0 better
SYN-4002 : Packing 6992 DFF/LATCH to SEQ ...
SYN-4009 : Pack 68 carry chain into lslice
SYN-4007 : Packing 1135 adder to BLE ...
SYN-4008 : Packed 1135 adder and 62 SEQ to BLE.
SYN-4007 : Packing 0 gate4 to BLE ...
SYN-4008 : Packed 0 gate4 and 0 SEQ to BLE.
RUN-1002 : start command "report_qor -step gate -file gate.qor"
RUN-1002 : start command "start_timer"
-----------------------------------------------------------
| QoR metrics               |         value               |
-----------------------------------------------------------
| Timing                    |                             |
|     Setup WNS             |        -5291                |
|     Setup TNS             |     -6990368                |
|     Num of violated S-EP  |         3658                |
|     Hold WNS              |          471                |
|     Hold TNS              |            0                |
|     Num of violated H-EP  |            0                |
-----------------------------------------------------------
| Utilization               |                             |
|     #registers            |         6930                |
|     #luts                 |         7438                |
|     #lut1                 |           39                |
|     #lut1(~A)             |           39                |
|     #slices               |          917                |
|     slices percentage     |        9.36%                |
|     #RAMs                 |           34                |
|     #DSPs                 |            2                |
|     #f7mux                |        0.00%                |
|     #MACROs               |          173                |
|     #insts in MACRO       |          917                |
-----------------------------------------------------------
| kept_net                  |                             |
|     #syn_keep             |          438                |
|     #keep_hier            |          132                |
|     #dont_touch           |            0                |
|     #mark_debug           |            0                |
|     #max_fanout_keep      |            0                |
|     #async_reg            |            0                |
-----------------------------------------------------------
| Top 10% datanet fanout#   |        49.41                |
| dff(single fanout)->dff   |          783                |
| dff(single fanout)->dram  |            0                |
-----------------------------------------------------------
| Over-quota path num*      |                             |
|     pll_inst...           |            3                |
|     Total                 |            3                |
-----------------------------------------------------------
| Rent**                    |                             |
-----------------------------------------------------------
Note*: Over-quota path shows the over-path-level-threshold path number of each clock.
       The clock will not be shown if no path is with path level over the threshold.
       The threshold is defined as worst path_margin / 800ps.
Note**: Rent shows the rent exponent value of the modules whose rent value exceeds the threshold.
        Only modules under top are reported, and the threshold is defined as 0.7.

Over-quota Path Details
-----------------------------------------------------------------------------------------------------------------------------------------------------------
       Clock       |  Index  |  Budget(Period)  |  Level(Quota)  |                       Cell Type List                        |     Reason      |  Slack  
-----------------------------------------------------------------------------------------------------------------------------------------------------------
  pll_inst_125M_1  |    1    |    7854(8000)    |     10(10)     |  SEQ,LUT3,LUT4,LUT4,LUT4,LUT5,LUT5,LUT5,LUT4,LUT5,LUT5,SEQ  |  uncategorized  |  -3973  
                   |    2    |    7854(8000)    |     10(10)     |  SEQ,LUT3,LUT4,LUT4,LUT4,LUT4,LUT5,LUT5,LUT5,LUT5,LUT4,SEQ  |  uncategorized  |  -3949  
                   |    3    |    7854(8000)    |     10(10)     |  SEQ,LUT4,LUT4,LUT5,LUT5,LUT5,LUT5,LUT5,LUT4,LUT5,LUT3,SEQ  |  uncategorized  |  -3915  
-----------------------------------------------------------------------------------------------------------------------------------------------------------
Note: Table only show top 5 paths for each clock group in default

Logic Level Distribution
-----------------------------------------------------------------------------------------------------------------------------------------------
  Clock                               |  Period             |  0     |  1     |  2     |  3     |  4     |  5    |  6    |  7    |  8   |  10
-----------------------------------------------------------------------------------------------------------------------------------------------
  clk_in                              |  20.000ns (50MHz)   |  9     |  6     |  19    |  71    |  13    |  6    |  0    |  0    |  0   |  0
  phy1_rgmii_rx_clk                   |  8.000ns (125MHz)   |  519   |  136   |  107   |  54    |  29    |  11   |  0    |  0    |  0   |  0
  pll_inst_125M_0                     |  8.000ns (125MHz)   |  0     |  0     |  0     |  0     |  0     |  0    |  0    |  0    |  0   |  0
  pll_inst_125M_1                     |  8.000ns (125MHz)   |  4282  |  1379  |  3885  |  1375  |  913   |  595  |  684  |  102  |  15  |  3
  tf0_sys_pll/pll_inst.clkc[0]        |  10.000ns (100MHz)  |  575   |  202   |  60    |  174   |  97    |  36   |  2    |  19   |  2   |  0
  tf0_sys_pll/pll_inst.clkc[1]        |  8.000ns (125MHz)   |  796   |  176   |  86    |  91    |  10    |  11   |  4    |  0    |  6   |  0
  tf0_sys_pll/pll_inst.clkc[2]        |  8.000ns (125MHz)   |  16    |  32    |  0     |  0     |  0     |  0    |  0    |  0    |  0   |  0
  u0_clk_wize/pll_inst.clkc[0]        |  8.000ns (125MHz)   |  39    |  27    |  0     |  0     |  0     |  0    |  0    |  0    |  0   |  0
  u0_clk_wize/pll_inst.clkc[1]        |  40.000ns (25MHz)   |  83    |  24    |  22    |  25    |  7     |  17   |  29   |  0    |  0   |  0
  u_clk_gen/u_pll_0/pll_inst.clkc[4]  |  8.000ns (125MHz)   |  2     |  0     |  0     |  0     |  0     |  0    |  0    |  0    |  0   |  0
  udp_clk_125m                        |  8.000ns (125MHz)   |  0     |  0     |  0     |  0     |  0     |  0    |  0    |  0    |  0   |  0
  Total                               |  NA                 |  6321  |  1982  |  4179  |  1790  |  1069  |  676  |  719  |  121  |  23  |  3
-----------------------------------------------------------------------------------------------------------------------------------------------
Note: The table count the worst 100000 paths, each endpoint count only one time.(16883 paths analyzed)

Hierarchical Rent Exponent Report
+--------------------------------------------------------------------------------------------+
|Inst                       |Model                    |Rent     |Cell     |Pin     |Term     |
+--------------------------------------------------------------------------------------------+
|top                        |last_attempt             |0.21     |16456    |66720   |30       |
|  u3_udp_ip_protocol_stack |udp_ip_protocol_stack_13 |0.37     |5252     |21459   |97       |
|  m_intrusion_detect       |intrusion_detect_4       |0.35     |4007     |18369   |82       |
+--------------------------------------------------------------------------------------------+
Note: Cell represents total number of cells inside module; Pin represents total number of pins
      which have net connection inside module; Term represents total number of PIs and POs of module.
      Rent represents the relationship between number of terms and number of cells in module.
      A module with higher rent corresponds to highly connected logic and strong connectivity with others.
Report gate stage QoR done.

SYN-1001 : The design has 16 dangling syn_keep insts.
RUN-1003 : finish command "report_qor -step gate -file gate.qor" in  2.605459s wall, 2.546875s user + 0.000000s system = 2.546875s CPU (97.8%)

RUN-1004 : used memory is 591 MB, reserved memory is 577 MB, peak memory is 637 MB
RUN-1002 : start command "report_area -file last_attempt_gate.area"
RUN-1001 : standard
***Report Model: last_attempt Device: EG4S20BG256***

IO Statistics
#IO                        64   out of    188   34.04%
  #input                   26
  #output                  37
  #inout                    1

LUT Statistics
#Total_luts              7438
  #lut4                  5794
  #lut5                  1644
  #lut6                     0
  #lut5_mx41                0
  #lut4_alu1b               0

Utilization Statistics
#lut                     9272   out of  19600   47.31%
#reg                     6992   out of  19600   35.67%
#bram                      34   out of     64   53.12%
  #bram9k                  34
  #fifo9k                   0
#bram32k                    0   out of     16    0.00%
#dsp                        2   out of     29    6.90%
#pad                       68   out of    188   36.17%
  #ireg                    21
  #oreg                    35
  #treg                     0
#pll                        3   out of      4   75.00%
#gclk                       4   out of     16   25.00%

SYN-1001 : End Stage 2 | Optimize Gate; Time: 19.434233s wall, 18.140625s user + 0.578125s system = 18.718750s CPU (96.3%); Memory(MB): used = 591, reserved = 577, peak = 637;

RUN-1003 : finish command "optimize_gate -packarea last_attempt_gate.area" in  19.442828s wall, 18.156250s user + 0.578125s system = 18.734375s CPU (96.4%)

RUN-1004 : used memory is 591 MB, reserved memory is 577 MB, peak memory is 637 MB
RUN-1002 : start command "legalize_phy_inst"
SYN-1001 : Stage 3 | Legalize Phy Inst
SYN-1011 : Flatten model last_attempt
SYN-1001 : End Stage 3 | Legalize Phy Inst; Time: 0.040157s wall, 0.031250s user + 0.000000s system = 0.031250s CPU (77.8%); Memory(MB): used = 591, reserved = 577, peak = 637;

RUN-1002 : start command "update_timing"
RUN-1002 : start command "start_timer"
RUN-1003 : finish command "update_timing" in  1.463614s wall, 1.390625s user + 0.015625s system = 1.406250s CPU (96.1%)

RUN-1004 : used memory is 591 MB, reserved memory is 577 MB, peak memory is 637 MB
RUN-1002 : start command "report_timing_status -file last_attempt_gate.ts"
RUN-1002 : start command "report_timing_summary -file last_attempt_gate.timing"
RUN-1002 : start command "flow_status -file flow.status"
Location         : D:\FPGA\workplace6_2_1\last_attempt\prj\last_attempt_Runs\syn_1
Running with     : Tang Dynasty v6.2.168116
                   Copyright (c) 2012-2025 Anlogic Inc.
Top Model        : last_attempt
Device           : EG4S20BG256
Speed            : NA

Timing Mode      : basic
Setup            : WNS -5291ps  TNS -6980594ps  NUM_FEPS  3658
Hold             : WNS   471ps  TNS        0ps  NUM_FEPS     0

Flow Statistics  :
RUN-1001 : Flow Statistics:
RUN-1001 : --------------------------------------------------------------------------------------------------
RUN-1001 :      command     |  #calls  |  wall time  |  cpu time(s)  |  used memory(mb)  |  peak memory(mb)  
RUN-1001 : --------------------------------------------------------------------------------------------------
RUN-1001 :   optimize_gate  |    1     |  19s(54%)   |    18(56%)    |        591        |        637        
RUN-1001 :   optimize_rtl   |    1     |  16s(45%)   |    14(43%)    |        533        |        637        
RUN-1001 :   import_device  |    1     |   0s(0%)    |     0(0%)     |        84         |        84         
RUN-1001 :     read_adc     |    1     |   0s(0%)    |     0(0%)     |        287        |        287        
RUN-1001 :     read_sdc     |    1     |   0s(0%)    |     0(0%)     |        287        |        287        
RUN-1001 : --------------------------------------------------------------------------------------------------
RUN-1001 :       total      |    5     |     35s     |      32       |        591        |        637        
RUN-1001 : --------------------------------------------------------------------------------------------------
RUN-1002 : start command "export_db last_attempt_gate.db"
RUN-1001 : Exported flow parameters
RUN-1001 : Exported /
RUN-1001 : Exported libs
RUN-1001 : Exported entities
RUN-1001 : Exported ports
RUN-1001 : Exported pins
RUN-1001 : Exported instances
RUN-1001 : Exported nets
RUN-1001 : Exported buses
RUN-1001 : Exported models
RUN-1001 : Exported packer
RUN-1001 : Exported congestions
RUN-1001 : Exported violations
RUN-1001 : Exported ATMR Setting
RUN-1001 : Exported timing constraints
RUN-1001 : Exported IO constraints
RUN-1001 : Exported Inst constraints
RUN-1001 : Exported ChipWatcher
RUN-1002 : start command "export_flow_status -s read_design -e opt_gate"
RUN-1002 : start command "flow_status"

Location         : D:\FPGA\workplace6_2_1\last_attempt\prj\last_attempt_Runs\syn_1
Running with     : Tang Dynasty v6.2.168116
                   Copyright (c) 2012-2025 Anlogic Inc.
Top Model        : last_attempt
Device           : EG4S20BG256
Speed            : NA

Timing Mode      : basic
Setup            : WNS -5291ps  TNS -6980594ps  NUM_FEPS  3658
Hold             : WNS   471ps  TNS        0ps  NUM_FEPS     0

RUN-1001 : Flow Statistics:
RUN-1001 : --------------------------------------------------------------------------------------------------
RUN-1001 :      command     |  #calls  |  wall time  |  cpu time(s)  |  used memory(mb)  |  peak memory(mb)  
RUN-1001 : --------------------------------------------------------------------------------------------------
RUN-1001 :   optimize_gate  |    1     |  19s(54%)   |    18(56%)    |        591        |        637        
RUN-1001 :   optimize_rtl   |    1     |  16s(45%)   |    14(43%)    |        533        |        637        
RUN-1001 :   import_device  |    1     |   0s(0%)    |     0(0%)     |        84         |        84         
RUN-1001 :     read_adc     |    1     |   0s(0%)    |     0(0%)     |        287        |        287        
RUN-1001 :     read_sdc     |    1     |   0s(0%)    |     0(0%)     |        287        |        287        
RUN-1001 : --------------------------------------------------------------------------------------------------
RUN-1001 :       total      |    5     |     35s     |      32       |        591        |        637        
RUN-1001 : --------------------------------------------------------------------------------------------------
